ISO-10303-21;
HEADER;
/* Generated by software containing ST-Developer
 * from STEP Tools, Inc. (www.steptools.com) 
 */

FILE_DESCRIPTION(
/* description */ (''),
/* implementation_level */ '2;1');

FILE_NAME(
/* name */ 'C:\\Users\\Hani\\Desktop\\work\\ANM58\\ANM58 Auto Blade Fu
se.stp',
/* time_stamp */ '2021-03-05T08:26:47-08:00',
/* author */ ('Hani'),
/* organization */ (''),
/* preprocessor_version */ 'ST-DEVELOPER v17',
/* originating_system */ 'Autodesk Inventor 2019',
/* authorisation */ '');

FILE_SCHEMA (('AUTOMOTIVE_DESIGN { 1 0 10303 214 3 1 1 }'));
ENDSEC;

DATA;
#10=MECHANICAL_DESIGN_GEOMETRIC_PRESENTATION_REPRESENTATION('',(#13),#6754);
#11=SHAPE_REPRESENTATION_RELATIONSHIP('SRR','None',#6764,#12);
#12=ADVANCED_BREP_SHAPE_REPRESENTATION('',(#14),#6753);
#13=STYLED_ITEM('',(#6773),#14);
#14=MANIFOLD_SOLID_BREP('Solid1',#3671);
#15=SPHERICAL_SURFACE('',#3839,0.01);
#16=SPHERICAL_SURFACE('',#3843,0.00999999999999999);
#17=SPHERICAL_SURFACE('',#3850,0.00999999999999999);
#18=SPHERICAL_SURFACE('',#3854,0.01);
#19=CIRCLE('',#3799,0.01);
#20=CIRCLE('',#3800,0.01);
#21=CIRCLE('',#3802,0.01);
#22=CIRCLE('',#3803,0.01);
#23=CIRCLE('',#3804,0.01);
#24=CIRCLE('',#3805,0.01);
#25=CIRCLE('',#3806,0.01);
#26=CIRCLE('',#3807,0.01);
#27=CIRCLE('',#3808,0.01);
#28=CIRCLE('',#3811,0.01);
#29=CIRCLE('',#3814,0.01);
#30=CIRCLE('',#3815,0.01);
#31=CIRCLE('',#3817,0.01);
#32=CIRCLE('',#3818,0.01);
#33=CIRCLE('',#3819,0.01);
#34=CIRCLE('',#3820,0.01);
#35=CIRCLE('',#3821,0.01);
#36=CIRCLE('',#3822,0.01);
#37=CIRCLE('',#3823,0.01);
#38=CIRCLE('',#3826,0.01);
#39=CIRCLE('',#3828,0.01);
#40=CIRCLE('',#3835,0.01);
#41=CIRCLE('',#3840,0.01);
#42=CIRCLE('',#3841,0.01);
#43=CIRCLE('',#3842,0.01);
#44=CIRCLE('',#3844,0.01);
#45=CIRCLE('',#3845,0.00999999999999999);
#46=CIRCLE('',#3846,0.01);
#47=CIRCLE('',#3849,0.01);
#48=CIRCLE('',#3851,0.01);
#49=CIRCLE('',#3852,0.00999999999999999);
#50=CIRCLE('',#3853,0.01);
#51=CIRCLE('',#3855,0.00999999999999999);
#52=CIRCLE('',#3856,0.01);
#53=CIRCLE('',#3857,0.00999999999999999);
#54=CIRCLE('',#3861,0.01);
#55=ELLIPSE('',#3761,0.0070710678118655,0.005);
#56=ELLIPSE('',#3762,0.0070710678118655,0.005);
#57=ELLIPSE('',#3764,0.00707106781186548,0.005);
#58=ELLIPSE('',#3765,0.00707106781186548,0.005);
#59=ELLIPSE('',#3767,0.0051465726453681,0.005);
#60=ELLIPSE('',#3768,0.0051465726453681,0.005);
#61=ELLIPSE('',#3770,0.0051465726453681,0.005);
#62=ELLIPSE('',#3771,0.0051465726453681,0.005);
#63=ELLIPSE('',#3776,0.00707106781186547,0.005);
#64=ELLIPSE('',#3777,0.00707106781186547,0.005);
#65=ELLIPSE('',#3779,0.00707106781186547,0.005);
#66=ELLIPSE('',#3780,0.00707106781186547,0.005);
#67=ELLIPSE('',#3782,0.0051465726453681,0.005);
#68=ELLIPSE('',#3783,0.0051465726453681,0.005);
#69=ELLIPSE('',#3785,0.0051465726453681,0.005);
#70=ELLIPSE('',#3786,0.0051465726453681,0.005);
#71=CYLINDRICAL_SURFACE('',#3760,0.005);
#72=CYLINDRICAL_SURFACE('',#3763,0.005);
#73=CYLINDRICAL_SURFACE('',#3766,0.005);
#74=CYLINDRICAL_SURFACE('',#3769,0.005);
#75=CYLINDRICAL_SURFACE('',#3775,0.005);
#76=CYLINDRICAL_SURFACE('',#3778,0.005);
#77=CYLINDRICAL_SURFACE('',#3781,0.005);
#78=CYLINDRICAL_SURFACE('',#3784,0.005);
#79=CYLINDRICAL_SURFACE('',#3798,0.01);
#80=CYLINDRICAL_SURFACE('',#3810,0.01);
#81=CYLINDRICAL_SURFACE('',#3813,0.01);
#82=CYLINDRICAL_SURFACE('',#3825,0.01);
#83=CYLINDRICAL_SURFACE('',#3827,0.01);
#84=CYLINDRICAL_SURFACE('',#3830,0.01);
#85=CYLINDRICAL_SURFACE('',#3831,0.01);
#86=CYLINDRICAL_SURFACE('',#3833,0.01);
#87=CYLINDRICAL_SURFACE('',#3834,0.01);
#88=CYLINDRICAL_SURFACE('',#3837,0.01);
#89=CYLINDRICAL_SURFACE('',#3847,0.01);
#90=CYLINDRICAL_SURFACE('',#3848,0.01);
#91=CYLINDRICAL_SURFACE('',#3858,0.01);
#92=CYLINDRICAL_SURFACE('',#3859,0.01);
#93=CYLINDRICAL_SURFACE('',#3860,0.01);
#94=CYLINDRICAL_SURFACE('',#3862,0.01);
#95=CYLINDRICAL_SURFACE('',#3863,0.01);
#96=CYLINDRICAL_SURFACE('',#3864,0.01);
#97=FACE_BOUND('',#399,.T.);
#98=FACE_BOUND('',#434,.T.);
#99=FACE_BOUND('',#511,.T.);
#100=FACE_BOUND('',#514,.T.);
#101=FACE_BOUND('',#515,.T.);
#102=FACE_BOUND('',#516,.T.);
#103=FACE_BOUND('',#517,.T.);
#104=FACE_BOUND('',#518,.T.);
#105=FACE_BOUND('',#519,.T.);
#106=FACE_BOUND('',#520,.T.);
#107=FACE_BOUND('',#521,.T.);
#108=FACE_BOUND('',#522,.T.);
#109=FACE_BOUND('',#553,.T.);
#110=FACE_BOUND('',#554,.T.);
#111=B_SPLINE_SURFACE_WITH_KNOTS('',2,1,((#4739,#4740),(#4741,#4742),(#4743,
#4744),(#4745,#4746)),.UNSPECIFIED.,.F.,.F.,.F.,(3,1,3),(2,2),(0.,1.,2.),
(0.,4.10577466990092),.UNSPECIFIED.);
#112=B_SPLINE_SURFACE_WITH_KNOTS('',2,1,((#4755,#4756),(#4757,#4758),(#4759,
#4760),(#4761,#4762)),.UNSPECIFIED.,.F.,.F.,.F.,(3,1,3),(2,2),(0.,1.,2.),
(0.,4.10577466990092),.UNSPECIFIED.);
#113=B_SPLINE_SURFACE_WITH_KNOTS('',2,1,((#4777,#4778),(#4779,#4780),(#4781,
#4782),(#4783,#4784)),.UNSPECIFIED.,.F.,.F.,.F.,(3,1,3),(2,2),(0.,1.,2.),
(0.,4.10577466990092),.UNSPECIFIED.);
#114=B_SPLINE_SURFACE_WITH_KNOTS('',2,1,((#4791,#4792),(#4793,#4794),(#4795,
#4796),(#4797,#4798)),.UNSPECIFIED.,.F.,.F.,.F.,(3,1,3),(2,2),(0.,1.,2.),
(0.,4.10577466990092),.UNSPECIFIED.);
#115=B_SPLINE_SURFACE_WITH_KNOTS('',2,1,((#4805,#4806),(#4807,#4808),(#4809,
#4810),(#4811,#4812)),.UNSPECIFIED.,.F.,.F.,.F.,(3,1,3),(2,2),(0.,1.,2.),
(0.,4.10577466990092),.UNSPECIFIED.);
#116=B_SPLINE_SURFACE_WITH_KNOTS('',2,1,((#4819,#4820),(#4821,#4822),(#4823,
#4824),(#4825,#4826)),.UNSPECIFIED.,.F.,.F.,.F.,(3,1,3),(2,2),(0.,1.,2.),
(0.,4.10577466990092),.UNSPECIFIED.);
#117=B_SPLINE_SURFACE_WITH_KNOTS('',2,1,((#4833,#4834),(#4835,#4836),(#4837,
#4838),(#4839,#4840)),.UNSPECIFIED.,.F.,.F.,.F.,(3,1,3),(2,2),(0.,1.,2.),
(0.,4.10577466990092),.UNSPECIFIED.);
#118=B_SPLINE_SURFACE_WITH_KNOTS('',2,1,((#4847,#4848),(#4849,#4850),(#4851,
#4852),(#4853,#4854)),.UNSPECIFIED.,.F.,.F.,.F.,(3,1,3),(2,2),(0.,1.,2.),
(0.,4.10577466990092),.UNSPECIFIED.);
#119=B_SPLINE_SURFACE_WITH_KNOTS('',2,1,((#4861,#4862),(#4863,#4864),(#4865,
#4866),(#4867,#4868)),.UNSPECIFIED.,.F.,.F.,.F.,(3,1,3),(2,2),(0.,1.,2.),
(0.,4.10577466990092),.UNSPECIFIED.);
#120=B_SPLINE_SURFACE_WITH_KNOTS('',2,1,((#4875,#4876),(#4877,#4878),(#4879,
#4880),(#4881,#4882)),.UNSPECIFIED.,.F.,.F.,.F.,(3,1,3),(2,2),(0.,1.,2.),
(0.,4.10577466990092),.UNSPECIFIED.);
#121=B_SPLINE_SURFACE_WITH_KNOTS('',2,1,((#4889,#4890),(#4891,#4892),(#4893,
#4894),(#4895,#4896)),.UNSPECIFIED.,.F.,.F.,.F.,(3,1,3),(2,2),(0.,1.,2.),
(0.,4.10577466990092),.UNSPECIFIED.);
#122=B_SPLINE_SURFACE_WITH_KNOTS('',2,1,((#4903,#4904),(#4905,#4906),(#4907,
#4908),(#4909,#4910)),.UNSPECIFIED.,.F.,.F.,.F.,(3,1,3),(2,2),(0.,1.,2.),
(0.,4.10577466990092),.UNSPECIFIED.);
#123=B_SPLINE_SURFACE_WITH_KNOTS('',2,1,((#4917,#4918),(#4919,#4920),(#4921,
#4922),(#4923,#4924)),.UNSPECIFIED.,.F.,.F.,.F.,(3,1,3),(2,2),(0.,1.,2.),
(0.,4.10577466990092),.UNSPECIFIED.);
#124=B_SPLINE_SURFACE_WITH_KNOTS('',2,1,((#4931,#4932),(#4933,#4934),(#4935,
#4936),(#4937,#4938)),.UNSPECIFIED.,.F.,.F.,.F.,(3,1,3),(2,2),(0.,1.,2.),
(0.,4.10577466990092),.UNSPECIFIED.);
#125=B_SPLINE_SURFACE_WITH_KNOTS('',2,1,((#4945,#4946),(#4947,#4948),(#4949,
#4950),(#4951,#4952)),.UNSPECIFIED.,.F.,.F.,.F.,(3,1,3),(2,2),(0.,1.,2.),
(0.,4.10577466990092),.UNSPECIFIED.);
#126=B_SPLINE_SURFACE_WITH_KNOTS('',2,1,((#4959,#4960),(#4961,#4962),(#4963,
#4964),(#4965,#4966)),.UNSPECIFIED.,.F.,.F.,.F.,(3,1,3),(2,2),(0.,1.,2.),
(0.,4.10577466990092),.UNSPECIFIED.);
#127=B_SPLINE_SURFACE_WITH_KNOTS('',2,1,((#4981,#4982),(#4983,#4984),(#4985,
#4986),(#4987,#4988)),.UNSPECIFIED.,.F.,.F.,.F.,(3,1,3),(2,2),(0.,1.,2.),
(0.,4.10577466990092),.UNSPECIFIED.);
#128=B_SPLINE_SURFACE_WITH_KNOTS('',2,1,((#5070,#5071),(#5072,#5073),(#5074,
#5075),(#5076,#5077)),.UNSPECIFIED.,.F.,.F.,.F.,(3,1,3),(2,2),(-2.,-1.,
0.),(0.,4.10577466990092),.UNSPECIFIED.);
#129=B_SPLINE_SURFACE_WITH_KNOTS('',2,1,((#5086,#5087),(#5088,#5089),(#5090,
#5091),(#5092,#5093)),.UNSPECIFIED.,.F.,.F.,.F.,(3,1,3),(2,2),(-2.,-1.,
0.),(0.,4.10577466990092),.UNSPECIFIED.);
#130=B_SPLINE_SURFACE_WITH_KNOTS('',2,1,((#5100,#5101),(#5102,#5103),(#5104,
#5105),(#5106,#5107)),.UNSPECIFIED.,.F.,.F.,.F.,(3,1,3),(2,2),(-2.,-1.,
0.),(0.,4.10577466990092),.UNSPECIFIED.);
#131=B_SPLINE_SURFACE_WITH_KNOTS('',2,1,((#5128,#5129),(#5130,#5131),(#5132,
#5133),(#5134,#5135)),.UNSPECIFIED.,.F.,.F.,.F.,(3,1,3),(2,2),(0.,1.,2.),
(0.,4.10577466990092),.UNSPECIFIED.);
#132=B_SPLINE_SURFACE_WITH_KNOTS('',2,1,((#5142,#5143),(#5144,#5145),(#5146,
#5147),(#5148,#5149)),.UNSPECIFIED.,.F.,.F.,.F.,(3,1,3),(2,2),(0.,1.,2.),
(0.,4.10577466990092),.UNSPECIFIED.);
#133=B_SPLINE_SURFACE_WITH_KNOTS('',2,1,((#5160,#5161),(#5162,#5163),(#5164,
#5165),(#5166,#5167)),.UNSPECIFIED.,.F.,.F.,.F.,(3,1,3),(2,2),(-2.,-1.,
0.),(0.,4.10577466990092),.UNSPECIFIED.);
#134=B_SPLINE_SURFACE_WITH_KNOTS('',2,1,((#5180,#5181),(#5182,#5183),(#5184,
#5185),(#5186,#5187)),.UNSPECIFIED.,.F.,.F.,.F.,(3,1,3),(2,2),(0.,1.,2.),
(0.,4.10577466990092),.UNSPECIFIED.);
#135=B_SPLINE_SURFACE_WITH_KNOTS('',2,1,((#5194,#5195),(#5196,#5197),(#5198,
#5199),(#5200,#5201)),.UNSPECIFIED.,.F.,.F.,.F.,(3,1,3),(2,2),(0.,1.,2.),
(0.,4.10577466990092),.UNSPECIFIED.);
#136=B_SPLINE_SURFACE_WITH_KNOTS('',2,1,((#5206,#5207),(#5208,#5209),(#5210,
#5211),(#5212,#5213)),.UNSPECIFIED.,.F.,.F.,.F.,(3,1,3),(2,2),(0.,1.,2.),
(0.,4.10577466990092),.UNSPECIFIED.);
#137=B_SPLINE_SURFACE_WITH_KNOTS('',2,1,((#5279,#5280),(#5281,#5282),(#5283,
#5284),(#5285,#5286)),.UNSPECIFIED.,.F.,.F.,.F.,(3,1,3),(2,2),(0.,1.,2.),
(0.,4.10577466990092),.UNSPECIFIED.);
#138=B_SPLINE_SURFACE_WITH_KNOTS('',2,1,((#5313,#5314),(#5315,#5316),(#5317,
#5318),(#5319,#5320)),.UNSPECIFIED.,.F.,.F.,.F.,(3,1,3),(2,2),(0.,1.,2.),
(0.,4.10577466990092),.UNSPECIFIED.);
#139=B_SPLINE_SURFACE_WITH_KNOTS('',2,1,((#5335,#5336),(#5337,#5338),(#5339,
#5340),(#5341,#5342)),.UNSPECIFIED.,.F.,.F.,.F.,(3,1,3),(2,2),(0.,1.,2.),
(0.,4.10577466990092),.UNSPECIFIED.);
#140=B_SPLINE_SURFACE_WITH_KNOTS('',2,1,((#5357,#5358),(#5359,#5360),(#5361,
#5362),(#5363,#5364)),.UNSPECIFIED.,.F.,.F.,.F.,(3,1,3),(2,2),(0.,1.,2.),
(0.,4.10577466990092),.UNSPECIFIED.);
#141=B_SPLINE_SURFACE_WITH_KNOTS('',2,1,((#5509,#5510),(#5511,#5512),(#5513,
#5514),(#5515,#5516)),.UNSPECIFIED.,.F.,.F.,.F.,(3,1,3),(2,2),(-2.,-1.,
0.),(0.,4.10577466990092),.UNSPECIFIED.);
#142=B_SPLINE_SURFACE_WITH_KNOTS('',2,1,((#5525,#5526),(#5527,#5528),(#5529,
#5530),(#5531,#5532)),.UNSPECIFIED.,.F.,.F.,.F.,(3,1,3),(2,2),(-2.,-1.,
0.),(0.,4.10577466990092),.UNSPECIFIED.);
#143=B_SPLINE_SURFACE_WITH_KNOTS('',2,1,((#5539,#5540),(#5541,#5542),(#5543,
#5544),(#5545,#5546)),.UNSPECIFIED.,.F.,.F.,.F.,(3,1,3),(2,2),(-2.,-1.,
0.),(0.,4.10577466990092),.UNSPECIFIED.);
#144=B_SPLINE_SURFACE_WITH_KNOTS('',2,1,((#5553,#5554),(#5555,#5556),(#5557,
#5558),(#5559,#5560)),.UNSPECIFIED.,.F.,.F.,.F.,(3,1,3),(2,2),(0.,1.,2.),
(0.,4.10577466990092),.UNSPECIFIED.);
#145=B_SPLINE_SURFACE_WITH_KNOTS('',2,1,((#5569,#5570),(#5571,#5572),(#5573,
#5574),(#5575,#5576)),.UNSPECIFIED.,.F.,.F.,.F.,(3,1,3),(2,2),(0.,1.,2.),
(0.,4.10577466990092),.UNSPECIFIED.);
#146=B_SPLINE_SURFACE_WITH_KNOTS('',2,1,((#5583,#5584),(#5585,#5586),(#5587,
#5588),(#5589,#5590)),.UNSPECIFIED.,.F.,.F.,.F.,(3,1,3),(2,2),(0.,1.,2.),
(0.,4.10577466990092),.UNSPECIFIED.);
#147=B_SPLINE_SURFACE_WITH_KNOTS('',2,1,((#5597,#5598),(#5599,#5600),(#5601,
#5602),(#5603,#5604)),.UNSPECIFIED.,.F.,.F.,.F.,(3,1,3),(2,2),(0.,1.,2.),
(0.,4.10577466990092),.UNSPECIFIED.);
#148=B_SPLINE_SURFACE_WITH_KNOTS('',2,1,((#5611,#5612),(#5613,#5614),(#5615,
#5616),(#5617,#5618)),.UNSPECIFIED.,.F.,.F.,.F.,(3,1,3),(2,2),(-2.,-1.,
0.),(0.,4.10577466990092),.UNSPECIFIED.);
#149=B_SPLINE_SURFACE_WITH_KNOTS('',2,1,((#5625,#5626),(#5627,#5628),(#5629,
#5630),(#5631,#5632)),.UNSPECIFIED.,.F.,.F.,.F.,(3,1,3),(2,2),(-2.,-1.,
0.),(0.,4.10577466990092),.UNSPECIFIED.);
#150=B_SPLINE_SURFACE_WITH_KNOTS('',2,1,((#5639,#5640),(#5641,#5642),(#5643,
#5644),(#5645,#5646)),.UNSPECIFIED.,.F.,.F.,.F.,(3,1,3),(2,2),(-2.,-1.,
0.),(0.,4.10577466990092),.UNSPECIFIED.);
#151=B_SPLINE_SURFACE_WITH_KNOTS('',2,1,((#5651,#5652),(#5653,#5654),(#5655,
#5656),(#5657,#5658)),.UNSPECIFIED.,.F.,.F.,.F.,(3,1,3),(2,2),(0.,1.,2.),
(0.,4.10577466990092),.UNSPECIFIED.);
#152=B_SPLINE_SURFACE_WITH_KNOTS('',2,1,((#5665,#5666),(#5667,#5668),(#5669,
#5670),(#5671,#5672)),.UNSPECIFIED.,.F.,.F.,.F.,(3,1,3),(2,2),(0.,1.,2.),
(0.,4.10577466990092),.UNSPECIFIED.);
#153=B_SPLINE_SURFACE_WITH_KNOTS('',2,1,((#5679,#5680),(#5681,#5682),(#5683,
#5684),(#5685,#5686)),.UNSPECIFIED.,.F.,.F.,.F.,(3,1,3),(2,2),(0.,1.,2.),
(0.,4.10577466990092),.UNSPECIFIED.);
#154=B_SPLINE_SURFACE_WITH_KNOTS('',2,1,((#5693,#5694),(#5695,#5696),(#5697,
#5698),(#5699,#5700)),.UNSPECIFIED.,.F.,.F.,.F.,(3,1,3),(2,2),(0.,1.,2.),
(0.,4.10577466990092),.UNSPECIFIED.);
#155=B_SPLINE_SURFACE_WITH_KNOTS('',2,1,((#5770,#5771),(#5772,#5773),(#5774,
#5775),(#5776,#5777)),.UNSPECIFIED.,.F.,.F.,.F.,(3,1,3),(2,2),(0.,1.,2.),
(0.,4.10577466990092),.UNSPECIFIED.);
#156=B_SPLINE_SURFACE_WITH_KNOTS('',2,1,((#5792,#5793),(#5794,#5795),(#5796,
#5797),(#5798,#5799)),.UNSPECIFIED.,.F.,.F.,.F.,(3,1,3),(2,2),(0.,1.,2.),
(0.,4.10577466990092),.UNSPECIFIED.);
#157=B_SPLINE_SURFACE_WITH_KNOTS('',2,1,((#5814,#5815),(#5816,#5817),(#5818,
#5819),(#5820,#5821)),.UNSPECIFIED.,.F.,.F.,.F.,(3,1,3),(2,2),(0.,1.,2.),
(0.,4.10577466990092),.UNSPECIFIED.);
#158=B_SPLINE_SURFACE_WITH_KNOTS('',2,1,((#5866,#5867),(#5868,#5869),(#5870,
#5871),(#5872,#5873)),.UNSPECIFIED.,.F.,.F.,.F.,(3,1,3),(2,2),(0.,1.,2.),
(0.,4.10577466990092),.UNSPECIFIED.);
#159=B_SPLINE_SURFACE_WITH_KNOTS('',2,1,((#5888,#5889),(#5890,#5891),(#5892,
#5893),(#5894,#5895)),.UNSPECIFIED.,.F.,.F.,.F.,(3,1,3),(2,2),(0.,1.,2.),
(0.,4.10577466990092),.UNSPECIFIED.);
#160=B_SPLINE_SURFACE_WITH_KNOTS('',2,1,((#5910,#5911),(#5912,#5913),(#5914,
#5915),(#5916,#5917)),.UNSPECIFIED.,.F.,.F.,.F.,(3,1,3),(2,2),(0.,1.,2.),
(0.,4.10577466990092),.UNSPECIFIED.);
#161=B_SPLINE_SURFACE_WITH_KNOTS('',2,1,((#6021,#6022),(#6023,#6024),(#6025,
#6026),(#6027,#6028)),.UNSPECIFIED.,.F.,.F.,.F.,(3,1,3),(2,2),(0.,1.,2.),
(0.,4.10577466990092),.UNSPECIFIED.);
#162=B_SPLINE_SURFACE_WITH_KNOTS('',2,1,((#6035,#6036),(#6037,#6038),(#6039,
#6040),(#6041,#6042)),.UNSPECIFIED.,.F.,.F.,.F.,(3,1,3),(2,2),(0.,1.,2.),
(0.,4.10577466990092),.UNSPECIFIED.);
#163=B_SPLINE_SURFACE_WITH_KNOTS('',2,1,((#6073,#6074),(#6075,#6076),(#6077,
#6078),(#6079,#6080)),.UNSPECIFIED.,.F.,.F.,.F.,(3,1,3),(2,2),(0.,1.,2.),
(0.,4.10577466990092),.UNSPECIFIED.);
#164=B_SPLINE_SURFACE_WITH_KNOTS('',2,1,((#6087,#6088),(#6089,#6090),(#6091,
#6092),(#6093,#6094)),.UNSPECIFIED.,.F.,.F.,.F.,(3,1,3),(2,2),(0.,1.,2.),
(0.,4.10577466990092),.UNSPECIFIED.);
#165=B_SPLINE_SURFACE_WITH_KNOTS('',2,1,((#6103,#6104),(#6105,#6106),(#6107,
#6108),(#6109,#6110)),.UNSPECIFIED.,.F.,.F.,.F.,(3,1,3),(2,2),(0.,1.,2.),
(0.,4.10577466990092),.UNSPECIFIED.);
#166=B_SPLINE_SURFACE_WITH_KNOTS('',2,1,((#6128,#6129),(#6130,#6131),(#6132,
#6133),(#6134,#6135)),.UNSPECIFIED.,.F.,.F.,.F.,(3,1,3),(2,2),(0.,1.,2.),
(0.,4.10577466990092),.UNSPECIFIED.);
#167=B_SPLINE_SURFACE_WITH_KNOTS('',2,1,((#6150,#6151),(#6152,#6153),(#6154,
#6155),(#6156,#6157)),.UNSPECIFIED.,.F.,.F.,.F.,(3,1,3),(2,2),(0.,1.,2.),
(0.,4.10577466990092),.UNSPECIFIED.);
#168=B_SPLINE_SURFACE_WITH_KNOTS('',2,1,((#6172,#6173),(#6174,#6175),(#6176,
#6177),(#6178,#6179)),.UNSPECIFIED.,.F.,.F.,.F.,(3,1,3),(2,2),(0.,1.,2.),
(0.,4.10577466990092),.UNSPECIFIED.);
#169=B_SPLINE_SURFACE_WITH_KNOTS('',2,1,((#6206,#6207),(#6208,#6209),(#6210,
#6211),(#6212,#6213)),.UNSPECIFIED.,.F.,.F.,.F.,(3,1,3),(2,2),(-2.,-1.,
0.),(0.,4.10577466990092),.UNSPECIFIED.);
#170=B_SPLINE_SURFACE_WITH_KNOTS('',2,1,((#6231,#6232),(#6233,#6234),(#6235,
#6236),(#6237,#6238)),.UNSPECIFIED.,.F.,.F.,.F.,(3,1,3),(2,2),(-2.,-1.,
0.),(0.,4.10577466990092),.UNSPECIFIED.);
#171=B_SPLINE_SURFACE_WITH_KNOTS('',2,1,((#6253,#6254),(#6255,#6256),(#6257,
#6258),(#6259,#6260)),.UNSPECIFIED.,.F.,.F.,.F.,(3,1,3),(2,2),(0.,1.,2.),
(0.,4.10577466990092),.UNSPECIFIED.);
#172=B_SPLINE_SURFACE_WITH_KNOTS('',2,1,((#6275,#6276),(#6277,#6278),(#6279,
#6280),(#6281,#6282)),.UNSPECIFIED.,.F.,.F.,.F.,(3,1,3),(2,2),(0.,1.,2.),
(0.,4.10577466990092),.UNSPECIFIED.);
#173=B_SPLINE_SURFACE_WITH_KNOTS('',2,1,((#6309,#6310),(#6311,#6312),(#6313,
#6314),(#6315,#6316)),.UNSPECIFIED.,.F.,.F.,.F.,(3,1,3),(2,2),(0.,1.,2.),
(0.,4.10577466990092),.UNSPECIFIED.);
#174=B_SPLINE_SURFACE_WITH_KNOTS('',2,1,((#6331,#6332),(#6333,#6334),(#6335,
#6336),(#6337,#6338)),.UNSPECIFIED.,.F.,.F.,.F.,(3,1,3),(2,2),(0.,1.,2.),
(0.,4.10577466990092),.UNSPECIFIED.);
#175=B_SPLINE_SURFACE_WITH_KNOTS('',2,1,((#6353,#6354),(#6355,#6356),(#6357,
#6358),(#6359,#6360)),.UNSPECIFIED.,.F.,.F.,.F.,(3,1,3),(2,2),(0.,1.,2.),
(0.,4.10577466990092),.UNSPECIFIED.);
#176=B_SPLINE_SURFACE_WITH_KNOTS('',2,1,((#6372,#6373),(#6374,#6375),(#6376,
#6377),(#6378,#6379)),.UNSPECIFIED.,.F.,.F.,.F.,(3,1,3),(2,2),(-2.,-1.,
0.),(0.,4.10577466990092),.UNSPECIFIED.);
#177=B_SPLINE_SURFACE_WITH_KNOTS('',2,1,((#6394,#6395),(#6396,#6397),(#6398,
#6399),(#6400,#6401)),.UNSPECIFIED.,.F.,.F.,.F.,(3,1,3),(2,2),(-2.,-1.,
0.),(0.,4.10577466990092),.UNSPECIFIED.);
#178=FACE_OUTER_BOUND('',#376,.T.);
#179=FACE_OUTER_BOUND('',#377,.T.);
#180=FACE_OUTER_BOUND('',#378,.T.);
#181=FACE_OUTER_BOUND('',#379,.T.);
#182=FACE_OUTER_BOUND('',#380,.T.);
#183=FACE_OUTER_BOUND('',#381,.T.);
#184=FACE_OUTER_BOUND('',#382,.T.);
#185=FACE_OUTER_BOUND('',#383,.T.);
#186=FACE_OUTER_BOUND('',#384,.T.);
#187=FACE_OUTER_BOUND('',#385,.T.);
#188=FACE_OUTER_BOUND('',#386,.T.);
#189=FACE_OUTER_BOUND('',#387,.T.);
#190=FACE_OUTER_BOUND('',#388,.T.);
#191=FACE_OUTER_BOUND('',#389,.T.);
#192=FACE_OUTER_BOUND('',#390,.T.);
#193=FACE_OUTER_BOUND('',#391,.T.);
#194=FACE_OUTER_BOUND('',#392,.T.);
#195=FACE_OUTER_BOUND('',#393,.T.);
#196=FACE_OUTER_BOUND('',#394,.T.);
#197=FACE_OUTER_BOUND('',#395,.T.);
#198=FACE_OUTER_BOUND('',#396,.T.);
#199=FACE_OUTER_BOUND('',#397,.T.);
#200=FACE_OUTER_BOUND('',#398,.T.);
#201=FACE_OUTER_BOUND('',#400,.T.);
#202=FACE_OUTER_BOUND('',#401,.T.);
#203=FACE_OUTER_BOUND('',#402,.T.);
#204=FACE_OUTER_BOUND('',#403,.T.);
#205=FACE_OUTER_BOUND('',#404,.T.);
#206=FACE_OUTER_BOUND('',#405,.T.);
#207=FACE_OUTER_BOUND('',#406,.T.);
#208=FACE_OUTER_BOUND('',#407,.T.);
#209=FACE_OUTER_BOUND('',#408,.T.);
#210=FACE_OUTER_BOUND('',#409,.T.);
#211=FACE_OUTER_BOUND('',#410,.T.);
#212=FACE_OUTER_BOUND('',#411,.T.);
#213=FACE_OUTER_BOUND('',#412,.T.);
#214=FACE_OUTER_BOUND('',#413,.T.);
#215=FACE_OUTER_BOUND('',#414,.T.);
#216=FACE_OUTER_BOUND('',#415,.T.);
#217=FACE_OUTER_BOUND('',#416,.T.);
#218=FACE_OUTER_BOUND('',#417,.T.);
#219=FACE_OUTER_BOUND('',#418,.T.);
#220=FACE_OUTER_BOUND('',#419,.T.);
#221=FACE_OUTER_BOUND('',#420,.T.);
#222=FACE_OUTER_BOUND('',#421,.T.);
#223=FACE_OUTER_BOUND('',#422,.T.);
#224=FACE_OUTER_BOUND('',#423,.T.);
#225=FACE_OUTER_BOUND('',#424,.T.);
#226=FACE_OUTER_BOUND('',#425,.T.);
#227=FACE_OUTER_BOUND('',#426,.T.);
#228=FACE_OUTER_BOUND('',#427,.T.);
#229=FACE_OUTER_BOUND('',#428,.T.);
#230=FACE_OUTER_BOUND('',#429,.T.);
#231=FACE_OUTER_BOUND('',#430,.T.);
#232=FACE_OUTER_BOUND('',#431,.T.);
#233=FACE_OUTER_BOUND('',#432,.T.);
#234=FACE_OUTER_BOUND('',#433,.T.);
#235=FACE_OUTER_BOUND('',#435,.T.);
#236=FACE_OUTER_BOUND('',#436,.T.);
#237=FACE_OUTER_BOUND('',#437,.T.);
#238=FACE_OUTER_BOUND('',#438,.T.);
#239=FACE_OUTER_BOUND('',#439,.T.);
#240=FACE_OUTER_BOUND('',#440,.T.);
#241=FACE_OUTER_BOUND('',#441,.T.);
#242=FACE_OUTER_BOUND('',#442,.T.);
#243=FACE_OUTER_BOUND('',#443,.T.);
#244=FACE_OUTER_BOUND('',#444,.T.);
#245=FACE_OUTER_BOUND('',#445,.T.);
#246=FACE_OUTER_BOUND('',#446,.T.);
#247=FACE_OUTER_BOUND('',#447,.T.);
#248=FACE_OUTER_BOUND('',#448,.T.);
#249=FACE_OUTER_BOUND('',#449,.T.);
#250=FACE_OUTER_BOUND('',#450,.T.);
#251=FACE_OUTER_BOUND('',#451,.T.);
#252=FACE_OUTER_BOUND('',#452,.T.);
#253=FACE_OUTER_BOUND('',#453,.T.);
#254=FACE_OUTER_BOUND('',#454,.T.);
#255=FACE_OUTER_BOUND('',#455,.T.);
#256=FACE_OUTER_BOUND('',#456,.T.);
#257=FACE_OUTER_BOUND('',#457,.T.);
#258=FACE_OUTER_BOUND('',#458,.T.);
#259=FACE_OUTER_BOUND('',#459,.T.);
#260=FACE_OUTER_BOUND('',#460,.T.);
#261=FACE_OUTER_BOUND('',#461,.T.);
#262=FACE_OUTER_BOUND('',#462,.T.);
#263=FACE_OUTER_BOUND('',#463,.T.);
#264=FACE_OUTER_BOUND('',#464,.T.);
#265=FACE_OUTER_BOUND('',#465,.T.);
#266=FACE_OUTER_BOUND('',#466,.T.);
#267=FACE_OUTER_BOUND('',#467,.T.);
#268=FACE_OUTER_BOUND('',#468,.T.);
#269=FACE_OUTER_BOUND('',#469,.T.);
#270=FACE_OUTER_BOUND('',#470,.T.);
#271=FACE_OUTER_BOUND('',#471,.T.);
#272=FACE_OUTER_BOUND('',#472,.T.);
#273=FACE_OUTER_BOUND('',#473,.T.);
#274=FACE_OUTER_BOUND('',#474,.T.);
#275=FACE_OUTER_BOUND('',#475,.T.);
#276=FACE_OUTER_BOUND('',#476,.T.);
#277=FACE_OUTER_BOUND('',#477,.T.);
#278=FACE_OUTER_BOUND('',#478,.T.);
#279=FACE_OUTER_BOUND('',#479,.T.);
#280=FACE_OUTER_BOUND('',#480,.T.);
#281=FACE_OUTER_BOUND('',#481,.T.);
#282=FACE_OUTER_BOUND('',#482,.T.);
#283=FACE_OUTER_BOUND('',#483,.T.);
#284=FACE_OUTER_BOUND('',#484,.T.);
#285=FACE_OUTER_BOUND('',#485,.T.);
#286=FACE_OUTER_BOUND('',#486,.T.);
#287=FACE_OUTER_BOUND('',#487,.T.);
#288=FACE_OUTER_BOUND('',#488,.T.);
#289=FACE_OUTER_BOUND('',#489,.T.);
#290=FACE_OUTER_BOUND('',#490,.T.);
#291=FACE_OUTER_BOUND('',#491,.T.);
#292=FACE_OUTER_BOUND('',#492,.T.);
#293=FACE_OUTER_BOUND('',#493,.T.);
#294=FACE_OUTER_BOUND('',#494,.T.);
#295=FACE_OUTER_BOUND('',#495,.T.);
#296=FACE_OUTER_BOUND('',#496,.T.);
#297=FACE_OUTER_BOUND('',#497,.T.);
#298=FACE_OUTER_BOUND('',#498,.T.);
#299=FACE_OUTER_BOUND('',#499,.T.);
#300=FACE_OUTER_BOUND('',#500,.T.);
#301=FACE_OUTER_BOUND('',#501,.T.);
#302=FACE_OUTER_BOUND('',#502,.T.);
#303=FACE_OUTER_BOUND('',#503,.T.);
#304=FACE_OUTER_BOUND('',#504,.T.);
#305=FACE_OUTER_BOUND('',#505,.T.);
#306=FACE_OUTER_BOUND('',#506,.T.);
#307=FACE_OUTER_BOUND('',#507,.T.);
#308=FACE_OUTER_BOUND('',#508,.T.);
#309=FACE_OUTER_BOUND('',#509,.T.);
#310=FACE_OUTER_BOUND('',#510,.T.);
#311=FACE_OUTER_BOUND('',#512,.T.);
#312=FACE_OUTER_BOUND('',#513,.T.);
#313=FACE_OUTER_BOUND('',#523,.T.);
#314=FACE_OUTER_BOUND('',#524,.T.);
#315=FACE_OUTER_BOUND('',#525,.T.);
#316=FACE_OUTER_BOUND('',#526,.T.);
#317=FACE_OUTER_BOUND('',#527,.T.);
#318=FACE_OUTER_BOUND('',#528,.T.);
#319=FACE_OUTER_BOUND('',#529,.T.);
#320=FACE_OUTER_BOUND('',#530,.T.);
#321=FACE_OUTER_BOUND('',#531,.T.);
#322=FACE_OUTER_BOUND('',#532,.T.);
#323=FACE_OUTER_BOUND('',#533,.T.);
#324=FACE_OUTER_BOUND('',#534,.T.);
#325=FACE_OUTER_BOUND('',#535,.T.);
#326=FACE_OUTER_BOUND('',#536,.T.);
#327=FACE_OUTER_BOUND('',#537,.T.);
#328=FACE_OUTER_BOUND('',#538,.T.);
#329=FACE_OUTER_BOUND('',#539,.T.);
#330=FACE_OUTER_BOUND('',#540,.T.);
#331=FACE_OUTER_BOUND('',#541,.T.);
#332=FACE_OUTER_BOUND('',#542,.T.);
#333=FACE_OUTER_BOUND('',#543,.T.);
#334=FACE_OUTER_BOUND('',#544,.T.);
#335=FACE_OUTER_BOUND('',#545,.T.);
#336=FACE_OUTER_BOUND('',#546,.T.);
#337=FACE_OUTER_BOUND('',#547,.T.);
#338=FACE_OUTER_BOUND('',#548,.T.);
#339=FACE_OUTER_BOUND('',#549,.T.);
#340=FACE_OUTER_BOUND('',#550,.T.);
#341=FACE_OUTER_BOUND('',#551,.T.);
#342=FACE_OUTER_BOUND('',#552,.T.);
#343=FACE_OUTER_BOUND('',#555,.T.);
#344=FACE_OUTER_BOUND('',#556,.T.);
#345=FACE_OUTER_BOUND('',#557,.T.);
#346=FACE_OUTER_BOUND('',#558,.T.);
#347=FACE_OUTER_BOUND('',#559,.T.);
#348=FACE_OUTER_BOUND('',#560,.T.);
#349=FACE_OUTER_BOUND('',#561,.T.);
#350=FACE_OUTER_BOUND('',#562,.T.);
#351=FACE_OUTER_BOUND('',#563,.T.);
#352=FACE_OUTER_BOUND('',#564,.T.);
#353=FACE_OUTER_BOUND('',#565,.T.);
#354=FACE_OUTER_BOUND('',#566,.T.);
#355=FACE_OUTER_BOUND('',#567,.T.);
#356=FACE_OUTER_BOUND('',#568,.T.);
#357=FACE_OUTER_BOUND('',#569,.T.);
#358=FACE_OUTER_BOUND('',#570,.T.);
#359=FACE_OUTER_BOUND('',#571,.T.);
#360=FACE_OUTER_BOUND('',#572,.T.);
#361=FACE_OUTER_BOUND('',#573,.T.);
#362=FACE_OUTER_BOUND('',#574,.T.);
#363=FACE_OUTER_BOUND('',#575,.T.);
#364=FACE_OUTER_BOUND('',#576,.T.);
#365=FACE_OUTER_BOUND('',#577,.T.);
#366=FACE_OUTER_BOUND('',#578,.T.);
#367=FACE_OUTER_BOUND('',#579,.T.);
#368=FACE_OUTER_BOUND('',#580,.T.);
#369=FACE_OUTER_BOUND('',#581,.T.);
#370=FACE_OUTER_BOUND('',#582,.T.);
#371=FACE_OUTER_BOUND('',#583,.T.);
#372=FACE_OUTER_BOUND('',#584,.T.);
#373=FACE_OUTER_BOUND('',#585,.T.);
#374=FACE_OUTER_BOUND('',#586,.T.);
#375=FACE_OUTER_BOUND('',#587,.T.);
#376=EDGE_LOOP('',(#2304,#2305,#2306,#2307,#2308,#2309,#2310,#2311,#2312,
#2313,#2314,#2315,#2316,#2317,#2318,#2319,#2320,#2321,#2322,#2323,#2324));
#377=EDGE_LOOP('',(#2325,#2326,#2327,#2328));
#378=EDGE_LOOP('',(#2329,#2330,#2331,#2332));
#379=EDGE_LOOP('',(#2333,#2334,#2335,#2336));
#380=EDGE_LOOP('',(#2337,#2338,#2339,#2340));
#381=EDGE_LOOP('',(#2341,#2342,#2343,#2344));
#382=EDGE_LOOP('',(#2345,#2346,#2347,#2348));
#383=EDGE_LOOP('',(#2349,#2350,#2351,#2352));
#384=EDGE_LOOP('',(#2353,#2354,#2355,#2356));
#385=EDGE_LOOP('',(#2357,#2358,#2359,#2360));
#386=EDGE_LOOP('',(#2361,#2362,#2363,#2364));
#387=EDGE_LOOP('',(#2365,#2366,#2367,#2368));
#388=EDGE_LOOP('',(#2369,#2370,#2371,#2372));
#389=EDGE_LOOP('',(#2373,#2374,#2375,#2376));
#390=EDGE_LOOP('',(#2377,#2378,#2379,#2380));
#391=EDGE_LOOP('',(#2381,#2382,#2383,#2384));
#392=EDGE_LOOP('',(#2385,#2386,#2387,#2388));
#393=EDGE_LOOP('',(#2389,#2390,#2391,#2392));
#394=EDGE_LOOP('',(#2393,#2394,#2395,#2396));
#395=EDGE_LOOP('',(#2397,#2398,#2399,#2400));
#396=EDGE_LOOP('',(#2401,#2402,#2403,#2404));
#397=EDGE_LOOP('',(#2405,#2406,#2407,#2408));
#398=EDGE_LOOP('',(#2409,#2410,#2411,#2412,#2413,#2414,#2415,#2416,#2417));
#399=EDGE_LOOP('',(#2418,#2419,#2420,#2421,#2422));
#400=EDGE_LOOP('',(#2423,#2424,#2425,#2426));
#401=EDGE_LOOP('',(#2427,#2428,#2429,#2430));
#402=EDGE_LOOP('',(#2431,#2432,#2433,#2434));
#403=EDGE_LOOP('',(#2435,#2436,#2437,#2438));
#404=EDGE_LOOP('',(#2439,#2440,#2441,#2442));
#405=EDGE_LOOP('',(#2443,#2444,#2445,#2446));
#406=EDGE_LOOP('',(#2447,#2448,#2449,#2450));
#407=EDGE_LOOP('',(#2451,#2452,#2453,#2454));
#408=EDGE_LOOP('',(#2455,#2456,#2457,#2458));
#409=EDGE_LOOP('',(#2459,#2460,#2461,#2462));
#410=EDGE_LOOP('',(#2463,#2464,#2465,#2466));
#411=EDGE_LOOP('',(#2467,#2468,#2469,#2470));
#412=EDGE_LOOP('',(#2471,#2472,#2473,#2474));
#413=EDGE_LOOP('',(#2475,#2476,#2477,#2478));
#414=EDGE_LOOP('',(#2479,#2480,#2481,#2482));
#415=EDGE_LOOP('',(#2483,#2484,#2485,#2486));
#416=EDGE_LOOP('',(#2487,#2488,#2489,#2490));
#417=EDGE_LOOP('',(#2491,#2492,#2493,#2494));
#418=EDGE_LOOP('',(#2495,#2496,#2497,#2498));
#419=EDGE_LOOP('',(#2499,#2500,#2501,#2502));
#420=EDGE_LOOP('',(#2503,#2504,#2505,#2506));
#421=EDGE_LOOP('',(#2507,#2508,#2509,#2510));
#422=EDGE_LOOP('',(#2511,#2512,#2513,#2514));
#423=EDGE_LOOP('',(#2515,#2516,#2517,#2518));
#424=EDGE_LOOP('',(#2519,#2520,#2521,#2522));
#425=EDGE_LOOP('',(#2523,#2524,#2525,#2526));
#426=EDGE_LOOP('',(#2527,#2528,#2529,#2530));
#427=EDGE_LOOP('',(#2531,#2532,#2533,#2534));
#428=EDGE_LOOP('',(#2535,#2536,#2537,#2538));
#429=EDGE_LOOP('',(#2539,#2540,#2541,#2542));
#430=EDGE_LOOP('',(#2543,#2544,#2545,#2546));
#431=EDGE_LOOP('',(#2547,#2548,#2549,#2550));
#432=EDGE_LOOP('',(#2551,#2552,#2553,#2554,#2555,#2556,#2557,#2558,#2559,
#2560,#2561,#2562,#2563,#2564,#2565,#2566,#2567,#2568));
#433=EDGE_LOOP('',(#2569,#2570,#2571,#2572,#2573,#2574,#2575,#2576));
#434=EDGE_LOOP('',(#2577,#2578,#2579,#2580,#2581,#2582));
#435=EDGE_LOOP('',(#2583,#2584,#2585,#2586));
#436=EDGE_LOOP('',(#2587,#2588,#2589,#2590));
#437=EDGE_LOOP('',(#2591,#2592,#2593,#2594));
#438=EDGE_LOOP('',(#2595,#2596,#2597,#2598));
#439=EDGE_LOOP('',(#2599,#2600,#2601,#2602));
#440=EDGE_LOOP('',(#2603,#2604,#2605,#2606));
#441=EDGE_LOOP('',(#2607,#2608,#2609,#2610));
#442=EDGE_LOOP('',(#2611,#2612,#2613,#2614));
#443=EDGE_LOOP('',(#2615,#2616,#2617,#2618));
#444=EDGE_LOOP('',(#2619,#2620,#2621,#2622));
#445=EDGE_LOOP('',(#2623,#2624,#2625,#2626));
#446=EDGE_LOOP('',(#2627,#2628,#2629,#2630));
#447=EDGE_LOOP('',(#2631,#2632,#2633,#2634));
#448=EDGE_LOOP('',(#2635,#2636,#2637,#2638));
#449=EDGE_LOOP('',(#2639,#2640,#2641,#2642));
#450=EDGE_LOOP('',(#2643,#2644,#2645,#2646));
#451=EDGE_LOOP('',(#2647,#2648,#2649,#2650));
#452=EDGE_LOOP('',(#2651,#2652,#2653,#2654));
#453=EDGE_LOOP('',(#2655,#2656,#2657,#2658));
#454=EDGE_LOOP('',(#2659,#2660,#2661,#2662));
#455=EDGE_LOOP('',(#2663,#2664,#2665,#2666));
#456=EDGE_LOOP('',(#2667,#2668,#2669,#2670));
#457=EDGE_LOOP('',(#2671,#2672,#2673,#2674));
#458=EDGE_LOOP('',(#2675,#2676,#2677,#2678));
#459=EDGE_LOOP('',(#2679,#2680,#2681,#2682));
#460=EDGE_LOOP('',(#2683,#2684,#2685,#2686));
#461=EDGE_LOOP('',(#2687,#2688,#2689,#2690));
#462=EDGE_LOOP('',(#2691,#2692,#2693,#2694));
#463=EDGE_LOOP('',(#2695,#2696,#2697,#2698));
#464=EDGE_LOOP('',(#2699,#2700,#2701,#2702));
#465=EDGE_LOOP('',(#2703,#2704,#2705,#2706));
#466=EDGE_LOOP('',(#2707,#2708,#2709,#2710));
#467=EDGE_LOOP('',(#2711,#2712,#2713,#2714));
#468=EDGE_LOOP('',(#2715,#2716,#2717,#2718));
#469=EDGE_LOOP('',(#2719,#2720,#2721,#2722));
#470=EDGE_LOOP('',(#2723,#2724,#2725,#2726));
#471=EDGE_LOOP('',(#2727,#2728,#2729,#2730));
#472=EDGE_LOOP('',(#2731,#2732,#2733,#2734));
#473=EDGE_LOOP('',(#2735,#2736,#2737,#2738,#2739,#2740,#2741,#2742,#2743,
#2744,#2745,#2746,#2747,#2748));
#474=EDGE_LOOP('',(#2749,#2750,#2751,#2752,#2753,#2754,#2755,#2756,#2757,
#2758,#2759,#2760,#2761,#2762,#2763,#2764,#2765));
#475=EDGE_LOOP('',(#2766,#2767,#2768,#2769));
#476=EDGE_LOOP('',(#2770,#2771,#2772,#2773));
#477=EDGE_LOOP('',(#2774,#2775,#2776,#2777));
#478=EDGE_LOOP('',(#2778,#2779,#2780,#2781));
#479=EDGE_LOOP('',(#2782,#2783,#2784,#2785));
#480=EDGE_LOOP('',(#2786,#2787,#2788,#2789));
#481=EDGE_LOOP('',(#2790,#2791,#2792,#2793));
#482=EDGE_LOOP('',(#2794,#2795,#2796,#2797));
#483=EDGE_LOOP('',(#2798,#2799,#2800,#2801));
#484=EDGE_LOOP('',(#2802,#2803,#2804,#2805));
#485=EDGE_LOOP('',(#2806,#2807,#2808,#2809));
#486=EDGE_LOOP('',(#2810,#2811,#2812,#2813));
#487=EDGE_LOOP('',(#2814,#2815,#2816,#2817));
#488=EDGE_LOOP('',(#2818,#2819,#2820,#2821));
#489=EDGE_LOOP('',(#2822,#2823,#2824,#2825));
#490=EDGE_LOOP('',(#2826,#2827,#2828,#2829));
#491=EDGE_LOOP('',(#2830,#2831,#2832,#2833));
#492=EDGE_LOOP('',(#2834,#2835,#2836,#2837));
#493=EDGE_LOOP('',(#2838,#2839,#2840,#2841));
#494=EDGE_LOOP('',(#2842,#2843,#2844,#2845));
#495=EDGE_LOOP('',(#2846,#2847,#2848,#2849));
#496=EDGE_LOOP('',(#2850,#2851,#2852,#2853));
#497=EDGE_LOOP('',(#2854,#2855,#2856,#2857));
#498=EDGE_LOOP('',(#2858,#2859,#2860,#2861));
#499=EDGE_LOOP('',(#2862,#2863,#2864,#2865));
#500=EDGE_LOOP('',(#2866,#2867,#2868,#2869));
#501=EDGE_LOOP('',(#2870,#2871,#2872,#2873));
#502=EDGE_LOOP('',(#2874,#2875,#2876,#2877));
#503=EDGE_LOOP('',(#2878,#2879,#2880,#2881));
#504=EDGE_LOOP('',(#2882,#2883,#2884,#2885));
#505=EDGE_LOOP('',(#2886,#2887,#2888,#2889));
#506=EDGE_LOOP('',(#2890,#2891,#2892,#2893));
#507=EDGE_LOOP('',(#2894,#2895,#2896,#2897));
#508=EDGE_LOOP('',(#2898,#2899,#2900,#2901));
#509=EDGE_LOOP('',(#2902,#2903,#2904,#2905));
#510=EDGE_LOOP('',(#2906,#2907,#2908,#2909,#2910,#2911,#2912,#2913,#2914,
#2915,#2916,#2917,#2918));
#511=EDGE_LOOP('',(#2919,#2920,#2921,#2922,#2923));
#512=EDGE_LOOP('',(#2924,#2925,#2926,#2927,#2928));
#513=EDGE_LOOP('',(#2929,#2930,#2931,#2932));
#514=EDGE_LOOP('',(#2933,#2934,#2935,#2936,#2937,#2938,#2939,#2940,#2941,
#2942,#2943,#2944,#2945,#2946,#2947,#2948,#2949,#2950,#2951,#2952,#2953));
#515=EDGE_LOOP('',(#2954,#2955,#2956,#2957,#2958,#2959,#2960,#2961,#2962));
#516=EDGE_LOOP('',(#2963,#2964,#2965,#2966,#2967,#2968,#2969,#2970,#2971,
#2972,#2973,#2974,#2975,#2976,#2977,#2978,#2979,#2980));
#517=EDGE_LOOP('',(#2981,#2982,#2983,#2984,#2985,#2986,#2987,#2988));
#518=EDGE_LOOP('',(#2989,#2990,#2991,#2992));
#519=EDGE_LOOP('',(#2993,#2994,#2995,#2996));
#520=EDGE_LOOP('',(#2997,#2998,#2999,#3000,#3001,#3002,#3003,#3004,#3005,
#3006,#3007,#3008,#3009,#3010));
#521=EDGE_LOOP('',(#3011,#3012,#3013,#3014,#3015,#3016,#3017,#3018,#3019,
#3020,#3021,#3022,#3023,#3024,#3025,#3026,#3027));
#522=EDGE_LOOP('',(#3028,#3029,#3030,#3031,#3032,#3033,#3034,#3035,#3036,
#3037,#3038,#3039,#3040));
#523=EDGE_LOOP('',(#3041,#3042,#3043,#3044,#3045,#3046));
#524=EDGE_LOOP('',(#3047,#3048,#3049,#3050));
#525=EDGE_LOOP('',(#3051,#3052,#3053,#3054));
#526=EDGE_LOOP('',(#3055,#3056,#3057,#3058,#3059,#3060));
#527=EDGE_LOOP('',(#3061,#3062,#3063,#3064,#3065,#3066));
#528=EDGE_LOOP('',(#3067,#3068,#3069,#3070,#3071,#3072));
#529=EDGE_LOOP('',(#3073,#3074,#3075,#3076,#3077,#3078));
#530=EDGE_LOOP('',(#3079,#3080,#3081,#3082));
#531=EDGE_LOOP('',(#3083,#3084,#3085,#3086));
#532=EDGE_LOOP('',(#3087,#3088,#3089,#3090));
#533=EDGE_LOOP('',(#3091,#3092,#3093,#3094,#3095,#3096));
#534=EDGE_LOOP('',(#3097,#3098,#3099,#3100,#3101,#3102));
#535=EDGE_LOOP('',(#3103,#3104,#3105,#3106,#3107,#3108));
#536=EDGE_LOOP('',(#3109,#3110,#3111,#3112,#3113,#3114));
#537=EDGE_LOOP('',(#3115,#3116,#3117,#3118));
#538=EDGE_LOOP('',(#3119,#3120,#3121,#3122));
#539=EDGE_LOOP('',(#3123,#3124,#3125,#3126,#3127,#3128));
#540=EDGE_LOOP('',(#3129,#3130,#3131,#3132));
#541=EDGE_LOOP('',(#3133,#3134,#3135,#3136,#3137,#3138));
#542=EDGE_LOOP('',(#3139,#3140,#3141,#3142));
#543=EDGE_LOOP('',(#3143,#3144,#3145,#3146,#3147,#3148));
#544=EDGE_LOOP('',(#3149,#3150,#3151,#3152));
#545=EDGE_LOOP('',(#3153,#3154,#3155,#3156,#3157,#3158));
#546=EDGE_LOOP('',(#3159,#3160,#3161,#3162));
#547=EDGE_LOOP('',(#3163,#3164,#3165,#3166,#3167,#3168,#3169,#3170,#3171,
#3172,#3173,#3174,#3175,#3176,#3177,#3178));
#548=EDGE_LOOP('',(#3179,#3180,#3181,#3182));
#549=EDGE_LOOP('',(#3183,#3184,#3185,#3186));
#550=EDGE_LOOP('',(#3187,#3188,#3189,#3190));
#551=EDGE_LOOP('',(#3191,#3192,#3193,#3194));
#552=EDGE_LOOP('',(#3195,#3196,#3197,#3198,#3199,#3200,#3201,#3202,#3203,
#3204,#3205,#3206,#3207,#3208,#3209,#3210,#3211,#3212,#3213,#3214,#3215,
#3216));
#553=EDGE_LOOP('',(#3217,#3218,#3219,#3220));
#554=EDGE_LOOP('',(#3221,#3222,#3223,#3224));
#555=EDGE_LOOP('',(#3225,#3226,#3227,#3228));
#556=EDGE_LOOP('',(#3229,#3230,#3231,#3232));
#557=EDGE_LOOP('',(#3233,#3234,#3235,#3236));
#558=EDGE_LOOP('',(#3237,#3238,#3239,#3240,#3241,#3242,#3243,#3244));
#559=EDGE_LOOP('',(#3245,#3246,#3247,#3248));
#560=EDGE_LOOP('',(#3249,#3250,#3251,#3252));
#561=EDGE_LOOP('',(#3253,#3254,#3255,#3256));
#562=EDGE_LOOP('',(#3257,#3258,#3259,#3260));
#563=EDGE_LOOP('',(#3261,#3262,#3263,#3264));
#564=EDGE_LOOP('',(#3265,#3266,#3267,#3268));
#565=EDGE_LOOP('',(#3269,#3270,#3271,#3272));
#566=EDGE_LOOP('',(#3273,#3274,#3275,#3276,#3277,#3278,#3279,#3280));
#567=EDGE_LOOP('',(#3281,#3282,#3283));
#568=EDGE_LOOP('',(#3284,#3285,#3286));
#569=EDGE_LOOP('',(#3287,#3288,#3289,#3290));
#570=EDGE_LOOP('',(#3291,#3292,#3293,#3294));
#571=EDGE_LOOP('',(#3295,#3296,#3297));
#572=EDGE_LOOP('',(#3298,#3299,#3300));
#573=EDGE_LOOP('',(#3301,#3302,#3303,#3304));
#574=EDGE_LOOP('',(#3305,#3306,#3307,#3308));
#575=EDGE_LOOP('',(#3309,#3310,#3311,#3312));
#576=EDGE_LOOP('',(#3313,#3314,#3315,#3316));
#577=EDGE_LOOP('',(#3317,#3318,#3319,#3320));
#578=EDGE_LOOP('',(#3321,#3322,#3323,#3324));
#579=EDGE_LOOP('',(#3325,#3326,#3327,#3328));
#580=EDGE_LOOP('',(#3329,#3330,#3331,#3332));
#581=EDGE_LOOP('',(#3333,#3334,#3335,#3336));
#582=EDGE_LOOP('',(#3337,#3338,#3339,#3340));
#583=EDGE_LOOP('',(#3341,#3342,#3343,#3344));
#584=EDGE_LOOP('',(#3345,#3346,#3347,#3348));
#585=EDGE_LOOP('',(#3349,#3350,#3351,#3352));
#586=EDGE_LOOP('',(#3353,#3354,#3355,#3356,#3357,#3358,#3359,#3360,#3361,
#3362,#3363,#3364,#3365,#3366));
#587=EDGE_LOOP('',(#3367,#3368,#3369,#3370,#3371));
#588=LINE('',#4653,#936);
#589=LINE('',#4655,#937);
#590=LINE('',#4729,#938);
#591=LINE('',#4731,#939);
#592=LINE('',#4748,#940);
#593=LINE('',#4754,#941);
#594=LINE('',#4764,#942);
#595=LINE('',#4771,#943);
#596=LINE('',#4772,#944);
#597=LINE('',#4775,#945);
#598=LINE('',#4776,#946);
#599=LINE('',#4786,#947);
#600=LINE('',#4800,#948);
#601=LINE('',#4814,#949);
#602=LINE('',#4828,#950);
#603=LINE('',#4842,#951);
#604=LINE('',#4856,#952);
#605=LINE('',#4870,#953);
#606=LINE('',#4888,#954);
#607=LINE('',#4902,#955);
#608=LINE('',#4916,#956);
#609=LINE('',#4930,#957);
#610=LINE('',#4944,#958);
#611=LINE('',#4958,#959);
#612=LINE('',#4972,#960);
#613=LINE('',#4975,#961);
#614=LINE('',#4976,#962);
#615=LINE('',#4979,#963);
#616=LINE('',#4980,#964);
#617=LINE('',#5012,#965);
#618=LINE('',#5014,#966);
#619=LINE('',#5016,#967);
#620=LINE('',#5018,#968);
#621=LINE('',#5020,#969);
#622=LINE('',#5069,#970);
#623=LINE('',#5079,#971);
#624=LINE('',#5085,#972);
#625=LINE('',#5095,#973);
#626=LINE('',#5109,#974);
#627=LINE('',#5116,#975);
#628=LINE('',#5118,#976);
#629=LINE('',#5119,#977);
#630=LINE('',#5122,#978);
#631=LINE('',#5123,#979);
#632=LINE('',#5126,#980);
#633=LINE('',#5127,#981);
#634=LINE('',#5137,#982);
#635=LINE('',#5151,#983);
#636=LINE('',#5158,#984);
#637=LINE('',#5159,#985);
#638=LINE('',#5174,#986);
#639=LINE('',#5175,#987);
#640=LINE('',#5178,#988);
#641=LINE('',#5179,#989);
#642=LINE('',#5193,#990);
#643=LINE('',#5224,#991);
#644=LINE('',#5230,#992);
#645=LINE('',#5233,#993);
#646=LINE('',#5235,#994);
#647=LINE('',#5236,#995);
#648=LINE('',#5239,#996);
#649=LINE('',#5241,#997);
#650=LINE('',#5242,#998);
#651=LINE('',#5245,#999);
#652=LINE('',#5247,#1000);
#653=LINE('',#5248,#1001);
#654=LINE('',#5251,#1002);
#655=LINE('',#5253,#1003);
#656=LINE('',#5254,#1004);
#657=LINE('',#5257,#1005);
#658=LINE('',#5259,#1006);
#659=LINE('',#5260,#1007);
#660=LINE('',#5263,#1008);
#661=LINE('',#5265,#1009);
#662=LINE('',#5266,#1010);
#663=LINE('',#5269,#1011);
#664=LINE('',#5271,#1012);
#665=LINE('',#5272,#1013);
#666=LINE('',#5275,#1014);
#667=LINE('',#5277,#1015);
#668=LINE('',#5278,#1016);
#669=LINE('',#5300,#1017);
#670=LINE('',#5303,#1018);
#671=LINE('',#5305,#1019);
#672=LINE('',#5306,#1020);
#673=LINE('',#5309,#1021);
#674=LINE('',#5311,#1022);
#675=LINE('',#5312,#1023);
#676=LINE('',#5334,#1024);
#677=LINE('',#5356,#1025);
#678=LINE('',#5378,#1026);
#679=LINE('',#5381,#1027);
#680=LINE('',#5383,#1028);
#681=LINE('',#5384,#1029);
#682=LINE('',#5387,#1030);
#683=LINE('',#5389,#1031);
#684=LINE('',#5390,#1032);
#685=LINE('',#5392,#1033);
#686=LINE('',#5393,#1034);
#687=LINE('',#5518,#1035);
#688=LINE('',#5524,#1036);
#689=LINE('',#5534,#1037);
#690=LINE('',#5548,#1038);
#691=LINE('',#5562,#1039);
#692=LINE('',#5568,#1040);
#693=LINE('',#5578,#1041);
#694=LINE('',#5592,#1042);
#695=LINE('',#5606,#1043);
#696=LINE('',#5620,#1044);
#697=LINE('',#5634,#1045);
#698=LINE('',#5664,#1046);
#699=LINE('',#5678,#1047);
#700=LINE('',#5692,#1048);
#701=LINE('',#5708,#1049);
#702=LINE('',#5710,#1050);
#703=LINE('',#5712,#1051);
#704=LINE('',#5713,#1052);
#705=LINE('',#5716,#1053);
#706=LINE('',#5718,#1054);
#707=LINE('',#5719,#1055);
#708=LINE('',#5722,#1056);
#709=LINE('',#5724,#1057);
#710=LINE('',#5725,#1058);
#711=LINE('',#5727,#1059);
#712=LINE('',#5728,#1060);
#713=LINE('',#5733,#1061);
#714=LINE('',#5735,#1062);
#715=LINE('',#5737,#1063);
#716=LINE('',#5738,#1064);
#717=LINE('',#5741,#1065);
#718=LINE('',#5743,#1066);
#719=LINE('',#5744,#1067);
#720=LINE('',#5747,#1068);
#721=LINE('',#5748,#1069);
#722=LINE('',#5751,#1070);
#723=LINE('',#5752,#1071);
#724=LINE('',#5754,#1072);
#725=LINE('',#5758,#1073);
#726=LINE('',#5760,#1074);
#727=LINE('',#5762,#1075);
#728=LINE('',#5763,#1076);
#729=LINE('',#5766,#1077);
#730=LINE('',#5768,#1078);
#731=LINE('',#5769,#1079);
#732=LINE('',#5787,#1080);
#733=LINE('',#5809,#1081);
#734=LINE('',#5831,#1082);
#735=LINE('',#5838,#1083);
#736=LINE('',#5840,#1084);
#737=LINE('',#5841,#1085);
#738=LINE('',#5844,#1086);
#739=LINE('',#5846,#1087);
#740=LINE('',#5847,#1088);
#741=LINE('',#5850,#1089);
#742=LINE('',#5852,#1090);
#743=LINE('',#5853,#1091);
#744=LINE('',#5856,#1092);
#745=LINE('',#5858,#1093);
#746=LINE('',#5859,#1094);
#747=LINE('',#5862,#1095);
#748=LINE('',#5864,#1096);
#749=LINE('',#5865,#1097);
#750=LINE('',#5887,#1098);
#751=LINE('',#5909,#1099);
#752=LINE('',#5931,#1100);
#753=LINE('',#5933,#1101);
#754=LINE('',#5934,#1102);
#755=LINE('',#5939,#1103);
#756=LINE('',#5957,#1104);
#757=LINE('',#5959,#1105);
#758=LINE('',#5961,#1106);
#759=LINE('',#5963,#1107);
#760=LINE('',#5965,#1108);
#761=LINE('',#5967,#1109);
#762=LINE('',#5969,#1110);
#763=LINE('',#5971,#1111);
#764=LINE('',#5973,#1112);
#765=LINE('',#5975,#1113);
#766=LINE('',#5977,#1114);
#767=LINE('',#5994,#1115);
#768=LINE('',#5997,#1116);
#769=LINE('',#5999,#1117);
#770=LINE('',#6000,#1118);
#771=LINE('',#6003,#1119);
#772=LINE('',#6004,#1120);
#773=LINE('',#6007,#1121);
#774=LINE('',#6008,#1122);
#775=LINE('',#6011,#1123);
#776=LINE('',#6012,#1124);
#777=LINE('',#6015,#1125);
#778=LINE('',#6016,#1126);
#779=LINE('',#6019,#1127);
#780=LINE('',#6020,#1128);
#781=LINE('',#6030,#1129);
#782=LINE('',#6044,#1130);
#783=LINE('',#6051,#1131);
#784=LINE('',#6052,#1132);
#785=LINE('',#6055,#1133);
#786=LINE('',#6056,#1134);
#787=LINE('',#6059,#1135);
#788=LINE('',#6060,#1136);
#789=LINE('',#6063,#1137);
#790=LINE('',#6064,#1138);
#791=LINE('',#6067,#1139);
#792=LINE('',#6068,#1140);
#793=LINE('',#6071,#1141);
#794=LINE('',#6072,#1142);
#795=LINE('',#6086,#1143);
#796=LINE('',#6100,#1144);
#797=LINE('',#6102,#1145);
#798=LINE('',#6121,#1146);
#799=LINE('',#6127,#1147);
#800=LINE('',#6145,#1148);
#801=LINE('',#6167,#1149);
#802=LINE('',#6189,#1150);
#803=LINE('',#6196,#1151);
#804=LINE('',#6198,#1152);
#805=LINE('',#6199,#1153);
#806=LINE('',#6202,#1154);
#807=LINE('',#6204,#1155);
#808=LINE('',#6205,#1156);
#809=LINE('',#6224,#1157);
#810=LINE('',#6230,#1158);
#811=LINE('',#6252,#1159);
#812=LINE('',#6274,#1160);
#813=LINE('',#6296,#1161);
#814=LINE('',#6299,#1162);
#815=LINE('',#6301,#1163);
#816=LINE('',#6302,#1164);
#817=LINE('',#6305,#1165);
#818=LINE('',#6307,#1166);
#819=LINE('',#6308,#1167);
#820=LINE('',#6330,#1168);
#821=LINE('',#6352,#1169);
#822=LINE('',#6393,#1170);
#823=LINE('',#6415,#1171);
#824=LINE('',#6417,#1172);
#825=LINE('',#6418,#1173);
#826=LINE('',#6424,#1174);
#827=LINE('',#6426,#1175);
#828=LINE('',#6428,#1176);
#829=LINE('',#6429,#1177);
#830=LINE('',#6434,#1178);
#831=LINE('',#6438,#1179);
#832=LINE('',#6443,#1180);
#833=LINE('',#6447,#1181);
#834=LINE('',#6450,#1182);
#835=LINE('',#6454,#1183);
#836=LINE('',#6457,#1184);
#837=LINE('',#6461,#1185);
#838=LINE('',#6465,#1186);
#839=LINE('',#6467,#1187);
#840=LINE('',#6468,#1188);
#841=LINE('',#6471,#1189);
#842=LINE('',#6473,#1190);
#843=LINE('',#6475,#1191);
#844=LINE('',#6476,#1192);
#845=LINE('',#6481,#1193);
#846=LINE('',#6485,#1194);
#847=LINE('',#6490,#1195);
#848=LINE('',#6494,#1196);
#849=LINE('',#6499,#1197);
#850=LINE('',#6501,#1198);
#851=LINE('',#6506,#1199);
#852=LINE('',#6508,#1200);
#853=LINE('',#6512,#1201);
#854=LINE('',#6514,#1202);
#855=LINE('',#6515,#1203);
#856=LINE('',#6518,#1204);
#857=LINE('',#6520,#1205);
#858=LINE('',#6522,#1206);
#859=LINE('',#6523,#1207);
#860=LINE('',#6527,#1208);
#861=LINE('',#6529,#1209);
#862=LINE('',#6530,#1210);
#863=LINE('',#6532,#1211);
#864=LINE('',#6535,#1212);
#865=LINE('',#6536,#1213);
#866=LINE('',#6538,#1214);
#867=LINE('',#6541,#1215);
#868=LINE('',#6542,#1216);
#869=LINE('',#6545,#1217);
#870=LINE('',#6546,#1218);
#871=LINE('',#6549,#1219);
#872=LINE('',#6550,#1220);
#873=LINE('',#6552,#1221);
#874=LINE('',#6558,#1222);
#875=LINE('',#6561,#1223);
#876=LINE('',#6564,#1224);
#877=LINE('',#6568,#1225);
#878=LINE('',#6572,#1226);
#879=LINE('',#6576,#1227);
#880=LINE('',#6580,#1228);
#881=LINE('',#6585,#1229);
#882=LINE('',#6588,#1230);
#883=LINE('',#6591,#1231);
#884=LINE('',#6592,#1232);
#885=LINE('',#6595,#1233);
#886=LINE('',#6598,#1234);
#887=LINE('',#6601,#1235);
#888=LINE('',#6602,#1236);
#889=LINE('',#6608,#1237);
#890=LINE('',#6611,#1238);
#891=LINE('',#6614,#1239);
#892=LINE('',#6618,#1240);
#893=LINE('',#6620,#1241);
#894=LINE('',#6624,#1242);
#895=LINE('',#6627,#1243);
#896=LINE('',#6631,#1244);
#897=LINE('',#6634,#1245);
#898=LINE('',#6638,#1246);
#899=LINE('',#6642,#1247);
#900=LINE('',#6643,#1248);
#901=LINE('',#6646,#1249);
#902=LINE('',#6647,#1250);
#903=LINE('',#6651,#1251);
#904=LINE('',#6654,#1252);
#905=LINE('',#6657,#1253);
#906=LINE('',#6660,#1254);
#907=LINE('',#6662,#1255);
#908=LINE('',#6664,#1256);
#909=LINE('',#6665,#1257);
#910=LINE('',#6666,#1258);
#911=LINE('',#6669,#1259);
#912=LINE('',#6670,#1260);
#913=LINE('',#6673,#1261);
#914=LINE('',#6676,#1262);
#915=LINE('',#6679,#1263);
#916=LINE('',#6682,#1264);
#917=LINE('',#6683,#1265);
#918=LINE('',#6685,#1266);
#919=LINE('',#6686,#1267);
#920=LINE('',#6689,#1268);
#921=LINE('',#6691,#1269);
#922=LINE('',#6693,#1270);
#923=LINE('',#6694,#1271);
#924=LINE('',#6707,#1272);
#925=LINE('',#6711,#1273);
#926=LINE('',#6724,#1274);
#927=LINE('',#6726,#1275);
#928=LINE('',#6727,#1276);
#929=LINE('',#6731,#1277);
#930=LINE('',#6734,#1278);
#931=LINE('',#6737,#1279);
#932=LINE('',#6741,#1280);
#933=LINE('',#6742,#1281);
#934=LINE('',#6744,#1282);
#935=LINE('',#6747,#1283);
#936=VECTOR('',#3878,0.393700787401575);
#937=VECTOR('',#3879,0.393700787401575);
#938=VECTOR('',#3880,0.393700787401575);
#939=VECTOR('',#3881,0.393700787401575);
#940=VECTOR('',#3882,0.393700787401575);
#941=VECTOR('',#3883,0.393700787401575);
#942=VECTOR('',#3884,0.393700787401575);
#943=VECTOR('',#3887,0.393700787401575);
#944=VECTOR('',#3888,0.393700787401575);
#945=VECTOR('',#3891,0.393700787401575);
#946=VECTOR('',#3892,0.393700787401575);
#947=VECTOR('',#3893,0.393700787401575);
#948=VECTOR('',#3894,0.393700787401575);
#949=VECTOR('',#3895,0.393700787401575);
#950=VECTOR('',#3896,0.393700787401575);
#951=VECTOR('',#3897,0.393700787401575);
#952=VECTOR('',#3898,0.393700787401575);
#953=VECTOR('',#3899,0.393700787401575);
#954=VECTOR('',#3900,0.393700787401575);
#955=VECTOR('',#3901,0.393700787401575);
#956=VECTOR('',#3902,0.393700787401575);
#957=VECTOR('',#3903,0.393700787401575);
#958=VECTOR('',#3904,0.393700787401575);
#959=VECTOR('',#3905,0.393700787401575);
#960=VECTOR('',#3906,0.393700787401575);
#961=VECTOR('',#3909,0.393700787401575);
#962=VECTOR('',#3910,0.393700787401575);
#963=VECTOR('',#3913,0.393700787401575);
#964=VECTOR('',#3914,0.393700787401575);
#965=VECTOR('',#3917,0.393700787401575);
#966=VECTOR('',#3918,0.393700787401575);
#967=VECTOR('',#3919,0.393700787401575);
#968=VECTOR('',#3920,0.393700787401575);
#969=VECTOR('',#3921,0.393700787401575);
#970=VECTOR('',#3922,0.393700787401575);
#971=VECTOR('',#3923,0.393700787401575);
#972=VECTOR('',#3924,0.393700787401575);
#973=VECTOR('',#3925,0.393700787401575);
#974=VECTOR('',#3926,0.393700787401575);
#975=VECTOR('',#3929,0.393700787401575);
#976=VECTOR('',#3930,0.393700787401575);
#977=VECTOR('',#3931,0.393700787401575);
#978=VECTOR('',#3934,0.393700787401575);
#979=VECTOR('',#3935,0.393700787401575);
#980=VECTOR('',#3938,0.393700787401575);
#981=VECTOR('',#3939,0.393700787401575);
#982=VECTOR('',#3940,0.393700787401575);
#983=VECTOR('',#3941,0.393700787401575);
#984=VECTOR('',#3944,0.393700787401575);
#985=VECTOR('',#3945,0.393700787401575);
#986=VECTOR('',#3948,0.393700787401575);
#987=VECTOR('',#3949,0.393700787401575);
#988=VECTOR('',#3952,0.393700787401575);
#989=VECTOR('',#3953,0.393700787401575);
#990=VECTOR('',#3954,0.393700787401575);
#991=VECTOR('',#3955,0.393700787401575);
#992=VECTOR('',#3956,0.393700787401575);
#993=VECTOR('',#3959,0.393700787401575);
#994=VECTOR('',#3960,0.393700787401575);
#995=VECTOR('',#3961,0.393700787401575);
#996=VECTOR('',#3964,0.393700787401575);
#997=VECTOR('',#3965,0.393700787401575);
#998=VECTOR('',#3966,0.393700787401575);
#999=VECTOR('',#3969,0.393700787401575);
#1000=VECTOR('',#3970,0.393700787401575);
#1001=VECTOR('',#3971,0.393700787401575);
#1002=VECTOR('',#3974,0.393700787401575);
#1003=VECTOR('',#3975,0.393700787401575);
#1004=VECTOR('',#3976,0.393700787401575);
#1005=VECTOR('',#3979,0.393700787401575);
#1006=VECTOR('',#3980,0.393700787401575);
#1007=VECTOR('',#3981,0.393700787401575);
#1008=VECTOR('',#3984,0.393700787401575);
#1009=VECTOR('',#3985,0.393700787401575);
#1010=VECTOR('',#3986,0.393700787401575);
#1011=VECTOR('',#3989,0.393700787401575);
#1012=VECTOR('',#3990,0.393700787401575);
#1013=VECTOR('',#3991,0.393700787401575);
#1014=VECTOR('',#3994,0.393700787401575);
#1015=VECTOR('',#3995,0.393700787401575);
#1016=VECTOR('',#3996,0.393700787401575);
#1017=VECTOR('',#3997,0.393700787401575);
#1018=VECTOR('',#4000,0.393700787401575);
#1019=VECTOR('',#4001,0.393700787401575);
#1020=VECTOR('',#4002,0.393700787401575);
#1021=VECTOR('',#4005,0.393700787401575);
#1022=VECTOR('',#4006,0.393700787401575);
#1023=VECTOR('',#4007,0.393700787401575);
#1024=VECTOR('',#4008,0.393700787401575);
#1025=VECTOR('',#4009,0.393700787401575);
#1026=VECTOR('',#4010,0.393700787401575);
#1027=VECTOR('',#4013,0.393700787401575);
#1028=VECTOR('',#4014,0.393700787401575);
#1029=VECTOR('',#4015,0.393700787401575);
#1030=VECTOR('',#4018,0.393700787401575);
#1031=VECTOR('',#4019,0.393700787401575);
#1032=VECTOR('',#4020,0.393700787401575);
#1033=VECTOR('',#4023,0.393700787401575);
#1034=VECTOR('',#4024,0.393700787401575);
#1035=VECTOR('',#4029,0.393700787401575);
#1036=VECTOR('',#4030,0.393700787401575);
#1037=VECTOR('',#4031,0.393700787401575);
#1038=VECTOR('',#4032,0.393700787401575);
#1039=VECTOR('',#4033,0.393700787401575);
#1040=VECTOR('',#4034,0.393700787401575);
#1041=VECTOR('',#4035,0.393700787401575);
#1042=VECTOR('',#4036,0.393700787401575);
#1043=VECTOR('',#4037,0.393700787401575);
#1044=VECTOR('',#4038,0.393700787401575);
#1045=VECTOR('',#4039,0.393700787401575);
#1046=VECTOR('',#4040,0.393700787401575);
#1047=VECTOR('',#4041,0.393700787401575);
#1048=VECTOR('',#4042,0.393700787401575);
#1049=VECTOR('',#4045,0.393700787401575);
#1050=VECTOR('',#4046,0.393700787401575);
#1051=VECTOR('',#4047,0.393700787401575);
#1052=VECTOR('',#4048,0.393700787401575);
#1053=VECTOR('',#4051,0.393700787401575);
#1054=VECTOR('',#4052,0.393700787401575);
#1055=VECTOR('',#4053,0.393700787401575);
#1056=VECTOR('',#4056,0.393700787401575);
#1057=VECTOR('',#4057,0.393700787401575);
#1058=VECTOR('',#4058,0.393700787401575);
#1059=VECTOR('',#4061,0.393700787401575);
#1060=VECTOR('',#4062,0.393700787401575);
#1061=VECTOR('',#4067,0.393700787401575);
#1062=VECTOR('',#4068,0.393700787401575);
#1063=VECTOR('',#4069,0.393700787401575);
#1064=VECTOR('',#4070,0.393700787401575);
#1065=VECTOR('',#4073,0.393700787401575);
#1066=VECTOR('',#4074,0.393700787401575);
#1067=VECTOR('',#4075,0.393700787401575);
#1068=VECTOR('',#4078,0.393700787401575);
#1069=VECTOR('',#4079,0.393700787401575);
#1070=VECTOR('',#4082,0.393700787401575);
#1071=VECTOR('',#4083,0.393700787401575);
#1072=VECTOR('',#4086,0.393700787401575);
#1073=VECTOR('',#4089,0.393700787401575);
#1074=VECTOR('',#4090,0.393700787401575);
#1075=VECTOR('',#4091,0.393700787401575);
#1076=VECTOR('',#4092,0.393700787401575);
#1077=VECTOR('',#4095,0.393700787401575);
#1078=VECTOR('',#4096,0.393700787401575);
#1079=VECTOR('',#4097,0.393700787401575);
#1080=VECTOR('',#4098,0.393700787401575);
#1081=VECTOR('',#4099,0.393700787401575);
#1082=VECTOR('',#4100,0.393700787401575);
#1083=VECTOR('',#4103,0.393700787401575);
#1084=VECTOR('',#4104,0.393700787401575);
#1085=VECTOR('',#4105,0.393700787401575);
#1086=VECTOR('',#4108,0.393700787401575);
#1087=VECTOR('',#4109,0.393700787401575);
#1088=VECTOR('',#4110,0.393700787401575);
#1089=VECTOR('',#4113,0.393700787401575);
#1090=VECTOR('',#4114,0.393700787401575);
#1091=VECTOR('',#4115,0.393700787401575);
#1092=VECTOR('',#4118,0.393700787401575);
#1093=VECTOR('',#4119,0.393700787401575);
#1094=VECTOR('',#4120,0.393700787401575);
#1095=VECTOR('',#4123,0.393700787401575);
#1096=VECTOR('',#4124,0.393700787401575);
#1097=VECTOR('',#4125,0.393700787401575);
#1098=VECTOR('',#4126,0.393700787401575);
#1099=VECTOR('',#4127,0.393700787401575);
#1100=VECTOR('',#4128,0.393700787401575);
#1101=VECTOR('',#4131,0.393700787401575);
#1102=VECTOR('',#4132,0.393700787401575);
#1103=VECTOR('',#4137,0.393700787401575);
#1104=VECTOR('',#4138,0.393700787401575);
#1105=VECTOR('',#4139,0.393700787401575);
#1106=VECTOR('',#4140,0.393700787401575);
#1107=VECTOR('',#4141,0.393700787401575);
#1108=VECTOR('',#4142,0.393700787401575);
#1109=VECTOR('',#4143,0.393700787401575);
#1110=VECTOR('',#4144,0.393700787401575);
#1111=VECTOR('',#4145,0.393700787401575);
#1112=VECTOR('',#4146,0.393700787401575);
#1113=VECTOR('',#4147,0.393700787401575);
#1114=VECTOR('',#4148,0.393700787401575);
#1115=VECTOR('',#4149,0.393700787401575);
#1116=VECTOR('',#4152,0.393700787401575);
#1117=VECTOR('',#4153,0.393700787401575);
#1118=VECTOR('',#4154,0.393700787401575);
#1119=VECTOR('',#4157,0.393700787401575);
#1120=VECTOR('',#4158,0.393700787401575);
#1121=VECTOR('',#4161,0.393700787401575);
#1122=VECTOR('',#4162,0.393700787401575);
#1123=VECTOR('',#4165,0.393700787401575);
#1124=VECTOR('',#4166,0.393700787401575);
#1125=VECTOR('',#4169,0.393700787401575);
#1126=VECTOR('',#4170,0.393700787401575);
#1127=VECTOR('',#4173,0.393700787401575);
#1128=VECTOR('',#4174,0.393700787401575);
#1129=VECTOR('',#4175,0.393700787401575);
#1130=VECTOR('',#4176,0.393700787401575);
#1131=VECTOR('',#4179,0.393700787401575);
#1132=VECTOR('',#4180,0.393700787401575);
#1133=VECTOR('',#4183,0.393700787401575);
#1134=VECTOR('',#4184,0.393700787401575);
#1135=VECTOR('',#4187,0.393700787401575);
#1136=VECTOR('',#4188,0.393700787401575);
#1137=VECTOR('',#4191,0.393700787401575);
#1138=VECTOR('',#4192,0.393700787401575);
#1139=VECTOR('',#4195,0.393700787401575);
#1140=VECTOR('',#4196,0.393700787401575);
#1141=VECTOR('',#4199,0.393700787401575);
#1142=VECTOR('',#4200,0.393700787401575);
#1143=VECTOR('',#4201,0.393700787401575);
#1144=VECTOR('',#4202,0.393700787401575);
#1145=VECTOR('',#4205,0.393700787401575);
#1146=VECTOR('',#4206,0.393700787401575);
#1147=VECTOR('',#4207,0.393700787401575);
#1148=VECTOR('',#4208,0.393700787401575);
#1149=VECTOR('',#4209,0.393700787401575);
#1150=VECTOR('',#4210,0.393700787401575);
#1151=VECTOR('',#4213,0.393700787401575);
#1152=VECTOR('',#4214,0.393700787401575);
#1153=VECTOR('',#4215,0.393700787401575);
#1154=VECTOR('',#4218,0.393700787401575);
#1155=VECTOR('',#4219,0.393700787401575);
#1156=VECTOR('',#4220,0.393700787401575);
#1157=VECTOR('',#4221,0.393700787401575);
#1158=VECTOR('',#4222,0.393700787401575);
#1159=VECTOR('',#4223,0.393700787401575);
#1160=VECTOR('',#4224,0.393700787401575);
#1161=VECTOR('',#4225,0.393700787401575);
#1162=VECTOR('',#4228,0.393700787401575);
#1163=VECTOR('',#4229,0.393700787401575);
#1164=VECTOR('',#4230,0.393700787401575);
#1165=VECTOR('',#4233,0.393700787401575);
#1166=VECTOR('',#4234,0.393700787401575);
#1167=VECTOR('',#4235,0.393700787401575);
#1168=VECTOR('',#4236,0.393700787401575);
#1169=VECTOR('',#4237,0.393700787401575);
#1170=VECTOR('',#4238,0.393700787401575);
#1171=VECTOR('',#4239,0.393700787401575);
#1172=VECTOR('',#4242,0.393700787401575);
#1173=VECTOR('',#4243,0.393700787401575);
#1174=VECTOR('',#4250,0.393700787401575);
#1175=VECTOR('',#4251,0.393700787401575);
#1176=VECTOR('',#4252,0.393700787401575);
#1177=VECTOR('',#4253,0.393700787401575);
#1178=VECTOR('',#4258,0.393700787401575);
#1179=VECTOR('',#4261,0.393700787401575);
#1180=VECTOR('',#4266,0.393700787401575);
#1181=VECTOR('',#4269,0.393700787401575);
#1182=VECTOR('',#4274,0.393700787401575);
#1183=VECTOR('',#4277,0.393700787401575);
#1184=VECTOR('',#4282,0.393700787401575);
#1185=VECTOR('',#4285,0.393700787401575);
#1186=VECTOR('',#4290,0.393700787401575);
#1187=VECTOR('',#4291,0.393700787401575);
#1188=VECTOR('',#4292,0.393700787401575);
#1189=VECTOR('',#4295,0.393700787401575);
#1190=VECTOR('',#4296,0.393700787401575);
#1191=VECTOR('',#4297,0.393700787401575);
#1192=VECTOR('',#4298,0.393700787401575);
#1193=VECTOR('',#4303,0.393700787401575);
#1194=VECTOR('',#4306,0.393700787401575);
#1195=VECTOR('',#4311,0.393700787401575);
#1196=VECTOR('',#4314,0.393700787401575);
#1197=VECTOR('',#4319,0.393700787401575);
#1198=VECTOR('',#4322,0.393700787401575);
#1199=VECTOR('',#4327,0.393700787401575);
#1200=VECTOR('',#4330,0.393700787401575);
#1201=VECTOR('',#4335,0.393700787401575);
#1202=VECTOR('',#4336,0.393700787401575);
#1203=VECTOR('',#4337,0.393700787401575);
#1204=VECTOR('',#4340,0.393700787401575);
#1205=VECTOR('',#4341,0.393700787401575);
#1206=VECTOR('',#4342,0.393700787401575);
#1207=VECTOR('',#4343,0.393700787401575);
#1208=VECTOR('',#4348,0.393700787401575);
#1209=VECTOR('',#4349,0.393700787401575);
#1210=VECTOR('',#4350,0.393700787401575);
#1211=VECTOR('',#4353,0.393700787401575);
#1212=VECTOR('',#4356,0.393700787401575);
#1213=VECTOR('',#4357,0.393700787401575);
#1214=VECTOR('',#4360,0.393700787401575);
#1215=VECTOR('',#4363,0.393700787401575);
#1216=VECTOR('',#4364,0.393700787401575);
#1217=VECTOR('',#4367,0.393700787401575);
#1218=VECTOR('',#4368,0.393700787401575);
#1219=VECTOR('',#4371,0.393700787401575);
#1220=VECTOR('',#4372,0.393700787401575);
#1221=VECTOR('',#4375,0.393700787401575);
#1222=VECTOR('',#4380,0.393700787401575);
#1223=VECTOR('',#4383,0.393700787401575);
#1224=VECTOR('',#4386,0.393700787401575);
#1225=VECTOR('',#4389,0.393700787401575);
#1226=VECTOR('',#4392,0.393700787401575);
#1227=VECTOR('',#4395,0.393700787401575);
#1228=VECTOR('',#4398,0.393700787401575);
#1229=VECTOR('',#4403,0.393700787401575);
#1230=VECTOR('',#4406,0.393700787401575);
#1231=VECTOR('',#4409,0.393700787401575);
#1232=VECTOR('',#4410,0.393700787401575);
#1233=VECTOR('',#4413,0.393700787401575);
#1234=VECTOR('',#4416,0.393700787401575);
#1235=VECTOR('',#4419,0.393700787401575);
#1236=VECTOR('',#4420,0.393700787401575);
#1237=VECTOR('',#4425,0.393700787401575);
#1238=VECTOR('',#4428,0.393700787401575);
#1239=VECTOR('',#4431,0.393700787401575);
#1240=VECTOR('',#4434,0.393700787401575);
#1241=VECTOR('',#4435,0.393700787401575);
#1242=VECTOR('',#4438,0.393700787401575);
#1243=VECTOR('',#4441,0.393700787401575);
#1244=VECTOR('',#4444,0.393700787401575);
#1245=VECTOR('',#4447,0.393700787401575);
#1246=VECTOR('',#4450,0.393700787401575);
#1247=VECTOR('',#4453,0.393700787401575);
#1248=VECTOR('',#4454,0.393700787401575);
#1249=VECTOR('',#4457,0.393700787401575);
#1250=VECTOR('',#4458,0.393700787401575);
#1251=VECTOR('',#4463,0.393700787401575);
#1252=VECTOR('',#4466,0.393700787401575);
#1253=VECTOR('',#4469,0.393700787401575);
#1254=VECTOR('',#4472,0.393700787401575);
#1255=VECTOR('',#4473,0.393700787401575);
#1256=VECTOR('',#4474,0.393700787401575);
#1257=VECTOR('',#4475,0.393700787401575);
#1258=VECTOR('',#4476,0.393700787401575);
#1259=VECTOR('',#4481,0.393700787401575);
#1260=VECTOR('',#4482,0.393700787401575);
#1261=VECTOR('',#4487,0.393700787401575);
#1262=VECTOR('',#4490,0.393700787401575);
#1263=VECTOR('',#4493,0.393700787401575);
#1264=VECTOR('',#4496,0.393700787401575);
#1265=VECTOR('',#4497,0.393700787401575);
#1266=VECTOR('',#4500,0.393700787401575);
#1267=VECTOR('',#4501,0.393700787401575);
#1268=VECTOR('',#4504,0.393700787401575);
#1269=VECTOR('',#4505,0.393700787401575);
#1270=VECTOR('',#4506,0.393700787401575);
#1271=VECTOR('',#4507,0.393700787401575);
#1272=VECTOR('',#4526,0.393700787401575);
#1273=VECTOR('',#4531,0.393700787401575);
#1274=VECTOR('',#4550,0.393700787401575);
#1275=VECTOR('',#4553,0.393700787401575);
#1276=VECTOR('',#4554,0.393700787401575);
#1277=VECTOR('',#4559,0.393700787401575);
#1278=VECTOR('',#4564,0.393700787401575);
#1279=VECTOR('',#4569,0.393700787401575);
#1280=VECTOR('',#4574,0.393700787401575);
#1281=VECTOR('',#4575,0.393700787401575);
#1282=VECTOR('',#4578,0.393700787401575);
#1283=VECTOR('',#4583,0.393700787401575);
#1284=B_SPLINE_CURVE_WITH_KNOTS('',3,(#4594,#4595,#4596,#4597,#4598,#4599,
#4600),.UNSPECIFIED.,.F.,.F.,(4,3,4),(-0.0183979469888021,-0.00919897349440105,
0.),.UNSPECIFIED.);
#1285=B_SPLINE_CURVE_WITH_KNOTS('',3,(#4602,#4603,#4604,#4605,#4606,#4607,
#4608),.UNSPECIFIED.,.F.,.F.,(4,3,4),(-0.0185454610230753,-0.00927273051153767,
0.),.UNSPECIFIED.);
#1286=B_SPLINE_CURVE_WITH_KNOTS('',3,(#4610,#4611,#4612,#4613,#4614,#4615,
#4616,#4617,#4618,#4619),.UNSPECIFIED.,.F.,.F.,(4,2,2,2,4),(-0.0573980705701305,
-0.0388344550505387,-0.022456420312601,-0.0115718490092233,0.),
 .UNSPECIFIED.);
#1287=B_SPLINE_CURVE_WITH_KNOTS('',3,(#4621,#4622,#4623,#4624,#4625,#4626,
#4627),.UNSPECIFIED.,.F.,.F.,(4,3,4),(-0.0157645752551575,-0.00788228762757873,
0.),.UNSPECIFIED.);
#1288=B_SPLINE_CURVE_WITH_KNOTS('',3,(#4629,#4630,#4631,#4632,#4633,#4634,
#4635),.UNSPECIFIED.,.F.,.F.,(4,3,4),(-0.0224508878938548,-0.0112254439469274,
0.),.UNSPECIFIED.);
#1289=B_SPLINE_CURVE_WITH_KNOTS('',3,(#4637,#4638,#4639,#4640,#4641,#4642,
#4643),.UNSPECIFIED.,.F.,.F.,(4,3,4),(-0.0170031928761711,-0.00850159643808557,
0.),.UNSPECIFIED.);
#1290=B_SPLINE_CURVE_WITH_KNOTS('',3,(#4645,#4646,#4647,#4648,#4649,#4650,
#4651),.UNSPECIFIED.,.F.,.F.,(4,3,4),(-0.0232246346457608,-0.0116123173228804,
0.),.UNSPECIFIED.);
#1291=B_SPLINE_CURVE_WITH_KNOTS('',3,(#4657,#4658,#4659,#4660,#4661,#4662,
#4663),.UNSPECIFIED.,.F.,.F.,(4,3,4),(-0.0244594834742211,-0.0122297417371105,
0.),.UNSPECIFIED.);
#1292=B_SPLINE_CURVE_WITH_KNOTS('',3,(#4665,#4666,#4667,#4668,#4669,#4670,
#4671),.UNSPECIFIED.,.F.,.F.,(4,3,4),(-0.0369225439135502,-0.0184612719567751,
0.),.UNSPECIFIED.);
#1293=B_SPLINE_CURVE_WITH_KNOTS('',3,(#4673,#4674,#4675,#4676,#4677,#4678,
#4679),.UNSPECIFIED.,.F.,.F.,(4,3,4),(-0.0250867314280257,-0.0125433657140128,
0.),.UNSPECIFIED.);
#1294=B_SPLINE_CURVE_WITH_KNOTS('',3,(#4681,#4682,#4683,#4684,#4685,#4686,
#4687),.UNSPECIFIED.,.F.,.F.,(4,3,4),(-0.010240981515971,-0.0051204907579855,
0.),.UNSPECIFIED.);
#1295=B_SPLINE_CURVE_WITH_KNOTS('',3,(#4689,#4690,#4691,#4692,#4693,#4694,
#4695),.UNSPECIFIED.,.F.,.F.,(4,3,4),(-0.0131896431593877,-0.00659482157969386,
0.),.UNSPECIFIED.);
#1296=B_SPLINE_CURVE_WITH_KNOTS('',3,(#4697,#4698,#4699,#4700,#4701,#4702,
#4703),.UNSPECIFIED.,.F.,.F.,(4,3,4),(-0.00916748385107706,-0.00458374192553853,
0.),.UNSPECIFIED.);
#1297=B_SPLINE_CURVE_WITH_KNOTS('',3,(#4705,#4706,#4707,#4708,#4709,#4710,
#4711),.UNSPECIFIED.,.F.,.F.,(4,3,4),(-0.0107266324654571,-0.00536331623272857,
0.),.UNSPECIFIED.);
#1298=B_SPLINE_CURVE_WITH_KNOTS('',3,(#4713,#4714,#4715,#4716,#4717,#4718,
#4719),.UNSPECIFIED.,.F.,.F.,(4,3,4),(-0.012625342097981,-0.00631267104899048,
0.),.UNSPECIFIED.);
#1299=B_SPLINE_CURVE_WITH_KNOTS('',3,(#4721,#4722,#4723,#4724,#4725,#4726,
#4727),.UNSPECIFIED.,.F.,.F.,(4,3,4),(-0.0125094634639656,-0.00625473173198279,
0.),.UNSPECIFIED.);
#1300=B_SPLINE_CURVE_WITH_KNOTS('',3,(#4732,#4733,#4734,#4735,#4736,#4737,
#4738),.UNSPECIFIED.,.F.,.F.,(4,3,4),(-0.0222768569123728,-0.0111384284561864,
0.),.UNSPECIFIED.);
#1301=B_SPLINE_CURVE_WITH_KNOTS('',2,(#4750,#4751,#4752,#4753),
 .UNSPECIFIED.,.F.,.F.,(3,1,3),(0.,1.,2.),.UNSPECIFIED.);
#1302=B_SPLINE_CURVE_WITH_KNOTS('',2,(#4765,#4766,#4767,#4768),
 .UNSPECIFIED.,.F.,.F.,(3,1,3),(0.,1.,2.),.UNSPECIFIED.);
#1303=B_SPLINE_CURVE_WITH_KNOTS('',2,(#4787,#4788,#4789,#4790),
 .UNSPECIFIED.,.F.,.F.,(3,1,3),(0.,1.,2.),.UNSPECIFIED.);
#1304=B_SPLINE_CURVE_WITH_KNOTS('',2,(#4801,#4802,#4803,#4804),
 .UNSPECIFIED.,.F.,.F.,(3,1,3),(0.,1.,2.),.UNSPECIFIED.);
#1305=B_SPLINE_CURVE_WITH_KNOTS('',2,(#4815,#4816,#4817,#4818),
 .UNSPECIFIED.,.F.,.F.,(3,1,3),(0.,1.,2.),.UNSPECIFIED.);
#1306=B_SPLINE_CURVE_WITH_KNOTS('',2,(#4829,#4830,#4831,#4832),
 .UNSPECIFIED.,.F.,.F.,(3,1,3),(0.,1.,2.),.UNSPECIFIED.);
#1307=B_SPLINE_CURVE_WITH_KNOTS('',2,(#4843,#4844,#4845,#4846),
 .UNSPECIFIED.,.F.,.F.,(3,1,3),(0.,1.,2.),.UNSPECIFIED.);
#1308=B_SPLINE_CURVE_WITH_KNOTS('',2,(#4857,#4858,#4859,#4860),
 .UNSPECIFIED.,.F.,.F.,(3,1,3),(0.,1.,2.),.UNSPECIFIED.);
#1309=B_SPLINE_CURVE_WITH_KNOTS('',2,(#4871,#4872,#4873,#4874),
 .UNSPECIFIED.,.F.,.F.,(3,1,3),(0.,1.,2.),.UNSPECIFIED.);
#1310=B_SPLINE_CURVE_WITH_KNOTS('',2,(#4884,#4885,#4886,#4887),
 .UNSPECIFIED.,.F.,.F.,(3,1,3),(0.,1.,2.),.UNSPECIFIED.);
#1311=B_SPLINE_CURVE_WITH_KNOTS('',2,(#4898,#4899,#4900,#4901),
 .UNSPECIFIED.,.F.,.F.,(3,1,3),(0.,1.,2.),.UNSPECIFIED.);
#1312=B_SPLINE_CURVE_WITH_KNOTS('',2,(#4912,#4913,#4914,#4915),
 .UNSPECIFIED.,.F.,.F.,(3,1,3),(0.,1.,2.),.UNSPECIFIED.);
#1313=B_SPLINE_CURVE_WITH_KNOTS('',2,(#4926,#4927,#4928,#4929),
 .UNSPECIFIED.,.F.,.F.,(3,1,3),(0.,1.,2.),.UNSPECIFIED.);
#1314=B_SPLINE_CURVE_WITH_KNOTS('',2,(#4940,#4941,#4942,#4943),
 .UNSPECIFIED.,.F.,.F.,(3,1,3),(0.,1.,2.),.UNSPECIFIED.);
#1315=B_SPLINE_CURVE_WITH_KNOTS('',2,(#4954,#4955,#4956,#4957),
 .UNSPECIFIED.,.F.,.F.,(3,1,3),(0.,1.,2.),.UNSPECIFIED.);
#1316=B_SPLINE_CURVE_WITH_KNOTS('',2,(#4968,#4969,#4970,#4971),
 .UNSPECIFIED.,.F.,.F.,(3,1,3),(0.,1.,2.),.UNSPECIFIED.);
#1317=B_SPLINE_CURVE_WITH_KNOTS('',2,(#4989,#4990,#4991,#4992),
 .UNSPECIFIED.,.F.,.F.,(3,1,3),(0.,1.,2.),.UNSPECIFIED.);
#1318=B_SPLINE_CURVE_WITH_KNOTS('',3,(#4996,#4997,#4998,#4999,#5000,#5001,
#5002),.UNSPECIFIED.,.F.,.F.,(4,3,4),(-0.0711326717886011,-0.0355663358943006,
0.),.UNSPECIFIED.);
#1319=B_SPLINE_CURVE_WITH_KNOTS('',3,(#5004,#5005,#5006,#5007,#5008,#5009,
#5010),.UNSPECIFIED.,.F.,.F.,(4,3,4),(-0.020553127487883,-0.0102765637439415,
0.),.UNSPECIFIED.);
#1320=B_SPLINE_CURVE_WITH_KNOTS('',3,(#5022,#5023,#5024,#5025,#5026,#5027,
#5028),.UNSPECIFIED.,.F.,.F.,(4,3,4),(-0.0171968446373463,-0.00859842231867313,
0.),.UNSPECIFIED.);
#1321=B_SPLINE_CURVE_WITH_KNOTS('',3,(#5029,#5030,#5031,#5032,#5033,#5034,
#5035),.UNSPECIFIED.,.F.,.F.,(4,3,4),(-0.0839486077983161,-0.0419743038991581,
0.),.UNSPECIFIED.);
#1322=B_SPLINE_CURVE_WITH_KNOTS('',3,(#5038,#5039,#5040,#5041,#5042,#5043,
#5044),.UNSPECIFIED.,.F.,.F.,(4,3,4),(-0.0178382782295569,-0.00891913911477847,
0.),.UNSPECIFIED.);
#1323=B_SPLINE_CURVE_WITH_KNOTS('',3,(#5046,#5047,#5048,#5049,#5050,#5051,
#5052),.UNSPECIFIED.,.F.,.F.,(4,3,4),(-0.0994404440403401,-0.0497202220201701,
0.),.UNSPECIFIED.);
#1324=B_SPLINE_CURVE_WITH_KNOTS('',3,(#5054,#5055,#5056,#5057,#5058,#5059,
#5060),.UNSPECIFIED.,.F.,.F.,(4,3,4),(-0.037303759268343,-0.0186518796341715,
0.),.UNSPECIFIED.);
#1325=B_SPLINE_CURVE_WITH_KNOTS('',3,(#5062,#5063,#5064,#5065,#5066,#5067,
#5068),.UNSPECIFIED.,.F.,.F.,(4,3,4),(-0.0126605917106123,-0.00633029585530613,
0.),.UNSPECIFIED.);
#1326=B_SPLINE_CURVE_WITH_KNOTS('',2,(#5081,#5082,#5083,#5084),
 .UNSPECIFIED.,.F.,.F.,(3,1,3),(0.,1.,2.),.UNSPECIFIED.);
#1327=B_SPLINE_CURVE_WITH_KNOTS('',2,(#5096,#5097,#5098,#5099),
 .UNSPECIFIED.,.F.,.F.,(3,1,3),(0.,1.,2.),.UNSPECIFIED.);
#1328=B_SPLINE_CURVE_WITH_KNOTS('',2,(#5110,#5111,#5112,#5113),
 .UNSPECIFIED.,.F.,.F.,(3,1,3),(0.,1.,2.),.UNSPECIFIED.);
#1329=B_SPLINE_CURVE_WITH_KNOTS('',2,(#5138,#5139,#5140,#5141),
 .UNSPECIFIED.,.F.,.F.,(3,1,3),(0.,1.,2.),.UNSPECIFIED.);
#1330=B_SPLINE_CURVE_WITH_KNOTS('',2,(#5152,#5153,#5154,#5155),
 .UNSPECIFIED.,.F.,.F.,(3,1,3),(0.,1.,2.),.UNSPECIFIED.);
#1331=B_SPLINE_CURVE_WITH_KNOTS('',2,(#5168,#5169,#5170,#5171),
 .UNSPECIFIED.,.F.,.F.,(3,1,3),(0.,1.,2.),.UNSPECIFIED.);
#1332=B_SPLINE_CURVE_WITH_KNOTS('',2,(#5189,#5190,#5191,#5192),
 .UNSPECIFIED.,.F.,.F.,(3,1,3),(0.,1.,2.),.UNSPECIFIED.);
#1333=B_SPLINE_CURVE_WITH_KNOTS('',2,(#5202,#5203,#5204,#5205),
 .UNSPECIFIED.,.F.,.F.,(3,1,3),(0.,1.,2.),.UNSPECIFIED.);
#1334=B_SPLINE_CURVE_WITH_KNOTS('',3,(#5216,#5217,#5218,#5219,#5220,#5221,
#5222),.UNSPECIFIED.,.F.,.F.,(4,3,4),(-0.0307062571304377,-0.0153531285652188,
0.),.UNSPECIFIED.);
#1335=B_SPLINE_CURVE_WITH_KNOTS('',2,(#5226,#5227,#5228,#5229),
 .UNSPECIFIED.,.F.,.F.,(3,1,3),(0.,1.,2.),.UNSPECIFIED.);
#1336=B_SPLINE_CURVE_WITH_KNOTS('',3,(#5288,#5289,#5290,#5291,#5292,#5293,
#5294),.UNSPECIFIED.,.F.,.F.,(4,3,4),(-0.0130344635755968,-0.00651723178779841,
0.),.UNSPECIFIED.);
#1337=B_SPLINE_CURVE_WITH_KNOTS('',2,(#5296,#5297,#5298,#5299),
 .UNSPECIFIED.,.F.,.F.,(3,1,3),(0.,1.,2.),.UNSPECIFIED.);
#1338=B_SPLINE_CURVE_WITH_KNOTS('',3,(#5322,#5323,#5324,#5325,#5326,#5327,
#5328),.UNSPECIFIED.,.F.,.F.,(4,3,4),(-0.0120441466800652,-0.00602207334003259,
0.),.UNSPECIFIED.);
#1339=B_SPLINE_CURVE_WITH_KNOTS('',2,(#5330,#5331,#5332,#5333),
 .UNSPECIFIED.,.F.,.F.,(3,1,3),(0.,1.,2.),.UNSPECIFIED.);
#1340=B_SPLINE_CURVE_WITH_KNOTS('',3,(#5344,#5345,#5346,#5347,#5348,#5349,
#5350),.UNSPECIFIED.,.F.,.F.,(4,3,4),(-0.0093520666506137,-0.00467603332530685,
0.),.UNSPECIFIED.);
#1341=B_SPLINE_CURVE_WITH_KNOTS('',2,(#5352,#5353,#5354,#5355),
 .UNSPECIFIED.,.F.,.F.,(3,1,3),(0.,1.,2.),.UNSPECIFIED.);
#1342=B_SPLINE_CURVE_WITH_KNOTS('',3,(#5366,#5367,#5368,#5369,#5370,#5371,
#5372),.UNSPECIFIED.,.F.,.F.,(4,3,4),(-0.0112491305305514,-0.00562456526527569,
0.),.UNSPECIFIED.);
#1343=B_SPLINE_CURVE_WITH_KNOTS('',2,(#5374,#5375,#5376,#5377),
 .UNSPECIFIED.,.F.,.F.,(3,1,3),(0.,1.,2.),.UNSPECIFIED.);
#1344=B_SPLINE_CURVE_WITH_KNOTS('',3,(#5398,#5399,#5400,#5401,#5402,#5403,
#5404),.UNSPECIFIED.,.F.,.F.,(4,3,4),(-0.0348886195045885,-0.0174443097522942,
0.),.UNSPECIFIED.);
#1345=B_SPLINE_CURVE_WITH_KNOTS('',3,(#5406,#5407,#5408,#5409,#5410,#5411,
#5412),.UNSPECIFIED.,.F.,.F.,(4,3,4),(-0.0413596197355223,-0.0206798098677612,
0.),.UNSPECIFIED.);
#1346=B_SPLINE_CURVE_WITH_KNOTS('',3,(#5414,#5415,#5416,#5417,#5418,#5419,
#5420),.UNSPECIFIED.,.F.,.F.,(4,3,4),(-0.0440235706731344,-0.0220117853365672,
0.),.UNSPECIFIED.);
#1347=B_SPLINE_CURVE_WITH_KNOTS('',3,(#5422,#5423,#5424,#5425,#5426,#5427,
#5428),.UNSPECIFIED.,.F.,.F.,(4,3,4),(-0.0471528536769944,-0.0235764268384972,
0.),.UNSPECIFIED.);
#1348=B_SPLINE_CURVE_WITH_KNOTS('',3,(#5430,#5431,#5432,#5433,#5434,#5435,
#5436,#5437),.UNSPECIFIED.,.F.,.F.,(4,2,2,4),(-0.0427406647696136,-0.031735969066253,
-0.0212027378885503,0.),.UNSPECIFIED.);
#1349=B_SPLINE_CURVE_WITH_KNOTS('',3,(#5439,#5440,#5441,#5442,#5443,#5444,
#5445),.UNSPECIFIED.,.F.,.F.,(4,3,4),(-0.0415966116781609,-0.0207983058390805,
0.),.UNSPECIFIED.);
#1350=B_SPLINE_CURVE_WITH_KNOTS('',3,(#5447,#5448,#5449,#5450,#5451,#5452,
#5453),.UNSPECIFIED.,.F.,.F.,(4,3,4),(-0.0469099643835387,-0.0234549821917693,
0.),.UNSPECIFIED.);
#1351=B_SPLINE_CURVE_WITH_KNOTS('',3,(#5454,#5455,#5456,#5457,#5458,#5459,
#5460),.UNSPECIFIED.,.F.,.F.,(4,3,4),(-0.0388177741547293,-0.0194088870773647,
0.),.UNSPECIFIED.);
#1352=B_SPLINE_CURVE_WITH_KNOTS('',3,(#5463,#5464,#5465,#5466,#5467,#5468,
#5469),.UNSPECIFIED.,.F.,.F.,(4,3,4),(-0.0292150077289849,-0.0146075038644925,
0.),.UNSPECIFIED.);
#1353=B_SPLINE_CURVE_WITH_KNOTS('',3,(#5471,#5472,#5473,#5474,#5475,#5476,
#5477),.UNSPECIFIED.,.F.,.F.,(4,3,4),(-0.0736088581062451,-0.0368044290531226,
0.),.UNSPECIFIED.);
#1354=B_SPLINE_CURVE_WITH_KNOTS('',3,(#5479,#5480,#5481,#5482,#5483,#5484,
#5485),.UNSPECIFIED.,.F.,.F.,(4,3,4),(-0.0474196818644875,-0.0237098409322438,
0.),.UNSPECIFIED.);
#1355=B_SPLINE_CURVE_WITH_KNOTS('',3,(#5487,#5488,#5489,#5490,#5491,#5492,
#5493),.UNSPECIFIED.,.F.,.F.,(4,3,4),(-0.0598171513333588,-0.0299085756666794,
0.),.UNSPECIFIED.);
#1356=B_SPLINE_CURVE_WITH_KNOTS('',3,(#5495,#5496,#5497,#5498,#5499,#5500,
#5501),.UNSPECIFIED.,.F.,.F.,(4,3,4),(-0.0395754515533199,-0.0197877257766599,
0.),.UNSPECIFIED.);
#1357=B_SPLINE_CURVE_WITH_KNOTS('',3,(#5502,#5503,#5504,#5505,#5506,#5507,
#5508),.UNSPECIFIED.,.F.,.F.,(4,3,4),(-0.0248378422645092,-0.0124189211322546,
0.),.UNSPECIFIED.);
#1358=B_SPLINE_CURVE_WITH_KNOTS('',2,(#5520,#5521,#5522,#5523),
 .UNSPECIFIED.,.F.,.F.,(3,1,3),(0.,1.,2.),.UNSPECIFIED.);
#1359=B_SPLINE_CURVE_WITH_KNOTS('',2,(#5535,#5536,#5537,#5538),
 .UNSPECIFIED.,.F.,.F.,(3,1,3),(0.,1.,2.),.UNSPECIFIED.);
#1360=B_SPLINE_CURVE_WITH_KNOTS('',2,(#5549,#5550,#5551,#5552),
 .UNSPECIFIED.,.F.,.F.,(3,1,3),(0.,1.,2.),.UNSPECIFIED.);
#1361=B_SPLINE_CURVE_WITH_KNOTS('',2,(#5564,#5565,#5566,#5567),
 .UNSPECIFIED.,.F.,.F.,(3,1,3),(0.,1.,2.),.UNSPECIFIED.);
#1362=B_SPLINE_CURVE_WITH_KNOTS('',2,(#5579,#5580,#5581,#5582),
 .UNSPECIFIED.,.F.,.F.,(3,1,3),(0.,1.,2.),.UNSPECIFIED.);
#1363=B_SPLINE_CURVE_WITH_KNOTS('',2,(#5593,#5594,#5595,#5596),
 .UNSPECIFIED.,.F.,.F.,(3,1,3),(0.,1.,2.),.UNSPECIFIED.);
#1364=B_SPLINE_CURVE_WITH_KNOTS('',2,(#5607,#5608,#5609,#5610),
 .UNSPECIFIED.,.F.,.F.,(3,1,3),(0.,1.,2.),.UNSPECIFIED.);
#1365=B_SPLINE_CURVE_WITH_KNOTS('',2,(#5621,#5622,#5623,#5624),
 .UNSPECIFIED.,.F.,.F.,(3,1,3),(0.,1.,2.),.UNSPECIFIED.);
#1366=B_SPLINE_CURVE_WITH_KNOTS('',2,(#5635,#5636,#5637,#5638),
 .UNSPECIFIED.,.F.,.F.,(3,1,3),(0.,1.,2.),.UNSPECIFIED.);
#1367=B_SPLINE_CURVE_WITH_KNOTS('',2,(#5647,#5648,#5649,#5650),
 .UNSPECIFIED.,.F.,.F.,(3,1,3),(0.,1.,2.),.UNSPECIFIED.);
#1368=B_SPLINE_CURVE_WITH_KNOTS('',2,(#5660,#5661,#5662,#5663),
 .UNSPECIFIED.,.F.,.F.,(3,1,3),(0.,1.,2.),.UNSPECIFIED.);
#1369=B_SPLINE_CURVE_WITH_KNOTS('',2,(#5674,#5675,#5676,#5677),
 .UNSPECIFIED.,.F.,.F.,(3,1,3),(0.,1.,2.),.UNSPECIFIED.);
#1370=B_SPLINE_CURVE_WITH_KNOTS('',2,(#5688,#5689,#5690,#5691),
 .UNSPECIFIED.,.F.,.F.,(3,1,3),(0.,1.,2.),.UNSPECIFIED.);
#1371=B_SPLINE_CURVE_WITH_KNOTS('',2,(#5701,#5702,#5703,#5704),
 .UNSPECIFIED.,.F.,.F.,(3,1,3),(0.,1.,2.),.UNSPECIFIED.);
#1372=B_SPLINE_CURVE_WITH_KNOTS('',3,(#5779,#5780,#5781,#5782,#5783,#5784,
#5785),.UNSPECIFIED.,.F.,.F.,(4,3,4),(-0.0205717796556322,-0.0102858898278161,
0.),.UNSPECIFIED.);
#1373=B_SPLINE_CURVE_WITH_KNOTS('',2,(#5788,#5789,#5790,#5791),
 .UNSPECIFIED.,.F.,.F.,(3,1,3),(0.,1.,2.),.UNSPECIFIED.);
#1374=B_SPLINE_CURVE_WITH_KNOTS('',3,(#5801,#5802,#5803,#5804,#5805,#5806,
#5807),.UNSPECIFIED.,.F.,.F.,(4,3,4),(-0.0155529656063935,-0.00777648280319675,
0.),.UNSPECIFIED.);
#1375=B_SPLINE_CURVE_WITH_KNOTS('',2,(#5810,#5811,#5812,#5813),
 .UNSPECIFIED.,.F.,.F.,(3,1,3),(0.,1.,2.),.UNSPECIFIED.);
#1376=B_SPLINE_CURVE_WITH_KNOTS('',3,(#5823,#5824,#5825,#5826,#5827,#5828,
#5829),.UNSPECIFIED.,.F.,.F.,(4,3,4),(-0.0214932054010914,-0.0107466027005457,
0.),.UNSPECIFIED.);
#1377=B_SPLINE_CURVE_WITH_KNOTS('',2,(#5832,#5833,#5834,#5835),
 .UNSPECIFIED.,.F.,.F.,(3,1,3),(0.,1.,2.),.UNSPECIFIED.);
#1378=B_SPLINE_CURVE_WITH_KNOTS('',3,(#5875,#5876,#5877,#5878,#5879,#5880,
#5881),.UNSPECIFIED.,.F.,.F.,(4,3,4),(-0.0218712877976359,-0.010935643898818,
0.),.UNSPECIFIED.);
#1379=B_SPLINE_CURVE_WITH_KNOTS('',2,(#5883,#5884,#5885,#5886),
 .UNSPECIFIED.,.F.,.F.,(3,1,3),(0.,1.,2.),.UNSPECIFIED.);
#1380=B_SPLINE_CURVE_WITH_KNOTS('',3,(#5897,#5898,#5899,#5900,#5901,#5902,
#5903),.UNSPECIFIED.,.F.,.F.,(4,3,4),(-0.0217924051474343,-0.0108962025737172,
0.),.UNSPECIFIED.);
#1381=B_SPLINE_CURVE_WITH_KNOTS('',2,(#5905,#5906,#5907,#5908),
 .UNSPECIFIED.,.F.,.F.,(3,1,3),(0.,1.,2.),.UNSPECIFIED.);
#1382=B_SPLINE_CURVE_WITH_KNOTS('',3,(#5919,#5920,#5921,#5922,#5923,#5924,
#5925),.UNSPECIFIED.,.F.,.F.,(4,3,4),(-0.014808777163747,-0.00740438858187351,
0.),.UNSPECIFIED.);
#1383=B_SPLINE_CURVE_WITH_KNOTS('',2,(#5927,#5928,#5929,#5930),
 .UNSPECIFIED.,.F.,.F.,(3,1,3),(0.,1.,2.),.UNSPECIFIED.);
#1384=B_SPLINE_CURVE_WITH_KNOTS('',3,(#5941,#5942,#5943,#5944,#5945,#5946,
#5947),.UNSPECIFIED.,.F.,.F.,(4,3,4),(-0.0103340089168135,-0.00516700445840674,
0.),.UNSPECIFIED.);
#1385=B_SPLINE_CURVE_WITH_KNOTS('',3,(#5949,#5950,#5951,#5952,#5953,#5954,
#5955),.UNSPECIFIED.,.F.,.F.,(4,3,4),(-0.0692603521556714,-0.0346301760778357,
0.),.UNSPECIFIED.);
#1386=B_SPLINE_CURVE_WITH_KNOTS('',3,(#5979,#5980,#5981,#5982,#5983,#5984,
#5985),.UNSPECIFIED.,.F.,.F.,(4,3,4),(-0.0248244508564755,-0.0124122254282377,
0.),.UNSPECIFIED.);
#1387=B_SPLINE_CURVE_WITH_KNOTS('',3,(#5987,#5988,#5989,#5990,#5991,#5992,
#5993),.UNSPECIFIED.,.F.,.F.,(4,3,4),(-0.00817586109066221,-0.00408793054533111,
0.),.UNSPECIFIED.);
#1388=B_SPLINE_CURVE_WITH_KNOTS('',2,(#6031,#6032,#6033,#6034),
 .UNSPECIFIED.,.F.,.F.,(3,1,3),(0.,1.,2.),.UNSPECIFIED.);
#1389=B_SPLINE_CURVE_WITH_KNOTS('',2,(#6045,#6046,#6047,#6048),
 .UNSPECIFIED.,.F.,.F.,(3,1,3),(0.,1.,2.),.UNSPECIFIED.);
#1390=B_SPLINE_CURVE_WITH_KNOTS('',2,(#6082,#6083,#6084,#6085),
 .UNSPECIFIED.,.F.,.F.,(3,1,3),(0.,1.,2.),.UNSPECIFIED.);
#1391=B_SPLINE_CURVE_WITH_KNOTS('',2,(#6096,#6097,#6098,#6099),
 .UNSPECIFIED.,.F.,.F.,(3,1,3),(0.,1.,2.),.UNSPECIFIED.);
#1392=B_SPLINE_CURVE_WITH_KNOTS('',3,(#6113,#6114,#6115,#6116,#6117,#6118,
#6119),.UNSPECIFIED.,.F.,.F.,(4,3,4),(-0.0707087300118806,-0.0353543650059403,
0.),.UNSPECIFIED.);
#1393=B_SPLINE_CURVE_WITH_KNOTS('',2,(#6123,#6124,#6125,#6126),
 .UNSPECIFIED.,.F.,.F.,(3,1,3),(0.,1.,2.),.UNSPECIFIED.);
#1394=B_SPLINE_CURVE_WITH_KNOTS('',3,(#6137,#6138,#6139,#6140,#6141,#6142,
#6143),.UNSPECIFIED.,.F.,.F.,(4,3,4),(-0.0968776798444666,-0.0484388399222333,
0.),.UNSPECIFIED.);
#1395=B_SPLINE_CURVE_WITH_KNOTS('',2,(#6146,#6147,#6148,#6149),
 .UNSPECIFIED.,.F.,.F.,(3,1,3),(0.,1.,2.),.UNSPECIFIED.);
#1396=B_SPLINE_CURVE_WITH_KNOTS('',3,(#6159,#6160,#6161,#6162,#6163,#6164,
#6165),.UNSPECIFIED.,.F.,.F.,(4,3,4),(-0.0220904442430484,-0.0110452221215242,
0.),.UNSPECIFIED.);
#1397=B_SPLINE_CURVE_WITH_KNOTS('',2,(#6168,#6169,#6170,#6171),
 .UNSPECIFIED.,.F.,.F.,(3,1,3),(0.,1.,2.),.UNSPECIFIED.);
#1398=B_SPLINE_CURVE_WITH_KNOTS('',3,(#6181,#6182,#6183,#6184,#6185,#6186,
#6187),.UNSPECIFIED.,.F.,.F.,(4,3,4),(-0.0243352692910392,-0.0121676346455196,
0.),.UNSPECIFIED.);
#1399=B_SPLINE_CURVE_WITH_KNOTS('',2,(#6190,#6191,#6192,#6193),
 .UNSPECIFIED.,.F.,.F.,(3,1,3),(0.,1.,2.),.UNSPECIFIED.);
#1400=B_SPLINE_CURVE_WITH_KNOTS('',3,(#6216,#6217,#6218,#6219,#6220,#6221,
#6222),.UNSPECIFIED.,.F.,.F.,(4,3,4),(-0.0322873194573333,-0.0161436597286666,
0.),.UNSPECIFIED.);
#1401=B_SPLINE_CURVE_WITH_KNOTS('',2,(#6226,#6227,#6228,#6229),
 .UNSPECIFIED.,.F.,.F.,(3,1,3),(0.,1.,2.),.UNSPECIFIED.);
#1402=B_SPLINE_CURVE_WITH_KNOTS('',3,(#6240,#6241,#6242,#6243,#6244,#6245,
#6246),.UNSPECIFIED.,.F.,.F.,(4,3,4),(-0.0149555947486679,-0.00747779737433393,
0.),.UNSPECIFIED.);
#1403=B_SPLINE_CURVE_WITH_KNOTS('',2,(#6248,#6249,#6250,#6251),
 .UNSPECIFIED.,.F.,.F.,(3,1,3),(0.,1.,2.),.UNSPECIFIED.);
#1404=B_SPLINE_CURVE_WITH_KNOTS('',3,(#6262,#6263,#6264,#6265,#6266,#6267,
#6268),.UNSPECIFIED.,.F.,.F.,(4,3,4),(-0.0107779426305995,-0.00538897131529973,
0.),.UNSPECIFIED.);
#1405=B_SPLINE_CURVE_WITH_KNOTS('',2,(#6270,#6271,#6272,#6273),
 .UNSPECIFIED.,.F.,.F.,(3,1,3),(0.,1.,2.),.UNSPECIFIED.);
#1406=B_SPLINE_CURVE_WITH_KNOTS('',3,(#6284,#6285,#6286,#6287,#6288,#6289,
#6290),.UNSPECIFIED.,.F.,.F.,(4,3,4),(-0.0101778468882991,-0.00508892344414955,
0.),.UNSPECIFIED.);
#1407=B_SPLINE_CURVE_WITH_KNOTS('',2,(#6292,#6293,#6294,#6295),
 .UNSPECIFIED.,.F.,.F.,(3,1,3),(0.,1.,2.),.UNSPECIFIED.);
#1408=B_SPLINE_CURVE_WITH_KNOTS('',3,(#6318,#6319,#6320,#6321,#6322,#6323,
#6324),.UNSPECIFIED.,.F.,.F.,(4,3,4),(-0.0103628608486208,-0.00518143042431038,
0.),.UNSPECIFIED.);
#1409=B_SPLINE_CURVE_WITH_KNOTS('',2,(#6326,#6327,#6328,#6329),
 .UNSPECIFIED.,.F.,.F.,(3,1,3),(0.,1.,2.),.UNSPECIFIED.);
#1410=B_SPLINE_CURVE_WITH_KNOTS('',3,(#6340,#6341,#6342,#6343,#6344,#6345,
#6346),.UNSPECIFIED.,.F.,.F.,(4,3,4),(-0.0129935460479898,-0.00649677302399489,
0.),.UNSPECIFIED.);
#1411=B_SPLINE_CURVE_WITH_KNOTS('',2,(#6348,#6349,#6350,#6351),
 .UNSPECIFIED.,.F.,.F.,(3,1,3),(0.,1.,2.),.UNSPECIFIED.);
#1412=B_SPLINE_CURVE_WITH_KNOTS('',3,(#6361,#6362,#6363,#6364,#6365,#6366,
#6367),.UNSPECIFIED.,.F.,.F.,(4,3,4),(-0.0752991087438677,-0.0376495543719339,
0.),.UNSPECIFIED.);
#1413=B_SPLINE_CURVE_WITH_KNOTS('',2,(#6368,#6369,#6370,#6371),
 .UNSPECIFIED.,.F.,.F.,(3,1,3),(0.,1.,2.),.UNSPECIFIED.);
#1414=B_SPLINE_CURVE_WITH_KNOTS('',3,(#6381,#6382,#6383,#6384,#6385,#6386,
#6387),.UNSPECIFIED.,.F.,.F.,(4,3,4),(-0.0241691866518255,-0.0120845933259127,
0.),.UNSPECIFIED.);
#1415=B_SPLINE_CURVE_WITH_KNOTS('',2,(#6389,#6390,#6391,#6392),
 .UNSPECIFIED.,.F.,.F.,(3,1,3),(0.,1.,2.),.UNSPECIFIED.);
#1416=B_SPLINE_CURVE_WITH_KNOTS('',3,(#6403,#6404,#6405,#6406,#6407,#6408,
#6409),.UNSPECIFIED.,.F.,.F.,(4,3,4),(-0.0331741088131215,-0.0165870544065607,
0.),.UNSPECIFIED.);
#1417=B_SPLINE_CURVE_WITH_KNOTS('',2,(#6411,#6412,#6413,#6414),
 .UNSPECIFIED.,.F.,.F.,(3,1,3),(0.,1.,2.),.UNSPECIFIED.);
#1418=VERTEX_POINT('',#4592);
#1419=VERTEX_POINT('',#4593);
#1420=VERTEX_POINT('',#4601);
#1421=VERTEX_POINT('',#4609);
#1422=VERTEX_POINT('',#4620);
#1423=VERTEX_POINT('',#4628);
#1424=VERTEX_POINT('',#4636);
#1425=VERTEX_POINT('',#4644);
#1426=VERTEX_POINT('',#4652);
#1427=VERTEX_POINT('',#4654);
#1428=VERTEX_POINT('',#4656);
#1429=VERTEX_POINT('',#4664);
#1430=VERTEX_POINT('',#4672);
#1431=VERTEX_POINT('',#4680);
#1432=VERTEX_POINT('',#4688);
#1433=VERTEX_POINT('',#4696);
#1434=VERTEX_POINT('',#4704);
#1435=VERTEX_POINT('',#4712);
#1436=VERTEX_POINT('',#4720);
#1437=VERTEX_POINT('',#4728);
#1438=VERTEX_POINT('',#4730);
#1439=VERTEX_POINT('',#4747);
#1440=VERTEX_POINT('',#4749);
#1441=VERTEX_POINT('',#4763);
#1442=VERTEX_POINT('',#4770);
#1443=VERTEX_POINT('',#4774);
#1444=VERTEX_POINT('',#4785);
#1445=VERTEX_POINT('',#4799);
#1446=VERTEX_POINT('',#4813);
#1447=VERTEX_POINT('',#4827);
#1448=VERTEX_POINT('',#4841);
#1449=VERTEX_POINT('',#4855);
#1450=VERTEX_POINT('',#4869);
#1451=VERTEX_POINT('',#4883);
#1452=VERTEX_POINT('',#4897);
#1453=VERTEX_POINT('',#4911);
#1454=VERTEX_POINT('',#4925);
#1455=VERTEX_POINT('',#4939);
#1456=VERTEX_POINT('',#4953);
#1457=VERTEX_POINT('',#4967);
#1458=VERTEX_POINT('',#4974);
#1459=VERTEX_POINT('',#4978);
#1460=VERTEX_POINT('',#4994);
#1461=VERTEX_POINT('',#4995);
#1462=VERTEX_POINT('',#5003);
#1463=VERTEX_POINT('',#5011);
#1464=VERTEX_POINT('',#5013);
#1465=VERTEX_POINT('',#5015);
#1466=VERTEX_POINT('',#5017);
#1467=VERTEX_POINT('',#5019);
#1468=VERTEX_POINT('',#5021);
#1469=VERTEX_POINT('',#5036);
#1470=VERTEX_POINT('',#5037);
#1471=VERTEX_POINT('',#5045);
#1472=VERTEX_POINT('',#5053);
#1473=VERTEX_POINT('',#5061);
#1474=VERTEX_POINT('',#5078);
#1475=VERTEX_POINT('',#5080);
#1476=VERTEX_POINT('',#5094);
#1477=VERTEX_POINT('',#5108);
#1478=VERTEX_POINT('',#5115);
#1479=VERTEX_POINT('',#5117);
#1480=VERTEX_POINT('',#5121);
#1481=VERTEX_POINT('',#5125);
#1482=VERTEX_POINT('',#5136);
#1483=VERTEX_POINT('',#5150);
#1484=VERTEX_POINT('',#5157);
#1485=VERTEX_POINT('',#5173);
#1486=VERTEX_POINT('',#5177);
#1487=VERTEX_POINT('',#5188);
#1488=VERTEX_POINT('',#5214);
#1489=VERTEX_POINT('',#5215);
#1490=VERTEX_POINT('',#5223);
#1491=VERTEX_POINT('',#5225);
#1492=VERTEX_POINT('',#5232);
#1493=VERTEX_POINT('',#5234);
#1494=VERTEX_POINT('',#5238);
#1495=VERTEX_POINT('',#5240);
#1496=VERTEX_POINT('',#5244);
#1497=VERTEX_POINT('',#5246);
#1498=VERTEX_POINT('',#5250);
#1499=VERTEX_POINT('',#5252);
#1500=VERTEX_POINT('',#5256);
#1501=VERTEX_POINT('',#5258);
#1502=VERTEX_POINT('',#5262);
#1503=VERTEX_POINT('',#5264);
#1504=VERTEX_POINT('',#5268);
#1505=VERTEX_POINT('',#5270);
#1506=VERTEX_POINT('',#5274);
#1507=VERTEX_POINT('',#5276);
#1508=VERTEX_POINT('',#5287);
#1509=VERTEX_POINT('',#5295);
#1510=VERTEX_POINT('',#5302);
#1511=VERTEX_POINT('',#5304);
#1512=VERTEX_POINT('',#5308);
#1513=VERTEX_POINT('',#5310);
#1514=VERTEX_POINT('',#5321);
#1515=VERTEX_POINT('',#5329);
#1516=VERTEX_POINT('',#5343);
#1517=VERTEX_POINT('',#5351);
#1518=VERTEX_POINT('',#5365);
#1519=VERTEX_POINT('',#5373);
#1520=VERTEX_POINT('',#5380);
#1521=VERTEX_POINT('',#5382);
#1522=VERTEX_POINT('',#5386);
#1523=VERTEX_POINT('',#5388);
#1524=VERTEX_POINT('',#5396);
#1525=VERTEX_POINT('',#5397);
#1526=VERTEX_POINT('',#5405);
#1527=VERTEX_POINT('',#5413);
#1528=VERTEX_POINT('',#5421);
#1529=VERTEX_POINT('',#5429);
#1530=VERTEX_POINT('',#5438);
#1531=VERTEX_POINT('',#5446);
#1532=VERTEX_POINT('',#5461);
#1533=VERTEX_POINT('',#5462);
#1534=VERTEX_POINT('',#5470);
#1535=VERTEX_POINT('',#5478);
#1536=VERTEX_POINT('',#5486);
#1537=VERTEX_POINT('',#5494);
#1538=VERTEX_POINT('',#5517);
#1539=VERTEX_POINT('',#5519);
#1540=VERTEX_POINT('',#5533);
#1541=VERTEX_POINT('',#5547);
#1542=VERTEX_POINT('',#5561);
#1543=VERTEX_POINT('',#5563);
#1544=VERTEX_POINT('',#5577);
#1545=VERTEX_POINT('',#5591);
#1546=VERTEX_POINT('',#5605);
#1547=VERTEX_POINT('',#5619);
#1548=VERTEX_POINT('',#5633);
#1549=VERTEX_POINT('',#5659);
#1550=VERTEX_POINT('',#5673);
#1551=VERTEX_POINT('',#5687);
#1552=VERTEX_POINT('',#5706);
#1553=VERTEX_POINT('',#5707);
#1554=VERTEX_POINT('',#5709);
#1555=VERTEX_POINT('',#5711);
#1556=VERTEX_POINT('',#5715);
#1557=VERTEX_POINT('',#5717);
#1558=VERTEX_POINT('',#5721);
#1559=VERTEX_POINT('',#5723);
#1560=VERTEX_POINT('',#5731);
#1561=VERTEX_POINT('',#5732);
#1562=VERTEX_POINT('',#5734);
#1563=VERTEX_POINT('',#5736);
#1564=VERTEX_POINT('',#5740);
#1565=VERTEX_POINT('',#5742);
#1566=VERTEX_POINT('',#5746);
#1567=VERTEX_POINT('',#5750);
#1568=VERTEX_POINT('',#5756);
#1569=VERTEX_POINT('',#5757);
#1570=VERTEX_POINT('',#5759);
#1571=VERTEX_POINT('',#5761);
#1572=VERTEX_POINT('',#5765);
#1573=VERTEX_POINT('',#5767);
#1574=VERTEX_POINT('',#5778);
#1575=VERTEX_POINT('',#5786);
#1576=VERTEX_POINT('',#5800);
#1577=VERTEX_POINT('',#5808);
#1578=VERTEX_POINT('',#5822);
#1579=VERTEX_POINT('',#5830);
#1580=VERTEX_POINT('',#5837);
#1581=VERTEX_POINT('',#5839);
#1582=VERTEX_POINT('',#5843);
#1583=VERTEX_POINT('',#5845);
#1584=VERTEX_POINT('',#5849);
#1585=VERTEX_POINT('',#5851);
#1586=VERTEX_POINT('',#5855);
#1587=VERTEX_POINT('',#5857);
#1588=VERTEX_POINT('',#5861);
#1589=VERTEX_POINT('',#5863);
#1590=VERTEX_POINT('',#5874);
#1591=VERTEX_POINT('',#5882);
#1592=VERTEX_POINT('',#5896);
#1593=VERTEX_POINT('',#5904);
#1594=VERTEX_POINT('',#5918);
#1595=VERTEX_POINT('',#5926);
#1596=VERTEX_POINT('',#5937);
#1597=VERTEX_POINT('',#5938);
#1598=VERTEX_POINT('',#5940);
#1599=VERTEX_POINT('',#5948);
#1600=VERTEX_POINT('',#5956);
#1601=VERTEX_POINT('',#5958);
#1602=VERTEX_POINT('',#5960);
#1603=VERTEX_POINT('',#5962);
#1604=VERTEX_POINT('',#5964);
#1605=VERTEX_POINT('',#5966);
#1606=VERTEX_POINT('',#5968);
#1607=VERTEX_POINT('',#5970);
#1608=VERTEX_POINT('',#5972);
#1609=VERTEX_POINT('',#5974);
#1610=VERTEX_POINT('',#5976);
#1611=VERTEX_POINT('',#5978);
#1612=VERTEX_POINT('',#5986);
#1613=VERTEX_POINT('',#5996);
#1614=VERTEX_POINT('',#5998);
#1615=VERTEX_POINT('',#6002);
#1616=VERTEX_POINT('',#6006);
#1617=VERTEX_POINT('',#6010);
#1618=VERTEX_POINT('',#6014);
#1619=VERTEX_POINT('',#6018);
#1620=VERTEX_POINT('',#6029);
#1621=VERTEX_POINT('',#6043);
#1622=VERTEX_POINT('',#6050);
#1623=VERTEX_POINT('',#6054);
#1624=VERTEX_POINT('',#6058);
#1625=VERTEX_POINT('',#6062);
#1626=VERTEX_POINT('',#6066);
#1627=VERTEX_POINT('',#6070);
#1628=VERTEX_POINT('',#6081);
#1629=VERTEX_POINT('',#6095);
#1630=VERTEX_POINT('',#6111);
#1631=VERTEX_POINT('',#6112);
#1632=VERTEX_POINT('',#6120);
#1633=VERTEX_POINT('',#6122);
#1634=VERTEX_POINT('',#6136);
#1635=VERTEX_POINT('',#6144);
#1636=VERTEX_POINT('',#6158);
#1637=VERTEX_POINT('',#6166);
#1638=VERTEX_POINT('',#6180);
#1639=VERTEX_POINT('',#6188);
#1640=VERTEX_POINT('',#6195);
#1641=VERTEX_POINT('',#6197);
#1642=VERTEX_POINT('',#6201);
#1643=VERTEX_POINT('',#6203);
#1644=VERTEX_POINT('',#6214);
#1645=VERTEX_POINT('',#6215);
#1646=VERTEX_POINT('',#6223);
#1647=VERTEX_POINT('',#6225);
#1648=VERTEX_POINT('',#6239);
#1649=VERTEX_POINT('',#6247);
#1650=VERTEX_POINT('',#6261);
#1651=VERTEX_POINT('',#6269);
#1652=VERTEX_POINT('',#6283);
#1653=VERTEX_POINT('',#6291);
#1654=VERTEX_POINT('',#6298);
#1655=VERTEX_POINT('',#6300);
#1656=VERTEX_POINT('',#6304);
#1657=VERTEX_POINT('',#6306);
#1658=VERTEX_POINT('',#6317);
#1659=VERTEX_POINT('',#6325);
#1660=VERTEX_POINT('',#6339);
#1661=VERTEX_POINT('',#6347);
#1662=VERTEX_POINT('',#6380);
#1663=VERTEX_POINT('',#6388);
#1664=VERTEX_POINT('',#6402);
#1665=VERTEX_POINT('',#6410);
#1666=VERTEX_POINT('',#6422);
#1667=VERTEX_POINT('',#6423);
#1668=VERTEX_POINT('',#6425);
#1669=VERTEX_POINT('',#6427);
#1670=VERTEX_POINT('',#6432);
#1671=VERTEX_POINT('',#6433);
#1672=VERTEX_POINT('',#6435);
#1673=VERTEX_POINT('',#6437);
#1674=VERTEX_POINT('',#6441);
#1675=VERTEX_POINT('',#6442);
#1676=VERTEX_POINT('',#6444);
#1677=VERTEX_POINT('',#6446);
#1678=VERTEX_POINT('',#6451);
#1679=VERTEX_POINT('',#6453);
#1680=VERTEX_POINT('',#6458);
#1681=VERTEX_POINT('',#6460);
#1682=VERTEX_POINT('',#6464);
#1683=VERTEX_POINT('',#6466);
#1684=VERTEX_POINT('',#6470);
#1685=VERTEX_POINT('',#6472);
#1686=VERTEX_POINT('',#6474);
#1687=VERTEX_POINT('',#6479);
#1688=VERTEX_POINT('',#6480);
#1689=VERTEX_POINT('',#6482);
#1690=VERTEX_POINT('',#6484);
#1691=VERTEX_POINT('',#6488);
#1692=VERTEX_POINT('',#6489);
#1693=VERTEX_POINT('',#6491);
#1694=VERTEX_POINT('',#6493);
#1695=VERTEX_POINT('',#6497);
#1696=VERTEX_POINT('',#6498);
#1697=VERTEX_POINT('',#6504);
#1698=VERTEX_POINT('',#6505);
#1699=VERTEX_POINT('',#6511);
#1700=VERTEX_POINT('',#6513);
#1701=VERTEX_POINT('',#6517);
#1702=VERTEX_POINT('',#6519);
#1703=VERTEX_POINT('',#6521);
#1704=VERTEX_POINT('',#6526);
#1705=VERTEX_POINT('',#6528);
#1706=VERTEX_POINT('',#6534);
#1707=VERTEX_POINT('',#6540);
#1708=VERTEX_POINT('',#6544);
#1709=VERTEX_POINT('',#6548);
#1710=VERTEX_POINT('',#6554);
#1711=VERTEX_POINT('',#6555);
#1712=VERTEX_POINT('',#6557);
#1713=VERTEX_POINT('',#6559);
#1714=VERTEX_POINT('',#6563);
#1715=VERTEX_POINT('',#6565);
#1716=VERTEX_POINT('',#6567);
#1717=VERTEX_POINT('',#6569);
#1718=VERTEX_POINT('',#6571);
#1719=VERTEX_POINT('',#6573);
#1720=VERTEX_POINT('',#6575);
#1721=VERTEX_POINT('',#6577);
#1722=VERTEX_POINT('',#6579);
#1723=VERTEX_POINT('',#6582);
#1724=VERTEX_POINT('',#6584);
#1725=VERTEX_POINT('',#6586);
#1726=VERTEX_POINT('',#6590);
#1727=VERTEX_POINT('',#6594);
#1728=VERTEX_POINT('',#6596);
#1729=VERTEX_POINT('',#6600);
#1730=VERTEX_POINT('',#6604);
#1731=VERTEX_POINT('',#6605);
#1732=VERTEX_POINT('',#6607);
#1733=VERTEX_POINT('',#6609);
#1734=VERTEX_POINT('',#6613);
#1735=VERTEX_POINT('',#6615);
#1736=VERTEX_POINT('',#6617);
#1737=VERTEX_POINT('',#6619);
#1738=VERTEX_POINT('',#6621);
#1739=VERTEX_POINT('',#6623);
#1740=VERTEX_POINT('',#6626);
#1741=VERTEX_POINT('',#6628);
#1742=VERTEX_POINT('',#6630);
#1743=VERTEX_POINT('',#6633);
#1744=VERTEX_POINT('',#6635);
#1745=VERTEX_POINT('',#6637);
#1746=VERTEX_POINT('',#6639);
#1747=VERTEX_POINT('',#6641);
#1748=VERTEX_POINT('',#6645);
#1749=VERTEX_POINT('',#6649);
#1750=VERTEX_POINT('',#6653);
#1751=VERTEX_POINT('',#6655);
#1752=VERTEX_POINT('',#6659);
#1753=VERTEX_POINT('',#6661);
#1754=VERTEX_POINT('',#6663);
#1755=VERTEX_POINT('',#6675);
#1756=VERTEX_POINT('',#6677);
#1757=VERTEX_POINT('',#6681);
#1758=VERTEX_POINT('',#6688);
#1759=VERTEX_POINT('',#6690);
#1760=VERTEX_POINT('',#6692);
#1761=VERTEX_POINT('',#6696);
#1762=VERTEX_POINT('',#6701);
#1763=VERTEX_POINT('',#6702);
#1764=VERTEX_POINT('',#6709);
#1765=VERTEX_POINT('',#6713);
#1766=VERTEX_POINT('',#6718);
#1767=VERTEX_POINT('',#6720);
#1768=VERTEX_POINT('',#6729);
#1769=VERTEX_POINT('',#6740);
#1770=EDGE_CURVE('',#1418,#1419,#1284,.T.);
#1771=EDGE_CURVE('',#1419,#1420,#1285,.T.);
#1772=EDGE_CURVE('',#1420,#1421,#1286,.T.);
#1773=EDGE_CURVE('',#1421,#1422,#1287,.T.);
#1774=EDGE_CURVE('',#1422,#1423,#1288,.T.);
#1775=EDGE_CURVE('',#1423,#1424,#1289,.T.);
#1776=EDGE_CURVE('',#1424,#1425,#1290,.T.);
#1777=EDGE_CURVE('',#1425,#1426,#588,.T.);
#1778=EDGE_CURVE('',#1426,#1427,#589,.T.);
#1779=EDGE_CURVE('',#1427,#1428,#1291,.T.);
#1780=EDGE_CURVE('',#1428,#1429,#1292,.T.);
#1781=EDGE_CURVE('',#1429,#1430,#1293,.T.);
#1782=EDGE_CURVE('',#1430,#1431,#1294,.T.);
#1783=EDGE_CURVE('',#1431,#1432,#1295,.T.);
#1784=EDGE_CURVE('',#1432,#1433,#1296,.T.);
#1785=EDGE_CURVE('',#1433,#1434,#1297,.T.);
#1786=EDGE_CURVE('',#1434,#1435,#1298,.T.);
#1787=EDGE_CURVE('',#1435,#1436,#1299,.T.);
#1788=EDGE_CURVE('',#1436,#1437,#590,.T.);
#1789=EDGE_CURVE('',#1437,#1438,#591,.T.);
#1790=EDGE_CURVE('',#1438,#1418,#1300,.T.);
#1791=EDGE_CURVE('',#1428,#1439,#592,.T.);
#1792=EDGE_CURVE('',#1440,#1439,#1301,.T.);
#1793=EDGE_CURVE('',#1429,#1440,#593,.T.);
#1794=EDGE_CURVE('',#1427,#1441,#594,.T.);
#1795=EDGE_CURVE('',#1439,#1441,#1302,.T.);
#1796=EDGE_CURVE('',#1426,#1442,#595,.T.);
#1797=EDGE_CURVE('',#1441,#1442,#596,.T.);
#1798=EDGE_CURVE('',#1425,#1443,#597,.T.);
#1799=EDGE_CURVE('',#1442,#1443,#598,.T.);
#1800=EDGE_CURVE('',#1424,#1444,#599,.T.);
#1801=EDGE_CURVE('',#1443,#1444,#1303,.T.);
#1802=EDGE_CURVE('',#1423,#1445,#600,.T.);
#1803=EDGE_CURVE('',#1444,#1445,#1304,.T.);
#1804=EDGE_CURVE('',#1422,#1446,#601,.T.);
#1805=EDGE_CURVE('',#1445,#1446,#1305,.T.);
#1806=EDGE_CURVE('',#1421,#1447,#602,.T.);
#1807=EDGE_CURVE('',#1446,#1447,#1306,.T.);
#1808=EDGE_CURVE('',#1420,#1448,#603,.T.);
#1809=EDGE_CURVE('',#1447,#1448,#1307,.T.);
#1810=EDGE_CURVE('',#1419,#1449,#604,.T.);
#1811=EDGE_CURVE('',#1448,#1449,#1308,.T.);
#1812=EDGE_CURVE('',#1418,#1450,#605,.T.);
#1813=EDGE_CURVE('',#1449,#1450,#1309,.T.);
#1814=EDGE_CURVE('',#1451,#1440,#1310,.T.);
#1815=EDGE_CURVE('',#1430,#1451,#606,.T.);
#1816=EDGE_CURVE('',#1452,#1451,#1311,.T.);
#1817=EDGE_CURVE('',#1431,#1452,#607,.T.);
#1818=EDGE_CURVE('',#1453,#1452,#1312,.T.);
#1819=EDGE_CURVE('',#1432,#1453,#608,.T.);
#1820=EDGE_CURVE('',#1454,#1453,#1313,.T.);
#1821=EDGE_CURVE('',#1433,#1454,#609,.T.);
#1822=EDGE_CURVE('',#1455,#1454,#1314,.T.);
#1823=EDGE_CURVE('',#1434,#1455,#610,.T.);
#1824=EDGE_CURVE('',#1456,#1455,#1315,.T.);
#1825=EDGE_CURVE('',#1435,#1456,#611,.T.);
#1826=EDGE_CURVE('',#1457,#1456,#1316,.T.);
#1827=EDGE_CURVE('',#1436,#1457,#612,.T.);
#1828=EDGE_CURVE('',#1458,#1457,#613,.T.);
#1829=EDGE_CURVE('',#1437,#1458,#614,.T.);
#1830=EDGE_CURVE('',#1459,#1458,#615,.T.);
#1831=EDGE_CURVE('',#1438,#1459,#616,.T.);
#1832=EDGE_CURVE('',#1450,#1459,#1317,.T.);
#1833=EDGE_CURVE('',#1460,#1461,#1318,.T.);
#1834=EDGE_CURVE('',#1461,#1462,#1319,.T.);
#1835=EDGE_CURVE('',#1462,#1463,#617,.T.);
#1836=EDGE_CURVE('',#1463,#1464,#618,.T.);
#1837=EDGE_CURVE('',#1464,#1465,#619,.T.);
#1838=EDGE_CURVE('',#1465,#1466,#620,.T.);
#1839=EDGE_CURVE('',#1466,#1467,#621,.T.);
#1840=EDGE_CURVE('',#1467,#1468,#1320,.T.);
#1841=EDGE_CURVE('',#1468,#1460,#1321,.T.);
#1842=EDGE_CURVE('',#1469,#1470,#1322,.T.);
#1843=EDGE_CURVE('',#1470,#1471,#1323,.T.);
#1844=EDGE_CURVE('',#1471,#1472,#1324,.T.);
#1845=EDGE_CURVE('',#1472,#1473,#1325,.T.);
#1846=EDGE_CURVE('',#1473,#1469,#622,.T.);
#1847=EDGE_CURVE('',#1471,#1474,#623,.T.);
#1848=EDGE_CURVE('',#1475,#1474,#1326,.T.);
#1849=EDGE_CURVE('',#1472,#1475,#624,.T.);
#1850=EDGE_CURVE('',#1470,#1476,#625,.T.);
#1851=EDGE_CURVE('',#1474,#1476,#1327,.T.);
#1852=EDGE_CURVE('',#1469,#1477,#626,.T.);
#1853=EDGE_CURVE('',#1476,#1477,#1328,.T.);
#1854=EDGE_CURVE('',#1464,#1478,#627,.T.);
#1855=EDGE_CURVE('',#1479,#1478,#628,.T.);
#1856=EDGE_CURVE('',#1465,#1479,#629,.T.);
#1857=EDGE_CURVE('',#1463,#1480,#630,.T.);
#1858=EDGE_CURVE('',#1478,#1480,#631,.T.);
#1859=EDGE_CURVE('',#1462,#1481,#632,.T.);
#1860=EDGE_CURVE('',#1480,#1481,#633,.T.);
#1861=EDGE_CURVE('',#1461,#1482,#634,.T.);
#1862=EDGE_CURVE('',#1481,#1482,#1329,.T.);
#1863=EDGE_CURVE('',#1460,#1483,#635,.T.);
#1864=EDGE_CURVE('',#1482,#1483,#1330,.T.);
#1865=EDGE_CURVE('',#1473,#1484,#636,.T.);
#1866=EDGE_CURVE('',#1477,#1484,#637,.T.);
#1867=EDGE_CURVE('',#1484,#1475,#1331,.T.);
#1868=EDGE_CURVE('',#1485,#1479,#638,.T.);
#1869=EDGE_CURVE('',#1466,#1485,#639,.T.);
#1870=EDGE_CURVE('',#1486,#1485,#640,.T.);
#1871=EDGE_CURVE('',#1467,#1486,#641,.T.);
#1872=EDGE_CURVE('',#1487,#1486,#1332,.T.);
#1873=EDGE_CURVE('',#1468,#1487,#642,.T.);
#1874=EDGE_CURVE('',#1483,#1487,#1333,.T.);
#1875=EDGE_CURVE('',#1488,#1489,#1334,.T.);
#1876=EDGE_CURVE('',#1488,#1490,#643,.T.);
#1877=EDGE_CURVE('',#1491,#1490,#1335,.T.);
#1878=EDGE_CURVE('',#1489,#1491,#644,.T.);
#1879=EDGE_CURVE('',#1492,#1488,#645,.T.);
#1880=EDGE_CURVE('',#1492,#1493,#646,.T.);
#1881=EDGE_CURVE('',#1490,#1493,#647,.T.);
#1882=EDGE_CURVE('',#1494,#1492,#648,.T.);
#1883=EDGE_CURVE('',#1494,#1495,#649,.T.);
#1884=EDGE_CURVE('',#1493,#1495,#650,.T.);
#1885=EDGE_CURVE('',#1496,#1494,#651,.T.);
#1886=EDGE_CURVE('',#1496,#1497,#652,.T.);
#1887=EDGE_CURVE('',#1495,#1497,#653,.T.);
#1888=EDGE_CURVE('',#1498,#1496,#654,.T.);
#1889=EDGE_CURVE('',#1498,#1499,#655,.T.);
#1890=EDGE_CURVE('',#1497,#1499,#656,.T.);
#1891=EDGE_CURVE('',#1500,#1498,#657,.T.);
#1892=EDGE_CURVE('',#1500,#1501,#658,.T.);
#1893=EDGE_CURVE('',#1499,#1501,#659,.T.);
#1894=EDGE_CURVE('',#1502,#1500,#660,.T.);
#1895=EDGE_CURVE('',#1502,#1503,#661,.T.);
#1896=EDGE_CURVE('',#1501,#1503,#662,.T.);
#1897=EDGE_CURVE('',#1504,#1502,#663,.T.);
#1898=EDGE_CURVE('',#1504,#1505,#664,.T.);
#1899=EDGE_CURVE('',#1503,#1505,#665,.T.);
#1900=EDGE_CURVE('',#1506,#1504,#666,.T.);
#1901=EDGE_CURVE('',#1506,#1507,#667,.T.);
#1902=EDGE_CURVE('',#1505,#1507,#668,.T.);
#1903=EDGE_CURVE('',#1489,#1508,#1336,.T.);
#1904=EDGE_CURVE('',#1509,#1491,#1337,.T.);
#1905=EDGE_CURVE('',#1508,#1509,#669,.T.);
#1906=EDGE_CURVE('',#1508,#1510,#670,.T.);
#1907=EDGE_CURVE('',#1511,#1509,#671,.T.);
#1908=EDGE_CURVE('',#1510,#1511,#672,.T.);
#1909=EDGE_CURVE('',#1510,#1512,#673,.T.);
#1910=EDGE_CURVE('',#1513,#1511,#674,.T.);
#1911=EDGE_CURVE('',#1512,#1513,#675,.T.);
#1912=EDGE_CURVE('',#1512,#1514,#1338,.T.);
#1913=EDGE_CURVE('',#1515,#1513,#1339,.T.);
#1914=EDGE_CURVE('',#1514,#1515,#676,.T.);
#1915=EDGE_CURVE('',#1514,#1516,#1340,.T.);
#1916=EDGE_CURVE('',#1517,#1515,#1341,.T.);
#1917=EDGE_CURVE('',#1516,#1517,#677,.T.);
#1918=EDGE_CURVE('',#1516,#1518,#1342,.T.);
#1919=EDGE_CURVE('',#1519,#1517,#1343,.T.);
#1920=EDGE_CURVE('',#1518,#1519,#678,.T.);
#1921=EDGE_CURVE('',#1518,#1520,#679,.T.);
#1922=EDGE_CURVE('',#1521,#1519,#680,.T.);
#1923=EDGE_CURVE('',#1520,#1521,#681,.T.);
#1924=EDGE_CURVE('',#1520,#1522,#682,.T.);
#1925=EDGE_CURVE('',#1523,#1521,#683,.T.);
#1926=EDGE_CURVE('',#1522,#1523,#684,.T.);
#1927=EDGE_CURVE('',#1522,#1506,#685,.T.);
#1928=EDGE_CURVE('',#1507,#1523,#686,.T.);
#1929=EDGE_CURVE('',#1524,#1525,#1344,.T.);
#1930=EDGE_CURVE('',#1525,#1526,#1345,.T.);
#1931=EDGE_CURVE('',#1526,#1527,#1346,.T.);
#1932=EDGE_CURVE('',#1527,#1528,#1347,.T.);
#1933=EDGE_CURVE('',#1528,#1529,#1348,.T.);
#1934=EDGE_CURVE('',#1529,#1530,#1349,.T.);
#1935=EDGE_CURVE('',#1530,#1531,#1350,.T.);
#1936=EDGE_CURVE('',#1531,#1524,#1351,.T.);
#1937=EDGE_CURVE('',#1532,#1533,#1352,.T.);
#1938=EDGE_CURVE('',#1533,#1534,#1353,.T.);
#1939=EDGE_CURVE('',#1534,#1535,#1354,.T.);
#1940=EDGE_CURVE('',#1535,#1536,#1355,.T.);
#1941=EDGE_CURVE('',#1536,#1537,#1356,.T.);
#1942=EDGE_CURVE('',#1537,#1532,#1357,.T.);
#1943=EDGE_CURVE('',#1534,#1538,#687,.T.);
#1944=EDGE_CURVE('',#1539,#1538,#1358,.T.);
#1945=EDGE_CURVE('',#1535,#1539,#688,.T.);
#1946=EDGE_CURVE('',#1533,#1540,#689,.T.);
#1947=EDGE_CURVE('',#1538,#1540,#1359,.T.);
#1948=EDGE_CURVE('',#1532,#1541,#690,.T.);
#1949=EDGE_CURVE('',#1540,#1541,#1360,.T.);
#1950=EDGE_CURVE('',#1527,#1542,#691,.T.);
#1951=EDGE_CURVE('',#1543,#1542,#1361,.T.);
#1952=EDGE_CURVE('',#1528,#1543,#692,.T.);
#1953=EDGE_CURVE('',#1526,#1544,#693,.T.);
#1954=EDGE_CURVE('',#1542,#1544,#1362,.T.);
#1955=EDGE_CURVE('',#1525,#1545,#694,.T.);
#1956=EDGE_CURVE('',#1544,#1545,#1363,.T.);
#1957=EDGE_CURVE('',#1524,#1546,#695,.T.);
#1958=EDGE_CURVE('',#1545,#1546,#1364,.T.);
#1959=EDGE_CURVE('',#1537,#1547,#696,.T.);
#1960=EDGE_CURVE('',#1541,#1547,#1365,.T.);
#1961=EDGE_CURVE('',#1536,#1548,#697,.T.);
#1962=EDGE_CURVE('',#1547,#1548,#1366,.T.);
#1963=EDGE_CURVE('',#1548,#1539,#1367,.T.);
#1964=EDGE_CURVE('',#1549,#1543,#1368,.T.);
#1965=EDGE_CURVE('',#1529,#1549,#698,.T.);
#1966=EDGE_CURVE('',#1550,#1549,#1369,.T.);
#1967=EDGE_CURVE('',#1530,#1550,#699,.T.);
#1968=EDGE_CURVE('',#1551,#1550,#1370,.T.);
#1969=EDGE_CURVE('',#1531,#1551,#700,.T.);
#1970=EDGE_CURVE('',#1546,#1551,#1371,.T.);
#1971=EDGE_CURVE('',#1552,#1553,#701,.T.);
#1972=EDGE_CURVE('',#1552,#1554,#702,.T.);
#1973=EDGE_CURVE('',#1555,#1554,#703,.T.);
#1974=EDGE_CURVE('',#1553,#1555,#704,.T.);
#1975=EDGE_CURVE('',#1556,#1552,#705,.T.);
#1976=EDGE_CURVE('',#1556,#1557,#706,.T.);
#1977=EDGE_CURVE('',#1554,#1557,#707,.T.);
#1978=EDGE_CURVE('',#1553,#1558,#708,.T.);
#1979=EDGE_CURVE('',#1559,#1555,#709,.T.);
#1980=EDGE_CURVE('',#1558,#1559,#710,.T.);
#1981=EDGE_CURVE('',#1558,#1556,#711,.T.);
#1982=EDGE_CURVE('',#1557,#1559,#712,.T.);
#1983=EDGE_CURVE('',#1560,#1561,#713,.T.);
#1984=EDGE_CURVE('',#1561,#1562,#714,.T.);
#1985=EDGE_CURVE('',#1562,#1563,#715,.T.);
#1986=EDGE_CURVE('',#1563,#1560,#716,.T.);
#1987=EDGE_CURVE('',#1561,#1564,#717,.T.);
#1988=EDGE_CURVE('',#1565,#1564,#718,.T.);
#1989=EDGE_CURVE('',#1562,#1565,#719,.T.);
#1990=EDGE_CURVE('',#1560,#1566,#720,.T.);
#1991=EDGE_CURVE('',#1564,#1566,#721,.T.);
#1992=EDGE_CURVE('',#1567,#1565,#722,.T.);
#1993=EDGE_CURVE('',#1563,#1567,#723,.T.);
#1994=EDGE_CURVE('',#1566,#1567,#724,.T.);
#1995=EDGE_CURVE('',#1568,#1569,#725,.T.);
#1996=EDGE_CURVE('',#1568,#1570,#726,.T.);
#1997=EDGE_CURVE('',#1571,#1570,#727,.T.);
#1998=EDGE_CURVE('',#1569,#1571,#728,.T.);
#1999=EDGE_CURVE('',#1572,#1568,#729,.T.);
#2000=EDGE_CURVE('',#1572,#1573,#730,.T.);
#2001=EDGE_CURVE('',#1570,#1573,#731,.T.);
#2002=EDGE_CURVE('',#1574,#1572,#1372,.T.);
#2003=EDGE_CURVE('',#1574,#1575,#732,.T.);
#2004=EDGE_CURVE('',#1573,#1575,#1373,.T.);
#2005=EDGE_CURVE('',#1576,#1574,#1374,.T.);
#2006=EDGE_CURVE('',#1576,#1577,#733,.T.);
#2007=EDGE_CURVE('',#1575,#1577,#1375,.T.);
#2008=EDGE_CURVE('',#1578,#1576,#1376,.T.);
#2009=EDGE_CURVE('',#1578,#1579,#734,.T.);
#2010=EDGE_CURVE('',#1577,#1579,#1377,.T.);
#2011=EDGE_CURVE('',#1580,#1578,#735,.T.);
#2012=EDGE_CURVE('',#1580,#1581,#736,.T.);
#2013=EDGE_CURVE('',#1579,#1581,#737,.T.);
#2014=EDGE_CURVE('',#1582,#1580,#738,.T.);
#2015=EDGE_CURVE('',#1582,#1583,#739,.T.);
#2016=EDGE_CURVE('',#1581,#1583,#740,.T.);
#2017=EDGE_CURVE('',#1569,#1584,#741,.T.);
#2018=EDGE_CURVE('',#1585,#1571,#742,.T.);
#2019=EDGE_CURVE('',#1584,#1585,#743,.T.);
#2020=EDGE_CURVE('',#1584,#1586,#744,.T.);
#2021=EDGE_CURVE('',#1587,#1585,#745,.T.);
#2022=EDGE_CURVE('',#1586,#1587,#746,.T.);
#2023=EDGE_CURVE('',#1586,#1588,#747,.T.);
#2024=EDGE_CURVE('',#1589,#1587,#748,.T.);
#2025=EDGE_CURVE('',#1588,#1589,#749,.T.);
#2026=EDGE_CURVE('',#1588,#1590,#1378,.T.);
#2027=EDGE_CURVE('',#1591,#1589,#1379,.T.);
#2028=EDGE_CURVE('',#1590,#1591,#750,.T.);
#2029=EDGE_CURVE('',#1590,#1592,#1380,.T.);
#2030=EDGE_CURVE('',#1593,#1591,#1381,.T.);
#2031=EDGE_CURVE('',#1592,#1593,#751,.T.);
#2032=EDGE_CURVE('',#1592,#1594,#1382,.T.);
#2033=EDGE_CURVE('',#1595,#1593,#1383,.T.);
#2034=EDGE_CURVE('',#1594,#1595,#752,.T.);
#2035=EDGE_CURVE('',#1594,#1582,#753,.T.);
#2036=EDGE_CURVE('',#1583,#1595,#754,.T.);
#2037=EDGE_CURVE('',#1596,#1597,#755,.T.);
#2038=EDGE_CURVE('',#1597,#1598,#1384,.T.);
#2039=EDGE_CURVE('',#1598,#1599,#1385,.T.);
#2040=EDGE_CURVE('',#1599,#1600,#756,.T.);
#2041=EDGE_CURVE('',#1600,#1601,#757,.T.);
#2042=EDGE_CURVE('',#1601,#1602,#758,.T.);
#2043=EDGE_CURVE('',#1602,#1603,#759,.T.);
#2044=EDGE_CURVE('',#1603,#1604,#760,.T.);
#2045=EDGE_CURVE('',#1604,#1605,#761,.T.);
#2046=EDGE_CURVE('',#1605,#1606,#762,.T.);
#2047=EDGE_CURVE('',#1606,#1607,#763,.T.);
#2048=EDGE_CURVE('',#1607,#1608,#764,.T.);
#2049=EDGE_CURVE('',#1608,#1609,#765,.T.);
#2050=EDGE_CURVE('',#1609,#1610,#766,.T.);
#2051=EDGE_CURVE('',#1610,#1611,#1386,.T.);
#2052=EDGE_CURVE('',#1611,#1612,#1387,.T.);
#2053=EDGE_CURVE('',#1612,#1596,#767,.T.);
#2054=EDGE_CURVE('',#1604,#1613,#768,.T.);
#2055=EDGE_CURVE('',#1614,#1613,#769,.T.);
#2056=EDGE_CURVE('',#1605,#1614,#770,.T.);
#2057=EDGE_CURVE('',#1603,#1615,#771,.T.);
#2058=EDGE_CURVE('',#1613,#1615,#772,.T.);
#2059=EDGE_CURVE('',#1602,#1616,#773,.T.);
#2060=EDGE_CURVE('',#1615,#1616,#774,.T.);
#2061=EDGE_CURVE('',#1601,#1617,#775,.T.);
#2062=EDGE_CURVE('',#1616,#1617,#776,.T.);
#2063=EDGE_CURVE('',#1600,#1618,#777,.T.);
#2064=EDGE_CURVE('',#1617,#1618,#778,.T.);
#2065=EDGE_CURVE('',#1599,#1619,#779,.T.);
#2066=EDGE_CURVE('',#1618,#1619,#780,.T.);
#2067=EDGE_CURVE('',#1598,#1620,#781,.T.);
#2068=EDGE_CURVE('',#1619,#1620,#1388,.T.);
#2069=EDGE_CURVE('',#1597,#1621,#782,.T.);
#2070=EDGE_CURVE('',#1620,#1621,#1389,.T.);
#2071=EDGE_CURVE('',#1596,#1622,#783,.T.);
#2072=EDGE_CURVE('',#1621,#1622,#784,.T.);
#2073=EDGE_CURVE('',#1623,#1614,#785,.T.);
#2074=EDGE_CURVE('',#1606,#1623,#786,.T.);
#2075=EDGE_CURVE('',#1624,#1623,#787,.T.);
#2076=EDGE_CURVE('',#1607,#1624,#788,.T.);
#2077=EDGE_CURVE('',#1625,#1624,#789,.T.);
#2078=EDGE_CURVE('',#1608,#1625,#790,.T.);
#2079=EDGE_CURVE('',#1626,#1625,#791,.T.);
#2080=EDGE_CURVE('',#1609,#1626,#792,.T.);
#2081=EDGE_CURVE('',#1627,#1626,#793,.T.);
#2082=EDGE_CURVE('',#1610,#1627,#794,.T.);
#2083=EDGE_CURVE('',#1628,#1627,#1390,.T.);
#2084=EDGE_CURVE('',#1611,#1628,#795,.T.);
#2085=EDGE_CURVE('',#1629,#1628,#1391,.T.);
#2086=EDGE_CURVE('',#1612,#1629,#796,.T.);
#2087=EDGE_CURVE('',#1622,#1629,#797,.T.);
#2088=EDGE_CURVE('',#1630,#1631,#1392,.T.);
#2089=EDGE_CURVE('',#1630,#1632,#798,.T.);
#2090=EDGE_CURVE('',#1633,#1632,#1393,.T.);
#2091=EDGE_CURVE('',#1631,#1633,#799,.T.);
#2092=EDGE_CURVE('',#1634,#1630,#1394,.T.);
#2093=EDGE_CURVE('',#1634,#1635,#800,.T.);
#2094=EDGE_CURVE('',#1632,#1635,#1395,.T.);
#2095=EDGE_CURVE('',#1636,#1634,#1396,.T.);
#2096=EDGE_CURVE('',#1636,#1637,#801,.T.);
#2097=EDGE_CURVE('',#1635,#1637,#1397,.T.);
#2098=EDGE_CURVE('',#1638,#1636,#1398,.T.);
#2099=EDGE_CURVE('',#1638,#1639,#802,.T.);
#2100=EDGE_CURVE('',#1637,#1639,#1399,.T.);
#2101=EDGE_CURVE('',#1640,#1638,#803,.T.);
#2102=EDGE_CURVE('',#1640,#1641,#804,.T.);
#2103=EDGE_CURVE('',#1639,#1641,#805,.T.);
#2104=EDGE_CURVE('',#1642,#1640,#806,.T.);
#2105=EDGE_CURVE('',#1642,#1643,#807,.T.);
#2106=EDGE_CURVE('',#1641,#1643,#808,.T.);
#2107=EDGE_CURVE('',#1644,#1645,#1400,.T.);
#2108=EDGE_CURVE('',#1644,#1646,#809,.T.);
#2109=EDGE_CURVE('',#1647,#1646,#1401,.T.);
#2110=EDGE_CURVE('',#1645,#1647,#810,.T.);
#2111=EDGE_CURVE('',#1645,#1648,#1402,.T.);
#2112=EDGE_CURVE('',#1649,#1647,#1403,.T.);
#2113=EDGE_CURVE('',#1648,#1649,#811,.T.);
#2114=EDGE_CURVE('',#1631,#1650,#1404,.T.);
#2115=EDGE_CURVE('',#1651,#1633,#1405,.T.);
#2116=EDGE_CURVE('',#1650,#1651,#812,.T.);
#2117=EDGE_CURVE('',#1650,#1652,#1406,.T.);
#2118=EDGE_CURVE('',#1653,#1651,#1407,.T.);
#2119=EDGE_CURVE('',#1652,#1653,#813,.T.);
#2120=EDGE_CURVE('',#1652,#1654,#814,.T.);
#2121=EDGE_CURVE('',#1655,#1653,#815,.T.);
#2122=EDGE_CURVE('',#1654,#1655,#816,.T.);
#2123=EDGE_CURVE('',#1654,#1656,#817,.T.);
#2124=EDGE_CURVE('',#1657,#1655,#818,.T.);
#2125=EDGE_CURVE('',#1656,#1657,#819,.T.);
#2126=EDGE_CURVE('',#1656,#1658,#1408,.T.);
#2127=EDGE_CURVE('',#1659,#1657,#1409,.T.);
#2128=EDGE_CURVE('',#1658,#1659,#820,.T.);
#2129=EDGE_CURVE('',#1658,#1660,#1410,.T.);
#2130=EDGE_CURVE('',#1661,#1659,#1411,.T.);
#2131=EDGE_CURVE('',#1660,#1661,#821,.T.);
#2132=EDGE_CURVE('',#1660,#1642,#1412,.T.);
#2133=EDGE_CURVE('',#1643,#1661,#1413,.T.);
#2134=EDGE_CURVE('',#1648,#1662,#1414,.T.);
#2135=EDGE_CURVE('',#1663,#1649,#1415,.T.);
#2136=EDGE_CURVE('',#1662,#1663,#822,.T.);
#2137=EDGE_CURVE('',#1662,#1664,#1416,.T.);
#2138=EDGE_CURVE('',#1665,#1663,#1417,.T.);
#2139=EDGE_CURVE('',#1664,#1665,#823,.T.);
#2140=EDGE_CURVE('',#1664,#1644,#824,.T.);
#2141=EDGE_CURVE('',#1646,#1665,#825,.T.);
#2142=EDGE_CURVE('',#1666,#1667,#826,.T.);
#2143=EDGE_CURVE('',#1668,#1666,#827,.T.);
#2144=EDGE_CURVE('',#1669,#1668,#828,.T.);
#2145=EDGE_CURVE('',#1667,#1669,#829,.T.);
#2146=EDGE_CURVE('',#1670,#1671,#830,.T.);
#2147=EDGE_CURVE('',#1671,#1672,#55,.T.);
#2148=EDGE_CURVE('',#1672,#1673,#831,.T.);
#2149=EDGE_CURVE('',#1673,#1670,#56,.T.);
#2150=EDGE_CURVE('',#1674,#1675,#832,.T.);
#2151=EDGE_CURVE('',#1675,#1676,#57,.T.);
#2152=EDGE_CURVE('',#1676,#1677,#833,.T.);
#2153=EDGE_CURVE('',#1677,#1674,#58,.T.);
#2154=EDGE_CURVE('',#1671,#1676,#834,.T.);
#2155=EDGE_CURVE('',#1675,#1678,#59,.T.);
#2156=EDGE_CURVE('',#1678,#1679,#835,.T.);
#2157=EDGE_CURVE('',#1679,#1672,#60,.T.);
#2158=EDGE_CURVE('',#1677,#1670,#836,.T.);
#2159=EDGE_CURVE('',#1673,#1680,#61,.T.);
#2160=EDGE_CURVE('',#1680,#1681,#837,.T.);
#2161=EDGE_CURVE('',#1681,#1674,#62,.T.);
#2162=EDGE_CURVE('',#1681,#1682,#838,.T.);
#2163=EDGE_CURVE('',#1682,#1683,#839,.T.);
#2164=EDGE_CURVE('',#1683,#1678,#840,.T.);
#2165=EDGE_CURVE('',#1684,#1680,#841,.T.);
#2166=EDGE_CURVE('',#1685,#1684,#842,.T.);
#2167=EDGE_CURVE('',#1686,#1685,#843,.T.);
#2168=EDGE_CURVE('',#1682,#1686,#844,.T.);
#2169=EDGE_CURVE('',#1687,#1688,#845,.T.);
#2170=EDGE_CURVE('',#1688,#1689,#63,.T.);
#2171=EDGE_CURVE('',#1689,#1690,#846,.T.);
#2172=EDGE_CURVE('',#1690,#1687,#64,.T.);
#2173=EDGE_CURVE('',#1691,#1692,#847,.T.);
#2174=EDGE_CURVE('',#1692,#1693,#65,.T.);
#2175=EDGE_CURVE('',#1693,#1694,#848,.T.);
#2176=EDGE_CURVE('',#1694,#1691,#66,.T.);
#2177=EDGE_CURVE('',#1695,#1696,#849,.T.);
#2178=EDGE_CURVE('',#1696,#1693,#67,.T.);
#2179=EDGE_CURVE('',#1692,#1689,#850,.T.);
#2180=EDGE_CURVE('',#1688,#1695,#68,.T.);
#2181=EDGE_CURVE('',#1697,#1698,#851,.T.);
#2182=EDGE_CURVE('',#1698,#1687,#69,.T.);
#2183=EDGE_CURVE('',#1690,#1691,#852,.T.);
#2184=EDGE_CURVE('',#1694,#1697,#70,.T.);
#2185=EDGE_CURVE('',#1699,#1698,#853,.T.);
#2186=EDGE_CURVE('',#1699,#1700,#854,.T.);
#2187=EDGE_CURVE('',#1695,#1700,#855,.T.);
#2188=EDGE_CURVE('',#1697,#1701,#856,.T.);
#2189=EDGE_CURVE('',#1701,#1702,#857,.T.);
#2190=EDGE_CURVE('',#1703,#1702,#858,.T.);
#2191=EDGE_CURVE('',#1703,#1699,#859,.T.);
#2192=EDGE_CURVE('',#1685,#1704,#860,.T.);
#2193=EDGE_CURVE('',#1684,#1705,#861,.T.);
#2194=EDGE_CURVE('',#1705,#1704,#862,.T.);
#2195=EDGE_CURVE('',#1679,#1705,#863,.T.);
#2196=EDGE_CURVE('',#1706,#1686,#864,.T.);
#2197=EDGE_CURVE('',#1706,#1683,#865,.T.);
#2198=EDGE_CURVE('',#1704,#1706,#866,.T.);
#2199=EDGE_CURVE('',#1707,#1703,#867,.T.);
#2200=EDGE_CURVE('',#1700,#1707,#868,.T.);
#2201=EDGE_CURVE('',#1708,#1696,#869,.T.);
#2202=EDGE_CURVE('',#1701,#1708,#870,.T.);
#2203=EDGE_CURVE('',#1709,#1708,#871,.T.);
#2204=EDGE_CURVE('',#1702,#1709,#872,.T.);
#2205=EDGE_CURVE('',#1709,#1707,#873,.T.);
#2206=EDGE_CURVE('',#1710,#1711,#19,.T.);
#2207=EDGE_CURVE('',#1710,#1712,#874,.T.);
#2208=EDGE_CURVE('',#1712,#1713,#20,.T.);
#2209=EDGE_CURVE('',#1713,#1711,#875,.T.);
#2210=EDGE_CURVE('',#1711,#1714,#876,.T.);
#2211=EDGE_CURVE('',#1715,#1714,#21,.F.);
#2212=EDGE_CURVE('',#1715,#1716,#877,.T.);
#2213=EDGE_CURVE('',#1717,#1716,#22,.F.);
#2214=EDGE_CURVE('',#1717,#1718,#878,.T.);
#2215=EDGE_CURVE('',#1718,#1719,#23,.T.);
#2216=EDGE_CURVE('',#1719,#1720,#879,.T.);
#2217=EDGE_CURVE('',#1721,#1720,#24,.F.);
#2218=EDGE_CURVE('',#1721,#1722,#880,.T.);
#2219=EDGE_CURVE('',#1668,#1722,#25,.T.);
#2220=EDGE_CURVE('',#1723,#1666,#26,.T.);
#2221=EDGE_CURVE('',#1723,#1724,#881,.T.);
#2222=EDGE_CURVE('',#1725,#1724,#27,.F.);
#2223=EDGE_CURVE('',#1725,#1710,#882,.T.);
#2224=EDGE_CURVE('',#1713,#1726,#883,.T.);
#2225=EDGE_CURVE('',#1714,#1726,#884,.T.);
#2226=EDGE_CURVE('',#1718,#1727,#885,.T.);
#2227=EDGE_CURVE('',#1727,#1728,#28,.T.);
#2228=EDGE_CURVE('',#1728,#1719,#886,.T.);
#2229=EDGE_CURVE('',#1729,#1728,#887,.T.);
#2230=EDGE_CURVE('',#1720,#1729,#888,.T.);
#2231=EDGE_CURVE('',#1730,#1731,#29,.T.);
#2232=EDGE_CURVE('',#1731,#1732,#889,.T.);
#2233=EDGE_CURVE('',#1732,#1733,#30,.F.);
#2234=EDGE_CURVE('',#1733,#1730,#890,.T.);
#2235=EDGE_CURVE('',#1734,#1730,#891,.T.);
#2236=EDGE_CURVE('',#1735,#1734,#31,.T.);
#2237=EDGE_CURVE('',#1736,#1735,#892,.T.);
#2238=EDGE_CURVE('',#1737,#1736,#893,.T.);
#2239=EDGE_CURVE('',#1738,#1737,#32,.T.);
#2240=EDGE_CURVE('',#1738,#1739,#894,.T.);
#2241=EDGE_CURVE('',#1729,#1739,#33,.T.);
#2242=EDGE_CURVE('',#1740,#1727,#895,.T.);
#2243=EDGE_CURVE('',#1741,#1740,#34,.T.);
#2244=EDGE_CURVE('',#1742,#1741,#896,.T.);
#2245=EDGE_CURVE('',#1726,#1742,#35,.T.);
#2246=EDGE_CURVE('',#1712,#1743,#897,.T.);
#2247=EDGE_CURVE('',#1744,#1743,#36,.T.);
#2248=EDGE_CURVE('',#1744,#1745,#898,.T.);
#2249=EDGE_CURVE('',#1746,#1745,#37,.T.);
#2250=EDGE_CURVE('',#1747,#1746,#899,.T.);
#2251=EDGE_CURVE('',#1731,#1747,#900,.T.);
#2252=EDGE_CURVE('',#1748,#1733,#901,.T.);
#2253=EDGE_CURVE('',#1734,#1748,#902,.T.);
#2254=EDGE_CURVE('',#1748,#1749,#38,.F.);
#2255=EDGE_CURVE('',#1749,#1735,#903,.T.);
#2256=EDGE_CURVE('',#1737,#1750,#904,.T.);
#2257=EDGE_CURVE('',#1750,#1751,#39,.F.);
#2258=EDGE_CURVE('',#1751,#1738,#905,.T.);
#2259=EDGE_CURVE('',#1752,#1751,#906,.T.);
#2260=EDGE_CURVE('',#1753,#1752,#907,.T.);
#2261=EDGE_CURVE('',#1754,#1753,#908,.T.);
#2262=EDGE_CURVE('',#1722,#1754,#909,.T.);
#2263=EDGE_CURVE('',#1739,#1721,#910,.T.);
#2264=EDGE_CURVE('',#1740,#1717,#911,.T.);
#2265=EDGE_CURVE('',#1716,#1741,#912,.T.);
#2266=EDGE_CURVE('',#1742,#1715,#913,.T.);
#2267=EDGE_CURVE('',#1745,#1755,#914,.T.);
#2268=EDGE_CURVE('',#1755,#1756,#40,.F.);
#2269=EDGE_CURVE('',#1756,#1746,#915,.T.);
#2270=EDGE_CURVE('',#1757,#1756,#916,.T.);
#2271=EDGE_CURVE('',#1757,#1747,#917,.T.);
#2272=EDGE_CURVE('',#1743,#1725,#918,.T.);
#2273=EDGE_CURVE('',#1724,#1744,#919,.T.);
#2274=EDGE_CURVE('',#1758,#1723,#920,.T.);
#2275=EDGE_CURVE('',#1759,#1758,#921,.T.);
#2276=EDGE_CURVE('',#1760,#1759,#922,.T.);
#2277=EDGE_CURVE('',#1755,#1760,#923,.T.);
#2278=EDGE_CURVE('',#1761,#1754,#41,.F.);
#2279=EDGE_CURVE('',#1669,#1761,#42,.F.);
#2280=EDGE_CURVE('',#1754,#1669,#43,.F.);
#2281=EDGE_CURVE('',#1762,#1763,#44,.F.);
#2282=EDGE_CURVE('',#1753,#1762,#45,.F.);
#2283=EDGE_CURVE('',#1763,#1753,#46,.F.);
#2284=EDGE_CURVE('',#1762,#1761,#924,.T.);
#2285=EDGE_CURVE('',#1752,#1764,#47,.T.);
#2286=EDGE_CURVE('',#1764,#1763,#925,.T.);
#2287=EDGE_CURVE('',#1765,#1667,#48,.F.);
#2288=EDGE_CURVE('',#1758,#1765,#49,.F.);
#2289=EDGE_CURVE('',#1667,#1758,#50,.F.);
#2290=EDGE_CURVE('',#1759,#1766,#51,.F.);
#2291=EDGE_CURVE('',#1767,#1759,#52,.F.);
#2292=EDGE_CURVE('',#1766,#1767,#53,.F.);
#2293=EDGE_CURVE('',#1765,#1767,#926,.T.);
#2294=EDGE_CURVE('',#1767,#1762,#927,.T.);
#2295=EDGE_CURVE('',#1763,#1766,#928,.T.);
#2296=EDGE_CURVE('',#1768,#1760,#54,.T.);
#2297=EDGE_CURVE('',#1766,#1768,#929,.T.);
#2298=EDGE_CURVE('',#1761,#1765,#930,.T.);
#2299=EDGE_CURVE('',#1768,#1764,#931,.T.);
#2300=EDGE_CURVE('',#1769,#1749,#932,.T.);
#2301=EDGE_CURVE('',#1736,#1769,#933,.T.);
#2302=EDGE_CURVE('',#1732,#1757,#934,.T.);
#2303=EDGE_CURVE('',#1750,#1769,#935,.T.);
#2304=ORIENTED_EDGE('',*,*,#1770,.T.);
#2305=ORIENTED_EDGE('',*,*,#1771,.T.);
#2306=ORIENTED_EDGE('',*,*,#1772,.T.);
#2307=ORIENTED_EDGE('',*,*,#1773,.T.);
#2308=ORIENTED_EDGE('',*,*,#1774,.T.);
#2309=ORIENTED_EDGE('',*,*,#1775,.T.);
#2310=ORIENTED_EDGE('',*,*,#1776,.T.);
#2311=ORIENTED_EDGE('',*,*,#1777,.T.);
#2312=ORIENTED_EDGE('',*,*,#1778,.T.);
#2313=ORIENTED_EDGE('',*,*,#1779,.T.);
#2314=ORIENTED_EDGE('',*,*,#1780,.T.);
#2315=ORIENTED_EDGE('',*,*,#1781,.T.);
#2316=ORIENTED_EDGE('',*,*,#1782,.T.);
#2317=ORIENTED_EDGE('',*,*,#1783,.T.);
#2318=ORIENTED_EDGE('',*,*,#1784,.T.);
#2319=ORIENTED_EDGE('',*,*,#1785,.T.);
#2320=ORIENTED_EDGE('',*,*,#1786,.T.);
#2321=ORIENTED_EDGE('',*,*,#1787,.T.);
#2322=ORIENTED_EDGE('',*,*,#1788,.T.);
#2323=ORIENTED_EDGE('',*,*,#1789,.T.);
#2324=ORIENTED_EDGE('',*,*,#1790,.T.);
#2325=ORIENTED_EDGE('',*,*,#1780,.F.);
#2326=ORIENTED_EDGE('',*,*,#1791,.T.);
#2327=ORIENTED_EDGE('',*,*,#1792,.F.);
#2328=ORIENTED_EDGE('',*,*,#1793,.F.);
#2329=ORIENTED_EDGE('',*,*,#1779,.F.);
#2330=ORIENTED_EDGE('',*,*,#1794,.T.);
#2331=ORIENTED_EDGE('',*,*,#1795,.F.);
#2332=ORIENTED_EDGE('',*,*,#1791,.F.);
#2333=ORIENTED_EDGE('',*,*,#1778,.F.);
#2334=ORIENTED_EDGE('',*,*,#1796,.T.);
#2335=ORIENTED_EDGE('',*,*,#1797,.F.);
#2336=ORIENTED_EDGE('',*,*,#1794,.F.);
#2337=ORIENTED_EDGE('',*,*,#1777,.F.);
#2338=ORIENTED_EDGE('',*,*,#1798,.T.);
#2339=ORIENTED_EDGE('',*,*,#1799,.F.);
#2340=ORIENTED_EDGE('',*,*,#1796,.F.);
#2341=ORIENTED_EDGE('',*,*,#1776,.F.);
#2342=ORIENTED_EDGE('',*,*,#1800,.T.);
#2343=ORIENTED_EDGE('',*,*,#1801,.F.);
#2344=ORIENTED_EDGE('',*,*,#1798,.F.);
#2345=ORIENTED_EDGE('',*,*,#1775,.F.);
#2346=ORIENTED_EDGE('',*,*,#1802,.T.);
#2347=ORIENTED_EDGE('',*,*,#1803,.F.);
#2348=ORIENTED_EDGE('',*,*,#1800,.F.);
#2349=ORIENTED_EDGE('',*,*,#1774,.F.);
#2350=ORIENTED_EDGE('',*,*,#1804,.T.);
#2351=ORIENTED_EDGE('',*,*,#1805,.F.);
#2352=ORIENTED_EDGE('',*,*,#1802,.F.);
#2353=ORIENTED_EDGE('',*,*,#1773,.F.);
#2354=ORIENTED_EDGE('',*,*,#1806,.T.);
#2355=ORIENTED_EDGE('',*,*,#1807,.F.);
#2356=ORIENTED_EDGE('',*,*,#1804,.F.);
#2357=ORIENTED_EDGE('',*,*,#1772,.F.);
#2358=ORIENTED_EDGE('',*,*,#1808,.T.);
#2359=ORIENTED_EDGE('',*,*,#1809,.F.);
#2360=ORIENTED_EDGE('',*,*,#1806,.F.);
#2361=ORIENTED_EDGE('',*,*,#1771,.F.);
#2362=ORIENTED_EDGE('',*,*,#1810,.T.);
#2363=ORIENTED_EDGE('',*,*,#1811,.F.);
#2364=ORIENTED_EDGE('',*,*,#1808,.F.);
#2365=ORIENTED_EDGE('',*,*,#1770,.F.);
#2366=ORIENTED_EDGE('',*,*,#1812,.T.);
#2367=ORIENTED_EDGE('',*,*,#1813,.F.);
#2368=ORIENTED_EDGE('',*,*,#1810,.F.);
#2369=ORIENTED_EDGE('',*,*,#1781,.F.);
#2370=ORIENTED_EDGE('',*,*,#1793,.T.);
#2371=ORIENTED_EDGE('',*,*,#1814,.F.);
#2372=ORIENTED_EDGE('',*,*,#1815,.F.);
#2373=ORIENTED_EDGE('',*,*,#1782,.F.);
#2374=ORIENTED_EDGE('',*,*,#1815,.T.);
#2375=ORIENTED_EDGE('',*,*,#1816,.F.);
#2376=ORIENTED_EDGE('',*,*,#1817,.F.);
#2377=ORIENTED_EDGE('',*,*,#1783,.F.);
#2378=ORIENTED_EDGE('',*,*,#1817,.T.);
#2379=ORIENTED_EDGE('',*,*,#1818,.F.);
#2380=ORIENTED_EDGE('',*,*,#1819,.F.);
#2381=ORIENTED_EDGE('',*,*,#1784,.F.);
#2382=ORIENTED_EDGE('',*,*,#1819,.T.);
#2383=ORIENTED_EDGE('',*,*,#1820,.F.);
#2384=ORIENTED_EDGE('',*,*,#1821,.F.);
#2385=ORIENTED_EDGE('',*,*,#1785,.F.);
#2386=ORIENTED_EDGE('',*,*,#1821,.T.);
#2387=ORIENTED_EDGE('',*,*,#1822,.F.);
#2388=ORIENTED_EDGE('',*,*,#1823,.F.);
#2389=ORIENTED_EDGE('',*,*,#1786,.F.);
#2390=ORIENTED_EDGE('',*,*,#1823,.T.);
#2391=ORIENTED_EDGE('',*,*,#1824,.F.);
#2392=ORIENTED_EDGE('',*,*,#1825,.F.);
#2393=ORIENTED_EDGE('',*,*,#1787,.F.);
#2394=ORIENTED_EDGE('',*,*,#1825,.T.);
#2395=ORIENTED_EDGE('',*,*,#1826,.F.);
#2396=ORIENTED_EDGE('',*,*,#1827,.F.);
#2397=ORIENTED_EDGE('',*,*,#1788,.F.);
#2398=ORIENTED_EDGE('',*,*,#1827,.T.);
#2399=ORIENTED_EDGE('',*,*,#1828,.F.);
#2400=ORIENTED_EDGE('',*,*,#1829,.F.);
#2401=ORIENTED_EDGE('',*,*,#1789,.F.);
#2402=ORIENTED_EDGE('',*,*,#1829,.T.);
#2403=ORIENTED_EDGE('',*,*,#1830,.F.);
#2404=ORIENTED_EDGE('',*,*,#1831,.F.);
#2405=ORIENTED_EDGE('',*,*,#1790,.F.);
#2406=ORIENTED_EDGE('',*,*,#1831,.T.);
#2407=ORIENTED_EDGE('',*,*,#1832,.F.);
#2408=ORIENTED_EDGE('',*,*,#1812,.F.);
#2409=ORIENTED_EDGE('',*,*,#1833,.T.);
#2410=ORIENTED_EDGE('',*,*,#1834,.T.);
#2411=ORIENTED_EDGE('',*,*,#1835,.T.);
#2412=ORIENTED_EDGE('',*,*,#1836,.T.);
#2413=ORIENTED_EDGE('',*,*,#1837,.T.);
#2414=ORIENTED_EDGE('',*,*,#1838,.T.);
#2415=ORIENTED_EDGE('',*,*,#1839,.T.);
#2416=ORIENTED_EDGE('',*,*,#1840,.T.);
#2417=ORIENTED_EDGE('',*,*,#1841,.T.);
#2418=ORIENTED_EDGE('',*,*,#1842,.T.);
#2419=ORIENTED_EDGE('',*,*,#1843,.T.);
#2420=ORIENTED_EDGE('',*,*,#1844,.T.);
#2421=ORIENTED_EDGE('',*,*,#1845,.T.);
#2422=ORIENTED_EDGE('',*,*,#1846,.T.);
#2423=ORIENTED_EDGE('',*,*,#1844,.F.);
#2424=ORIENTED_EDGE('',*,*,#1847,.T.);
#2425=ORIENTED_EDGE('',*,*,#1848,.F.);
#2426=ORIENTED_EDGE('',*,*,#1849,.F.);
#2427=ORIENTED_EDGE('',*,*,#1843,.F.);
#2428=ORIENTED_EDGE('',*,*,#1850,.T.);
#2429=ORIENTED_EDGE('',*,*,#1851,.F.);
#2430=ORIENTED_EDGE('',*,*,#1847,.F.);
#2431=ORIENTED_EDGE('',*,*,#1842,.F.);
#2432=ORIENTED_EDGE('',*,*,#1852,.T.);
#2433=ORIENTED_EDGE('',*,*,#1853,.F.);
#2434=ORIENTED_EDGE('',*,*,#1850,.F.);
#2435=ORIENTED_EDGE('',*,*,#1837,.F.);
#2436=ORIENTED_EDGE('',*,*,#1854,.T.);
#2437=ORIENTED_EDGE('',*,*,#1855,.F.);
#2438=ORIENTED_EDGE('',*,*,#1856,.F.);
#2439=ORIENTED_EDGE('',*,*,#1836,.F.);
#2440=ORIENTED_EDGE('',*,*,#1857,.T.);
#2441=ORIENTED_EDGE('',*,*,#1858,.F.);
#2442=ORIENTED_EDGE('',*,*,#1854,.F.);
#2443=ORIENTED_EDGE('',*,*,#1835,.F.);
#2444=ORIENTED_EDGE('',*,*,#1859,.T.);
#2445=ORIENTED_EDGE('',*,*,#1860,.F.);
#2446=ORIENTED_EDGE('',*,*,#1857,.F.);
#2447=ORIENTED_EDGE('',*,*,#1834,.F.);
#2448=ORIENTED_EDGE('',*,*,#1861,.T.);
#2449=ORIENTED_EDGE('',*,*,#1862,.F.);
#2450=ORIENTED_EDGE('',*,*,#1859,.F.);
#2451=ORIENTED_EDGE('',*,*,#1833,.F.);
#2452=ORIENTED_EDGE('',*,*,#1863,.T.);
#2453=ORIENTED_EDGE('',*,*,#1864,.F.);
#2454=ORIENTED_EDGE('',*,*,#1861,.F.);
#2455=ORIENTED_EDGE('',*,*,#1846,.F.);
#2456=ORIENTED_EDGE('',*,*,#1865,.T.);
#2457=ORIENTED_EDGE('',*,*,#1866,.F.);
#2458=ORIENTED_EDGE('',*,*,#1852,.F.);
#2459=ORIENTED_EDGE('',*,*,#1845,.F.);
#2460=ORIENTED_EDGE('',*,*,#1849,.T.);
#2461=ORIENTED_EDGE('',*,*,#1867,.F.);
#2462=ORIENTED_EDGE('',*,*,#1865,.F.);
#2463=ORIENTED_EDGE('',*,*,#1838,.F.);
#2464=ORIENTED_EDGE('',*,*,#1856,.T.);
#2465=ORIENTED_EDGE('',*,*,#1868,.F.);
#2466=ORIENTED_EDGE('',*,*,#1869,.F.);
#2467=ORIENTED_EDGE('',*,*,#1839,.F.);
#2468=ORIENTED_EDGE('',*,*,#1869,.T.);
#2469=ORIENTED_EDGE('',*,*,#1870,.F.);
#2470=ORIENTED_EDGE('',*,*,#1871,.F.);
#2471=ORIENTED_EDGE('',*,*,#1840,.F.);
#2472=ORIENTED_EDGE('',*,*,#1871,.T.);
#2473=ORIENTED_EDGE('',*,*,#1872,.F.);
#2474=ORIENTED_EDGE('',*,*,#1873,.F.);
#2475=ORIENTED_EDGE('',*,*,#1841,.F.);
#2476=ORIENTED_EDGE('',*,*,#1873,.T.);
#2477=ORIENTED_EDGE('',*,*,#1874,.F.);
#2478=ORIENTED_EDGE('',*,*,#1863,.F.);
#2479=ORIENTED_EDGE('',*,*,#1875,.F.);
#2480=ORIENTED_EDGE('',*,*,#1876,.T.);
#2481=ORIENTED_EDGE('',*,*,#1877,.F.);
#2482=ORIENTED_EDGE('',*,*,#1878,.F.);
#2483=ORIENTED_EDGE('',*,*,#1879,.F.);
#2484=ORIENTED_EDGE('',*,*,#1880,.T.);
#2485=ORIENTED_EDGE('',*,*,#1881,.F.);
#2486=ORIENTED_EDGE('',*,*,#1876,.F.);
#2487=ORIENTED_EDGE('',*,*,#1882,.F.);
#2488=ORIENTED_EDGE('',*,*,#1883,.T.);
#2489=ORIENTED_EDGE('',*,*,#1884,.F.);
#2490=ORIENTED_EDGE('',*,*,#1880,.F.);
#2491=ORIENTED_EDGE('',*,*,#1885,.F.);
#2492=ORIENTED_EDGE('',*,*,#1886,.T.);
#2493=ORIENTED_EDGE('',*,*,#1887,.F.);
#2494=ORIENTED_EDGE('',*,*,#1883,.F.);
#2495=ORIENTED_EDGE('',*,*,#1888,.F.);
#2496=ORIENTED_EDGE('',*,*,#1889,.T.);
#2497=ORIENTED_EDGE('',*,*,#1890,.F.);
#2498=ORIENTED_EDGE('',*,*,#1886,.F.);
#2499=ORIENTED_EDGE('',*,*,#1891,.F.);
#2500=ORIENTED_EDGE('',*,*,#1892,.T.);
#2501=ORIENTED_EDGE('',*,*,#1893,.F.);
#2502=ORIENTED_EDGE('',*,*,#1889,.F.);
#2503=ORIENTED_EDGE('',*,*,#1894,.F.);
#2504=ORIENTED_EDGE('',*,*,#1895,.T.);
#2505=ORIENTED_EDGE('',*,*,#1896,.F.);
#2506=ORIENTED_EDGE('',*,*,#1892,.F.);
#2507=ORIENTED_EDGE('',*,*,#1897,.F.);
#2508=ORIENTED_EDGE('',*,*,#1898,.T.);
#2509=ORIENTED_EDGE('',*,*,#1899,.F.);
#2510=ORIENTED_EDGE('',*,*,#1895,.F.);
#2511=ORIENTED_EDGE('',*,*,#1900,.F.);
#2512=ORIENTED_EDGE('',*,*,#1901,.T.);
#2513=ORIENTED_EDGE('',*,*,#1902,.F.);
#2514=ORIENTED_EDGE('',*,*,#1898,.F.);
#2515=ORIENTED_EDGE('',*,*,#1903,.F.);
#2516=ORIENTED_EDGE('',*,*,#1878,.T.);
#2517=ORIENTED_EDGE('',*,*,#1904,.F.);
#2518=ORIENTED_EDGE('',*,*,#1905,.F.);
#2519=ORIENTED_EDGE('',*,*,#1906,.F.);
#2520=ORIENTED_EDGE('',*,*,#1905,.T.);
#2521=ORIENTED_EDGE('',*,*,#1907,.F.);
#2522=ORIENTED_EDGE('',*,*,#1908,.F.);
#2523=ORIENTED_EDGE('',*,*,#1909,.F.);
#2524=ORIENTED_EDGE('',*,*,#1908,.T.);
#2525=ORIENTED_EDGE('',*,*,#1910,.F.);
#2526=ORIENTED_EDGE('',*,*,#1911,.F.);
#2527=ORIENTED_EDGE('',*,*,#1912,.F.);
#2528=ORIENTED_EDGE('',*,*,#1911,.T.);
#2529=ORIENTED_EDGE('',*,*,#1913,.F.);
#2530=ORIENTED_EDGE('',*,*,#1914,.F.);
#2531=ORIENTED_EDGE('',*,*,#1915,.F.);
#2532=ORIENTED_EDGE('',*,*,#1914,.T.);
#2533=ORIENTED_EDGE('',*,*,#1916,.F.);
#2534=ORIENTED_EDGE('',*,*,#1917,.F.);
#2535=ORIENTED_EDGE('',*,*,#1918,.F.);
#2536=ORIENTED_EDGE('',*,*,#1917,.T.);
#2537=ORIENTED_EDGE('',*,*,#1919,.F.);
#2538=ORIENTED_EDGE('',*,*,#1920,.F.);
#2539=ORIENTED_EDGE('',*,*,#1921,.F.);
#2540=ORIENTED_EDGE('',*,*,#1920,.T.);
#2541=ORIENTED_EDGE('',*,*,#1922,.F.);
#2542=ORIENTED_EDGE('',*,*,#1923,.F.);
#2543=ORIENTED_EDGE('',*,*,#1924,.F.);
#2544=ORIENTED_EDGE('',*,*,#1923,.T.);
#2545=ORIENTED_EDGE('',*,*,#1925,.F.);
#2546=ORIENTED_EDGE('',*,*,#1926,.F.);
#2547=ORIENTED_EDGE('',*,*,#1927,.F.);
#2548=ORIENTED_EDGE('',*,*,#1926,.T.);
#2549=ORIENTED_EDGE('',*,*,#1928,.F.);
#2550=ORIENTED_EDGE('',*,*,#1901,.F.);
#2551=ORIENTED_EDGE('',*,*,#1903,.T.);
#2552=ORIENTED_EDGE('',*,*,#1906,.T.);
#2553=ORIENTED_EDGE('',*,*,#1909,.T.);
#2554=ORIENTED_EDGE('',*,*,#1912,.T.);
#2555=ORIENTED_EDGE('',*,*,#1915,.T.);
#2556=ORIENTED_EDGE('',*,*,#1918,.T.);
#2557=ORIENTED_EDGE('',*,*,#1921,.T.);
#2558=ORIENTED_EDGE('',*,*,#1924,.T.);
#2559=ORIENTED_EDGE('',*,*,#1927,.T.);
#2560=ORIENTED_EDGE('',*,*,#1900,.T.);
#2561=ORIENTED_EDGE('',*,*,#1897,.T.);
#2562=ORIENTED_EDGE('',*,*,#1894,.T.);
#2563=ORIENTED_EDGE('',*,*,#1891,.T.);
#2564=ORIENTED_EDGE('',*,*,#1888,.T.);
#2565=ORIENTED_EDGE('',*,*,#1885,.T.);
#2566=ORIENTED_EDGE('',*,*,#1882,.T.);
#2567=ORIENTED_EDGE('',*,*,#1879,.T.);
#2568=ORIENTED_EDGE('',*,*,#1875,.T.);
#2569=ORIENTED_EDGE('',*,*,#1929,.T.);
#2570=ORIENTED_EDGE('',*,*,#1930,.T.);
#2571=ORIENTED_EDGE('',*,*,#1931,.T.);
#2572=ORIENTED_EDGE('',*,*,#1932,.T.);
#2573=ORIENTED_EDGE('',*,*,#1933,.T.);
#2574=ORIENTED_EDGE('',*,*,#1934,.T.);
#2575=ORIENTED_EDGE('',*,*,#1935,.T.);
#2576=ORIENTED_EDGE('',*,*,#1936,.T.);
#2577=ORIENTED_EDGE('',*,*,#1937,.T.);
#2578=ORIENTED_EDGE('',*,*,#1938,.T.);
#2579=ORIENTED_EDGE('',*,*,#1939,.T.);
#2580=ORIENTED_EDGE('',*,*,#1940,.T.);
#2581=ORIENTED_EDGE('',*,*,#1941,.T.);
#2582=ORIENTED_EDGE('',*,*,#1942,.T.);
#2583=ORIENTED_EDGE('',*,*,#1939,.F.);
#2584=ORIENTED_EDGE('',*,*,#1943,.T.);
#2585=ORIENTED_EDGE('',*,*,#1944,.F.);
#2586=ORIENTED_EDGE('',*,*,#1945,.F.);
#2587=ORIENTED_EDGE('',*,*,#1938,.F.);
#2588=ORIENTED_EDGE('',*,*,#1946,.T.);
#2589=ORIENTED_EDGE('',*,*,#1947,.F.);
#2590=ORIENTED_EDGE('',*,*,#1943,.F.);
#2591=ORIENTED_EDGE('',*,*,#1937,.F.);
#2592=ORIENTED_EDGE('',*,*,#1948,.T.);
#2593=ORIENTED_EDGE('',*,*,#1949,.F.);
#2594=ORIENTED_EDGE('',*,*,#1946,.F.);
#2595=ORIENTED_EDGE('',*,*,#1932,.F.);
#2596=ORIENTED_EDGE('',*,*,#1950,.T.);
#2597=ORIENTED_EDGE('',*,*,#1951,.F.);
#2598=ORIENTED_EDGE('',*,*,#1952,.F.);
#2599=ORIENTED_EDGE('',*,*,#1931,.F.);
#2600=ORIENTED_EDGE('',*,*,#1953,.T.);
#2601=ORIENTED_EDGE('',*,*,#1954,.F.);
#2602=ORIENTED_EDGE('',*,*,#1950,.F.);
#2603=ORIENTED_EDGE('',*,*,#1930,.F.);
#2604=ORIENTED_EDGE('',*,*,#1955,.T.);
#2605=ORIENTED_EDGE('',*,*,#1956,.F.);
#2606=ORIENTED_EDGE('',*,*,#1953,.F.);
#2607=ORIENTED_EDGE('',*,*,#1929,.F.);
#2608=ORIENTED_EDGE('',*,*,#1957,.T.);
#2609=ORIENTED_EDGE('',*,*,#1958,.F.);
#2610=ORIENTED_EDGE('',*,*,#1955,.F.);
#2611=ORIENTED_EDGE('',*,*,#1942,.F.);
#2612=ORIENTED_EDGE('',*,*,#1959,.T.);
#2613=ORIENTED_EDGE('',*,*,#1960,.F.);
#2614=ORIENTED_EDGE('',*,*,#1948,.F.);
#2615=ORIENTED_EDGE('',*,*,#1941,.F.);
#2616=ORIENTED_EDGE('',*,*,#1961,.T.);
#2617=ORIENTED_EDGE('',*,*,#1962,.F.);
#2618=ORIENTED_EDGE('',*,*,#1959,.F.);
#2619=ORIENTED_EDGE('',*,*,#1940,.F.);
#2620=ORIENTED_EDGE('',*,*,#1945,.T.);
#2621=ORIENTED_EDGE('',*,*,#1963,.F.);
#2622=ORIENTED_EDGE('',*,*,#1961,.F.);
#2623=ORIENTED_EDGE('',*,*,#1933,.F.);
#2624=ORIENTED_EDGE('',*,*,#1952,.T.);
#2625=ORIENTED_EDGE('',*,*,#1964,.F.);
#2626=ORIENTED_EDGE('',*,*,#1965,.F.);
#2627=ORIENTED_EDGE('',*,*,#1934,.F.);
#2628=ORIENTED_EDGE('',*,*,#1965,.T.);
#2629=ORIENTED_EDGE('',*,*,#1966,.F.);
#2630=ORIENTED_EDGE('',*,*,#1967,.F.);
#2631=ORIENTED_EDGE('',*,*,#1935,.F.);
#2632=ORIENTED_EDGE('',*,*,#1967,.T.);
#2633=ORIENTED_EDGE('',*,*,#1968,.F.);
#2634=ORIENTED_EDGE('',*,*,#1969,.F.);
#2635=ORIENTED_EDGE('',*,*,#1936,.F.);
#2636=ORIENTED_EDGE('',*,*,#1969,.T.);
#2637=ORIENTED_EDGE('',*,*,#1970,.F.);
#2638=ORIENTED_EDGE('',*,*,#1957,.F.);
#2639=ORIENTED_EDGE('',*,*,#1971,.F.);
#2640=ORIENTED_EDGE('',*,*,#1972,.T.);
#2641=ORIENTED_EDGE('',*,*,#1973,.F.);
#2642=ORIENTED_EDGE('',*,*,#1974,.F.);
#2643=ORIENTED_EDGE('',*,*,#1975,.F.);
#2644=ORIENTED_EDGE('',*,*,#1976,.T.);
#2645=ORIENTED_EDGE('',*,*,#1977,.F.);
#2646=ORIENTED_EDGE('',*,*,#1972,.F.);
#2647=ORIENTED_EDGE('',*,*,#1978,.F.);
#2648=ORIENTED_EDGE('',*,*,#1974,.T.);
#2649=ORIENTED_EDGE('',*,*,#1979,.F.);
#2650=ORIENTED_EDGE('',*,*,#1980,.F.);
#2651=ORIENTED_EDGE('',*,*,#1981,.F.);
#2652=ORIENTED_EDGE('',*,*,#1980,.T.);
#2653=ORIENTED_EDGE('',*,*,#1982,.F.);
#2654=ORIENTED_EDGE('',*,*,#1976,.F.);
#2655=ORIENTED_EDGE('',*,*,#1978,.T.);
#2656=ORIENTED_EDGE('',*,*,#1981,.T.);
#2657=ORIENTED_EDGE('',*,*,#1975,.T.);
#2658=ORIENTED_EDGE('',*,*,#1971,.T.);
#2659=ORIENTED_EDGE('',*,*,#1983,.T.);
#2660=ORIENTED_EDGE('',*,*,#1984,.T.);
#2661=ORIENTED_EDGE('',*,*,#1985,.T.);
#2662=ORIENTED_EDGE('',*,*,#1986,.T.);
#2663=ORIENTED_EDGE('',*,*,#1984,.F.);
#2664=ORIENTED_EDGE('',*,*,#1987,.T.);
#2665=ORIENTED_EDGE('',*,*,#1988,.F.);
#2666=ORIENTED_EDGE('',*,*,#1989,.F.);
#2667=ORIENTED_EDGE('',*,*,#1983,.F.);
#2668=ORIENTED_EDGE('',*,*,#1990,.T.);
#2669=ORIENTED_EDGE('',*,*,#1991,.F.);
#2670=ORIENTED_EDGE('',*,*,#1987,.F.);
#2671=ORIENTED_EDGE('',*,*,#1985,.F.);
#2672=ORIENTED_EDGE('',*,*,#1989,.T.);
#2673=ORIENTED_EDGE('',*,*,#1992,.F.);
#2674=ORIENTED_EDGE('',*,*,#1993,.F.);
#2675=ORIENTED_EDGE('',*,*,#1986,.F.);
#2676=ORIENTED_EDGE('',*,*,#1993,.T.);
#2677=ORIENTED_EDGE('',*,*,#1994,.F.);
#2678=ORIENTED_EDGE('',*,*,#1990,.F.);
#2679=ORIENTED_EDGE('',*,*,#1995,.F.);
#2680=ORIENTED_EDGE('',*,*,#1996,.T.);
#2681=ORIENTED_EDGE('',*,*,#1997,.F.);
#2682=ORIENTED_EDGE('',*,*,#1998,.F.);
#2683=ORIENTED_EDGE('',*,*,#1999,.F.);
#2684=ORIENTED_EDGE('',*,*,#2000,.T.);
#2685=ORIENTED_EDGE('',*,*,#2001,.F.);
#2686=ORIENTED_EDGE('',*,*,#1996,.F.);
#2687=ORIENTED_EDGE('',*,*,#2002,.F.);
#2688=ORIENTED_EDGE('',*,*,#2003,.T.);
#2689=ORIENTED_EDGE('',*,*,#2004,.F.);
#2690=ORIENTED_EDGE('',*,*,#2000,.F.);
#2691=ORIENTED_EDGE('',*,*,#2005,.F.);
#2692=ORIENTED_EDGE('',*,*,#2006,.T.);
#2693=ORIENTED_EDGE('',*,*,#2007,.F.);
#2694=ORIENTED_EDGE('',*,*,#2003,.F.);
#2695=ORIENTED_EDGE('',*,*,#2008,.F.);
#2696=ORIENTED_EDGE('',*,*,#2009,.T.);
#2697=ORIENTED_EDGE('',*,*,#2010,.F.);
#2698=ORIENTED_EDGE('',*,*,#2006,.F.);
#2699=ORIENTED_EDGE('',*,*,#2011,.F.);
#2700=ORIENTED_EDGE('',*,*,#2012,.T.);
#2701=ORIENTED_EDGE('',*,*,#2013,.F.);
#2702=ORIENTED_EDGE('',*,*,#2009,.F.);
#2703=ORIENTED_EDGE('',*,*,#2014,.F.);
#2704=ORIENTED_EDGE('',*,*,#2015,.T.);
#2705=ORIENTED_EDGE('',*,*,#2016,.F.);
#2706=ORIENTED_EDGE('',*,*,#2012,.F.);
#2707=ORIENTED_EDGE('',*,*,#2017,.F.);
#2708=ORIENTED_EDGE('',*,*,#1998,.T.);
#2709=ORIENTED_EDGE('',*,*,#2018,.F.);
#2710=ORIENTED_EDGE('',*,*,#2019,.F.);
#2711=ORIENTED_EDGE('',*,*,#2020,.F.);
#2712=ORIENTED_EDGE('',*,*,#2019,.T.);
#2713=ORIENTED_EDGE('',*,*,#2021,.F.);
#2714=ORIENTED_EDGE('',*,*,#2022,.F.);
#2715=ORIENTED_EDGE('',*,*,#2023,.F.);
#2716=ORIENTED_EDGE('',*,*,#2022,.T.);
#2717=ORIENTED_EDGE('',*,*,#2024,.F.);
#2718=ORIENTED_EDGE('',*,*,#2025,.F.);
#2719=ORIENTED_EDGE('',*,*,#2026,.F.);
#2720=ORIENTED_EDGE('',*,*,#2025,.T.);
#2721=ORIENTED_EDGE('',*,*,#2027,.F.);
#2722=ORIENTED_EDGE('',*,*,#2028,.F.);
#2723=ORIENTED_EDGE('',*,*,#2029,.F.);
#2724=ORIENTED_EDGE('',*,*,#2028,.T.);
#2725=ORIENTED_EDGE('',*,*,#2030,.F.);
#2726=ORIENTED_EDGE('',*,*,#2031,.F.);
#2727=ORIENTED_EDGE('',*,*,#2032,.F.);
#2728=ORIENTED_EDGE('',*,*,#2031,.T.);
#2729=ORIENTED_EDGE('',*,*,#2033,.F.);
#2730=ORIENTED_EDGE('',*,*,#2034,.F.);
#2731=ORIENTED_EDGE('',*,*,#2035,.F.);
#2732=ORIENTED_EDGE('',*,*,#2034,.T.);
#2733=ORIENTED_EDGE('',*,*,#2036,.F.);
#2734=ORIENTED_EDGE('',*,*,#2015,.F.);
#2735=ORIENTED_EDGE('',*,*,#2017,.T.);
#2736=ORIENTED_EDGE('',*,*,#2020,.T.);
#2737=ORIENTED_EDGE('',*,*,#2023,.T.);
#2738=ORIENTED_EDGE('',*,*,#2026,.T.);
#2739=ORIENTED_EDGE('',*,*,#2029,.T.);
#2740=ORIENTED_EDGE('',*,*,#2032,.T.);
#2741=ORIENTED_EDGE('',*,*,#2035,.T.);
#2742=ORIENTED_EDGE('',*,*,#2014,.T.);
#2743=ORIENTED_EDGE('',*,*,#2011,.T.);
#2744=ORIENTED_EDGE('',*,*,#2008,.T.);
#2745=ORIENTED_EDGE('',*,*,#2005,.T.);
#2746=ORIENTED_EDGE('',*,*,#2002,.T.);
#2747=ORIENTED_EDGE('',*,*,#1999,.T.);
#2748=ORIENTED_EDGE('',*,*,#1995,.T.);
#2749=ORIENTED_EDGE('',*,*,#2037,.T.);
#2750=ORIENTED_EDGE('',*,*,#2038,.T.);
#2751=ORIENTED_EDGE('',*,*,#2039,.T.);
#2752=ORIENTED_EDGE('',*,*,#2040,.T.);
#2753=ORIENTED_EDGE('',*,*,#2041,.T.);
#2754=ORIENTED_EDGE('',*,*,#2042,.T.);
#2755=ORIENTED_EDGE('',*,*,#2043,.T.);
#2756=ORIENTED_EDGE('',*,*,#2044,.T.);
#2757=ORIENTED_EDGE('',*,*,#2045,.T.);
#2758=ORIENTED_EDGE('',*,*,#2046,.T.);
#2759=ORIENTED_EDGE('',*,*,#2047,.T.);
#2760=ORIENTED_EDGE('',*,*,#2048,.T.);
#2761=ORIENTED_EDGE('',*,*,#2049,.T.);
#2762=ORIENTED_EDGE('',*,*,#2050,.T.);
#2763=ORIENTED_EDGE('',*,*,#2051,.T.);
#2764=ORIENTED_EDGE('',*,*,#2052,.T.);
#2765=ORIENTED_EDGE('',*,*,#2053,.T.);
#2766=ORIENTED_EDGE('',*,*,#2045,.F.);
#2767=ORIENTED_EDGE('',*,*,#2054,.T.);
#2768=ORIENTED_EDGE('',*,*,#2055,.F.);
#2769=ORIENTED_EDGE('',*,*,#2056,.F.);
#2770=ORIENTED_EDGE('',*,*,#2044,.F.);
#2771=ORIENTED_EDGE('',*,*,#2057,.T.);
#2772=ORIENTED_EDGE('',*,*,#2058,.F.);
#2773=ORIENTED_EDGE('',*,*,#2054,.F.);
#2774=ORIENTED_EDGE('',*,*,#2043,.F.);
#2775=ORIENTED_EDGE('',*,*,#2059,.T.);
#2776=ORIENTED_EDGE('',*,*,#2060,.F.);
#2777=ORIENTED_EDGE('',*,*,#2057,.F.);
#2778=ORIENTED_EDGE('',*,*,#2042,.F.);
#2779=ORIENTED_EDGE('',*,*,#2061,.T.);
#2780=ORIENTED_EDGE('',*,*,#2062,.F.);
#2781=ORIENTED_EDGE('',*,*,#2059,.F.);
#2782=ORIENTED_EDGE('',*,*,#2041,.F.);
#2783=ORIENTED_EDGE('',*,*,#2063,.T.);
#2784=ORIENTED_EDGE('',*,*,#2064,.F.);
#2785=ORIENTED_EDGE('',*,*,#2061,.F.);
#2786=ORIENTED_EDGE('',*,*,#2040,.F.);
#2787=ORIENTED_EDGE('',*,*,#2065,.T.);
#2788=ORIENTED_EDGE('',*,*,#2066,.F.);
#2789=ORIENTED_EDGE('',*,*,#2063,.F.);
#2790=ORIENTED_EDGE('',*,*,#2039,.F.);
#2791=ORIENTED_EDGE('',*,*,#2067,.T.);
#2792=ORIENTED_EDGE('',*,*,#2068,.F.);
#2793=ORIENTED_EDGE('',*,*,#2065,.F.);
#2794=ORIENTED_EDGE('',*,*,#2038,.F.);
#2795=ORIENTED_EDGE('',*,*,#2069,.T.);
#2796=ORIENTED_EDGE('',*,*,#2070,.F.);
#2797=ORIENTED_EDGE('',*,*,#2067,.F.);
#2798=ORIENTED_EDGE('',*,*,#2037,.F.);
#2799=ORIENTED_EDGE('',*,*,#2071,.T.);
#2800=ORIENTED_EDGE('',*,*,#2072,.F.);
#2801=ORIENTED_EDGE('',*,*,#2069,.F.);
#2802=ORIENTED_EDGE('',*,*,#2046,.F.);
#2803=ORIENTED_EDGE('',*,*,#2056,.T.);
#2804=ORIENTED_EDGE('',*,*,#2073,.F.);
#2805=ORIENTED_EDGE('',*,*,#2074,.F.);
#2806=ORIENTED_EDGE('',*,*,#2047,.F.);
#2807=ORIENTED_EDGE('',*,*,#2074,.T.);
#2808=ORIENTED_EDGE('',*,*,#2075,.F.);
#2809=ORIENTED_EDGE('',*,*,#2076,.F.);
#2810=ORIENTED_EDGE('',*,*,#2048,.F.);
#2811=ORIENTED_EDGE('',*,*,#2076,.T.);
#2812=ORIENTED_EDGE('',*,*,#2077,.F.);
#2813=ORIENTED_EDGE('',*,*,#2078,.F.);
#2814=ORIENTED_EDGE('',*,*,#2049,.F.);
#2815=ORIENTED_EDGE('',*,*,#2078,.T.);
#2816=ORIENTED_EDGE('',*,*,#2079,.F.);
#2817=ORIENTED_EDGE('',*,*,#2080,.F.);
#2818=ORIENTED_EDGE('',*,*,#2050,.F.);
#2819=ORIENTED_EDGE('',*,*,#2080,.T.);
#2820=ORIENTED_EDGE('',*,*,#2081,.F.);
#2821=ORIENTED_EDGE('',*,*,#2082,.F.);
#2822=ORIENTED_EDGE('',*,*,#2051,.F.);
#2823=ORIENTED_EDGE('',*,*,#2082,.T.);
#2824=ORIENTED_EDGE('',*,*,#2083,.F.);
#2825=ORIENTED_EDGE('',*,*,#2084,.F.);
#2826=ORIENTED_EDGE('',*,*,#2052,.F.);
#2827=ORIENTED_EDGE('',*,*,#2084,.T.);
#2828=ORIENTED_EDGE('',*,*,#2085,.F.);
#2829=ORIENTED_EDGE('',*,*,#2086,.F.);
#2830=ORIENTED_EDGE('',*,*,#2053,.F.);
#2831=ORIENTED_EDGE('',*,*,#2086,.T.);
#2832=ORIENTED_EDGE('',*,*,#2087,.F.);
#2833=ORIENTED_EDGE('',*,*,#2071,.F.);
#2834=ORIENTED_EDGE('',*,*,#2088,.F.);
#2835=ORIENTED_EDGE('',*,*,#2089,.T.);
#2836=ORIENTED_EDGE('',*,*,#2090,.F.);
#2837=ORIENTED_EDGE('',*,*,#2091,.F.);
#2838=ORIENTED_EDGE('',*,*,#2092,.F.);
#2839=ORIENTED_EDGE('',*,*,#2093,.T.);
#2840=ORIENTED_EDGE('',*,*,#2094,.F.);
#2841=ORIENTED_EDGE('',*,*,#2089,.F.);
#2842=ORIENTED_EDGE('',*,*,#2095,.F.);
#2843=ORIENTED_EDGE('',*,*,#2096,.T.);
#2844=ORIENTED_EDGE('',*,*,#2097,.F.);
#2845=ORIENTED_EDGE('',*,*,#2093,.F.);
#2846=ORIENTED_EDGE('',*,*,#2098,.F.);
#2847=ORIENTED_EDGE('',*,*,#2099,.T.);
#2848=ORIENTED_EDGE('',*,*,#2100,.F.);
#2849=ORIENTED_EDGE('',*,*,#2096,.F.);
#2850=ORIENTED_EDGE('',*,*,#2101,.F.);
#2851=ORIENTED_EDGE('',*,*,#2102,.T.);
#2852=ORIENTED_EDGE('',*,*,#2103,.F.);
#2853=ORIENTED_EDGE('',*,*,#2099,.F.);
#2854=ORIENTED_EDGE('',*,*,#2104,.F.);
#2855=ORIENTED_EDGE('',*,*,#2105,.T.);
#2856=ORIENTED_EDGE('',*,*,#2106,.F.);
#2857=ORIENTED_EDGE('',*,*,#2102,.F.);
#2858=ORIENTED_EDGE('',*,*,#2107,.F.);
#2859=ORIENTED_EDGE('',*,*,#2108,.T.);
#2860=ORIENTED_EDGE('',*,*,#2109,.F.);
#2861=ORIENTED_EDGE('',*,*,#2110,.F.);
#2862=ORIENTED_EDGE('',*,*,#2111,.F.);
#2863=ORIENTED_EDGE('',*,*,#2110,.T.);
#2864=ORIENTED_EDGE('',*,*,#2112,.F.);
#2865=ORIENTED_EDGE('',*,*,#2113,.F.);
#2866=ORIENTED_EDGE('',*,*,#2114,.F.);
#2867=ORIENTED_EDGE('',*,*,#2091,.T.);
#2868=ORIENTED_EDGE('',*,*,#2115,.F.);
#2869=ORIENTED_EDGE('',*,*,#2116,.F.);
#2870=ORIENTED_EDGE('',*,*,#2117,.F.);
#2871=ORIENTED_EDGE('',*,*,#2116,.T.);
#2872=ORIENTED_EDGE('',*,*,#2118,.F.);
#2873=ORIENTED_EDGE('',*,*,#2119,.F.);
#2874=ORIENTED_EDGE('',*,*,#2120,.F.);
#2875=ORIENTED_EDGE('',*,*,#2119,.T.);
#2876=ORIENTED_EDGE('',*,*,#2121,.F.);
#2877=ORIENTED_EDGE('',*,*,#2122,.F.);
#2878=ORIENTED_EDGE('',*,*,#2123,.F.);
#2879=ORIENTED_EDGE('',*,*,#2122,.T.);
#2880=ORIENTED_EDGE('',*,*,#2124,.F.);
#2881=ORIENTED_EDGE('',*,*,#2125,.F.);
#2882=ORIENTED_EDGE('',*,*,#2126,.F.);
#2883=ORIENTED_EDGE('',*,*,#2125,.T.);
#2884=ORIENTED_EDGE('',*,*,#2127,.F.);
#2885=ORIENTED_EDGE('',*,*,#2128,.F.);
#2886=ORIENTED_EDGE('',*,*,#2129,.F.);
#2887=ORIENTED_EDGE('',*,*,#2128,.T.);
#2888=ORIENTED_EDGE('',*,*,#2130,.F.);
#2889=ORIENTED_EDGE('',*,*,#2131,.F.);
#2890=ORIENTED_EDGE('',*,*,#2132,.F.);
#2891=ORIENTED_EDGE('',*,*,#2131,.T.);
#2892=ORIENTED_EDGE('',*,*,#2133,.F.);
#2893=ORIENTED_EDGE('',*,*,#2105,.F.);
#2894=ORIENTED_EDGE('',*,*,#2134,.F.);
#2895=ORIENTED_EDGE('',*,*,#2113,.T.);
#2896=ORIENTED_EDGE('',*,*,#2135,.F.);
#2897=ORIENTED_EDGE('',*,*,#2136,.F.);
#2898=ORIENTED_EDGE('',*,*,#2137,.F.);
#2899=ORIENTED_EDGE('',*,*,#2136,.T.);
#2900=ORIENTED_EDGE('',*,*,#2138,.F.);
#2901=ORIENTED_EDGE('',*,*,#2139,.F.);
#2902=ORIENTED_EDGE('',*,*,#2140,.F.);
#2903=ORIENTED_EDGE('',*,*,#2139,.T.);
#2904=ORIENTED_EDGE('',*,*,#2141,.F.);
#2905=ORIENTED_EDGE('',*,*,#2108,.F.);
#2906=ORIENTED_EDGE('',*,*,#2114,.T.);
#2907=ORIENTED_EDGE('',*,*,#2117,.T.);
#2908=ORIENTED_EDGE('',*,*,#2120,.T.);
#2909=ORIENTED_EDGE('',*,*,#2123,.T.);
#2910=ORIENTED_EDGE('',*,*,#2126,.T.);
#2911=ORIENTED_EDGE('',*,*,#2129,.T.);
#2912=ORIENTED_EDGE('',*,*,#2132,.T.);
#2913=ORIENTED_EDGE('',*,*,#2104,.T.);
#2914=ORIENTED_EDGE('',*,*,#2101,.T.);
#2915=ORIENTED_EDGE('',*,*,#2098,.T.);
#2916=ORIENTED_EDGE('',*,*,#2095,.T.);
#2917=ORIENTED_EDGE('',*,*,#2092,.T.);
#2918=ORIENTED_EDGE('',*,*,#2088,.T.);
#2919=ORIENTED_EDGE('',*,*,#2134,.T.);
#2920=ORIENTED_EDGE('',*,*,#2137,.T.);
#2921=ORIENTED_EDGE('',*,*,#2140,.T.);
#2922=ORIENTED_EDGE('',*,*,#2107,.T.);
#2923=ORIENTED_EDGE('',*,*,#2111,.T.);
#2924=ORIENTED_EDGE('',*,*,#2109,.T.);
#2925=ORIENTED_EDGE('',*,*,#2141,.T.);
#2926=ORIENTED_EDGE('',*,*,#2138,.T.);
#2927=ORIENTED_EDGE('',*,*,#2135,.T.);
#2928=ORIENTED_EDGE('',*,*,#2112,.T.);
#2929=ORIENTED_EDGE('',*,*,#2142,.F.);
#2930=ORIENTED_EDGE('',*,*,#2143,.F.);
#2931=ORIENTED_EDGE('',*,*,#2144,.F.);
#2932=ORIENTED_EDGE('',*,*,#2145,.F.);
#2933=ORIENTED_EDGE('',*,*,#1792,.T.);
#2934=ORIENTED_EDGE('',*,*,#1795,.T.);
#2935=ORIENTED_EDGE('',*,*,#1797,.T.);
#2936=ORIENTED_EDGE('',*,*,#1799,.T.);
#2937=ORIENTED_EDGE('',*,*,#1801,.T.);
#2938=ORIENTED_EDGE('',*,*,#1803,.T.);
#2939=ORIENTED_EDGE('',*,*,#1805,.T.);
#2940=ORIENTED_EDGE('',*,*,#1807,.T.);
#2941=ORIENTED_EDGE('',*,*,#1809,.T.);
#2942=ORIENTED_EDGE('',*,*,#1811,.T.);
#2943=ORIENTED_EDGE('',*,*,#1813,.T.);
#2944=ORIENTED_EDGE('',*,*,#1832,.T.);
#2945=ORIENTED_EDGE('',*,*,#1830,.T.);
#2946=ORIENTED_EDGE('',*,*,#1828,.T.);
#2947=ORIENTED_EDGE('',*,*,#1826,.T.);
#2948=ORIENTED_EDGE('',*,*,#1824,.T.);
#2949=ORIENTED_EDGE('',*,*,#1822,.T.);
#2950=ORIENTED_EDGE('',*,*,#1820,.T.);
#2951=ORIENTED_EDGE('',*,*,#1818,.T.);
#2952=ORIENTED_EDGE('',*,*,#1816,.T.);
#2953=ORIENTED_EDGE('',*,*,#1814,.T.);
#2954=ORIENTED_EDGE('',*,*,#1855,.T.);
#2955=ORIENTED_EDGE('',*,*,#1858,.T.);
#2956=ORIENTED_EDGE('',*,*,#1860,.T.);
#2957=ORIENTED_EDGE('',*,*,#1862,.T.);
#2958=ORIENTED_EDGE('',*,*,#1864,.T.);
#2959=ORIENTED_EDGE('',*,*,#1874,.T.);
#2960=ORIENTED_EDGE('',*,*,#1872,.T.);
#2961=ORIENTED_EDGE('',*,*,#1870,.T.);
#2962=ORIENTED_EDGE('',*,*,#1868,.T.);
#2963=ORIENTED_EDGE('',*,*,#1877,.T.);
#2964=ORIENTED_EDGE('',*,*,#1881,.T.);
#2965=ORIENTED_EDGE('',*,*,#1884,.T.);
#2966=ORIENTED_EDGE('',*,*,#1887,.T.);
#2967=ORIENTED_EDGE('',*,*,#1890,.T.);
#2968=ORIENTED_EDGE('',*,*,#1893,.T.);
#2969=ORIENTED_EDGE('',*,*,#1896,.T.);
#2970=ORIENTED_EDGE('',*,*,#1899,.T.);
#2971=ORIENTED_EDGE('',*,*,#1902,.T.);
#2972=ORIENTED_EDGE('',*,*,#1928,.T.);
#2973=ORIENTED_EDGE('',*,*,#1925,.T.);
#2974=ORIENTED_EDGE('',*,*,#1922,.T.);
#2975=ORIENTED_EDGE('',*,*,#1919,.T.);
#2976=ORIENTED_EDGE('',*,*,#1916,.T.);
#2977=ORIENTED_EDGE('',*,*,#1913,.T.);
#2978=ORIENTED_EDGE('',*,*,#1910,.T.);
#2979=ORIENTED_EDGE('',*,*,#1907,.T.);
#2980=ORIENTED_EDGE('',*,*,#1904,.T.);
#2981=ORIENTED_EDGE('',*,*,#1951,.T.);
#2982=ORIENTED_EDGE('',*,*,#1954,.T.);
#2983=ORIENTED_EDGE('',*,*,#1956,.T.);
#2984=ORIENTED_EDGE('',*,*,#1958,.T.);
#2985=ORIENTED_EDGE('',*,*,#1970,.T.);
#2986=ORIENTED_EDGE('',*,*,#1968,.T.);
#2987=ORIENTED_EDGE('',*,*,#1966,.T.);
#2988=ORIENTED_EDGE('',*,*,#1964,.T.);
#2989=ORIENTED_EDGE('',*,*,#1973,.T.);
#2990=ORIENTED_EDGE('',*,*,#1977,.T.);
#2991=ORIENTED_EDGE('',*,*,#1982,.T.);
#2992=ORIENTED_EDGE('',*,*,#1979,.T.);
#2993=ORIENTED_EDGE('',*,*,#1988,.T.);
#2994=ORIENTED_EDGE('',*,*,#1991,.T.);
#2995=ORIENTED_EDGE('',*,*,#1994,.T.);
#2996=ORIENTED_EDGE('',*,*,#1992,.T.);
#2997=ORIENTED_EDGE('',*,*,#1997,.T.);
#2998=ORIENTED_EDGE('',*,*,#2001,.T.);
#2999=ORIENTED_EDGE('',*,*,#2004,.T.);
#3000=ORIENTED_EDGE('',*,*,#2007,.T.);
#3001=ORIENTED_EDGE('',*,*,#2010,.T.);
#3002=ORIENTED_EDGE('',*,*,#2013,.T.);
#3003=ORIENTED_EDGE('',*,*,#2016,.T.);
#3004=ORIENTED_EDGE('',*,*,#2036,.T.);
#3005=ORIENTED_EDGE('',*,*,#2033,.T.);
#3006=ORIENTED_EDGE('',*,*,#2030,.T.);
#3007=ORIENTED_EDGE('',*,*,#2027,.T.);
#3008=ORIENTED_EDGE('',*,*,#2024,.T.);
#3009=ORIENTED_EDGE('',*,*,#2021,.T.);
#3010=ORIENTED_EDGE('',*,*,#2018,.T.);
#3011=ORIENTED_EDGE('',*,*,#2055,.T.);
#3012=ORIENTED_EDGE('',*,*,#2058,.T.);
#3013=ORIENTED_EDGE('',*,*,#2060,.T.);
#3014=ORIENTED_EDGE('',*,*,#2062,.T.);
#3015=ORIENTED_EDGE('',*,*,#2064,.T.);
#3016=ORIENTED_EDGE('',*,*,#2066,.T.);
#3017=ORIENTED_EDGE('',*,*,#2068,.T.);
#3018=ORIENTED_EDGE('',*,*,#2070,.T.);
#3019=ORIENTED_EDGE('',*,*,#2072,.T.);
#3020=ORIENTED_EDGE('',*,*,#2087,.T.);
#3021=ORIENTED_EDGE('',*,*,#2085,.T.);
#3022=ORIENTED_EDGE('',*,*,#2083,.T.);
#3023=ORIENTED_EDGE('',*,*,#2081,.T.);
#3024=ORIENTED_EDGE('',*,*,#2079,.T.);
#3025=ORIENTED_EDGE('',*,*,#2077,.T.);
#3026=ORIENTED_EDGE('',*,*,#2075,.T.);
#3027=ORIENTED_EDGE('',*,*,#2073,.T.);
#3028=ORIENTED_EDGE('',*,*,#2090,.T.);
#3029=ORIENTED_EDGE('',*,*,#2094,.T.);
#3030=ORIENTED_EDGE('',*,*,#2097,.T.);
#3031=ORIENTED_EDGE('',*,*,#2100,.T.);
#3032=ORIENTED_EDGE('',*,*,#2103,.T.);
#3033=ORIENTED_EDGE('',*,*,#2106,.T.);
#3034=ORIENTED_EDGE('',*,*,#2133,.T.);
#3035=ORIENTED_EDGE('',*,*,#2130,.T.);
#3036=ORIENTED_EDGE('',*,*,#2127,.T.);
#3037=ORIENTED_EDGE('',*,*,#2124,.T.);
#3038=ORIENTED_EDGE('',*,*,#2121,.T.);
#3039=ORIENTED_EDGE('',*,*,#2118,.T.);
#3040=ORIENTED_EDGE('',*,*,#2115,.T.);
#3041=ORIENTED_EDGE('',*,*,#1944,.T.);
#3042=ORIENTED_EDGE('',*,*,#1947,.T.);
#3043=ORIENTED_EDGE('',*,*,#1949,.T.);
#3044=ORIENTED_EDGE('',*,*,#1960,.T.);
#3045=ORIENTED_EDGE('',*,*,#1962,.T.);
#3046=ORIENTED_EDGE('',*,*,#1963,.T.);
#3047=ORIENTED_EDGE('',*,*,#2146,.T.);
#3048=ORIENTED_EDGE('',*,*,#2147,.T.);
#3049=ORIENTED_EDGE('',*,*,#2148,.T.);
#3050=ORIENTED_EDGE('',*,*,#2149,.T.);
#3051=ORIENTED_EDGE('',*,*,#2150,.T.);
#3052=ORIENTED_EDGE('',*,*,#2151,.T.);
#3053=ORIENTED_EDGE('',*,*,#2152,.T.);
#3054=ORIENTED_EDGE('',*,*,#2153,.T.);
#3055=ORIENTED_EDGE('',*,*,#2154,.T.);
#3056=ORIENTED_EDGE('',*,*,#2151,.F.);
#3057=ORIENTED_EDGE('',*,*,#2155,.T.);
#3058=ORIENTED_EDGE('',*,*,#2156,.T.);
#3059=ORIENTED_EDGE('',*,*,#2157,.T.);
#3060=ORIENTED_EDGE('',*,*,#2147,.F.);
#3061=ORIENTED_EDGE('',*,*,#2158,.T.);
#3062=ORIENTED_EDGE('',*,*,#2149,.F.);
#3063=ORIENTED_EDGE('',*,*,#2159,.T.);
#3064=ORIENTED_EDGE('',*,*,#2160,.T.);
#3065=ORIENTED_EDGE('',*,*,#2161,.T.);
#3066=ORIENTED_EDGE('',*,*,#2153,.F.);
#3067=ORIENTED_EDGE('',*,*,#2155,.F.);
#3068=ORIENTED_EDGE('',*,*,#2150,.F.);
#3069=ORIENTED_EDGE('',*,*,#2161,.F.);
#3070=ORIENTED_EDGE('',*,*,#2162,.T.);
#3071=ORIENTED_EDGE('',*,*,#2163,.T.);
#3072=ORIENTED_EDGE('',*,*,#2164,.T.);
#3073=ORIENTED_EDGE('',*,*,#2160,.F.);
#3074=ORIENTED_EDGE('',*,*,#2165,.F.);
#3075=ORIENTED_EDGE('',*,*,#2166,.F.);
#3076=ORIENTED_EDGE('',*,*,#2167,.F.);
#3077=ORIENTED_EDGE('',*,*,#2168,.F.);
#3078=ORIENTED_EDGE('',*,*,#2162,.F.);
#3079=ORIENTED_EDGE('',*,*,#2152,.F.);
#3080=ORIENTED_EDGE('',*,*,#2154,.F.);
#3081=ORIENTED_EDGE('',*,*,#2146,.F.);
#3082=ORIENTED_EDGE('',*,*,#2158,.F.);
#3083=ORIENTED_EDGE('',*,*,#2169,.T.);
#3084=ORIENTED_EDGE('',*,*,#2170,.T.);
#3085=ORIENTED_EDGE('',*,*,#2171,.T.);
#3086=ORIENTED_EDGE('',*,*,#2172,.T.);
#3087=ORIENTED_EDGE('',*,*,#2173,.T.);
#3088=ORIENTED_EDGE('',*,*,#2174,.T.);
#3089=ORIENTED_EDGE('',*,*,#2175,.T.);
#3090=ORIENTED_EDGE('',*,*,#2176,.T.);
#3091=ORIENTED_EDGE('',*,*,#2177,.T.);
#3092=ORIENTED_EDGE('',*,*,#2178,.T.);
#3093=ORIENTED_EDGE('',*,*,#2174,.F.);
#3094=ORIENTED_EDGE('',*,*,#2179,.T.);
#3095=ORIENTED_EDGE('',*,*,#2170,.F.);
#3096=ORIENTED_EDGE('',*,*,#2180,.T.);
#3097=ORIENTED_EDGE('',*,*,#2181,.T.);
#3098=ORIENTED_EDGE('',*,*,#2182,.T.);
#3099=ORIENTED_EDGE('',*,*,#2172,.F.);
#3100=ORIENTED_EDGE('',*,*,#2183,.T.);
#3101=ORIENTED_EDGE('',*,*,#2176,.F.);
#3102=ORIENTED_EDGE('',*,*,#2184,.T.);
#3103=ORIENTED_EDGE('',*,*,#2180,.F.);
#3104=ORIENTED_EDGE('',*,*,#2169,.F.);
#3105=ORIENTED_EDGE('',*,*,#2182,.F.);
#3106=ORIENTED_EDGE('',*,*,#2185,.F.);
#3107=ORIENTED_EDGE('',*,*,#2186,.T.);
#3108=ORIENTED_EDGE('',*,*,#2187,.F.);
#3109=ORIENTED_EDGE('',*,*,#2181,.F.);
#3110=ORIENTED_EDGE('',*,*,#2188,.T.);
#3111=ORIENTED_EDGE('',*,*,#2189,.T.);
#3112=ORIENTED_EDGE('',*,*,#2190,.F.);
#3113=ORIENTED_EDGE('',*,*,#2191,.T.);
#3114=ORIENTED_EDGE('',*,*,#2185,.T.);
#3115=ORIENTED_EDGE('',*,*,#2173,.F.);
#3116=ORIENTED_EDGE('',*,*,#2183,.F.);
#3117=ORIENTED_EDGE('',*,*,#2171,.F.);
#3118=ORIENTED_EDGE('',*,*,#2179,.F.);
#3119=ORIENTED_EDGE('',*,*,#2192,.F.);
#3120=ORIENTED_EDGE('',*,*,#2166,.T.);
#3121=ORIENTED_EDGE('',*,*,#2193,.T.);
#3122=ORIENTED_EDGE('',*,*,#2194,.T.);
#3123=ORIENTED_EDGE('',*,*,#2157,.F.);
#3124=ORIENTED_EDGE('',*,*,#2195,.T.);
#3125=ORIENTED_EDGE('',*,*,#2193,.F.);
#3126=ORIENTED_EDGE('',*,*,#2165,.T.);
#3127=ORIENTED_EDGE('',*,*,#2159,.F.);
#3128=ORIENTED_EDGE('',*,*,#2148,.F.);
#3129=ORIENTED_EDGE('',*,*,#2163,.F.);
#3130=ORIENTED_EDGE('',*,*,#2168,.T.);
#3131=ORIENTED_EDGE('',*,*,#2196,.F.);
#3132=ORIENTED_EDGE('',*,*,#2197,.T.);
#3133=ORIENTED_EDGE('',*,*,#2156,.F.);
#3134=ORIENTED_EDGE('',*,*,#2164,.F.);
#3135=ORIENTED_EDGE('',*,*,#2197,.F.);
#3136=ORIENTED_EDGE('',*,*,#2198,.F.);
#3137=ORIENTED_EDGE('',*,*,#2194,.F.);
#3138=ORIENTED_EDGE('',*,*,#2195,.F.);
#3139=ORIENTED_EDGE('',*,*,#2199,.F.);
#3140=ORIENTED_EDGE('',*,*,#2200,.F.);
#3141=ORIENTED_EDGE('',*,*,#2186,.F.);
#3142=ORIENTED_EDGE('',*,*,#2191,.F.);
#3143=ORIENTED_EDGE('',*,*,#2178,.F.);
#3144=ORIENTED_EDGE('',*,*,#2201,.F.);
#3145=ORIENTED_EDGE('',*,*,#2202,.F.);
#3146=ORIENTED_EDGE('',*,*,#2188,.F.);
#3147=ORIENTED_EDGE('',*,*,#2184,.F.);
#3148=ORIENTED_EDGE('',*,*,#2175,.F.);
#3149=ORIENTED_EDGE('',*,*,#2202,.T.);
#3150=ORIENTED_EDGE('',*,*,#2203,.F.);
#3151=ORIENTED_EDGE('',*,*,#2204,.F.);
#3152=ORIENTED_EDGE('',*,*,#2189,.F.);
#3153=ORIENTED_EDGE('',*,*,#2177,.F.);
#3154=ORIENTED_EDGE('',*,*,#2187,.T.);
#3155=ORIENTED_EDGE('',*,*,#2200,.T.);
#3156=ORIENTED_EDGE('',*,*,#2205,.F.);
#3157=ORIENTED_EDGE('',*,*,#2203,.T.);
#3158=ORIENTED_EDGE('',*,*,#2201,.T.);
#3159=ORIENTED_EDGE('',*,*,#2206,.F.);
#3160=ORIENTED_EDGE('',*,*,#2207,.T.);
#3161=ORIENTED_EDGE('',*,*,#2208,.T.);
#3162=ORIENTED_EDGE('',*,*,#2209,.T.);
#3163=ORIENTED_EDGE('',*,*,#2206,.T.);
#3164=ORIENTED_EDGE('',*,*,#2210,.T.);
#3165=ORIENTED_EDGE('',*,*,#2211,.F.);
#3166=ORIENTED_EDGE('',*,*,#2212,.T.);
#3167=ORIENTED_EDGE('',*,*,#2213,.F.);
#3168=ORIENTED_EDGE('',*,*,#2214,.T.);
#3169=ORIENTED_EDGE('',*,*,#2215,.T.);
#3170=ORIENTED_EDGE('',*,*,#2216,.T.);
#3171=ORIENTED_EDGE('',*,*,#2217,.F.);
#3172=ORIENTED_EDGE('',*,*,#2218,.T.);
#3173=ORIENTED_EDGE('',*,*,#2219,.F.);
#3174=ORIENTED_EDGE('',*,*,#2143,.T.);
#3175=ORIENTED_EDGE('',*,*,#2220,.F.);
#3176=ORIENTED_EDGE('',*,*,#2221,.T.);
#3177=ORIENTED_EDGE('',*,*,#2222,.F.);
#3178=ORIENTED_EDGE('',*,*,#2223,.T.);
#3179=ORIENTED_EDGE('',*,*,#2209,.F.);
#3180=ORIENTED_EDGE('',*,*,#2224,.T.);
#3181=ORIENTED_EDGE('',*,*,#2225,.F.);
#3182=ORIENTED_EDGE('',*,*,#2210,.F.);
#3183=ORIENTED_EDGE('',*,*,#2215,.F.);
#3184=ORIENTED_EDGE('',*,*,#2226,.T.);
#3185=ORIENTED_EDGE('',*,*,#2227,.T.);
#3186=ORIENTED_EDGE('',*,*,#2228,.T.);
#3187=ORIENTED_EDGE('',*,*,#2228,.F.);
#3188=ORIENTED_EDGE('',*,*,#2229,.F.);
#3189=ORIENTED_EDGE('',*,*,#2230,.F.);
#3190=ORIENTED_EDGE('',*,*,#2216,.F.);
#3191=ORIENTED_EDGE('',*,*,#2231,.T.);
#3192=ORIENTED_EDGE('',*,*,#2232,.T.);
#3193=ORIENTED_EDGE('',*,*,#2233,.T.);
#3194=ORIENTED_EDGE('',*,*,#2234,.T.);
#3195=ORIENTED_EDGE('',*,*,#2231,.F.);
#3196=ORIENTED_EDGE('',*,*,#2235,.F.);
#3197=ORIENTED_EDGE('',*,*,#2236,.F.);
#3198=ORIENTED_EDGE('',*,*,#2237,.F.);
#3199=ORIENTED_EDGE('',*,*,#2238,.F.);
#3200=ORIENTED_EDGE('',*,*,#2239,.F.);
#3201=ORIENTED_EDGE('',*,*,#2240,.T.);
#3202=ORIENTED_EDGE('',*,*,#2241,.F.);
#3203=ORIENTED_EDGE('',*,*,#2229,.T.);
#3204=ORIENTED_EDGE('',*,*,#2227,.F.);
#3205=ORIENTED_EDGE('',*,*,#2242,.F.);
#3206=ORIENTED_EDGE('',*,*,#2243,.F.);
#3207=ORIENTED_EDGE('',*,*,#2244,.F.);
#3208=ORIENTED_EDGE('',*,*,#2245,.F.);
#3209=ORIENTED_EDGE('',*,*,#2224,.F.);
#3210=ORIENTED_EDGE('',*,*,#2208,.F.);
#3211=ORIENTED_EDGE('',*,*,#2246,.T.);
#3212=ORIENTED_EDGE('',*,*,#2247,.F.);
#3213=ORIENTED_EDGE('',*,*,#2248,.T.);
#3214=ORIENTED_EDGE('',*,*,#2249,.F.);
#3215=ORIENTED_EDGE('',*,*,#2250,.F.);
#3216=ORIENTED_EDGE('',*,*,#2251,.F.);
#3217=ORIENTED_EDGE('',*,*,#2167,.T.);
#3218=ORIENTED_EDGE('',*,*,#2192,.T.);
#3219=ORIENTED_EDGE('',*,*,#2198,.T.);
#3220=ORIENTED_EDGE('',*,*,#2196,.T.);
#3221=ORIENTED_EDGE('',*,*,#2190,.T.);
#3222=ORIENTED_EDGE('',*,*,#2204,.T.);
#3223=ORIENTED_EDGE('',*,*,#2205,.T.);
#3224=ORIENTED_EDGE('',*,*,#2199,.T.);
#3225=ORIENTED_EDGE('',*,*,#2234,.F.);
#3226=ORIENTED_EDGE('',*,*,#2252,.F.);
#3227=ORIENTED_EDGE('',*,*,#2253,.F.);
#3228=ORIENTED_EDGE('',*,*,#2235,.T.);
#3229=ORIENTED_EDGE('',*,*,#2236,.T.);
#3230=ORIENTED_EDGE('',*,*,#2253,.T.);
#3231=ORIENTED_EDGE('',*,*,#2254,.T.);
#3232=ORIENTED_EDGE('',*,*,#2255,.T.);
#3233=ORIENTED_EDGE('',*,*,#2239,.T.);
#3234=ORIENTED_EDGE('',*,*,#2256,.T.);
#3235=ORIENTED_EDGE('',*,*,#2257,.T.);
#3236=ORIENTED_EDGE('',*,*,#2258,.T.);
#3237=ORIENTED_EDGE('',*,*,#2258,.F.);
#3238=ORIENTED_EDGE('',*,*,#2259,.F.);
#3239=ORIENTED_EDGE('',*,*,#2260,.F.);
#3240=ORIENTED_EDGE('',*,*,#2261,.F.);
#3241=ORIENTED_EDGE('',*,*,#2262,.F.);
#3242=ORIENTED_EDGE('',*,*,#2218,.F.);
#3243=ORIENTED_EDGE('',*,*,#2263,.F.);
#3244=ORIENTED_EDGE('',*,*,#2240,.F.);
#3245=ORIENTED_EDGE('',*,*,#2241,.T.);
#3246=ORIENTED_EDGE('',*,*,#2263,.T.);
#3247=ORIENTED_EDGE('',*,*,#2217,.T.);
#3248=ORIENTED_EDGE('',*,*,#2230,.T.);
#3249=ORIENTED_EDGE('',*,*,#2243,.T.);
#3250=ORIENTED_EDGE('',*,*,#2264,.T.);
#3251=ORIENTED_EDGE('',*,*,#2213,.T.);
#3252=ORIENTED_EDGE('',*,*,#2265,.T.);
#3253=ORIENTED_EDGE('',*,*,#2226,.F.);
#3254=ORIENTED_EDGE('',*,*,#2214,.F.);
#3255=ORIENTED_EDGE('',*,*,#2264,.F.);
#3256=ORIENTED_EDGE('',*,*,#2242,.T.);
#3257=ORIENTED_EDGE('',*,*,#2245,.T.);
#3258=ORIENTED_EDGE('',*,*,#2266,.T.);
#3259=ORIENTED_EDGE('',*,*,#2211,.T.);
#3260=ORIENTED_EDGE('',*,*,#2225,.T.);
#3261=ORIENTED_EDGE('',*,*,#2249,.T.);
#3262=ORIENTED_EDGE('',*,*,#2267,.T.);
#3263=ORIENTED_EDGE('',*,*,#2268,.T.);
#3264=ORIENTED_EDGE('',*,*,#2269,.T.);
#3265=ORIENTED_EDGE('',*,*,#2269,.F.);
#3266=ORIENTED_EDGE('',*,*,#2270,.F.);
#3267=ORIENTED_EDGE('',*,*,#2271,.T.);
#3268=ORIENTED_EDGE('',*,*,#2250,.T.);
#3269=ORIENTED_EDGE('',*,*,#2247,.T.);
#3270=ORIENTED_EDGE('',*,*,#2272,.T.);
#3271=ORIENTED_EDGE('',*,*,#2222,.T.);
#3272=ORIENTED_EDGE('',*,*,#2273,.T.);
#3273=ORIENTED_EDGE('',*,*,#2267,.F.);
#3274=ORIENTED_EDGE('',*,*,#2248,.F.);
#3275=ORIENTED_EDGE('',*,*,#2273,.F.);
#3276=ORIENTED_EDGE('',*,*,#2221,.F.);
#3277=ORIENTED_EDGE('',*,*,#2274,.F.);
#3278=ORIENTED_EDGE('',*,*,#2275,.F.);
#3279=ORIENTED_EDGE('',*,*,#2276,.F.);
#3280=ORIENTED_EDGE('',*,*,#2277,.F.);
#3281=ORIENTED_EDGE('',*,*,#2278,.F.);
#3282=ORIENTED_EDGE('',*,*,#2279,.F.);
#3283=ORIENTED_EDGE('',*,*,#2280,.F.);
#3284=ORIENTED_EDGE('',*,*,#2281,.F.);
#3285=ORIENTED_EDGE('',*,*,#2282,.F.);
#3286=ORIENTED_EDGE('',*,*,#2283,.F.);
#3287=ORIENTED_EDGE('',*,*,#2282,.T.);
#3288=ORIENTED_EDGE('',*,*,#2284,.T.);
#3289=ORIENTED_EDGE('',*,*,#2278,.T.);
#3290=ORIENTED_EDGE('',*,*,#2261,.T.);
#3291=ORIENTED_EDGE('',*,*,#2285,.T.);
#3292=ORIENTED_EDGE('',*,*,#2286,.T.);
#3293=ORIENTED_EDGE('',*,*,#2283,.T.);
#3294=ORIENTED_EDGE('',*,*,#2260,.T.);
#3295=ORIENTED_EDGE('',*,*,#2287,.F.);
#3296=ORIENTED_EDGE('',*,*,#2288,.F.);
#3297=ORIENTED_EDGE('',*,*,#2289,.F.);
#3298=ORIENTED_EDGE('',*,*,#2290,.F.);
#3299=ORIENTED_EDGE('',*,*,#2291,.F.);
#3300=ORIENTED_EDGE('',*,*,#2292,.F.);
#3301=ORIENTED_EDGE('',*,*,#2288,.T.);
#3302=ORIENTED_EDGE('',*,*,#2293,.T.);
#3303=ORIENTED_EDGE('',*,*,#2291,.T.);
#3304=ORIENTED_EDGE('',*,*,#2275,.T.);
#3305=ORIENTED_EDGE('',*,*,#2292,.T.);
#3306=ORIENTED_EDGE('',*,*,#2294,.T.);
#3307=ORIENTED_EDGE('',*,*,#2281,.T.);
#3308=ORIENTED_EDGE('',*,*,#2295,.T.);
#3309=ORIENTED_EDGE('',*,*,#2296,.T.);
#3310=ORIENTED_EDGE('',*,*,#2276,.T.);
#3311=ORIENTED_EDGE('',*,*,#2290,.T.);
#3312=ORIENTED_EDGE('',*,*,#2297,.T.);
#3313=ORIENTED_EDGE('',*,*,#2220,.T.);
#3314=ORIENTED_EDGE('',*,*,#2142,.T.);
#3315=ORIENTED_EDGE('',*,*,#2289,.T.);
#3316=ORIENTED_EDGE('',*,*,#2274,.T.);
#3317=ORIENTED_EDGE('',*,*,#2279,.T.);
#3318=ORIENTED_EDGE('',*,*,#2298,.T.);
#3319=ORIENTED_EDGE('',*,*,#2287,.T.);
#3320=ORIENTED_EDGE('',*,*,#2145,.T.);
#3321=ORIENTED_EDGE('',*,*,#2219,.T.);
#3322=ORIENTED_EDGE('',*,*,#2262,.T.);
#3323=ORIENTED_EDGE('',*,*,#2280,.T.);
#3324=ORIENTED_EDGE('',*,*,#2144,.T.);
#3325=ORIENTED_EDGE('',*,*,#2297,.F.);
#3326=ORIENTED_EDGE('',*,*,#2295,.F.);
#3327=ORIENTED_EDGE('',*,*,#2286,.F.);
#3328=ORIENTED_EDGE('',*,*,#2299,.F.);
#3329=ORIENTED_EDGE('',*,*,#2293,.F.);
#3330=ORIENTED_EDGE('',*,*,#2298,.F.);
#3331=ORIENTED_EDGE('',*,*,#2284,.F.);
#3332=ORIENTED_EDGE('',*,*,#2294,.F.);
#3333=ORIENTED_EDGE('',*,*,#2255,.F.);
#3334=ORIENTED_EDGE('',*,*,#2300,.F.);
#3335=ORIENTED_EDGE('',*,*,#2301,.F.);
#3336=ORIENTED_EDGE('',*,*,#2237,.T.);
#3337=ORIENTED_EDGE('',*,*,#2232,.F.);
#3338=ORIENTED_EDGE('',*,*,#2251,.T.);
#3339=ORIENTED_EDGE('',*,*,#2271,.F.);
#3340=ORIENTED_EDGE('',*,*,#2302,.F.);
#3341=ORIENTED_EDGE('',*,*,#2265,.F.);
#3342=ORIENTED_EDGE('',*,*,#2212,.F.);
#3343=ORIENTED_EDGE('',*,*,#2266,.F.);
#3344=ORIENTED_EDGE('',*,*,#2244,.T.);
#3345=ORIENTED_EDGE('',*,*,#2256,.F.);
#3346=ORIENTED_EDGE('',*,*,#2238,.T.);
#3347=ORIENTED_EDGE('',*,*,#2301,.T.);
#3348=ORIENTED_EDGE('',*,*,#2303,.F.);
#3349=ORIENTED_EDGE('',*,*,#2207,.F.);
#3350=ORIENTED_EDGE('',*,*,#2223,.F.);
#3351=ORIENTED_EDGE('',*,*,#2272,.F.);
#3352=ORIENTED_EDGE('',*,*,#2246,.F.);
#3353=ORIENTED_EDGE('',*,*,#2296,.F.);
#3354=ORIENTED_EDGE('',*,*,#2299,.T.);
#3355=ORIENTED_EDGE('',*,*,#2285,.F.);
#3356=ORIENTED_EDGE('',*,*,#2259,.T.);
#3357=ORIENTED_EDGE('',*,*,#2257,.F.);
#3358=ORIENTED_EDGE('',*,*,#2303,.T.);
#3359=ORIENTED_EDGE('',*,*,#2300,.T.);
#3360=ORIENTED_EDGE('',*,*,#2254,.F.);
#3361=ORIENTED_EDGE('',*,*,#2252,.T.);
#3362=ORIENTED_EDGE('',*,*,#2233,.F.);
#3363=ORIENTED_EDGE('',*,*,#2302,.T.);
#3364=ORIENTED_EDGE('',*,*,#2270,.T.);
#3365=ORIENTED_EDGE('',*,*,#2268,.F.);
#3366=ORIENTED_EDGE('',*,*,#2277,.T.);
#3367=ORIENTED_EDGE('',*,*,#1848,.T.);
#3368=ORIENTED_EDGE('',*,*,#1851,.T.);
#3369=ORIENTED_EDGE('',*,*,#1853,.T.);
#3370=ORIENTED_EDGE('',*,*,#1866,.T.);
#3371=ORIENTED_EDGE('',*,*,#1867,.T.);
#3372=PLANE('',#3691);
#3373=PLANE('',#3692);
#3374=PLANE('',#3693);
#3375=PLANE('',#3694);
#3376=PLANE('',#3695);
#3377=PLANE('',#3696);
#3378=PLANE('',#3697);
#3379=PLANE('',#3698);
#3380=PLANE('',#3699);
#3381=PLANE('',#3700);
#3382=PLANE('',#3701);
#3383=PLANE('',#3702);
#3384=PLANE('',#3703);
#3385=PLANE('',#3704);
#3386=PLANE('',#3705);
#3387=PLANE('',#3706);
#3388=PLANE('',#3707);
#3389=PLANE('',#3708);
#3390=PLANE('',#3709);
#3391=PLANE('',#3710);
#3392=PLANE('',#3711);
#3393=PLANE('',#3712);
#3394=PLANE('',#3713);
#3395=PLANE('',#3714);
#3396=PLANE('',#3715);
#3397=PLANE('',#3716);
#3398=PLANE('',#3717);
#3399=PLANE('',#3718);
#3400=PLANE('',#3719);
#3401=PLANE('',#3720);
#3402=PLANE('',#3721);
#3403=PLANE('',#3722);
#3404=PLANE('',#3723);
#3405=PLANE('',#3724);
#3406=PLANE('',#3725);
#3407=PLANE('',#3726);
#3408=PLANE('',#3727);
#3409=PLANE('',#3728);
#3410=PLANE('',#3729);
#3411=PLANE('',#3730);
#3412=PLANE('',#3731);
#3413=PLANE('',#3732);
#3414=PLANE('',#3733);
#3415=PLANE('',#3734);
#3416=PLANE('',#3735);
#3417=PLANE('',#3736);
#3418=PLANE('',#3737);
#3419=PLANE('',#3738);
#3420=PLANE('',#3739);
#3421=PLANE('',#3740);
#3422=PLANE('',#3741);
#3423=PLANE('',#3742);
#3424=PLANE('',#3743);
#3425=PLANE('',#3744);
#3426=PLANE('',#3745);
#3427=PLANE('',#3746);
#3428=PLANE('',#3747);
#3429=PLANE('',#3748);
#3430=PLANE('',#3749);
#3431=PLANE('',#3750);
#3432=PLANE('',#3751);
#3433=PLANE('',#3752);
#3434=PLANE('',#3753);
#3435=PLANE('',#3754);
#3436=PLANE('',#3755);
#3437=PLANE('',#3756);
#3438=PLANE('',#3757);
#3439=PLANE('',#3758);
#3440=PLANE('',#3759);
#3441=PLANE('',#3772);
#3442=PLANE('',#3773);
#3443=PLANE('',#3774);
#3444=PLANE('',#3787);
#3445=PLANE('',#3788);
#3446=PLANE('',#3789);
#3447=PLANE('',#3790);
#3448=PLANE('',#3791);
#3449=PLANE('',#3792);
#3450=PLANE('',#3793);
#3451=PLANE('',#3794);
#3452=PLANE('',#3795);
#3453=PLANE('',#3796);
#3454=PLANE('',#3797);
#3455=PLANE('',#3801);
#3456=PLANE('',#3809);
#3457=PLANE('',#3812);
#3458=PLANE('',#3816);
#3459=PLANE('',#3824);
#3460=PLANE('',#3829);
#3461=PLANE('',#3832);
#3462=PLANE('',#3836);
#3463=PLANE('',#3838);
#3464=PLANE('',#3865);
#3465=PLANE('',#3866);
#3466=PLANE('',#3867);
#3467=PLANE('',#3868);
#3468=PLANE('',#3869);
#3469=PLANE('',#3870);
#3470=PLANE('',#3871);
#3471=PLANE('',#3872);
#3472=PLANE('',#3873);
#3473=ADVANCED_FACE('',(#178),#3372,.T.);
#3474=ADVANCED_FACE('',(#179),#111,.T.);
#3475=ADVANCED_FACE('',(#180),#112,.T.);
#3476=ADVANCED_FACE('',(#181),#3373,.T.);
#3477=ADVANCED_FACE('',(#182),#3374,.T.);
#3478=ADVANCED_FACE('',(#183),#113,.T.);
#3479=ADVANCED_FACE('',(#184),#114,.T.);
#3480=ADVANCED_FACE('',(#185),#115,.T.);
#3481=ADVANCED_FACE('',(#186),#116,.T.);
#3482=ADVANCED_FACE('',(#187),#117,.T.);
#3483=ADVANCED_FACE('',(#188),#118,.T.);
#3484=ADVANCED_FACE('',(#189),#119,.T.);
#3485=ADVANCED_FACE('',(#190),#120,.T.);
#3486=ADVANCED_FACE('',(#191),#121,.T.);
#3487=ADVANCED_FACE('',(#192),#122,.T.);
#3488=ADVANCED_FACE('',(#193),#123,.T.);
#3489=ADVANCED_FACE('',(#194),#124,.T.);
#3490=ADVANCED_FACE('',(#195),#125,.T.);
#3491=ADVANCED_FACE('',(#196),#126,.T.);
#3492=ADVANCED_FACE('',(#197),#3375,.T.);
#3493=ADVANCED_FACE('',(#198),#3376,.T.);
#3494=ADVANCED_FACE('',(#199),#127,.T.);
#3495=ADVANCED_FACE('',(#200,#97),#3377,.T.);
#3496=ADVANCED_FACE('',(#201),#128,.F.);
#3497=ADVANCED_FACE('',(#202),#129,.F.);
#3498=ADVANCED_FACE('',(#203),#130,.F.);
#3499=ADVANCED_FACE('',(#204),#3378,.T.);
#3500=ADVANCED_FACE('',(#205),#3379,.T.);
#3501=ADVANCED_FACE('',(#206),#3380,.T.);
#3502=ADVANCED_FACE('',(#207),#131,.T.);
#3503=ADVANCED_FACE('',(#208),#132,.T.);
#3504=ADVANCED_FACE('',(#209),#3381,.F.);
#3505=ADVANCED_FACE('',(#210),#133,.F.);
#3506=ADVANCED_FACE('',(#211),#3382,.T.);
#3507=ADVANCED_FACE('',(#212),#3383,.T.);
#3508=ADVANCED_FACE('',(#213),#134,.T.);
#3509=ADVANCED_FACE('',(#214),#135,.T.);
#3510=ADVANCED_FACE('',(#215),#136,.T.);
#3511=ADVANCED_FACE('',(#216),#3384,.T.);
#3512=ADVANCED_FACE('',(#217),#3385,.T.);
#3513=ADVANCED_FACE('',(#218),#3386,.T.);
#3514=ADVANCED_FACE('',(#219),#3387,.T.);
#3515=ADVANCED_FACE('',(#220),#3388,.T.);
#3516=ADVANCED_FACE('',(#221),#3389,.T.);
#3517=ADVANCED_FACE('',(#222),#3390,.T.);
#3518=ADVANCED_FACE('',(#223),#3391,.T.);
#3519=ADVANCED_FACE('',(#224),#137,.T.);
#3520=ADVANCED_FACE('',(#225),#3392,.T.);
#3521=ADVANCED_FACE('',(#226),#3393,.T.);
#3522=ADVANCED_FACE('',(#227),#138,.T.);
#3523=ADVANCED_FACE('',(#228),#139,.T.);
#3524=ADVANCED_FACE('',(#229),#140,.T.);
#3525=ADVANCED_FACE('',(#230),#3394,.T.);
#3526=ADVANCED_FACE('',(#231),#3395,.T.);
#3527=ADVANCED_FACE('',(#232),#3396,.T.);
#3528=ADVANCED_FACE('',(#233),#3397,.T.);
#3529=ADVANCED_FACE('',(#234,#98),#3398,.T.);
#3530=ADVANCED_FACE('',(#235),#141,.F.);
#3531=ADVANCED_FACE('',(#236),#142,.F.);
#3532=ADVANCED_FACE('',(#237),#143,.F.);
#3533=ADVANCED_FACE('',(#238),#144,.T.);
#3534=ADVANCED_FACE('',(#239),#145,.T.);
#3535=ADVANCED_FACE('',(#240),#146,.T.);
#3536=ADVANCED_FACE('',(#241),#147,.T.);
#3537=ADVANCED_FACE('',(#242),#148,.F.);
#3538=ADVANCED_FACE('',(#243),#149,.F.);
#3539=ADVANCED_FACE('',(#244),#150,.F.);
#3540=ADVANCED_FACE('',(#245),#151,.T.);
#3541=ADVANCED_FACE('',(#246),#152,.T.);
#3542=ADVANCED_FACE('',(#247),#153,.T.);
#3543=ADVANCED_FACE('',(#248),#154,.T.);
#3544=ADVANCED_FACE('',(#249),#3399,.T.);
#3545=ADVANCED_FACE('',(#250),#3400,.T.);
#3546=ADVANCED_FACE('',(#251),#3401,.T.);
#3547=ADVANCED_FACE('',(#252),#3402,.T.);
#3548=ADVANCED_FACE('',(#253),#3403,.T.);
#3549=ADVANCED_FACE('',(#254),#3404,.T.);
#3550=ADVANCED_FACE('',(#255),#3405,.T.);
#3551=ADVANCED_FACE('',(#256),#3406,.T.);
#3552=ADVANCED_FACE('',(#257),#3407,.T.);
#3553=ADVANCED_FACE('',(#258),#3408,.T.);
#3554=ADVANCED_FACE('',(#259),#3409,.T.);
#3555=ADVANCED_FACE('',(#260),#3410,.T.);
#3556=ADVANCED_FACE('',(#261),#155,.T.);
#3557=ADVANCED_FACE('',(#262),#156,.T.);
#3558=ADVANCED_FACE('',(#263),#157,.T.);
#3559=ADVANCED_FACE('',(#264),#3411,.T.);
#3560=ADVANCED_FACE('',(#265),#3412,.T.);
#3561=ADVANCED_FACE('',(#266),#3413,.T.);
#3562=ADVANCED_FACE('',(#267),#3414,.T.);
#3563=ADVANCED_FACE('',(#268),#3415,.T.);
#3564=ADVANCED_FACE('',(#269),#158,.T.);
#3565=ADVANCED_FACE('',(#270),#159,.T.);
#3566=ADVANCED_FACE('',(#271),#160,.T.);
#3567=ADVANCED_FACE('',(#272),#3416,.T.);
#3568=ADVANCED_FACE('',(#273),#3417,.T.);
#3569=ADVANCED_FACE('',(#274),#3418,.T.);
#3570=ADVANCED_FACE('',(#275),#3419,.T.);
#3571=ADVANCED_FACE('',(#276),#3420,.T.);
#3572=ADVANCED_FACE('',(#277),#3421,.T.);
#3573=ADVANCED_FACE('',(#278),#3422,.T.);
#3574=ADVANCED_FACE('',(#279),#3423,.T.);
#3575=ADVANCED_FACE('',(#280),#3424,.T.);
#3576=ADVANCED_FACE('',(#281),#161,.T.);
#3577=ADVANCED_FACE('',(#282),#162,.T.);
#3578=ADVANCED_FACE('',(#283),#3425,.T.);
#3579=ADVANCED_FACE('',(#284),#3426,.T.);
#3580=ADVANCED_FACE('',(#285),#3427,.T.);
#3581=ADVANCED_FACE('',(#286),#3428,.T.);
#3582=ADVANCED_FACE('',(#287),#3429,.T.);
#3583=ADVANCED_FACE('',(#288),#3430,.T.);
#3584=ADVANCED_FACE('',(#289),#163,.T.);
#3585=ADVANCED_FACE('',(#290),#164,.T.);
#3586=ADVANCED_FACE('',(#291),#3431,.T.);
#3587=ADVANCED_FACE('',(#292),#165,.T.);
#3588=ADVANCED_FACE('',(#293),#166,.T.);
#3589=ADVANCED_FACE('',(#294),#167,.T.);
#3590=ADVANCED_FACE('',(#295),#168,.T.);
#3591=ADVANCED_FACE('',(#296),#3432,.T.);
#3592=ADVANCED_FACE('',(#297),#3433,.T.);
#3593=ADVANCED_FACE('',(#298),#169,.F.);
#3594=ADVANCED_FACE('',(#299),#170,.F.);
#3595=ADVANCED_FACE('',(#300),#171,.T.);
#3596=ADVANCED_FACE('',(#301),#172,.T.);
#3597=ADVANCED_FACE('',(#302),#3434,.T.);
#3598=ADVANCED_FACE('',(#303),#3435,.T.);
#3599=ADVANCED_FACE('',(#304),#173,.T.);
#3600=ADVANCED_FACE('',(#305),#174,.T.);
#3601=ADVANCED_FACE('',(#306),#175,.T.);
#3602=ADVANCED_FACE('',(#307),#176,.F.);
#3603=ADVANCED_FACE('',(#308),#177,.F.);
#3604=ADVANCED_FACE('',(#309),#3436,.F.);
#3605=ADVANCED_FACE('',(#310,#99),#3437,.T.);
#3606=ADVANCED_FACE('',(#311),#3438,.T.);
#3607=ADVANCED_FACE('',(#312,#100,#101,#102,#103,#104,#105,#106,#107,#108),
#3439,.T.);
#3608=ADVANCED_FACE('',(#313),#3440,.T.);
#3609=ADVANCED_FACE('',(#314),#71,.T.);
#3610=ADVANCED_FACE('',(#315),#72,.T.);
#3611=ADVANCED_FACE('',(#316),#73,.T.);
#3612=ADVANCED_FACE('',(#317),#74,.T.);
#3613=ADVANCED_FACE('',(#318),#3441,.F.);
#3614=ADVANCED_FACE('',(#319),#3442,.F.);
#3615=ADVANCED_FACE('',(#320),#3443,.F.);
#3616=ADVANCED_FACE('',(#321),#75,.T.);
#3617=ADVANCED_FACE('',(#322),#76,.T.);
#3618=ADVANCED_FACE('',(#323),#77,.T.);
#3619=ADVANCED_FACE('',(#324),#78,.T.);
#3620=ADVANCED_FACE('',(#325),#3444,.T.);
#3621=ADVANCED_FACE('',(#326),#3445,.T.);
#3622=ADVANCED_FACE('',(#327),#3446,.T.);
#3623=ADVANCED_FACE('',(#328),#3447,.F.);
#3624=ADVANCED_FACE('',(#329),#3448,.F.);
#3625=ADVANCED_FACE('',(#330),#3449,.F.);
#3626=ADVANCED_FACE('',(#331),#3450,.F.);
#3627=ADVANCED_FACE('',(#332),#3451,.T.);
#3628=ADVANCED_FACE('',(#333),#3452,.T.);
#3629=ADVANCED_FACE('',(#334),#3453,.T.);
#3630=ADVANCED_FACE('',(#335),#3454,.T.);
#3631=ADVANCED_FACE('',(#336),#79,.F.);
#3632=ADVANCED_FACE('',(#337),#3455,.T.);
#3633=ADVANCED_FACE('',(#338),#3456,.T.);
#3634=ADVANCED_FACE('',(#339),#80,.F.);
#3635=ADVANCED_FACE('',(#340),#3457,.T.);
#3636=ADVANCED_FACE('',(#341),#81,.T.);
#3637=ADVANCED_FACE('',(#342,#109,#110),#3458,.T.);
#3638=ADVANCED_FACE('',(#343),#3459,.T.);
#3639=ADVANCED_FACE('',(#344),#82,.T.);
#3640=ADVANCED_FACE('',(#345),#83,.T.);
#3641=ADVANCED_FACE('',(#346),#3460,.T.);
#3642=ADVANCED_FACE('',(#347),#84,.T.);
#3643=ADVANCED_FACE('',(#348),#85,.T.);
#3644=ADVANCED_FACE('',(#349),#3461,.T.);
#3645=ADVANCED_FACE('',(#350),#86,.T.);
#3646=ADVANCED_FACE('',(#351),#87,.T.);
#3647=ADVANCED_FACE('',(#352),#3462,.T.);
#3648=ADVANCED_FACE('',(#353),#88,.T.);
#3649=ADVANCED_FACE('',(#354),#3463,.T.);
#3650=ADVANCED_FACE('',(#355),#15,.T.);
#3651=ADVANCED_FACE('',(#356),#16,.T.);
#3652=ADVANCED_FACE('',(#357),#89,.T.);
#3653=ADVANCED_FACE('',(#358),#90,.T.);
#3654=ADVANCED_FACE('',(#359),#17,.T.);
#3655=ADVANCED_FACE('',(#360),#18,.T.);
#3656=ADVANCED_FACE('',(#361),#91,.T.);
#3657=ADVANCED_FACE('',(#362),#92,.T.);
#3658=ADVANCED_FACE('',(#363),#93,.T.);
#3659=ADVANCED_FACE('',(#364),#94,.T.);
#3660=ADVANCED_FACE('',(#365),#95,.T.);
#3661=ADVANCED_FACE('',(#366),#96,.T.);
#3662=ADVANCED_FACE('',(#367),#3464,.T.);
#3663=ADVANCED_FACE('',(#368),#3465,.F.);
#3664=ADVANCED_FACE('',(#369),#3466,.T.);
#3665=ADVANCED_FACE('',(#370),#3467,.T.);
#3666=ADVANCED_FACE('',(#371),#3468,.T.);
#3667=ADVANCED_FACE('',(#372),#3469,.T.);
#3668=ADVANCED_FACE('',(#373),#3470,.T.);
#3669=ADVANCED_FACE('',(#374),#3471,.T.);
#3670=ADVANCED_FACE('',(#375),#3472,.T.);
#3671=CLOSED_SHELL('',(#3473,#3474,#3475,#3476,#3477,#3478,#3479,#3480,
#3481,#3482,#3483,#3484,#3485,#3486,#3487,#3488,#3489,#3490,#3491,#3492,
#3493,#3494,#3495,#3496,#3497,#3498,#3499,#3500,#3501,#3502,#3503,#3504,
#3505,#3506,#3507,#3508,#3509,#3510,#3511,#3512,#3513,#3514,#3515,#3516,
#3517,#3518,#3519,#3520,#3521,#3522,#3523,#3524,#3525,#3526,#3527,#3528,
#3529,#3530,#3531,#3532,#3533,#3534,#3535,#3536,#3537,#3538,#3539,#3540,
#3541,#3542,#3543,#3544,#3545,#3546,#3547,#3548,#3549,#3550,#3551,#3552,
#3553,#3554,#3555,#3556,#3557,#3558,#3559,#3560,#3561,#3562,#3563,#3564,
#3565,#3566,#3567,#3568,#3569,#3570,#3571,#3572,#3573,#3574,#3575,#3576,
#3577,#3578,#3579,#3580,#3581,#3582,#3583,#3584,#3585,#3586,#3587,#3588,
#3589,#3590,#3591,#3592,#3593,#3594,#3595,#3596,#3597,#3598,#3599,#3600,
#3601,#3602,#3603,#3604,#3605,#3606,#3607,#3608,#3609,#3610,#3611,#3612,
#3613,#3614,#3615,#3616,#3617,#3618,#3619,#3620,#3621,#3622,#3623,#3624,
#3625,#3626,#3627,#3628,#3629,#3630,#3631,#3632,#3633,#3634,#3635,#3636,
#3637,#3638,#3639,#3640,#3641,#3642,#3643,#3644,#3645,#3646,#3647,#3648,
#3649,#3650,#3651,#3652,#3653,#3654,#3655,#3656,#3657,#3658,#3659,#3660,
#3661,#3662,#3663,#3664,#3665,#3666,#3667,#3668,#3669,#3670));
#3672=DERIVED_UNIT_ELEMENT(#3674,1.);
#3673=DERIVED_UNIT_ELEMENT(#6758,3.);
#3674=(
MASS_UNIT()
NAMED_UNIT(*)
SI_UNIT($,.GRAM.)
);
#3675=DERIVED_UNIT((#3672,#3673));
#3676=MEASURE_REPRESENTATION_ITEM('density measure',
POSITIVE_RATIO_MEASURE(1.),#3675);
#3677=PROPERTY_DEFINITION_REPRESENTATION(#3682,#3679);
#3678=PROPERTY_DEFINITION_REPRESENTATION(#3683,#3680);
#3679=REPRESENTATION('material name',(#3681),#6753);
#3680=REPRESENTATION('density',(#3676),#6753);
#3681=DESCRIPTIVE_REPRESENTATION_ITEM('Generic','Generic');
#3682=PROPERTY_DEFINITION('material property','material name',#6766);
#3683=PROPERTY_DEFINITION('material property','density of part',#6766);
#3684=DATE_TIME_ROLE('creation_date');
#3685=APPLIED_DATE_AND_TIME_ASSIGNMENT(#3686,#3684,(#6766));
#3686=DATE_AND_TIME(#3687,#3688);
#3687=CALENDAR_DATE(2020,21,11);
#3688=LOCAL_TIME(13,17,33.,#3689);
#3689=COORDINATED_UNIVERSAL_TIME_OFFSET(0,0,.BEHIND.);
#3690=AXIS2_PLACEMENT_3D('placement',#4590,#3874,#3875);
#3691=AXIS2_PLACEMENT_3D('',#4591,#3876,#3877);
#3692=AXIS2_PLACEMENT_3D('',#4769,#3885,#3886);
#3693=AXIS2_PLACEMENT_3D('',#4773,#3889,#3890);
#3694=AXIS2_PLACEMENT_3D('',#4973,#3907,#3908);
#3695=AXIS2_PLACEMENT_3D('',#4977,#3911,#3912);
#3696=AXIS2_PLACEMENT_3D('',#4993,#3915,#3916);
#3697=AXIS2_PLACEMENT_3D('',#5114,#3927,#3928);
#3698=AXIS2_PLACEMENT_3D('',#5120,#3932,#3933);
#3699=AXIS2_PLACEMENT_3D('',#5124,#3936,#3937);
#3700=AXIS2_PLACEMENT_3D('',#5156,#3942,#3943);
#3701=AXIS2_PLACEMENT_3D('',#5172,#3946,#3947);
#3702=AXIS2_PLACEMENT_3D('',#5176,#3950,#3951);
#3703=AXIS2_PLACEMENT_3D('',#5231,#3957,#3958);
#3704=AXIS2_PLACEMENT_3D('',#5237,#3962,#3963);
#3705=AXIS2_PLACEMENT_3D('',#5243,#3967,#3968);
#3706=AXIS2_PLACEMENT_3D('',#5249,#3972,#3973);
#3707=AXIS2_PLACEMENT_3D('',#5255,#3977,#3978);
#3708=AXIS2_PLACEMENT_3D('',#5261,#3982,#3983);
#3709=AXIS2_PLACEMENT_3D('',#5267,#3987,#3988);
#3710=AXIS2_PLACEMENT_3D('',#5273,#3992,#3993);
#3711=AXIS2_PLACEMENT_3D('',#5301,#3998,#3999);
#3712=AXIS2_PLACEMENT_3D('',#5307,#4003,#4004);
#3713=AXIS2_PLACEMENT_3D('',#5379,#4011,#4012);
#3714=AXIS2_PLACEMENT_3D('',#5385,#4016,#4017);
#3715=AXIS2_PLACEMENT_3D('',#5391,#4021,#4022);
#3716=AXIS2_PLACEMENT_3D('',#5394,#4025,#4026);
#3717=AXIS2_PLACEMENT_3D('',#5395,#4027,#4028);
#3718=AXIS2_PLACEMENT_3D('',#5705,#4043,#4044);
#3719=AXIS2_PLACEMENT_3D('',#5714,#4049,#4050);
#3720=AXIS2_PLACEMENT_3D('',#5720,#4054,#4055);
#3721=AXIS2_PLACEMENT_3D('',#5726,#4059,#4060);
#3722=AXIS2_PLACEMENT_3D('',#5729,#4063,#4064);
#3723=AXIS2_PLACEMENT_3D('',#5730,#4065,#4066);
#3724=AXIS2_PLACEMENT_3D('',#5739,#4071,#4072);
#3725=AXIS2_PLACEMENT_3D('',#5745,#4076,#4077);
#3726=AXIS2_PLACEMENT_3D('',#5749,#4080,#4081);
#3727=AXIS2_PLACEMENT_3D('',#5753,#4084,#4085);
#3728=AXIS2_PLACEMENT_3D('',#5755,#4087,#4088);
#3729=AXIS2_PLACEMENT_3D('',#5764,#4093,#4094);
#3730=AXIS2_PLACEMENT_3D('',#5836,#4101,#4102);
#3731=AXIS2_PLACEMENT_3D('',#5842,#4106,#4107);
#3732=AXIS2_PLACEMENT_3D('',#5848,#4111,#4112);
#3733=AXIS2_PLACEMENT_3D('',#5854,#4116,#4117);
#3734=AXIS2_PLACEMENT_3D('',#5860,#4121,#4122);
#3735=AXIS2_PLACEMENT_3D('',#5932,#4129,#4130);
#3736=AXIS2_PLACEMENT_3D('',#5935,#4133,#4134);
#3737=AXIS2_PLACEMENT_3D('',#5936,#4135,#4136);
#3738=AXIS2_PLACEMENT_3D('',#5995,#4150,#4151);
#3739=AXIS2_PLACEMENT_3D('',#6001,#4155,#4156);
#3740=AXIS2_PLACEMENT_3D('',#6005,#4159,#4160);
#3741=AXIS2_PLACEMENT_3D('',#6009,#4163,#4164);
#3742=AXIS2_PLACEMENT_3D('',#6013,#4167,#4168);
#3743=AXIS2_PLACEMENT_3D('',#6017,#4171,#4172);
#3744=AXIS2_PLACEMENT_3D('',#6049,#4177,#4178);
#3745=AXIS2_PLACEMENT_3D('',#6053,#4181,#4182);
#3746=AXIS2_PLACEMENT_3D('',#6057,#4185,#4186);
#3747=AXIS2_PLACEMENT_3D('',#6061,#4189,#4190);
#3748=AXIS2_PLACEMENT_3D('',#6065,#4193,#4194);
#3749=AXIS2_PLACEMENT_3D('',#6069,#4197,#4198);
#3750=AXIS2_PLACEMENT_3D('',#6101,#4203,#4204);
#3751=AXIS2_PLACEMENT_3D('',#6194,#4211,#4212);
#3752=AXIS2_PLACEMENT_3D('',#6200,#4216,#4217);
#3753=AXIS2_PLACEMENT_3D('',#6297,#4226,#4227);
#3754=AXIS2_PLACEMENT_3D('',#6303,#4231,#4232);
#3755=AXIS2_PLACEMENT_3D('',#6416,#4240,#4241);
#3756=AXIS2_PLACEMENT_3D('',#6419,#4244,#4245);
#3757=AXIS2_PLACEMENT_3D('',#6420,#4246,#4247);
#3758=AXIS2_PLACEMENT_3D('',#6421,#4248,#4249);
#3759=AXIS2_PLACEMENT_3D('',#6430,#4254,#4255);
#3760=AXIS2_PLACEMENT_3D('',#6431,#4256,#4257);
#3761=AXIS2_PLACEMENT_3D('',#6436,#4259,#4260);
#3762=AXIS2_PLACEMENT_3D('',#6439,#4262,#4263);
#3763=AXIS2_PLACEMENT_3D('',#6440,#4264,#4265);
#3764=AXIS2_PLACEMENT_3D('',#6445,#4267,#4268);
#3765=AXIS2_PLACEMENT_3D('',#6448,#4270,#4271);
#3766=AXIS2_PLACEMENT_3D('',#6449,#4272,#4273);
#3767=AXIS2_PLACEMENT_3D('',#6452,#4275,#4276);
#3768=AXIS2_PLACEMENT_3D('',#6455,#4278,#4279);
#3769=AXIS2_PLACEMENT_3D('',#6456,#4280,#4281);
#3770=AXIS2_PLACEMENT_3D('',#6459,#4283,#4284);
#3771=AXIS2_PLACEMENT_3D('',#6462,#4286,#4287);
#3772=AXIS2_PLACEMENT_3D('',#6463,#4288,#4289);
#3773=AXIS2_PLACEMENT_3D('',#6469,#4293,#4294);
#3774=AXIS2_PLACEMENT_3D('',#6477,#4299,#4300);
#3775=AXIS2_PLACEMENT_3D('',#6478,#4301,#4302);
#3776=AXIS2_PLACEMENT_3D('',#6483,#4304,#4305);
#3777=AXIS2_PLACEMENT_3D('',#6486,#4307,#4308);
#3778=AXIS2_PLACEMENT_3D('',#6487,#4309,#4310);
#3779=AXIS2_PLACEMENT_3D('',#6492,#4312,#4313);
#3780=AXIS2_PLACEMENT_3D('',#6495,#4315,#4316);
#3781=AXIS2_PLACEMENT_3D('',#6496,#4317,#4318);
#3782=AXIS2_PLACEMENT_3D('',#6500,#4320,#4321);
#3783=AXIS2_PLACEMENT_3D('',#6502,#4323,#4324);
#3784=AXIS2_PLACEMENT_3D('',#6503,#4325,#4326);
#3785=AXIS2_PLACEMENT_3D('',#6507,#4328,#4329);
#3786=AXIS2_PLACEMENT_3D('',#6509,#4331,#4332);
#3787=AXIS2_PLACEMENT_3D('',#6510,#4333,#4334);
#3788=AXIS2_PLACEMENT_3D('',#6516,#4338,#4339);
#3789=AXIS2_PLACEMENT_3D('',#6524,#4344,#4345);
#3790=AXIS2_PLACEMENT_3D('',#6525,#4346,#4347);
#3791=AXIS2_PLACEMENT_3D('',#6531,#4351,#4352);
#3792=AXIS2_PLACEMENT_3D('',#6533,#4354,#4355);
#3793=AXIS2_PLACEMENT_3D('',#6537,#4358,#4359);
#3794=AXIS2_PLACEMENT_3D('',#6539,#4361,#4362);
#3795=AXIS2_PLACEMENT_3D('',#6543,#4365,#4366);
#3796=AXIS2_PLACEMENT_3D('',#6547,#4369,#4370);
#3797=AXIS2_PLACEMENT_3D('',#6551,#4373,#4374);
#3798=AXIS2_PLACEMENT_3D('',#6553,#4376,#4377);
#3799=AXIS2_PLACEMENT_3D('',#6556,#4378,#4379);
#3800=AXIS2_PLACEMENT_3D('',#6560,#4381,#4382);
#3801=AXIS2_PLACEMENT_3D('',#6562,#4384,#4385);
#3802=AXIS2_PLACEMENT_3D('',#6566,#4387,#4388);
#3803=AXIS2_PLACEMENT_3D('',#6570,#4390,#4391);
#3804=AXIS2_PLACEMENT_3D('',#6574,#4393,#4394);
#3805=AXIS2_PLACEMENT_3D('',#6578,#4396,#4397);
#3806=AXIS2_PLACEMENT_3D('',#6581,#4399,#4400);
#3807=AXIS2_PLACEMENT_3D('',#6583,#4401,#4402);
#3808=AXIS2_PLACEMENT_3D('',#6587,#4404,#4405);
#3809=AXIS2_PLACEMENT_3D('',#6589,#4407,#4408);
#3810=AXIS2_PLACEMENT_3D('',#6593,#4411,#4412);
#3811=AXIS2_PLACEMENT_3D('',#6597,#4414,#4415);
#3812=AXIS2_PLACEMENT_3D('',#6599,#4417,#4418);
#3813=AXIS2_PLACEMENT_3D('',#6603,#4421,#4422);
#3814=AXIS2_PLACEMENT_3D('',#6606,#4423,#4424);
#3815=AXIS2_PLACEMENT_3D('',#6610,#4426,#4427);
#3816=AXIS2_PLACEMENT_3D('',#6612,#4429,#4430);
#3817=AXIS2_PLACEMENT_3D('',#6616,#4432,#4433);
#3818=AXIS2_PLACEMENT_3D('',#6622,#4436,#4437);
#3819=AXIS2_PLACEMENT_3D('',#6625,#4439,#4440);
#3820=AXIS2_PLACEMENT_3D('',#6629,#4442,#4443);
#3821=AXIS2_PLACEMENT_3D('',#6632,#4445,#4446);
#3822=AXIS2_PLACEMENT_3D('',#6636,#4448,#4449);
#3823=AXIS2_PLACEMENT_3D('',#6640,#4451,#4452);
#3824=AXIS2_PLACEMENT_3D('',#6644,#4455,#4456);
#3825=AXIS2_PLACEMENT_3D('',#6648,#4459,#4460);
#3826=AXIS2_PLACEMENT_3D('',#6650,#4461,#4462);
#3827=AXIS2_PLACEMENT_3D('',#6652,#4464,#4465);
#3828=AXIS2_PLACEMENT_3D('',#6656,#4467,#4468);
#3829=AXIS2_PLACEMENT_3D('',#6658,#4470,#4471);
#3830=AXIS2_PLACEMENT_3D('',#6667,#4477,#4478);
#3831=AXIS2_PLACEMENT_3D('',#6668,#4479,#4480);
#3832=AXIS2_PLACEMENT_3D('',#6671,#4483,#4484);
#3833=AXIS2_PLACEMENT_3D('',#6672,#4485,#4486);
#3834=AXIS2_PLACEMENT_3D('',#6674,#4488,#4489);
#3835=AXIS2_PLACEMENT_3D('',#6678,#4491,#4492);
#3836=AXIS2_PLACEMENT_3D('',#6680,#4494,#4495);
#3837=AXIS2_PLACEMENT_3D('',#6684,#4498,#4499);
#3838=AXIS2_PLACEMENT_3D('',#6687,#4502,#4503);
#3839=AXIS2_PLACEMENT_3D('',#6695,#4508,#4509);
#3840=AXIS2_PLACEMENT_3D('',#6697,#4510,#4511);
#3841=AXIS2_PLACEMENT_3D('',#6698,#4512,#4513);
#3842=AXIS2_PLACEMENT_3D('',#6699,#4514,#4515);
#3843=AXIS2_PLACEMENT_3D('',#6700,#4516,#4517);
#3844=AXIS2_PLACEMENT_3D('',#6703,#4518,#4519);
#3845=AXIS2_PLACEMENT_3D('',#6704,#4520,#4521);
#3846=AXIS2_PLACEMENT_3D('',#6705,#4522,#4523);
#3847=AXIS2_PLACEMENT_3D('',#6706,#4524,#4525);
#3848=AXIS2_PLACEMENT_3D('',#6708,#4527,#4528);
#3849=AXIS2_PLACEMENT_3D('',#6710,#4529,#4530);
#3850=AXIS2_PLACEMENT_3D('',#6712,#4532,#4533);
#3851=AXIS2_PLACEMENT_3D('',#6714,#4534,#4535);
#3852=AXIS2_PLACEMENT_3D('',#6715,#4536,#4537);
#3853=AXIS2_PLACEMENT_3D('',#6716,#4538,#4539);
#3854=AXIS2_PLACEMENT_3D('',#6717,#4540,#4541);
#3855=AXIS2_PLACEMENT_3D('',#6719,#4542,#4543);
#3856=AXIS2_PLACEMENT_3D('',#6721,#4544,#4545);
#3857=AXIS2_PLACEMENT_3D('',#6722,#4546,#4547);
#3858=AXIS2_PLACEMENT_3D('',#6723,#4548,#4549);
#3859=AXIS2_PLACEMENT_3D('',#6725,#4551,#4552);
#3860=AXIS2_PLACEMENT_3D('',#6728,#4555,#4556);
#3861=AXIS2_PLACEMENT_3D('',#6730,#4557,#4558);
#3862=AXIS2_PLACEMENT_3D('',#6732,#4560,#4561);
#3863=AXIS2_PLACEMENT_3D('',#6733,#4562,#4563);
#3864=AXIS2_PLACEMENT_3D('',#6735,#4565,#4566);
#3865=AXIS2_PLACEMENT_3D('',#6736,#4567,#4568);
#3866=AXIS2_PLACEMENT_3D('',#6738,#4570,#4571);
#3867=AXIS2_PLACEMENT_3D('',#6739,#4572,#4573);
#3868=AXIS2_PLACEMENT_3D('',#6743,#4576,#4577);
#3869=AXIS2_PLACEMENT_3D('',#6745,#4579,#4580);
#3870=AXIS2_PLACEMENT_3D('',#6746,#4581,#4582);
#3871=AXIS2_PLACEMENT_3D('',#6748,#4584,#4585);
#3872=AXIS2_PLACEMENT_3D('',#6749,#4586,#4587);
#3873=AXIS2_PLACEMENT_3D('',#6750,#4588,#4589);
#3874=DIRECTION('axis',(0.,0.,1.));
#3875=DIRECTION('refdir',(1.,0.,0.));
#3876=DIRECTION('center_axis',(1.,0.,-2.8506239933888E-16));
#3877=DIRECTION('ref_axis',(2.8506239933888E-16,0.,1.));
#3878=DIRECTION('',(-2.8506239933888E-16,0.,-1.));
#3879=DIRECTION('',(0.,1.,0.));
#3880=DIRECTION('',(2.8506239933888E-16,0.,1.));
#3881=DIRECTION('',(0.,-1.,0.));
#3882=DIRECTION('',(-1.,0.,2.83925512133511E-16));
#3883=DIRECTION('',(-1.,0.,2.83925512133511E-16));
#3884=DIRECTION('',(-1.,0.,2.83925512133511E-16));
#3885=DIRECTION('center_axis',(-2.83925512133511E-16,0.,-1.));
#3886=DIRECTION('ref_axis',(-1.,0.,2.83925512133511E-16));
#3887=DIRECTION('',(-1.,0.,2.83925512133511E-16));
#3888=DIRECTION('',(0.,-1.,0.));
#3889=DIRECTION('center_axis',(0.,-1.,0.));
#3890=DIRECTION('ref_axis',(0.,0.,-1.));
#3891=DIRECTION('',(-1.,0.,2.83925512133511E-16));
#3892=DIRECTION('',(2.8506239933888E-16,0.,1.));
#3893=DIRECTION('',(-1.,0.,2.83925512133511E-16));
#3894=DIRECTION('',(-1.,0.,2.83925512133511E-16));
#3895=DIRECTION('',(-1.,0.,2.83925512133511E-16));
#3896=DIRECTION('',(-1.,0.,2.83925512133511E-16));
#3897=DIRECTION('',(-1.,0.,2.83925512133511E-16));
#3898=DIRECTION('',(-1.,0.,2.83925512133511E-16));
#3899=DIRECTION('',(-1.,0.,2.83925512133511E-16));
#3900=DIRECTION('',(-1.,0.,2.83925512133511E-16));
#3901=DIRECTION('',(-1.,0.,2.83925512133511E-16));
#3902=DIRECTION('',(-1.,0.,2.83925512133511E-16));
#3903=DIRECTION('',(-1.,0.,2.83925512133511E-16));
#3904=DIRECTION('',(-1.,0.,2.83925512133511E-16));
#3905=DIRECTION('',(-1.,0.,2.83925512133511E-16));
#3906=DIRECTION('',(-1.,0.,2.83925512133511E-16));
#3907=DIRECTION('center_axis',(0.,1.,0.));
#3908=DIRECTION('ref_axis',(0.,0.,1.));
#3909=DIRECTION('',(-2.8506239933888E-16,0.,-1.));
#3910=DIRECTION('',(-1.,0.,2.83925512133511E-16));
#3911=DIRECTION('center_axis',(2.83925512133511E-16,0.,1.));
#3912=DIRECTION('ref_axis',(1.,0.,-2.83925512133511E-16));
#3913=DIRECTION('',(0.,1.,0.));
#3914=DIRECTION('',(-1.,0.,2.83925512133511E-16));
#3915=DIRECTION('center_axis',(1.,0.,-2.8506239933888E-16));
#3916=DIRECTION('ref_axis',(2.8506239933888E-16,0.,1.));
#3917=DIRECTION('',(0.,1.,0.));
#3918=DIRECTION('',(2.8506239933888E-16,0.,1.));
#3919=DIRECTION('',(0.,-1.,0.));
#3920=DIRECTION('',(-2.8506239933888E-16,0.,-1.));
#3921=DIRECTION('',(0.,1.,0.));
#3922=DIRECTION('',(0.,1.,0.));
#3923=DIRECTION('',(-1.,0.,2.83925512133511E-16));
#3924=DIRECTION('',(-1.,0.,2.83925512133511E-16));
#3925=DIRECTION('',(-1.,0.,2.83925512133511E-16));
#3926=DIRECTION('',(-1.,0.,2.83925512133511E-16));
#3927=DIRECTION('center_axis',(2.83925512133511E-16,0.,1.));
#3928=DIRECTION('ref_axis',(1.,0.,-2.83925512133511E-16));
#3929=DIRECTION('',(-1.,0.,2.83925512133511E-16));
#3930=DIRECTION('',(0.,1.,0.));
#3931=DIRECTION('',(-1.,0.,2.83925512133511E-16));
#3932=DIRECTION('center_axis',(0.,1.,0.));
#3933=DIRECTION('ref_axis',(0.,0.,1.));
#3934=DIRECTION('',(-1.,0.,2.83925512133511E-16));
#3935=DIRECTION('',(-2.8506239933888E-16,0.,-1.));
#3936=DIRECTION('center_axis',(-2.83925512133511E-16,0.,-1.));
#3937=DIRECTION('ref_axis',(-1.,0.,2.83925512133511E-16));
#3938=DIRECTION('',(-1.,0.,2.83925512133511E-16));
#3939=DIRECTION('',(0.,-1.,0.));
#3940=DIRECTION('',(-1.,0.,2.83925512133511E-16));
#3941=DIRECTION('',(-1.,0.,2.83925512133511E-16));
#3942=DIRECTION('center_axis',(2.83925512133511E-16,0.,1.));
#3943=DIRECTION('ref_axis',(1.,0.,-2.83925512133511E-16));
#3944=DIRECTION('',(-1.,0.,2.83925512133511E-16));
#3945=DIRECTION('',(0.,-1.,0.));
#3946=DIRECTION('center_axis',(0.,-1.,0.));
#3947=DIRECTION('ref_axis',(0.,0.,-1.));
#3948=DIRECTION('',(2.8506239933888E-16,0.,1.));
#3949=DIRECTION('',(-1.,0.,2.83925512133511E-16));
#3950=DIRECTION('center_axis',(-2.83925512133511E-16,0.,-1.));
#3951=DIRECTION('ref_axis',(-1.,0.,2.83925512133511E-16));
#3952=DIRECTION('',(0.,-1.,0.));
#3953=DIRECTION('',(-1.,0.,2.83925512133511E-16));
#3954=DIRECTION('',(-1.,0.,2.83925512133511E-16));
#3955=DIRECTION('',(-1.,0.,2.85615544943829E-16));
#3956=DIRECTION('',(-1.,0.,2.85615544943829E-16));
#3957=DIRECTION('center_axis',(2.85615544943829E-16,0.,1.));
#3958=DIRECTION('ref_axis',(1.,0.,-2.85615544943829E-16));
#3959=DIRECTION('',(0.,-1.,0.));
#3960=DIRECTION('',(-1.,0.,2.85615544943829E-16));
#3961=DIRECTION('',(0.,1.,0.));
#3962=DIRECTION('center_axis',(0.,-1.,0.));
#3963=DIRECTION('ref_axis',(0.,0.,-1.));
#3964=DIRECTION('',(-2.8506239933888E-16,0.,-1.));
#3965=DIRECTION('',(-1.,0.,2.85615544943829E-16));
#3966=DIRECTION('',(2.8506239933888E-16,0.,1.));
#3967=DIRECTION('center_axis',(2.85615544943829E-16,0.,1.));
#3968=DIRECTION('ref_axis',(1.,0.,-2.85615544943829E-16));
#3969=DIRECTION('',(0.,-1.,0.));
#3970=DIRECTION('',(-1.,0.,2.85615544943829E-16));
#3971=DIRECTION('',(0.,1.,0.));
#3972=DIRECTION('center_axis',(0.,1.,0.));
#3973=DIRECTION('ref_axis',(0.,0.,1.));
#3974=DIRECTION('',(2.8506239933888E-16,0.,1.));
#3975=DIRECTION('',(-1.,0.,2.85615544943829E-16));
#3976=DIRECTION('',(-2.8506239933888E-16,0.,-1.));
#3977=DIRECTION('center_axis',(2.85615544943829E-16,0.,1.));
#3978=DIRECTION('ref_axis',(1.,0.,-2.85615544943829E-16));
#3979=DIRECTION('',(0.,-1.,0.));
#3980=DIRECTION('',(-1.,0.,2.85615544943829E-16));
#3981=DIRECTION('',(0.,1.,0.));
#3982=DIRECTION('center_axis',(0.,1.,0.));
#3983=DIRECTION('ref_axis',(0.,0.,1.));
#3984=DIRECTION('',(2.8506239933888E-16,0.,1.));
#3985=DIRECTION('',(-1.,0.,2.85615544943829E-16));
#3986=DIRECTION('',(-2.8506239933888E-16,0.,-1.));
#3987=DIRECTION('center_axis',(-2.85615544943829E-16,0.,-1.));
#3988=DIRECTION('ref_axis',(-1.,0.,2.85615544943829E-16));
#3989=DIRECTION('',(0.,1.,0.));
#3990=DIRECTION('',(-1.,0.,2.85615544943829E-16));
#3991=DIRECTION('',(0.,-1.,0.));
#3992=DIRECTION('center_axis',(0.,1.,0.));
#3993=DIRECTION('ref_axis',(0.,0.,1.));
#3994=DIRECTION('',(2.8506239933888E-16,0.,1.));
#3995=DIRECTION('',(-1.,0.,2.85615544943829E-16));
#3996=DIRECTION('',(-2.8506239933888E-16,0.,-1.));
#3997=DIRECTION('',(-1.,0.,2.85615544943829E-16));
#3998=DIRECTION('center_axis',(-2.85615544943829E-16,0.,-1.));
#3999=DIRECTION('ref_axis',(-1.,0.,2.85615544943829E-16));
#4000=DIRECTION('',(0.,1.,0.));
#4001=DIRECTION('',(0.,-1.,0.));
#4002=DIRECTION('',(-1.,0.,2.85615544943829E-16));
#4003=DIRECTION('center_axis',(0.,1.,0.));
#4004=DIRECTION('ref_axis',(0.,0.,1.));
#4005=DIRECTION('',(2.8506239933888E-16,0.,1.));
#4006=DIRECTION('',(-2.8506239933888E-16,0.,-1.));
#4007=DIRECTION('',(-1.,0.,2.85615544943829E-16));
#4008=DIRECTION('',(-1.,0.,2.85615544943829E-16));
#4009=DIRECTION('',(-1.,0.,2.85615544943829E-16));
#4010=DIRECTION('',(-1.,0.,2.85615544943829E-16));
#4011=DIRECTION('center_axis',(-2.85615544943829E-16,0.,-1.));
#4012=DIRECTION('ref_axis',(-1.,0.,2.85615544943829E-16));
#4013=DIRECTION('',(0.,1.,0.));
#4014=DIRECTION('',(0.,-1.,0.));
#4015=DIRECTION('',(-1.,0.,2.85615544943829E-16));
#4016=DIRECTION('center_axis',(0.,-1.,0.));
#4017=DIRECTION('ref_axis',(0.,0.,-1.));
#4018=DIRECTION('',(-2.8506239933888E-16,0.,-1.));
#4019=DIRECTION('',(2.8506239933888E-16,0.,1.));
#4020=DIRECTION('',(-1.,0.,2.85615544943829E-16));
#4021=DIRECTION('center_axis',(-2.85615544943829E-16,0.,-1.));
#4022=DIRECTION('ref_axis',(-1.,0.,2.85615544943829E-16));
#4023=DIRECTION('',(0.,1.,0.));
#4024=DIRECTION('',(0.,-1.,0.));
#4025=DIRECTION('center_axis',(1.,0.,-2.8506239933888E-16));
#4026=DIRECTION('ref_axis',(2.8506239933888E-16,0.,1.));
#4027=DIRECTION('center_axis',(1.,0.,-2.8506239933888E-16));
#4028=DIRECTION('ref_axis',(2.8506239933888E-16,0.,1.));
#4029=DIRECTION('',(-1.,0.,2.83925512133511E-16));
#4030=DIRECTION('',(-1.,0.,2.83925512133511E-16));
#4031=DIRECTION('',(-1.,0.,2.83925512133511E-16));
#4032=DIRECTION('',(-1.,0.,2.83925512133511E-16));
#4033=DIRECTION('',(-1.,0.,2.83925512133511E-16));
#4034=DIRECTION('',(-1.,0.,2.83925512133511E-16));
#4035=DIRECTION('',(-1.,0.,2.83925512133511E-16));
#4036=DIRECTION('',(-1.,0.,2.83925512133511E-16));
#4037=DIRECTION('',(-1.,0.,2.83925512133511E-16));
#4038=DIRECTION('',(-1.,0.,2.83925512133511E-16));
#4039=DIRECTION('',(-1.,0.,2.83925512133511E-16));
#4040=DIRECTION('',(-1.,0.,2.83925512133511E-16));
#4041=DIRECTION('',(-1.,0.,2.83925512133511E-16));
#4042=DIRECTION('',(-1.,0.,2.83925512133511E-16));
#4043=DIRECTION('center_axis',(0.,-1.,0.));
#4044=DIRECTION('ref_axis',(0.,0.,-1.));
#4045=DIRECTION('',(-2.8506239933888E-16,0.,-1.));
#4046=DIRECTION('',(-1.,0.,2.8477052853867E-16));
#4047=DIRECTION('',(2.8506239933888E-16,0.,1.));
#4048=DIRECTION('',(-1.,0.,2.8477052853867E-16));
#4049=DIRECTION('center_axis',(2.8477052853867E-16,0.,1.));
#4050=DIRECTION('ref_axis',(1.,0.,-2.8477052853867E-16));
#4051=DIRECTION('',(0.,-1.,0.));
#4052=DIRECTION('',(-1.,0.,2.8477052853867E-16));
#4053=DIRECTION('',(0.,1.,0.));
#4054=DIRECTION('center_axis',(-2.8477052853867E-16,0.,-1.));
#4055=DIRECTION('ref_axis',(-1.,0.,2.8477052853867E-16));
#4056=DIRECTION('',(0.,1.,0.));
#4057=DIRECTION('',(0.,-1.,0.));
#4058=DIRECTION('',(-1.,0.,2.8477052853867E-16));
#4059=DIRECTION('center_axis',(0.,1.,0.));
#4060=DIRECTION('ref_axis',(0.,0.,1.));
#4061=DIRECTION('',(2.8506239933888E-16,0.,1.));
#4062=DIRECTION('',(-2.8506239933888E-16,0.,-1.));
#4063=DIRECTION('center_axis',(1.,0.,-2.8506239933888E-16));
#4064=DIRECTION('ref_axis',(2.8506239933888E-16,0.,1.));
#4065=DIRECTION('center_axis',(1.,0.,-2.8506239933888E-16));
#4066=DIRECTION('ref_axis',(2.8506239933888E-16,0.,1.));
#4067=DIRECTION('',(0.,1.,0.));
#4068=DIRECTION('',(2.8506239933888E-16,0.,1.));
#4069=DIRECTION('',(0.,-1.,0.));
#4070=DIRECTION('',(-2.8506239933888E-16,0.,-1.));
#4071=DIRECTION('center_axis',(0.,1.,0.));
#4072=DIRECTION('ref_axis',(0.,0.,1.));
#4073=DIRECTION('',(-1.,0.,2.8477052853867E-16));
#4074=DIRECTION('',(-2.8506239933888E-16,0.,-1.));
#4075=DIRECTION('',(-1.,0.,2.8477052853867E-16));
#4076=DIRECTION('center_axis',(-2.8477052853867E-16,0.,-1.));
#4077=DIRECTION('ref_axis',(-1.,0.,2.8477052853867E-16));
#4078=DIRECTION('',(-1.,0.,2.8477052853867E-16));
#4079=DIRECTION('',(0.,-1.,0.));
#4080=DIRECTION('center_axis',(2.8477052853867E-16,0.,1.));
#4081=DIRECTION('ref_axis',(1.,0.,-2.8477052853867E-16));
#4082=DIRECTION('',(0.,1.,0.));
#4083=DIRECTION('',(-1.,0.,2.8477052853867E-16));
#4084=DIRECTION('center_axis',(0.,-1.,0.));
#4085=DIRECTION('ref_axis',(0.,0.,-1.));
#4086=DIRECTION('',(2.8506239933888E-16,0.,1.));
#4087=DIRECTION('center_axis',(0.,-1.,0.));
#4088=DIRECTION('ref_axis',(0.,0.,-1.));
#4089=DIRECTION('',(-2.8506239933888E-16,0.,-1.));
#4090=DIRECTION('',(-1.,0.,2.83925512133511E-16));
#4091=DIRECTION('',(2.8506239933888E-16,0.,1.));
#4092=DIRECTION('',(-1.,0.,2.83925512133511E-16));
#4093=DIRECTION('center_axis',(2.83925512133511E-16,0.,1.));
#4094=DIRECTION('ref_axis',(1.,0.,-2.83925512133511E-16));
#4095=DIRECTION('',(0.,-1.,0.));
#4096=DIRECTION('',(-1.,0.,2.83925512133511E-16));
#4097=DIRECTION('',(0.,1.,0.));
#4098=DIRECTION('',(-1.,0.,2.83925512133511E-16));
#4099=DIRECTION('',(-1.,0.,2.83925512133511E-16));
#4100=DIRECTION('',(-1.,0.,2.83925512133511E-16));
#4101=DIRECTION('center_axis',(2.83925512133511E-16,0.,1.));
#4102=DIRECTION('ref_axis',(1.,0.,-2.83925512133511E-16));
#4103=DIRECTION('',(0.,-1.,0.));
#4104=DIRECTION('',(-1.,0.,2.83925512133511E-16));
#4105=DIRECTION('',(0.,1.,0.));
#4106=DIRECTION('center_axis',(0.,1.,0.));
#4107=DIRECTION('ref_axis',(0.,0.,1.));
#4108=DIRECTION('',(2.8506239933888E-16,0.,1.));
#4109=DIRECTION('',(-1.,0.,2.83925512133511E-16));
#4110=DIRECTION('',(-2.8506239933888E-16,0.,-1.));
#4111=DIRECTION('center_axis',(-2.83925512133511E-16,0.,-1.));
#4112=DIRECTION('ref_axis',(-1.,0.,2.83925512133511E-16));
#4113=DIRECTION('',(0.,1.,0.));
#4114=DIRECTION('',(0.,-1.,0.));
#4115=DIRECTION('',(-1.,0.,2.83925512133511E-16));
#4116=DIRECTION('center_axis',(0.,1.,0.));
#4117=DIRECTION('ref_axis',(0.,0.,1.));
#4118=DIRECTION('',(2.8506239933888E-16,0.,1.));
#4119=DIRECTION('',(-2.8506239933888E-16,0.,-1.));
#4120=DIRECTION('',(-1.,0.,2.83925512133511E-16));
#4121=DIRECTION('center_axis',(2.83925512133511E-16,0.,1.));
#4122=DIRECTION('ref_axis',(1.,0.,-2.83925512133511E-16));
#4123=DIRECTION('',(0.,-1.,0.));
#4124=DIRECTION('',(0.,1.,0.));
#4125=DIRECTION('',(-1.,0.,2.83925512133511E-16));
#4126=DIRECTION('',(-1.,0.,2.83925512133511E-16));
#4127=DIRECTION('',(-1.,0.,2.83925512133511E-16));
#4128=DIRECTION('',(-1.,0.,2.83925512133511E-16));
#4129=DIRECTION('center_axis',(-2.83925512133511E-16,0.,-1.));
#4130=DIRECTION('ref_axis',(-1.,0.,2.83925512133511E-16));
#4131=DIRECTION('',(0.,1.,0.));
#4132=DIRECTION('',(0.,-1.,0.));
#4133=DIRECTION('center_axis',(1.,0.,-2.8506239933888E-16));
#4134=DIRECTION('ref_axis',(2.8506239933888E-16,0.,1.));
#4135=DIRECTION('center_axis',(1.,0.,-2.8506239933888E-16));
#4136=DIRECTION('ref_axis',(2.8506239933888E-16,0.,1.));
#4137=DIRECTION('',(0.,1.,0.));
#4138=DIRECTION('',(0.,-1.,0.));
#4139=DIRECTION('',(2.8506239933888E-16,0.,1.));
#4140=DIRECTION('',(0.,-1.,0.));
#4141=DIRECTION('',(-2.8506239933888E-16,0.,-1.));
#4142=DIRECTION('',(0.,-1.,0.));
#4143=DIRECTION('',(-2.8506239933888E-16,0.,-1.));
#4144=DIRECTION('',(0.,1.,0.));
#4145=DIRECTION('',(-2.8506239933888E-16,0.,-1.));
#4146=DIRECTION('',(0.,1.,0.));
#4147=DIRECTION('',(2.8506239933888E-16,0.,1.));
#4148=DIRECTION('',(0.,1.,0.));
#4149=DIRECTION('',(-2.8506239933888E-16,0.,-1.));
#4150=DIRECTION('center_axis',(0.,-1.,0.));
#4151=DIRECTION('ref_axis',(0.,0.,-1.));
#4152=DIRECTION('',(-1.,0.,2.85615544943829E-16));
#4153=DIRECTION('',(2.8506239933888E-16,0.,1.));
#4154=DIRECTION('',(-1.,0.,2.85615544943829E-16));
#4155=DIRECTION('center_axis',(2.85615544943829E-16,0.,1.));
#4156=DIRECTION('ref_axis',(1.,0.,-2.85615544943829E-16));
#4157=DIRECTION('',(-1.,0.,2.85615544943829E-16));
#4158=DIRECTION('',(0.,1.,0.));
#4159=DIRECTION('center_axis',(0.,-1.,0.));
#4160=DIRECTION('ref_axis',(0.,0.,-1.));
#4161=DIRECTION('',(-1.,0.,2.85615544943829E-16));
#4162=DIRECTION('',(2.8506239933888E-16,0.,1.));
#4163=DIRECTION('center_axis',(2.85615544943829E-16,0.,1.));
#4164=DIRECTION('ref_axis',(1.,0.,-2.85615544943829E-16));
#4165=DIRECTION('',(-1.,0.,2.85615544943829E-16));
#4166=DIRECTION('',(0.,1.,0.));
#4167=DIRECTION('center_axis',(0.,1.,0.));
#4168=DIRECTION('ref_axis',(0.,0.,1.));
#4169=DIRECTION('',(-1.,0.,2.85615544943829E-16));
#4170=DIRECTION('',(-2.8506239933888E-16,0.,-1.));
#4171=DIRECTION('center_axis',(2.85615544943829E-16,0.,1.));
#4172=DIRECTION('ref_axis',(1.,0.,-2.85615544943829E-16));
#4173=DIRECTION('',(-1.,0.,2.85615544943829E-16));
#4174=DIRECTION('',(0.,1.,0.));
#4175=DIRECTION('',(-1.,0.,2.85615544943829E-16));
#4176=DIRECTION('',(-1.,0.,2.85615544943829E-16));
#4177=DIRECTION('center_axis',(-2.85615544943829E-16,0.,-1.));
#4178=DIRECTION('ref_axis',(-1.,0.,2.85615544943829E-16));
#4179=DIRECTION('',(-1.,0.,2.85615544943829E-16));
#4180=DIRECTION('',(0.,-1.,0.));
#4181=DIRECTION('center_axis',(-2.85615544943829E-16,0.,-1.));
#4182=DIRECTION('ref_axis',(-1.,0.,2.85615544943829E-16));
#4183=DIRECTION('',(0.,-1.,0.));
#4184=DIRECTION('',(-1.,0.,2.85615544943829E-16));
#4185=DIRECTION('center_axis',(0.,-1.,0.));
#4186=DIRECTION('ref_axis',(0.,0.,-1.));
#4187=DIRECTION('',(2.8506239933888E-16,0.,1.));
#4188=DIRECTION('',(-1.,0.,2.85615544943829E-16));
#4189=DIRECTION('center_axis',(-2.85615544943829E-16,0.,-1.));
#4190=DIRECTION('ref_axis',(-1.,0.,2.85615544943829E-16));
#4191=DIRECTION('',(0.,-1.,0.));
#4192=DIRECTION('',(-1.,0.,2.85615544943829E-16));
#4193=DIRECTION('center_axis',(0.,1.,0.));
#4194=DIRECTION('ref_axis',(0.,0.,1.));
#4195=DIRECTION('',(-2.8506239933888E-16,0.,-1.));
#4196=DIRECTION('',(-1.,0.,2.85615544943829E-16));
#4197=DIRECTION('center_axis',(-2.85615544943829E-16,0.,-1.));
#4198=DIRECTION('ref_axis',(-1.,0.,2.85615544943829E-16));
#4199=DIRECTION('',(0.,-1.,0.));
#4200=DIRECTION('',(-1.,0.,2.85615544943829E-16));
#4201=DIRECTION('',(-1.,0.,2.85615544943829E-16));
#4202=DIRECTION('',(-1.,0.,2.85615544943829E-16));
#4203=DIRECTION('center_axis',(0.,-1.,0.));
#4204=DIRECTION('ref_axis',(0.,0.,-1.));
#4205=DIRECTION('',(2.8506239933888E-16,0.,1.));
#4206=DIRECTION('',(-1.,0.,2.83925512133511E-16));
#4207=DIRECTION('',(-1.,0.,2.83925512133511E-16));
#4208=DIRECTION('',(-1.,0.,2.83925512133511E-16));
#4209=DIRECTION('',(-1.,0.,2.83925512133511E-16));
#4210=DIRECTION('',(-1.,0.,2.83925512133511E-16));
#4211=DIRECTION('center_axis',(-2.83925512133511E-16,0.,-1.));
#4212=DIRECTION('ref_axis',(-1.,0.,2.83925512133511E-16));
#4213=DIRECTION('',(0.,1.,0.));
#4214=DIRECTION('',(-1.,0.,2.83925512133511E-16));
#4215=DIRECTION('',(0.,-1.,0.));
#4216=DIRECTION('center_axis',(0.,-1.,0.));
#4217=DIRECTION('ref_axis',(0.,0.,-1.));
#4218=DIRECTION('',(-2.8506239933888E-16,0.,-1.));
#4219=DIRECTION('',(-1.,0.,2.83925512133511E-16));
#4220=DIRECTION('',(2.8506239933888E-16,0.,1.));
#4221=DIRECTION('',(-1.,0.,2.83925512133511E-16));
#4222=DIRECTION('',(-1.,0.,2.83925512133511E-16));
#4223=DIRECTION('',(-1.,0.,2.83925512133511E-16));
#4224=DIRECTION('',(-1.,0.,2.83925512133511E-16));
#4225=DIRECTION('',(-1.,0.,2.83925512133511E-16));
#4226=DIRECTION('center_axis',(-2.83925512133511E-16,0.,-1.));
#4227=DIRECTION('ref_axis',(-1.,0.,2.83925512133511E-16));
#4228=DIRECTION('',(0.,1.,0.));
#4229=DIRECTION('',(0.,-1.,0.));
#4230=DIRECTION('',(-1.,0.,2.83925512133511E-16));
#4231=DIRECTION('center_axis',(0.,1.,0.));
#4232=DIRECTION('ref_axis',(0.,0.,1.));
#4233=DIRECTION('',(2.8506239933888E-16,0.,1.));
#4234=DIRECTION('',(-2.8506239933888E-16,0.,-1.));
#4235=DIRECTION('',(-1.,0.,2.83925512133511E-16));
#4236=DIRECTION('',(-1.,0.,2.83925512133511E-16));
#4237=DIRECTION('',(-1.,0.,2.83925512133511E-16));
#4238=DIRECTION('',(-1.,0.,2.83925512133511E-16));
#4239=DIRECTION('',(-1.,0.,2.83925512133511E-16));
#4240=DIRECTION('center_axis',(0.,-1.,0.));
#4241=DIRECTION('ref_axis',(0.,0.,-1.));
#4242=DIRECTION('',(2.8506239933888E-16,0.,1.));
#4243=DIRECTION('',(-2.8506239933888E-16,0.,-1.));
#4244=DIRECTION('center_axis',(1.,0.,-2.8506239933888E-16));
#4245=DIRECTION('ref_axis',(2.8506239933888E-16,0.,1.));
#4246=DIRECTION('center_axis',(1.,0.,-2.8506239933888E-16));
#4247=DIRECTION('ref_axis',(2.8506239933888E-16,0.,1.));
#4248=DIRECTION('center_axis',(1.,0.,-2.8506239933888E-16));
#4249=DIRECTION('ref_axis',(2.8506239933888E-16,0.,1.));
#4250=DIRECTION('',(0.,1.,0.));
#4251=DIRECTION('',(2.8506239933888E-16,0.,1.));
#4252=DIRECTION('',(0.,-1.,0.));
#4253=DIRECTION('',(-2.8506239933888E-16,0.,-1.));
#4254=DIRECTION('center_axis',(1.,0.,-2.8506239933888E-16));
#4255=DIRECTION('ref_axis',(2.8506239933888E-16,0.,1.));
#4256=DIRECTION('center_axis',(1.,0.,0.));
#4257=DIRECTION('ref_axis',(0.,-0.786433779854035,0.617674598720471));
#4258=DIRECTION('',(1.,0.,0.));
#4259=DIRECTION('center_axis',(-0.707106781186545,0.,0.70710678118655));
#4260=DIRECTION('ref_axis',(-0.70710678118655,0.,-0.707106781186545));
#4261=DIRECTION('',(-1.,0.,0.));
#4262=DIRECTION('center_axis',(0.707106781186545,0.,0.70710678118655));
#4263=DIRECTION('ref_axis',(-0.70710678118655,0.,0.707106781186545));
#4264=DIRECTION('center_axis',(1.,0.,0.));
#4265=DIRECTION('ref_axis',(0.,-0.786433779854035,-0.617674598720471));
#4266=DIRECTION('',(1.,0.,0.));
#4267=DIRECTION('center_axis',(-0.707106781186547,0.,-0.707106781186548));
#4268=DIRECTION('ref_axis',(-0.707106781186548,0.,0.707106781186547));
#4269=DIRECTION('',(-1.,0.,0.));
#4270=DIRECTION('center_axis',(0.707106781186547,0.,-0.707106781186548));
#4271=DIRECTION('ref_axis',(-0.707106781186548,0.,-0.707106781186547));
#4272=DIRECTION('center_axis',(0.,0.,1.));
#4273=DIRECTION('ref_axis',(0.707106781186556,-0.707106781186539,0.));
#4274=DIRECTION('',(0.,0.,-1.));
#4275=DIRECTION('center_axis',(0.,0.236956180191008,0.971520338783129));
#4276=DIRECTION('ref_axis',(1.32702294415436E-16,-0.971520338783129,0.236956180191008));
#4277=DIRECTION('',(0.,0.,1.));
#4278=DIRECTION('center_axis',(0.,0.236956180191007,-0.97152033878313));
#4279=DIRECTION('ref_axis',(1.32702294415436E-16,-0.97152033878313,-0.236956180191007));
#4280=DIRECTION('center_axis',(0.,0.,-1.));
#4281=DIRECTION('ref_axis',(-0.707106781186556,-0.707106781186539,0.));
#4282=DIRECTION('',(0.,0.,1.));
#4283=DIRECTION('center_axis',(0.,0.236956180191007,-0.97152033878313));
#4284=DIRECTION('ref_axis',(-1.32702294415436E-16,-0.97152033878313,-0.236956180191007));
#4285=DIRECTION('',(0.,0.,-1.));
#4286=DIRECTION('center_axis',(0.,0.236956180191008,0.971520338783129));
#4287=DIRECTION('ref_axis',(-1.32702294415436E-16,-0.971520338783129,0.236956180191008));
#4288=DIRECTION('center_axis',(0.,0.236956180191008,0.971520338783129));
#4289=DIRECTION('ref_axis',(0.,-0.97152033878313,0.236956180191008));
#4290=DIRECTION('',(0.,0.97152033878313,-0.236956180191008));
#4291=DIRECTION('',(1.,0.,0.));
#4292=DIRECTION('',(0.,-0.97152033878313,0.236956180191008));
#4293=DIRECTION('center_axis',(1.,0.,0.));
#4294=DIRECTION('ref_axis',(0.,0.,-1.));
#4295=DIRECTION('',(0.,-0.97152033878313,-0.236956180191007));
#4296=DIRECTION('',(0.,-1.,1.04568344255091E-16));
#4297=DIRECTION('',(0.,0.,1.));
#4298=DIRECTION('',(0.,1.,0.));
#4299=DIRECTION('center_axis',(0.,1.,0.));
#4300=DIRECTION('ref_axis',(0.,0.,1.));
#4301=DIRECTION('center_axis',(1.,0.,0.));
#4302=DIRECTION('ref_axis',(0.,-0.78643377985403,-0.617674598720478));
#4303=DIRECTION('',(1.,0.,0.));
#4304=DIRECTION('center_axis',(-0.707106781186548,0.,-0.707106781186547));
#4305=DIRECTION('ref_axis',(-0.707106781186547,0.,0.707106781186548));
#4306=DIRECTION('',(-1.,0.,0.));
#4307=DIRECTION('center_axis',(0.707106781186548,0.,-0.707106781186547));
#4308=DIRECTION('ref_axis',(-0.707106781186547,0.,-0.707106781186548));
#4309=DIRECTION('center_axis',(1.,0.,0.));
#4310=DIRECTION('ref_axis',(0.,-0.786433779854035,0.617674598720471));
#4311=DIRECTION('',(1.,0.,0.));
#4312=DIRECTION('center_axis',(-0.707106781186548,0.,0.707106781186547));
#4313=DIRECTION('ref_axis',(-0.707106781186547,0.,-0.707106781186548));
#4314=DIRECTION('',(-1.,0.,0.));
#4315=DIRECTION('center_axis',(0.707106781186548,0.,0.707106781186547));
#4316=DIRECTION('ref_axis',(-0.707106781186547,0.,0.707106781186548));
#4317=DIRECTION('center_axis',(0.,0.,-1.));
#4318=DIRECTION('ref_axis',(0.707106781186543,-0.707106781186552,0.));
#4319=DIRECTION('',(0.,0.,1.));
#4320=DIRECTION('center_axis',(0.,0.236956180191008,-0.971520338783129));
#4321=DIRECTION('ref_axis',(-2.65404588830872E-16,-0.971520338783129,-0.236956180191008));
#4322=DIRECTION('',(0.,0.,-1.));
#4323=DIRECTION('center_axis',(0.,0.236956180191007,0.97152033878313));
#4324=DIRECTION('ref_axis',(-2.65404588830872E-16,-0.97152033878313,0.236956180191007));
#4325=DIRECTION('center_axis',(0.,0.,1.));
#4326=DIRECTION('ref_axis',(-0.707106781186543,-0.707106781186552,0.));
#4327=DIRECTION('',(0.,0.,-1.));
#4328=DIRECTION('center_axis',(0.,0.236956180191007,0.97152033878313));
#4329=DIRECTION('ref_axis',(2.65404588830872E-16,-0.97152033878313,0.236956180191007));
#4330=DIRECTION('',(0.,0.,1.));
#4331=DIRECTION('center_axis',(0.,0.236956180191008,-0.971520338783129));
#4332=DIRECTION('ref_axis',(2.65404588830872E-16,-0.971520338783129,-0.236956180191008));
#4333=DIRECTION('center_axis',(0.,-0.236956180191007,-0.97152033878313));
#4334=DIRECTION('ref_axis',(0.,0.97152033878313,-0.236956180191007));
#4335=DIRECTION('',(0.,-0.97152033878313,0.236956180191007));
#4336=DIRECTION('',(1.,0.,0.));
#4337=DIRECTION('',(0.,0.97152033878313,-0.236956180191007));
#4338=DIRECTION('center_axis',(-1.,0.,0.));
#4339=DIRECTION('ref_axis',(0.,0.,1.));
#4340=DIRECTION('',(0.,0.97152033878313,0.236956180191008));
#4341=DIRECTION('',(0.,1.,0.));
#4342=DIRECTION('',(0.,0.,1.));
#4343=DIRECTION('',(0.,-1.,-1.04568344255091E-16));
#4344=DIRECTION('center_axis',(0.,-1.,0.));
#4345=DIRECTION('ref_axis',(0.,0.,-1.));
#4346=DIRECTION('center_axis',(0.,-1.04568344255091E-16,-1.));
#4347=DIRECTION('ref_axis',(0.,1.,-1.04568344255091E-16));
#4348=DIRECTION('',(1.,0.,0.));
#4349=DIRECTION('',(1.,0.,0.));
#4350=DIRECTION('',(0.,1.,-1.04568344255091E-16));
#4351=DIRECTION('center_axis',(0.,0.236956180191007,-0.97152033878313));
#4352=DIRECTION('ref_axis',(0.,0.97152033878313,0.236956180191007));
#4353=DIRECTION('',(0.,0.97152033878313,0.236956180191007));
#4354=DIRECTION('center_axis',(0.,0.,1.));
#4355=DIRECTION('ref_axis',(0.,-1.,0.));
#4356=DIRECTION('',(-1.,0.,0.));
#4357=DIRECTION('',(0.,-1.,0.));
#4358=DIRECTION('center_axis',(-1.,0.,0.));
#4359=DIRECTION('ref_axis',(0.,0.,1.));
#4360=DIRECTION('',(0.,0.,-1.));
#4361=DIRECTION('center_axis',(0.,1.04568344255091E-16,-1.));
#4362=DIRECTION('ref_axis',(0.,1.,1.04568344255091E-16));
#4363=DIRECTION('',(-1.,0.,0.));
#4364=DIRECTION('',(0.,1.,1.04568344255091E-16));
#4365=DIRECTION('center_axis',(0.,-0.236956180191008,0.971520338783129));
#4366=DIRECTION('ref_axis',(0.,-0.97152033878313,-0.236956180191008));
#4367=DIRECTION('',(0.,-0.97152033878313,-0.236956180191008));
#4368=DIRECTION('',(1.,0.,0.));
#4369=DIRECTION('center_axis',(0.,0.,1.));
#4370=DIRECTION('ref_axis',(0.,-1.,0.));
#4371=DIRECTION('',(0.,-1.,0.));
#4372=DIRECTION('',(1.,0.,0.));
#4373=DIRECTION('center_axis',(1.,0.,0.));
#4374=DIRECTION('ref_axis',(0.,0.,-1.));
#4375=DIRECTION('',(0.,0.,-1.));
#4376=DIRECTION('center_axis',(1.19207912450804E-16,1.,4.76831649803217E-16));
#4377=DIRECTION('ref_axis',(-0.707106781186548,0.,-0.707106781186548));
#4378=DIRECTION('center_axis',(0.,-1.,0.));
#4379=DIRECTION('ref_axis',(-0.707106781186548,0.,-0.707106781186548));
#4380=DIRECTION('',(-1.19207912450804E-16,-1.,-4.76831649803217E-16));
#4381=DIRECTION('center_axis',(0.,-1.,0.));
#4382=DIRECTION('ref_axis',(-0.707106781186548,0.,-0.707106781186548));
#4383=DIRECTION('',(1.19207912450804E-16,1.,4.76831649803217E-16));
#4384=DIRECTION('center_axis',(0.,-1.,0.));
#4385=DIRECTION('ref_axis',(0.,0.,-1.));
#4386=DIRECTION('',(1.,0.,0.));
#4387=DIRECTION('center_axis',(0.,1.,0.));
#4388=DIRECTION('ref_axis',(0.707106781186548,0.,0.707106781186547));
#4389=DIRECTION('',(0.,0.,-1.));
#4390=DIRECTION('center_axis',(0.,1.,0.));
#4391=DIRECTION('ref_axis',(0.707106781186548,0.,-0.707106781186548));
#4392=DIRECTION('',(-1.,0.,0.));
#4393=DIRECTION('center_axis',(0.,-1.,0.));
#4394=DIRECTION('ref_axis',(-0.707106781186548,0.,0.707106781186548));
#4395=DIRECTION('',(-2.77143999357244E-16,0.,-1.));
#4396=DIRECTION('center_axis',(0.,1.,0.));
#4397=DIRECTION('ref_axis',(0.707106781186546,0.,-0.707106781186549));
#4398=DIRECTION('',(1.,0.,-2.73184799366426E-16));
#4399=DIRECTION('center_axis',(0.,1.,0.));
#4400=DIRECTION('ref_axis',(0.707106781186547,0.,-0.707106781186548));
#4401=DIRECTION('center_axis',(0.,1.,0.));
#4402=DIRECTION('ref_axis',(0.707106781186547,0.,0.707106781186548));
#4403=DIRECTION('',(-1.,0.,0.));
#4404=DIRECTION('center_axis',(0.,1.,0.));
#4405=DIRECTION('ref_axis',(0.707106781186546,0.,0.707106781186549));
#4406=DIRECTION('',(-2.77143999357244E-16,0.,-1.));
#4407=DIRECTION('center_axis',(0.,-4.76831649803217E-16,1.));
#4408=DIRECTION('ref_axis',(-1.19207912450804E-16,-1.,-4.76831649803217E-16));
#4409=DIRECTION('',(1.,0.,0.));
#4410=DIRECTION('',(0.,-1.,-4.76831649803217E-16));
#4411=DIRECTION('center_axis',(-1.19207912450804E-16,-1.,-3.17887766535478E-16));
#4412=DIRECTION('ref_axis',(-0.707106781186548,0.,0.707106781186548));
#4413=DIRECTION('',(-1.19207912450804E-16,-1.,-3.17887766535478E-16));
#4414=DIRECTION('center_axis',(0.,-1.,0.));
#4415=DIRECTION('ref_axis',(-0.707106781186548,0.,0.707106781186548));
#4416=DIRECTION('',(1.19207912450804E-16,1.,3.17887766535478E-16));
#4417=DIRECTION('center_axis',(1.,-1.19207912450804E-16,-2.77143999357244E-16));
#4418=DIRECTION('ref_axis',(1.19207912450804E-16,1.,-3.25657896457634E-32));
#4419=DIRECTION('',(2.77143999357244E-16,0.,1.));
#4420=DIRECTION('',(-1.19207912450804E-16,-1.,3.25657896457634E-32));
#4421=DIRECTION('center_axis',(9.06178494490809E-32,1.,4.76831649803217E-16));
#4422=DIRECTION('ref_axis',(-0.707106781186548,0.,0.707106781186547));
#4423=DIRECTION('center_axis',(0.,1.,0.));
#4424=DIRECTION('ref_axis',(-0.707106781186548,0.,0.707106781186547));
#4425=DIRECTION('',(9.06178494490809E-32,1.,4.76831649803217E-16));
#4426=DIRECTION('center_axis',(0.,1.,0.));
#4427=DIRECTION('ref_axis',(-0.707106781186548,0.,0.707106781186547));
#4428=DIRECTION('',(-9.06178494490809E-32,-1.,-4.76831649803217E-16));
#4429=DIRECTION('center_axis',(0.,-1.,0.));
#4430=DIRECTION('ref_axis',(1.,0.,-2.73184799366426E-16));
#4431=DIRECTION('',(2.77143999357244E-16,9.35635926718954E-19,1.));
#4432=DIRECTION('center_axis',(0.,1.,0.));
#4433=DIRECTION('ref_axis',(-0.707106781186548,0.,-0.707106781186547));
#4434=DIRECTION('',(-1.,0.,1.90041599559253E-16));
#4435=DIRECTION('',(2.77143999357244E-16,0.,1.));
#4436=DIRECTION('center_axis',(0.,1.,0.));
#4437=DIRECTION('ref_axis',(-0.707106781186549,0.,-0.707106781186546));
#4438=DIRECTION('',(1.,0.,-2.73184799366426E-16));
#4439=DIRECTION('center_axis',(0.,1.,0.));
#4440=DIRECTION('ref_axis',(0.707106781186546,0.,-0.707106781186549));
#4441=DIRECTION('',(-1.,0.,1.90041599559253E-16));
#4442=DIRECTION('center_axis',(0.,1.,0.));
#4443=DIRECTION('ref_axis',(0.707106781186548,0.,-0.707106781186548));
#4444=DIRECTION('',(-2.77143999357244E-16,-9.35635926718954E-19,-1.));
#4445=DIRECTION('center_axis',(0.,1.,0.));
#4446=DIRECTION('ref_axis',(0.707106781186548,0.,0.707106781186547));
#4447=DIRECTION('',(2.77143999357244E-16,0.,1.));
#4448=DIRECTION('center_axis',(0.,1.,0.));
#4449=DIRECTION('ref_axis',(0.707106781186546,0.,0.707106781186549));
#4450=DIRECTION('',(-1.,0.,0.));
#4451=DIRECTION('center_axis',(0.,1.,0.));
#4452=DIRECTION('ref_axis',(-0.707106781186547,0.,0.707106781186548));
#4453=DIRECTION('',(2.77143999357244E-16,0.,1.));
#4454=DIRECTION('',(1.,0.,0.));
#4455=DIRECTION('center_axis',(-1.,0.,1.90041599559253E-16));
#4456=DIRECTION('ref_axis',(1.90041599559253E-16,0.,1.));
#4457=DIRECTION('',(1.90041599559253E-16,0.,1.));
#4458=DIRECTION('',(6.04118996327206E-32,1.,3.17887766535478E-16));
#4459=DIRECTION('center_axis',(-6.04118996327206E-32,-1.,-3.17887766535478E-16));
#4460=DIRECTION('ref_axis',(-0.707106781186548,0.,-0.707106781186547));
#4461=DIRECTION('center_axis',(0.,1.,0.));
#4462=DIRECTION('ref_axis',(-0.707106781186548,0.,-0.707106781186547));
#4463=DIRECTION('',(-6.04118996327206E-32,-1.,-3.17887766535478E-16));
#4464=DIRECTION('center_axis',(-1.58943883267739E-16,-1.,4.34210528610179E-32));
#4465=DIRECTION('ref_axis',(-0.707106781186549,0.,-0.707106781186546));
#4466=DIRECTION('',(1.58943883267739E-16,1.,-4.34210528610179E-32));
#4467=DIRECTION('center_axis',(0.,1.,0.));
#4468=DIRECTION('ref_axis',(-0.707106781186549,0.,-0.707106781186546));
#4469=DIRECTION('',(-1.58943883267739E-16,-1.,4.34210528610179E-32));
#4470=DIRECTION('center_axis',(-2.73184799366426E-16,0.,-1.));
#4471=DIRECTION('ref_axis',(1.,0.,-2.73184799366426E-16));
#4472=DIRECTION('',(1.,0.,-2.73184799366426E-16));
#4473=DIRECTION('',(0.,-1.,0.));
#4474=DIRECTION('',(-1.,0.,2.73184799366426E-16));
#4475=DIRECTION('',(0.,1.,0.));
#4476=DIRECTION('',(1.19207912450804E-16,1.,-3.25657896457634E-32));
#4477=DIRECTION('center_axis',(1.19207912450804E-16,1.,-3.25657896457635E-32));
#4478=DIRECTION('ref_axis',(0.707106781186546,0.,-0.707106781186549));
#4479=DIRECTION('center_axis',(0.,1.,3.17887766535478E-16));
#4480=DIRECTION('ref_axis',(0.707106781186548,0.,-0.707106781186548));
#4481=DIRECTION('',(0.,1.,3.17887766535478E-16));
#4482=DIRECTION('',(0.,-1.,-3.17887766535478E-16));
#4483=DIRECTION('center_axis',(0.,3.17887766535478E-16,-1.));
#4484=DIRECTION('ref_axis',(1.19207912450804E-16,1.,3.17887766535478E-16));
#4485=DIRECTION('center_axis',(0.,-1.,-4.76831649803217E-16));
#4486=DIRECTION('ref_axis',(0.707106781186548,0.,0.707106781186547));
#4487=DIRECTION('',(0.,1.,4.76831649803217E-16));
#4488=DIRECTION('center_axis',(1.58943883267739E-16,1.,0.));
#4489=DIRECTION('ref_axis',(-0.707106781186547,0.,0.707106781186548));
#4490=DIRECTION('',(1.58943883267739E-16,1.,0.));
#4491=DIRECTION('center_axis',(0.,1.,0.));
#4492=DIRECTION('ref_axis',(-0.707106781186547,0.,0.707106781186548));
#4493=DIRECTION('',(-1.58943883267739E-16,-1.,0.));
#4494=DIRECTION('center_axis',(-1.,1.58943883267739E-16,2.77143999357244E-16));
#4495=DIRECTION('ref_axis',(-1.58943883267739E-16,-1.,4.34210528610179E-32));
#4496=DIRECTION('',(2.77143999357244E-16,0.,1.));
#4497=DIRECTION('',(-1.58943883267739E-16,-1.,-4.76831649803217E-16));
#4498=DIRECTION('center_axis',(-1.19207912450804E-16,-1.,0.));
#4499=DIRECTION('ref_axis',(0.707106781186546,0.,0.707106781186549));
#4500=DIRECTION('',(1.19207912450804E-16,1.,0.));
#4501=DIRECTION('',(-1.19207912450804E-16,-1.,0.));
#4502=DIRECTION('center_axis',(0.,0.,1.));
#4503=DIRECTION('ref_axis',(-1.,0.,0.));
#4504=DIRECTION('',(0.,-1.,0.));
#4505=DIRECTION('',(1.,0.,0.));
#4506=DIRECTION('',(0.,1.,0.));
#4507=DIRECTION('',(-1.,0.,0.));
#4508=DIRECTION('center_axis',(0.408248290463861,-0.816496580927727,-0.408248290463864));
#4509=DIRECTION('ref_axis',(0.577350269189625,0.577350269189624,-0.577350269189628));
#4510=DIRECTION('center_axis',(1.,0.,0.));
#4511=DIRECTION('ref_axis',(0.,1.,0.));
#4512=DIRECTION('center_axis',(0.,-4.37095678986282E-15,-1.));
#4513=DIRECTION('ref_axis',(1.,0.,0.));
#4514=DIRECTION('center_axis',(0.,1.,0.));
#4515=DIRECTION('ref_axis',(0.,0.,-1.));
#4516=DIRECTION('center_axis',(0.408248290463863,-0.408248290463862,-0.816496580927726));
#4517=DIRECTION('ref_axis',(-0.577350269189627,0.577350269189626,-0.577350269189625));
#4518=DIRECTION('center_axis',(0.,0.,-1.));
#4519=DIRECTION('ref_axis',(0.,1.,0.));
#4520=DIRECTION('center_axis',(-1.,-1.09273919746571E-15,0.));
#4521=DIRECTION('ref_axis',(0.,0.,-1.));
#4522=DIRECTION('center_axis',(0.,1.,0.));
#4523=DIRECTION('ref_axis',(-1.,0.,0.));
#4524=DIRECTION('center_axis',(-1.,0.,2.73184799366426E-16));
#4525=DIRECTION('ref_axis',(0.,0.707106781186549,-0.707106781186546));
#4526=DIRECTION('',(1.,0.,-2.73184799366426E-16));
#4527=DIRECTION('center_axis',(0.,-1.,0.));
#4528=DIRECTION('ref_axis',(-0.70710678118655,0.,-0.707106781186545));
#4529=DIRECTION('center_axis',(0.,1.,0.));
#4530=DIRECTION('ref_axis',(-0.70710678118655,0.,-0.707106781186545));
#4531=DIRECTION('',(0.,1.,0.));
#4532=DIRECTION('center_axis',(0.408248290463863,0.408248290463863,-0.816496580927726));
#4533=DIRECTION('ref_axis',(0.577350269189626,0.577350269189626,0.577350269189626));
#4534=DIRECTION('center_axis',(0.,0.,1.));
#4535=DIRECTION('ref_axis',(0.,1.,0.));
#4536=DIRECTION('center_axis',(1.,0.,0.));
#4537=DIRECTION('ref_axis',(0.,0.,1.));
#4538=DIRECTION('center_axis',(0.,1.,0.));
#4539=DIRECTION('ref_axis',(1.,0.,0.));
#4540=DIRECTION('center_axis',(-0.408248290463863,0.408248290463863,-0.816496580927726));
#4541=DIRECTION('ref_axis',(-0.577350269189626,0.577350269189626,0.577350269189625));
#4542=DIRECTION('center_axis',(0.,1.,0.));
#4543=DIRECTION('ref_axis',(0.,0.,1.));
#4544=DIRECTION('center_axis',(-1.,0.,0.));
#4545=DIRECTION('ref_axis',(0.,1.,0.));
#4546=DIRECTION('center_axis',(0.,0.,1.));
#4547=DIRECTION('ref_axis',(-1.,0.,0.));
#4548=DIRECTION('center_axis',(1.,0.,0.));
#4549=DIRECTION('ref_axis',(0.,0.707106781186546,0.707106781186549));
#4550=DIRECTION('',(-1.,0.,0.));
#4551=DIRECTION('center_axis',(4.27593599008319E-16,0.,1.));
#4552=DIRECTION('ref_axis',(-0.707106781186547,0.707106781186548,0.));
#4553=DIRECTION('',(-4.27593599008319E-16,0.,-1.));
#4554=DIRECTION('',(4.27593599008319E-16,0.,1.));
#4555=DIRECTION('center_axis',(0.,-1.,0.));
#4556=DIRECTION('ref_axis',(-0.707106781186546,0.,0.707106781186549));
#4557=DIRECTION('center_axis',(0.,1.,0.));
#4558=DIRECTION('ref_axis',(-0.707106781186546,0.,0.707106781186549));
#4559=DIRECTION('',(0.,-1.,0.));
#4560=DIRECTION('center_axis',(0.,-1.,0.));
#4561=DIRECTION('ref_axis',(0.707106781186547,0.,0.707106781186548));
#4562=DIRECTION('center_axis',(-2.8506239933888E-16,0.,-1.));
#4563=DIRECTION('ref_axis',(0.707106781186547,0.707106781186548,0.));
#4564=DIRECTION('',(2.8506239933888E-16,0.,1.));
#4565=DIRECTION('center_axis',(0.,-1.,0.));
#4566=DIRECTION('ref_axis',(0.707106781186547,0.,-0.707106781186548));
#4567=DIRECTION('center_axis',(-1.,0.,4.27593599008319E-16));
#4568=DIRECTION('ref_axis',(-4.27593599008319E-16,0.,-1.));
#4569=DIRECTION('',(-4.27593599008319E-16,0.,-1.));
#4570=DIRECTION('center_axis',(0.,-1.,0.));
#4571=DIRECTION('ref_axis',(0.,0.,-1.));
#4572=DIRECTION('center_axis',(0.,3.17887766535478E-16,-1.));
#4573=DIRECTION('ref_axis',(1.19207912450804E-16,1.,3.17887766535478E-16));
#4574=DIRECTION('',(-1.,0.,0.));
#4575=DIRECTION('',(1.58943883267739E-16,1.,3.17887766535478E-16));
#4576=DIRECTION('center_axis',(0.,-4.76831649803217E-16,1.));
#4577=DIRECTION('ref_axis',(-1.19207912450804E-16,-1.,-4.76831649803217E-16));
#4578=DIRECTION('',(1.,0.,0.));
#4579=DIRECTION('center_axis',(1.,0.,0.));
#4580=DIRECTION('ref_axis',(0.,0.,-1.));
#4581=DIRECTION('center_axis',(-1.,1.58943883267739E-16,2.77143999357244E-16));
#4582=DIRECTION('ref_axis',(-1.58943883267739E-16,-1.,4.34210528610179E-32));
#4583=DIRECTION('',(2.77143999357244E-16,0.,1.));
#4584=DIRECTION('center_axis',(1.,-1.19207912450804E-16,-2.77143999357244E-16));
#4585=DIRECTION('ref_axis',(1.19207912450804E-16,1.,-3.25657896457634E-32));
#4586=DIRECTION('center_axis',(0.,-1.,0.));
#4587=DIRECTION('ref_axis',(0.,0.,-1.));
#4588=DIRECTION('center_axis',(1.,0.,-2.8506239933888E-16));
#4589=DIRECTION('ref_axis',(2.8506239933888E-16,0.,1.));
#4590=CARTESIAN_POINT('',(0.,0.,0.));
#4591=CARTESIAN_POINT('Origin',(0.0819999999999999,0.,-0.23));
#4592=CARTESIAN_POINT('',(0.0819999999999999,-0.0636416374793697,-0.0645585836743264));
#4593=CARTESIAN_POINT('',(0.0819999999999999,-0.0605784284651734,-0.0743681458745504));
#4594=CARTESIAN_POINT('Ctrl Pts',(0.0819999999999999,-0.0636416374793697,
-0.0645585836743264));
#4595=CARTESIAN_POINT('Ctrl Pts',(0.0819999999999999,-0.0636416374793697,
-0.0668681460262998));
#4596=CARTESIAN_POINT('Ctrl Pts',(0.0819999999999999,-0.063380292265857,
-0.0687826516601725));
#4597=CARTESIAN_POINT('Ctrl Pts',(0.0819999999999999,-0.0628576018388314,
-0.0703021005759445));
#4598=CARTESIAN_POINT('Ctrl Pts',(0.0819999999999999,-0.0623349114118058,
-0.0718215494917165));
#4599=CARTESIAN_POINT('Ctrl Pts',(0.0819999999999999,-0.0615751869539198,
-0.0731768979245852));
#4600=CARTESIAN_POINT('Ctrl Pts',(0.0819999999999999,-0.0605784284651734,
-0.0743681458745504));
#4601=CARTESIAN_POINT('',(0.0819999999999999,-0.0531027397995751,-0.0777595558545536));
#4602=CARTESIAN_POINT('Ctrl Pts',(0.0819999999999999,-0.0605784284651734,
-0.0743681458745504));
#4603=CARTESIAN_POINT('Ctrl Pts',(0.0819999999999999,-0.0596302923417316,
-0.0754864602765586));
#4604=CARTESIAN_POINT('Ctrl Pts',(0.0819999999999999,-0.0585119779397234,
-0.0763312738737279));
#4605=CARTESIAN_POINT('Ctrl Pts',(0.0819999999999999,-0.0572234852591488,
-0.0769025866660582));
#4606=CARTESIAN_POINT('Ctrl Pts',(0.0819999999999999,-0.0559349925785741,
-0.0774738994583884));
#4607=CARTESIAN_POINT('Ctrl Pts',(0.0819999999999999,-0.0545614107587162,
-0.0777595558545536));
#4608=CARTESIAN_POINT('Ctrl Pts',(0.0819999999999999,-0.0531027397995751,
-0.0777595558545536));
#4609=CARTESIAN_POINT('',(0.0819999999999999,-0.0440589798529001,-0.0702474004149767));
#4610=CARTESIAN_POINT('Ctrl Pts',(0.0819999999999999,-0.0531027397995751,
-0.0777595558545536));
#4611=CARTESIAN_POINT('Ctrl Pts',(0.0819999999999999,-0.0521626082223996,
-0.0777595558545536));
#4612=CARTESIAN_POINT('Ctrl Pts',(0.0819999999999999,-0.0512105947116137,
-0.0776704574161498));
#4613=CARTESIAN_POINT('Ctrl Pts',(0.0819999999999999,-0.0494929590636019,
-0.0772422319973064));
#4614=CARTESIAN_POINT('Ctrl Pts',(0.0819999999999999,-0.0487251698683486,
-0.0769354698902321));
#4615=CARTESIAN_POINT('Ctrl Pts',(0.0819999999999999,-0.0475564815032921,
-0.0761991760943517));
#4616=CARTESIAN_POINT('Ctrl Pts',(0.0819999999999999,-0.0467114142219339,
-0.0755887393452951));
#4617=CARTESIAN_POINT('Ctrl Pts',(0.0819999999999999,-0.045005035701442,
-0.0731822236849585));
#4618=CARTESIAN_POINT('Ctrl Pts',(0.0819999999999999,-0.0444340834723152,
-0.0717189607680669));
#4619=CARTESIAN_POINT('Ctrl Pts',(0.0819999999999999,-0.0440589798529001,
-0.0702474004149767));
#4620=CARTESIAN_POINT('',(0.0819999999999999,-0.042673242441716,-0.0641574491605625));
#4621=CARTESIAN_POINT('Ctrl Pts',(0.0819999999999999,-0.0440589798529001,
-0.0702474004149767));
#4622=CARTESIAN_POINT('Ctrl Pts',(0.0819999999999999,-0.0437915568437242,
-0.0691047748303162));
#4623=CARTESIAN_POINT('Ctrl Pts',(0.0819999999999999,-0.0435484450172007,
-0.0680107716109603));
#4624=CARTESIAN_POINT('Ctrl Pts',(0.0819999999999999,-0.0433296443733295,
-0.0669653907569092));
#4625=CARTESIAN_POINT('Ctrl Pts',(0.0819999999999999,-0.0431108437294583,
-0.0659200099028581));
#4626=CARTESIAN_POINT('Ctrl Pts',(0.0819999999999999,-0.0428920430855872,
-0.0649840293707425));
#4627=CARTESIAN_POINT('Ctrl Pts',(0.0819999999999999,-0.042673242441716,
-0.0641574491605625));
#4628=CARTESIAN_POINT('',(0.0819999999999999,-0.0377866947285932,-0.0593073682214183));
#4629=CARTESIAN_POINT('Ctrl Pts',(0.0819999999999999,-0.042673242441716,
-0.0641574491605625));
#4630=CARTESIAN_POINT('Ctrl Pts',(0.0819999999999999,-0.0422356411539737,
-0.0624556663748979));
#4631=CARTESIAN_POINT('Ctrl Pts',(0.0819999999999999,-0.0416704061573065,
-0.061221873855291));
#4632=CARTESIAN_POINT('Ctrl Pts',(0.0819999999999999,-0.0409775374517144,
-0.0604560716017419));
#4633=CARTESIAN_POINT('Ctrl Pts',(0.0819999999999999,-0.0402846687461224,
-0.0596902693481928));
#4634=CARTESIAN_POINT('Ctrl Pts',(0.0819999999999999,-0.039221054505082,
-0.0593073682214183));
#4635=CARTESIAN_POINT('Ctrl Pts',(0.0819999999999999,-0.0377866947285932,
-0.0593073682214183));
#4636=CARTESIAN_POINT('',(0.0819999999999999,-0.0330460141113845,-0.0659807878594889));
#4637=CARTESIAN_POINT('Ctrl Pts',(0.0819999999999999,-0.0377866947285932,
-0.0593073682214183));
#4638=CARTESIAN_POINT('Ctrl Pts',(0.0819999999999999,-0.0362064678561903,
-0.0593073682214183));
#4639=CARTESIAN_POINT('Ctrl Pts',(0.0819999999999999,-0.0350212977018882,
-0.0599516145617056));
#4640=CARTESIAN_POINT('Ctrl Pts',(0.0819999999999999,-0.0342311842656867,
-0.0612401072422803));
#4641=CARTESIAN_POINT('Ctrl Pts',(0.0819999999999999,-0.0334410708294853,
-0.0625285999228549));
#4642=CARTESIAN_POINT('Ctrl Pts',(0.0819999999999999,-0.0330460141113845,
-0.0641088267952578));
#4643=CARTESIAN_POINT('Ctrl Pts',(0.0819999999999999,-0.0330460141113845,
-0.0659807878594889));
#4644=CARTESIAN_POINT('',(0.0819999999999999,-0.036802091831173,-0.0762279513474554));
#4645=CARTESIAN_POINT('Ctrl Pts',(0.0819999999999999,-0.0330460141113845,
-0.0659807878594889));
#4646=CARTESIAN_POINT('Ctrl Pts',(0.0819999999999999,-0.0330460141113845,
-0.0678041265584153));
#4647=CARTESIAN_POINT('Ctrl Pts',(0.0819999999999999,-0.0333802928728544,
-0.0696031540746894));
#4648=CARTESIAN_POINT('Ctrl Pts',(0.0819999999999999,-0.0340488503957941,
-0.0713778704083111));
#4649=CARTESIAN_POINT('Ctrl Pts',(0.0819999999999999,-0.0347174079187338,
-0.0731525867419328));
#4650=CARTESIAN_POINT('Ctrl Pts',(0.0819999999999999,-0.0356351550638601,
-0.0747692803883142));
#4651=CARTESIAN_POINT('Ctrl Pts',(0.0819999999999999,-0.036802091831173,
-0.0762279513474554));
#4652=CARTESIAN_POINT('',(0.0819999999999999,-0.036802091831173,-0.0765196855392836));
#4653=CARTESIAN_POINT('',(0.0819999999999999,-0.036802091831173,-0.153113975673728));
#4654=CARTESIAN_POINT('',(0.0819999999999999,-0.0307121405767587,-0.0765196855392836));
#4655=CARTESIAN_POINT('',(0.0819999999999999,-0.0184010459155865,-0.0765196855392836));
#4656=CARTESIAN_POINT('',(0.0819999999999999,-0.0282688667201974,-0.0660901881814245));
#4657=CARTESIAN_POINT('Ctrl Pts',(0.0819999999999999,-0.0307121405767587,
-0.0765196855392836));
#4658=CARTESIAN_POINT('Ctrl Pts',(0.0819999999999999,-0.0300071162798405,
-0.0752311928587089));
#4659=CARTESIAN_POINT('Ctrl Pts',(0.0819999999999999,-0.0294236478961841,
-0.0736388103949799));
#4660=CARTESIAN_POINT('Ctrl Pts',(0.0819999999999999,-0.0289617354257894,
-0.0717425381480964));
#4661=CARTESIAN_POINT('Ctrl Pts',(0.0819999999999999,-0.0284998229553947,
-0.0698462659012129));
#4662=CARTESIAN_POINT('Ctrl Pts',(0.0819999999999999,-0.0282688667201974,
-0.0679621492456556));
#4663=CARTESIAN_POINT('Ctrl Pts',(0.0819999999999999,-0.0282688667201974,
-0.0660901881814245));
#4664=CARTESIAN_POINT('',(0.0819999999999999,-0.0385889637561208,-0.0535091511588323));
#4665=CARTESIAN_POINT('Ctrl Pts',(0.0819999999999999,-0.0282688667201974,
-0.0660901881814245));
#4666=CARTESIAN_POINT('Ctrl Pts',(0.0819999999999999,-0.0282688667201974,
-0.0622976436876576));
#4667=CARTESIAN_POINT('Ctrl Pts',(0.0819999999999999,-0.0292230806393022,
-0.0592526680604505));
#4668=CARTESIAN_POINT('Ctrl Pts',(0.0819999999999999,-0.0311315084775118,
-0.0569552612998032));
#4669=CARTESIAN_POINT('Ctrl Pts',(0.0819999999999999,-0.0330399363157215,
-0.0546578545391559));
#4670=CARTESIAN_POINT('Ctrl Pts',(0.0819999999999999,-0.0355257547419245,
-0.0535091511588323));
#4671=CARTESIAN_POINT('Ctrl Pts',(0.0819999999999999,-0.0385889637561208,
-0.0535091511588323));
#4672=CARTESIAN_POINT('',(0.0819999999999999,-0.0477056572507529,-0.060875439502495));
#4673=CARTESIAN_POINT('Ctrl Pts',(0.0819999999999999,-0.0385889637561208,
-0.0535091511588323));
#4674=CARTESIAN_POINT('Ctrl Pts',(0.0819999999999999,-0.0408012813774849,
-0.0535091511588323));
#4675=CARTESIAN_POINT('Ctrl Pts',(0.0819999999999999,-0.0426853980330422,
-0.0540926195424887));
#4676=CARTESIAN_POINT('Ctrl Pts',(0.0819999999999999,-0.0442413137227927,
-0.0552595563098016));
#4677=CARTESIAN_POINT('Ctrl Pts',(0.0819999999999999,-0.0457972294125433,
-0.0564264930771146));
#4678=CARTESIAN_POINT('Ctrl Pts',(0.0819999999999999,-0.04695201058853,
-0.0582984541413457));
#4679=CARTESIAN_POINT('Ctrl Pts',(0.0819999999999999,-0.0477056572507529,
-0.060875439502495));
#4680=CARTESIAN_POINT('',(0.0819999999999999,-0.049091394661937,-0.0669653907569092));
#4681=CARTESIAN_POINT('Ctrl Pts',(0.0819999999999999,-0.0477056572507529,
-0.060875439502495));
#4682=CARTESIAN_POINT('Ctrl Pts',(0.0819999999999999,-0.0479730802599288,
-0.0618721979912414));
#4683=CARTESIAN_POINT('Ctrl Pts',(0.0819999999999999,-0.0482283476777785,
-0.0629540456192711));
#4684=CARTESIAN_POINT('Ctrl Pts',(0.0819999999999999,-0.048471459504302,
-0.064120982386584));
#4685=CARTESIAN_POINT('Ctrl Pts',(0.0819999999999999,-0.0487145713308255,
-0.0652879191538969));
#4686=CARTESIAN_POINT('Ctrl Pts',(0.0819999999999999,-0.0489212163833705,
-0.0662360552773387));
#4687=CARTESIAN_POINT('Ctrl Pts',(0.0819999999999999,-0.049091394661937,
-0.0669653907569092));
#4688=CARTESIAN_POINT('',(0.0819999999999999,-0.0538685420531242,-0.0719613387919676));
#4689=CARTESIAN_POINT('Ctrl Pts',(0.0819999999999999,-0.049091394661937,
-0.0669653907569092));
#4690=CARTESIAN_POINT('Ctrl Pts',(0.0819999999999999,-0.0495533071323317,
-0.0688373518211403));
#4691=CARTESIAN_POINT('Ctrl Pts',(0.0819999999999999,-0.050130697720325,
-0.0701380000930412));
#4692=CARTESIAN_POINT('Ctrl Pts',(0.0819999999999999,-0.0508235664259171,
-0.0708673355726117));
#4693=CARTESIAN_POINT('Ctrl Pts',(0.0819999999999999,-0.0515164351315091,
-0.0715966710521823));
#4694=CARTESIAN_POINT('Ctrl Pts',(0.0819999999999999,-0.0525314270072448,
-0.0719613387919676));
#4695=CARTESIAN_POINT('Ctrl Pts',(0.0819999999999999,-0.0538685420531242,
-0.0719613387919676));
#4696=CARTESIAN_POINT('',(0.0819999999999999,-0.0577340200948482,-0.0699556662231486));
#4697=CARTESIAN_POINT('Ctrl Pts',(0.0819999999999999,-0.0538685420531242,
-0.0719613387919676));
#4698=CARTESIAN_POINT('Ctrl Pts',(0.0819999999999999,-0.0549382340898277,
-0.0719613387919676));
#4699=CARTESIAN_POINT('Ctrl Pts',(0.0819999999999999,-0.0557344253216922,
-0.0718033161047273));
#4700=CARTESIAN_POINT('Ctrl Pts',(0.0819999999999999,-0.0562571157487178,
-0.0714872707302467));
#4701=CARTESIAN_POINT('Ctrl Pts',(0.0819999999999999,-0.0567798061757433,
-0.0711712253557661));
#4702=CARTESIAN_POINT('Ctrl Pts',(0.0819999999999999,-0.0572721076244535,
-0.0706606905200667));
#4703=CARTESIAN_POINT('Ctrl Pts',(0.0819999999999999,-0.0577340200948482,
-0.0699556662231485));
#4704=CARTESIAN_POINT('',(0.0819999999999999,-0.0588644900881825,-0.0647773843181975));
#4705=CARTESIAN_POINT('Ctrl Pts',(0.0819999999999999,-0.0577340200948482,
-0.0699556662231485));
#4706=CARTESIAN_POINT('Ctrl Pts',(0.0819999999999999,-0.0580743766519811,
-0.0694694425701015));
#4707=CARTESIAN_POINT('Ctrl Pts',(0.0819999999999999,-0.0583478774568201,
-0.0687097181122154));
#4708=CARTESIAN_POINT('Ctrl Pts',(0.0819999999999999,-0.058554522509365,
-0.0676764928494905));
#4709=CARTESIAN_POINT('Ctrl Pts',(0.0819999999999999,-0.05876116756191,
-0.0666432675867655));
#4710=CARTESIAN_POINT('Ctrl Pts',(0.0819999999999999,-0.0588644900881825,
-0.0656768980763345));
#4711=CARTESIAN_POINT('Ctrl Pts',(0.0819999999999999,-0.0588644900881825,
-0.0647773843181975));
#4712=CARTESIAN_POINT('',(0.0819999999999999,-0.0571505517111917,-0.0579945643581912));
#4713=CARTESIAN_POINT('Ctrl Pts',(0.0819999999999999,-0.0588644900881825,
-0.0647773843181975));
#4714=CARTESIAN_POINT('Ctrl Pts',(0.0819999999999999,-0.0588644900881825,
-0.0635375140029275));
#4715=CARTESIAN_POINT('Ctrl Pts',(0.0819999999999999,-0.0586943118096161,
-0.0623341104616361));
#4716=CARTESIAN_POINT('Ctrl Pts',(0.0819999999999999,-0.0583539552524831,
-0.0611671736943232));
#4717=CARTESIAN_POINT('Ctrl Pts',(0.0819999999999999,-0.0580135986953502,
-0.0600002369270103));
#4718=CARTESIAN_POINT('Ctrl Pts',(0.0819999999999999,-0.0576124641815864,
-0.058942700481633));
#4719=CARTESIAN_POINT('Ctrl Pts',(0.0819999999999999,-0.0571505517111917,
-0.0579945643581912));
#4720=CARTESIAN_POINT('',(0.0819999999999999,-0.0544155436628021,-0.0536550182547464));
#4721=CARTESIAN_POINT('Ctrl Pts',(0.0819999999999999,-0.0571505517111917,
-0.0579945643581912));
#4722=CARTESIAN_POINT('Ctrl Pts',(0.0819999999999999,-0.0566400168754923,
-0.0569005611388354));
#4723=CARTESIAN_POINT('Ctrl Pts',(0.0819999999999999,-0.0561537932224453,
-0.0560253585633507));
#4724=CARTESIAN_POINT('Ctrl Pts',(0.0819999999999999,-0.0556918807520506,
-0.0553689566317372));
#4725=CARTESIAN_POINT('Ctrl Pts',(0.0819999999999999,-0.0552299682816559,
-0.0547125547001237));
#4726=CARTESIAN_POINT('Ctrl Pts',(0.0819999999999999,-0.0548045225852397,
-0.0541412419077934));
#4727=CARTESIAN_POINT('Ctrl Pts',(0.0819999999999999,-0.0544155436628021,
-0.0536550182547464));
#4728=CARTESIAN_POINT('',(0.0819999999999999,-0.0544155436628021,-0.0533632840629182));
#4729=CARTESIAN_POINT('',(0.0819999999999999,-0.0544155436628021,-0.141827509127373));
#4730=CARTESIAN_POINT('',(0.0819999999999999,-0.0607972291090445,-0.0533632840629182));
#4731=CARTESIAN_POINT('',(0.0819999999999999,-0.027207771831401,-0.0533632840629182));
#4732=CARTESIAN_POINT('Ctrl Pts',(0.0819999999999999,-0.0607972291090445,
-0.0533632840629182));
#4733=CARTESIAN_POINT('Ctrl Pts',(0.0819999999999999,-0.0614779422233104,
-0.0546517767434928));
#4734=CARTESIAN_POINT('Ctrl Pts',(0.0819999999999999,-0.0621221885635977,
-0.0562745481855373));
#4735=CARTESIAN_POINT('Ctrl Pts',(0.0819999999999999,-0.0627299681299065,
-0.0582315983890517));
#4736=CARTESIAN_POINT('Ctrl Pts',(0.0819999999999999,-0.0633377476962153,
-0.060188648592566));
#4737=CARTESIAN_POINT('Ctrl Pts',(0.0819999999999999,-0.0636416374793697,
-0.0622976436876576));
#4738=CARTESIAN_POINT('Ctrl Pts',(0.0819999999999999,-0.0636416374793697,
-0.0645585836743264));
#4739=CARTESIAN_POINT('Ctrl Pts',(0.888223360216716,-0.0385889637561208,
-0.0535091511588325));
#4740=CARTESIAN_POINT('Ctrl Pts',(-0.728223360216716,-0.0385889637561208,
-0.053509151158832));
#4741=CARTESIAN_POINT('Ctrl Pts',(0.888223360216716,-0.0339941502348263,
-0.0535091511588325));
#4742=CARTESIAN_POINT('Ctrl Pts',(-0.728223360216716,-0.0339941502348263,
-0.053509151158832));
#4743=CARTESIAN_POINT('Ctrl Pts',(0.888223360216716,-0.0282688667201974,
-0.0604013714407743));
#4744=CARTESIAN_POINT('Ctrl Pts',(-0.728223360216716,-0.0282688667201974,
-0.0604013714407739));
#4745=CARTESIAN_POINT('Ctrl Pts',(0.888223360216716,-0.0282688667201974,
-0.0660901881814247));
#4746=CARTESIAN_POINT('Ctrl Pts',(-0.728223360216716,-0.0282688667201974,
-0.0660901881814243));
#4747=CARTESIAN_POINT('',(0.0799999999999999,-0.0282688667201974,-0.0660901881814245));
#4748=CARTESIAN_POINT('',(0.888223360216716,-0.0282688667201974,-0.0660901881814247));
#4749=CARTESIAN_POINT('',(0.0799999999999999,-0.0385889637561208,-0.0535091511588323));
#4750=CARTESIAN_POINT('Ctrl Pts',(0.0799999999999999,-0.0385889637561208,
-0.0535091511588323));
#4751=CARTESIAN_POINT('Ctrl Pts',(0.0799999999999999,-0.0339941502348263,
-0.0535091511588323));
#4752=CARTESIAN_POINT('Ctrl Pts',(0.0799999999999999,-0.0282688667201974,
-0.0604013714407741));
#4753=CARTESIAN_POINT('Ctrl Pts',(0.0799999999999999,-0.0282688667201974,
-0.0660901881814245));
#4754=CARTESIAN_POINT('',(0.888223360216716,-0.0385889637561208,-0.0535091511588325));
#4755=CARTESIAN_POINT('Ctrl Pts',(0.888223360216716,-0.0282688667201974,
-0.0660901881814247));
#4756=CARTESIAN_POINT('Ctrl Pts',(-0.728223360216716,-0.0282688667201974,
-0.0660901881814243));
#4757=CARTESIAN_POINT('Ctrl Pts',(0.888223360216716,-0.0282688667201974,
-0.0688981297777714));
#4758=CARTESIAN_POINT('Ctrl Pts',(-0.728223360216716,-0.0282688667201974,
-0.068898129777771));
#4759=CARTESIAN_POINT('Ctrl Pts',(0.888223360216716,-0.0296546041313814,
-0.0745869465184218));
#4760=CARTESIAN_POINT('Ctrl Pts',(-0.728223360216716,-0.0296546041313814,
-0.0745869465184214));
#4761=CARTESIAN_POINT('Ctrl Pts',(0.888223360216716,-0.0307121405767587,
-0.0765196855392838));
#4762=CARTESIAN_POINT('Ctrl Pts',(-0.728223360216716,-0.0307121405767587,
-0.0765196855392834));
#4763=CARTESIAN_POINT('',(0.0799999999999999,-0.0307121405767587,-0.0765196855392836));
#4764=CARTESIAN_POINT('',(0.888223360216716,-0.0307121405767587,-0.0765196855392838));
#4765=CARTESIAN_POINT('Ctrl Pts',(0.0799999999999999,-0.0282688667201974,
-0.0660901881814245));
#4766=CARTESIAN_POINT('Ctrl Pts',(0.0799999999999999,-0.0282688667201974,
-0.0688981297777712));
#4767=CARTESIAN_POINT('Ctrl Pts',(0.0799999999999999,-0.0296546041313814,
-0.0745869465184216));
#4768=CARTESIAN_POINT('Ctrl Pts',(0.0799999999999999,-0.0307121405767587,
-0.0765196855392836));
#4769=CARTESIAN_POINT('Origin',(0.888223360216716,-0.036802091831173,-0.0765196855392838));
#4770=CARTESIAN_POINT('',(0.0799999999999999,-0.036802091831173,-0.0765196855392836));
#4771=CARTESIAN_POINT('',(0.888223360216716,-0.036802091831173,-0.0765196855392838));
#4772=CARTESIAN_POINT('',(0.08,-0.0184010459155865,-0.0765196855392836));
#4773=CARTESIAN_POINT('Origin',(0.888223360216716,-0.036802091831173,-0.0762279513474556));
#4774=CARTESIAN_POINT('',(0.0799999999999999,-0.036802091831173,-0.0762279513474554));
#4775=CARTESIAN_POINT('',(0.888223360216716,-0.036802091831173,-0.0762279513474556));
#4776=CARTESIAN_POINT('',(0.0799999999999999,-0.036802091831173,-0.153113975673728));
#4777=CARTESIAN_POINT('Ctrl Pts',(0.888223360216716,-0.036802091831173,
-0.0762279513474556));
#4778=CARTESIAN_POINT('Ctrl Pts',(-0.728223360216716,-0.036802091831173,
-0.0762279513474551));
#4779=CARTESIAN_POINT('Ctrl Pts',(0.888223360216716,-0.0350516866802036,
-0.0740399449087439));
#4780=CARTESIAN_POINT('Ctrl Pts',(-0.728223360216716,-0.0350516866802036,
-0.0740399449087435));
#4781=CARTESIAN_POINT('Ctrl Pts',(0.888223360216716,-0.0330460141113845,
-0.0687157959078788));
#4782=CARTESIAN_POINT('Ctrl Pts',(-0.728223360216716,-0.0330460141113845,
-0.0687157959078783));
#4783=CARTESIAN_POINT('Ctrl Pts',(0.888223360216716,-0.0330460141113845,
-0.0659807878594892));
#4784=CARTESIAN_POINT('Ctrl Pts',(-0.728223360216716,-0.0330460141113845,
-0.0659807878594887));
#4785=CARTESIAN_POINT('',(0.0799999999999999,-0.0330460141113845,-0.0659807878594889));
#4786=CARTESIAN_POINT('',(0.888223360216716,-0.0330460141113845,-0.0659807878594892));
#4787=CARTESIAN_POINT('Ctrl Pts',(0.0799999999999999,-0.036802091831173,
-0.0762279513474554));
#4788=CARTESIAN_POINT('Ctrl Pts',(0.0799999999999999,-0.0350516866802036,
-0.0740399449087437));
#4789=CARTESIAN_POINT('Ctrl Pts',(0.0799999999999999,-0.0330460141113845,
-0.0687157959078786));
#4790=CARTESIAN_POINT('Ctrl Pts',(0.0799999999999999,-0.0330460141113845,
-0.0659807878594889));
#4791=CARTESIAN_POINT('Ctrl Pts',(0.888223360216716,-0.0330460141113845,
-0.0659807878594892));
#4792=CARTESIAN_POINT('Ctrl Pts',(-0.728223360216716,-0.0330460141113845,
-0.0659807878594887));
#4793=CARTESIAN_POINT('Ctrl Pts',(0.888223360216716,-0.0330460141113845,
-0.0631728462631425));
#4794=CARTESIAN_POINT('Ctrl Pts',(-0.728223360216716,-0.0330460141113845,
-0.0631728462631421));
#4795=CARTESIAN_POINT('Ctrl Pts',(0.888223360216716,-0.0354163544199889,
-0.0593073682214185));
#4796=CARTESIAN_POINT('Ctrl Pts',(-0.728223360216716,-0.0354163544199889,
-0.059307368221418));
#4797=CARTESIAN_POINT('Ctrl Pts',(0.888223360216716,-0.0377866947285932,
-0.0593073682214185));
#4798=CARTESIAN_POINT('Ctrl Pts',(-0.728223360216716,-0.0377866947285932,
-0.059307368221418));
#4799=CARTESIAN_POINT('',(0.0799999999999999,-0.0377866947285932,-0.0593073682214183));
#4800=CARTESIAN_POINT('',(0.888223360216716,-0.0377866947285932,-0.0593073682214185));
#4801=CARTESIAN_POINT('Ctrl Pts',(0.0799999999999999,-0.0330460141113845,
-0.0659807878594889));
#4802=CARTESIAN_POINT('Ctrl Pts',(0.0799999999999999,-0.0330460141113845,
-0.0631728462631423));
#4803=CARTESIAN_POINT('Ctrl Pts',(0.0799999999999999,-0.0354163544199889,
-0.0593073682214183));
#4804=CARTESIAN_POINT('Ctrl Pts',(0.0799999999999999,-0.0377866947285932,
-0.0593073682214183));
#4805=CARTESIAN_POINT('Ctrl Pts',(0.888223360216716,-0.0377866947285932,
-0.0593073682214185));
#4806=CARTESIAN_POINT('Ctrl Pts',(-0.728223360216716,-0.0377866947285932,
-0.059307368221418));
#4807=CARTESIAN_POINT('Ctrl Pts',(0.888223360216716,-0.0399382343933264,
-0.0593073682214185));
#4808=CARTESIAN_POINT('Ctrl Pts',(-0.728223360216716,-0.0399382343933264,
-0.059307368221418));
#4809=CARTESIAN_POINT('Ctrl Pts',(0.888223360216716,-0.0420168405101025,
-0.0616047749820658));
#4810=CARTESIAN_POINT('Ctrl Pts',(-0.728223360216716,-0.0420168405101025,
-0.0616047749820653));
#4811=CARTESIAN_POINT('Ctrl Pts',(0.888223360216716,-0.042673242441716,
-0.0641574491605628));
#4812=CARTESIAN_POINT('Ctrl Pts',(-0.728223360216716,-0.042673242441716,
-0.0641574491605623));
#4813=CARTESIAN_POINT('',(0.0799999999999999,-0.042673242441716,-0.0641574491605625));
#4814=CARTESIAN_POINT('',(0.888223360216716,-0.042673242441716,-0.0641574491605628));
#4815=CARTESIAN_POINT('Ctrl Pts',(0.0799999999999999,-0.0377866947285932,
-0.0593073682214183));
#4816=CARTESIAN_POINT('Ctrl Pts',(0.0799999999999999,-0.0399382343933264,
-0.0593073682214183));
#4817=CARTESIAN_POINT('Ctrl Pts',(0.0799999999999999,-0.0420168405101025,
-0.0616047749820655));
#4818=CARTESIAN_POINT('Ctrl Pts',(0.0799999999999999,-0.042673242441716,
-0.0641574491605625));
#4819=CARTESIAN_POINT('Ctrl Pts',(0.888223360216716,-0.042673242441716,
-0.0641574491605628));
#4820=CARTESIAN_POINT('Ctrl Pts',(-0.728223360216716,-0.042673242441716,
-0.0641574491605623));
#4821=CARTESIAN_POINT('Ctrl Pts',(0.888223360216716,-0.0430014434075228,
-0.0653973194758327));
#4822=CARTESIAN_POINT('Ctrl Pts',(-0.728223360216716,-0.0430014434075228,
-0.0653973194758323));
#4823=CARTESIAN_POINT('Ctrl Pts',(0.888223360216716,-0.0436578453391363,
-0.0685334620379862));
#4824=CARTESIAN_POINT('Ctrl Pts',(-0.728223360216716,-0.0436578453391363,
-0.0685334620379857));
#4825=CARTESIAN_POINT('Ctrl Pts',(0.888223360216716,-0.0440589798529001,
-0.070247400414977));
#4826=CARTESIAN_POINT('Ctrl Pts',(-0.728223360216716,-0.0440589798529001,
-0.0702474004149765));
#4827=CARTESIAN_POINT('',(0.0799999999999999,-0.0440589798529001,-0.0702474004149767));
#4828=CARTESIAN_POINT('',(0.888223360216716,-0.0440589798529001,-0.070247400414977));
#4829=CARTESIAN_POINT('Ctrl Pts',(0.0799999999999999,-0.042673242441716,
-0.0641574491605625));
#4830=CARTESIAN_POINT('Ctrl Pts',(0.0799999999999999,-0.0430014434075228,
-0.0653973194758325));
#4831=CARTESIAN_POINT('Ctrl Pts',(0.0799999999999999,-0.0436578453391363,
-0.0685334620379859));
#4832=CARTESIAN_POINT('Ctrl Pts',(0.0799999999999999,-0.0440589798529001,
-0.0702474004149767));
#4833=CARTESIAN_POINT('Ctrl Pts',(0.888223360216716,-0.0440589798529001,
-0.070247400414977));
#4834=CARTESIAN_POINT('Ctrl Pts',(-0.728223360216716,-0.0440589798529001,
-0.0702474004149765));
#4835=CARTESIAN_POINT('Ctrl Pts',(0.888223360216716,-0.0450071159763418,
-0.0739670113607868));
#4836=CARTESIAN_POINT('Ctrl Pts',(-0.728223360216716,-0.0450071159763418,
-0.0739670113607864));
#4837=CARTESIAN_POINT('Ctrl Pts',(0.888223360216716,-0.0493466620797867,
-0.0777595558545538));
#4838=CARTESIAN_POINT('Ctrl Pts',(-0.728223360216716,-0.0493466620797867,
-0.0777595558545534));
#4839=CARTESIAN_POINT('Ctrl Pts',(0.888223360216716,-0.0531027397995751,
-0.0777595558545538));
#4840=CARTESIAN_POINT('Ctrl Pts',(-0.728223360216716,-0.0531027397995751,
-0.0777595558545534));
#4841=CARTESIAN_POINT('',(0.0799999999999999,-0.0531027397995751,-0.0777595558545536));
#4842=CARTESIAN_POINT('',(0.888223360216716,-0.0531027397995751,-0.0777595558545538));
#4843=CARTESIAN_POINT('Ctrl Pts',(0.0799999999999999,-0.0440589798529001,
-0.0702474004149767));
#4844=CARTESIAN_POINT('Ctrl Pts',(0.0799999999999999,-0.0450071159763418,
-0.0739670113607866));
#4845=CARTESIAN_POINT('Ctrl Pts',(0.0799999999999999,-0.0493466620797867,
-0.0777595558545536));
#4846=CARTESIAN_POINT('Ctrl Pts',(0.0799999999999999,-0.0531027397995751,
-0.0777595558545536));
#4847=CARTESIAN_POINT('Ctrl Pts',(0.888223360216716,-0.0531027397995751,
-0.0777595558545538));
#4848=CARTESIAN_POINT('Ctrl Pts',(-0.728223360216716,-0.0531027397995751,
-0.0777595558545534));
#4849=CARTESIAN_POINT('Ctrl Pts',(0.888223360216716,-0.0552907462382868,
-0.0777595558545538));
#4850=CARTESIAN_POINT('Ctrl Pts',(-0.728223360216716,-0.0552907462382868,
-0.0777595558545534));
#4851=CARTESIAN_POINT('Ctrl Pts',(0.888223360216716,-0.0591562242800108,
-0.076045617477563));
#4852=CARTESIAN_POINT('Ctrl Pts',(-0.728223360216716,-0.0591562242800108,
-0.0760456174775625));
#4853=CARTESIAN_POINT('Ctrl Pts',(0.888223360216716,-0.0605784284651734,
-0.0743681458745507));
#4854=CARTESIAN_POINT('Ctrl Pts',(-0.728223360216716,-0.0605784284651734,
-0.0743681458745502));
#4855=CARTESIAN_POINT('',(0.0799999999999999,-0.0605784284651734,-0.0743681458745504));
#4856=CARTESIAN_POINT('',(0.888223360216716,-0.0605784284651734,-0.0743681458745507));
#4857=CARTESIAN_POINT('Ctrl Pts',(0.0799999999999999,-0.0531027397995751,
-0.0777595558545536));
#4858=CARTESIAN_POINT('Ctrl Pts',(0.0799999999999999,-0.0552907462382868,
-0.0777595558545536));
#4859=CARTESIAN_POINT('Ctrl Pts',(0.0799999999999999,-0.0591562242800108,
-0.0760456174775627));
#4860=CARTESIAN_POINT('Ctrl Pts',(0.0799999999999999,-0.0605784284651734,
-0.0743681458745504));
#4861=CARTESIAN_POINT('Ctrl Pts',(0.888223360216716,-0.0605784284651734,
-0.0743681458745507));
#4862=CARTESIAN_POINT('Ctrl Pts',(-0.728223360216716,-0.0605784284651734,
-0.0743681458745502));
#4863=CARTESIAN_POINT('Ctrl Pts',(0.888223360216716,-0.062073566198293,
-0.0725812739496028));
#4864=CARTESIAN_POINT('Ctrl Pts',(-0.728223360216716,-0.062073566198293,
-0.0725812739496023));
#4865=CARTESIAN_POINT('Ctrl Pts',(0.888223360216716,-0.0636416374793697,
-0.0680229272022867));
#4866=CARTESIAN_POINT('Ctrl Pts',(-0.728223360216716,-0.0636416374793697,
-0.0680229272022863));
#4867=CARTESIAN_POINT('Ctrl Pts',(0.888223360216716,-0.0636416374793697,
-0.0645585836743266));
#4868=CARTESIAN_POINT('Ctrl Pts',(-0.728223360216716,-0.0636416374793697,
-0.0645585836743261));
#4869=CARTESIAN_POINT('',(0.0799999999999999,-0.0636416374793697,-0.0645585836743264));
#4870=CARTESIAN_POINT('',(0.888223360216716,-0.0636416374793697,-0.0645585836743266));
#4871=CARTESIAN_POINT('Ctrl Pts',(0.0799999999999999,-0.0605784284651734,
-0.0743681458745504));
#4872=CARTESIAN_POINT('Ctrl Pts',(0.0799999999999999,-0.062073566198293,
-0.0725812739496025));
#4873=CARTESIAN_POINT('Ctrl Pts',(0.0799999999999999,-0.0636416374793697,
-0.0680229272022865));
#4874=CARTESIAN_POINT('Ctrl Pts',(0.0799999999999999,-0.0636416374793697,
-0.0645585836743264));
#4875=CARTESIAN_POINT('Ctrl Pts',(0.888223360216716,-0.0477056572507529,
-0.0608754395024952));
#4876=CARTESIAN_POINT('Ctrl Pts',(-0.728223360216716,-0.0477056572507529,
-0.0608754395024948));
#4877=CARTESIAN_POINT('Ctrl Pts',(0.888223360216716,-0.0465751872574185,
-0.0570099614607712));
#4878=CARTESIAN_POINT('Ctrl Pts',(-0.728223360216716,-0.0465751872574185,
-0.0570099614607708));
#4879=CARTESIAN_POINT('Ctrl Pts',(0.888223360216716,-0.0419074401881669,
-0.0535091511588325));
#4880=CARTESIAN_POINT('Ctrl Pts',(-0.728223360216716,-0.0419074401881669,
-0.053509151158832));
#4881=CARTESIAN_POINT('Ctrl Pts',(0.888223360216716,-0.0385889637561208,
-0.0535091511588325));
#4882=CARTESIAN_POINT('Ctrl Pts',(-0.728223360216716,-0.0385889637561208,
-0.053509151158832));
#4883=CARTESIAN_POINT('',(0.0799999999999999,-0.0477056572507529,-0.060875439502495));
#4884=CARTESIAN_POINT('Ctrl Pts',(0.0799999999999999,-0.0477056572507529,
-0.060875439502495));
#4885=CARTESIAN_POINT('Ctrl Pts',(0.0799999999999999,-0.0465751872574185,
-0.057009961460771));
#4886=CARTESIAN_POINT('Ctrl Pts',(0.0799999999999999,-0.0419074401881669,
-0.0535091511588323));
#4887=CARTESIAN_POINT('Ctrl Pts',(0.0799999999999999,-0.0385889637561208,
-0.0535091511588323));
#4888=CARTESIAN_POINT('',(0.888223360216716,-0.0477056572507529,-0.0608754395024952));
#4889=CARTESIAN_POINT('Ctrl Pts',(0.888223360216716,-0.049091394661937,
-0.0669653907569095));
#4890=CARTESIAN_POINT('Ctrl Pts',(-0.728223360216716,-0.049091394661937,
-0.066965390756909));
#4891=CARTESIAN_POINT('Ctrl Pts',(0.888223360216716,-0.0488361272440873,
-0.0658713875375536));
#4892=CARTESIAN_POINT('Ctrl Pts',(-0.728223360216716,-0.0488361272440873,
-0.0658713875375531));
#4893=CARTESIAN_POINT('Ctrl Pts',(0.888223360216716,-0.0481067917645167,
-0.0623705772356149));
#4894=CARTESIAN_POINT('Ctrl Pts',(-0.728223360216716,-0.0481067917645167,
-0.0623705772356144));
#4895=CARTESIAN_POINT('Ctrl Pts',(0.888223360216716,-0.0477056572507529,
-0.0608754395024952));
#4896=CARTESIAN_POINT('Ctrl Pts',(-0.728223360216716,-0.0477056572507529,
-0.0608754395024948));
#4897=CARTESIAN_POINT('',(0.0799999999999999,-0.049091394661937,-0.0669653907569092));
#4898=CARTESIAN_POINT('Ctrl Pts',(0.0799999999999999,-0.049091394661937,
-0.0669653907569092));
#4899=CARTESIAN_POINT('Ctrl Pts',(0.0799999999999999,-0.0488361272440873,
-0.0658713875375534));
#4900=CARTESIAN_POINT('Ctrl Pts',(0.0799999999999999,-0.0481067917645167,
-0.0623705772356146));
#4901=CARTESIAN_POINT('Ctrl Pts',(0.0799999999999999,-0.0477056572507529,
-0.060875439502495));
#4902=CARTESIAN_POINT('',(0.888223360216716,-0.049091394661937,-0.0669653907569095));
#4903=CARTESIAN_POINT('Ctrl Pts',(0.888223360216716,-0.0538685420531242,
-0.0719613387919678));
#4904=CARTESIAN_POINT('Ctrl Pts',(-0.728223360216716,-0.0538685420531242,
-0.0719613387919673));
#4905=CARTESIAN_POINT('Ctrl Pts',(0.888223360216716,-0.0518628694843051,
-0.0719613387919678));
#4906=CARTESIAN_POINT('Ctrl Pts',(-0.728223360216716,-0.0518628694843051,
-0.0719613387919673));
#4907=CARTESIAN_POINT('Ctrl Pts',(0.888223360216716,-0.049784263367529,
-0.0697733323532561));
#4908=CARTESIAN_POINT('Ctrl Pts',(-0.728223360216716,-0.049784263367529,
-0.0697733323532557));
#4909=CARTESIAN_POINT('Ctrl Pts',(0.888223360216716,-0.049091394661937,
-0.0669653907569095));
#4910=CARTESIAN_POINT('Ctrl Pts',(-0.728223360216716,-0.049091394661937,
-0.066965390756909));
#4911=CARTESIAN_POINT('',(0.0799999999999999,-0.0538685420531242,-0.0719613387919676));
#4912=CARTESIAN_POINT('Ctrl Pts',(0.0799999999999999,-0.0538685420531242,
-0.0719613387919676));
#4913=CARTESIAN_POINT('Ctrl Pts',(0.0799999999999999,-0.0518628694843051,
-0.0719613387919676));
#4914=CARTESIAN_POINT('Ctrl Pts',(0.0799999999999999,-0.049784263367529,
-0.0697733323532559));
#4915=CARTESIAN_POINT('Ctrl Pts',(0.0799999999999999,-0.049091394661937,
-0.0669653907569092));
#4916=CARTESIAN_POINT('',(0.888223360216716,-0.0538685420531242,-0.0719613387919678));
#4917=CARTESIAN_POINT('Ctrl Pts',(0.888223360216716,-0.0577340200948482,
-0.0699556662231488));
#4918=CARTESIAN_POINT('Ctrl Pts',(-0.728223360216716,-0.0577340200948482,
-0.0699556662231483));
#4919=CARTESIAN_POINT('Ctrl Pts',(0.888223360216716,-0.0570411513892561,
-0.0710132026685261));
#4920=CARTESIAN_POINT('Ctrl Pts',(-0.728223360216716,-0.0570411513892561,
-0.0710132026685256));
#4921=CARTESIAN_POINT('Ctrl Pts',(0.888223360216716,-0.0554730801081794,
-0.0719613387919678));
#4922=CARTESIAN_POINT('Ctrl Pts',(-0.728223360216716,-0.0554730801081794,
-0.0719613387919673));
#4923=CARTESIAN_POINT('Ctrl Pts',(0.888223360216716,-0.0538685420531242,
-0.0719613387919678));
#4924=CARTESIAN_POINT('Ctrl Pts',(-0.728223360216716,-0.0538685420531242,
-0.0719613387919673));
#4925=CARTESIAN_POINT('',(0.0799999999999999,-0.0577340200948482,-0.0699556662231486));
#4926=CARTESIAN_POINT('Ctrl Pts',(0.0799999999999999,-0.0577340200948482,
-0.0699556662231485));
#4927=CARTESIAN_POINT('Ctrl Pts',(0.0799999999999999,-0.0570411513892561,
-0.0710132026685258));
#4928=CARTESIAN_POINT('Ctrl Pts',(0.0799999999999999,-0.0554730801081794,
-0.0719613387919676));
#4929=CARTESIAN_POINT('Ctrl Pts',(0.0799999999999999,-0.0538685420531242,
-0.0719613387919676));
#4930=CARTESIAN_POINT('',(0.888223360216716,-0.0577340200948482,-0.0699556662231488));
#4931=CARTESIAN_POINT('Ctrl Pts',(0.888223360216716,-0.0588644900881825,
-0.0647773843181977));
#4932=CARTESIAN_POINT('Ctrl Pts',(-0.728223360216716,-0.0588644900881825,
-0.0647773843181973));
#4933=CARTESIAN_POINT('Ctrl Pts',(0.888223360216716,-0.0588644900881825,
-0.0661266549554033));
#4934=CARTESIAN_POINT('Ctrl Pts',(-0.728223360216716,-0.0588644900881825,
-0.0661266549554028));
#4935=CARTESIAN_POINT('Ctrl Pts',(0.888223360216716,-0.0582445549305476,
-0.0692263307435782));
#4936=CARTESIAN_POINT('Ctrl Pts',(-0.728223360216716,-0.0582445549305476,
-0.0692263307435777));
#4937=CARTESIAN_POINT('Ctrl Pts',(0.888223360216716,-0.0577340200948482,
-0.0699556662231488));
#4938=CARTESIAN_POINT('Ctrl Pts',(-0.728223360216716,-0.0577340200948482,
-0.0699556662231483));
#4939=CARTESIAN_POINT('',(0.0799999999999999,-0.0588644900881825,-0.0647773843181975));
#4940=CARTESIAN_POINT('Ctrl Pts',(0.0799999999999999,-0.0588644900881825,
-0.0647773843181975));
#4941=CARTESIAN_POINT('Ctrl Pts',(0.0799999999999999,-0.0588644900881825,
-0.0661266549554031));
#4942=CARTESIAN_POINT('Ctrl Pts',(0.0799999999999999,-0.0582445549305476,
-0.0692263307435779));
#4943=CARTESIAN_POINT('Ctrl Pts',(0.0799999999999999,-0.0577340200948482,
-0.0699556662231485));
#4944=CARTESIAN_POINT('',(0.888223360216716,-0.0588644900881825,-0.0647773843181977));
#4945=CARTESIAN_POINT('Ctrl Pts',(0.888223360216716,-0.0571505517111917,
-0.0579945643581915));
#4946=CARTESIAN_POINT('Ctrl Pts',(-0.728223360216716,-0.0571505517111917,
-0.057994564358191));
#4947=CARTESIAN_POINT('Ctrl Pts',(0.888223360216716,-0.0578434204167837,
-0.0594167685433541));
#4948=CARTESIAN_POINT('Ctrl Pts',(-0.728223360216716,-0.0578434204167837,
-0.0594167685433536));
#4949=CARTESIAN_POINT('Ctrl Pts',(0.888223360216716,-0.0588644900881825,
-0.0629175788452928));
#4950=CARTESIAN_POINT('Ctrl Pts',(-0.728223360216716,-0.0588644900881825,
-0.0629175788452923));
#4951=CARTESIAN_POINT('Ctrl Pts',(0.888223360216716,-0.0588644900881825,
-0.0647773843181977));
#4952=CARTESIAN_POINT('Ctrl Pts',(-0.728223360216716,-0.0588644900881825,
-0.0647773843181973));
#4953=CARTESIAN_POINT('',(0.0799999999999999,-0.0571505517111917,-0.0579945643581912));
#4954=CARTESIAN_POINT('Ctrl Pts',(0.0799999999999999,-0.0571505517111917,
-0.0579945643581912));
#4955=CARTESIAN_POINT('Ctrl Pts',(0.0799999999999999,-0.0578434204167837,
-0.0594167685433539));
#4956=CARTESIAN_POINT('Ctrl Pts',(0.0799999999999999,-0.0588644900881825,
-0.0629175788452926));
#4957=CARTESIAN_POINT('Ctrl Pts',(0.0799999999999999,-0.0588644900881825,
-0.0647773843181975));
#4958=CARTESIAN_POINT('',(0.888223360216716,-0.0571505517111917,-0.0579945643581915));
#4959=CARTESIAN_POINT('Ctrl Pts',(0.888223360216716,-0.0544155436628021,
-0.0536550182547466));
#4960=CARTESIAN_POINT('Ctrl Pts',(-0.728223360216716,-0.0544155436628021,
-0.0536550182547462));
#4961=CARTESIAN_POINT('Ctrl Pts',(0.888223360216716,-0.0549990120464585,
-0.0543843537343172));
#4962=CARTESIAN_POINT('Ctrl Pts',(-0.728223360216716,-0.0549990120464585,
-0.0543843537343167));
#4963=CARTESIAN_POINT('Ctrl Pts',(0.888223360216716,-0.0563847494576426,
-0.0563535595291577));
#4964=CARTESIAN_POINT('Ctrl Pts',(-0.728223360216716,-0.0563847494576426,
-0.0563535595291573));
#4965=CARTESIAN_POINT('Ctrl Pts',(0.888223360216716,-0.0571505517111917,
-0.0579945643581915));
#4966=CARTESIAN_POINT('Ctrl Pts',(-0.728223360216716,-0.0571505517111917,
-0.057994564358191));
#4967=CARTESIAN_POINT('',(0.0799999999999999,-0.0544155436628021,-0.0536550182547464));
#4968=CARTESIAN_POINT('Ctrl Pts',(0.0799999999999999,-0.0544155436628021,
-0.0536550182547464));
#4969=CARTESIAN_POINT('Ctrl Pts',(0.0799999999999999,-0.0549990120464585,
-0.054384353734317));
#4970=CARTESIAN_POINT('Ctrl Pts',(0.0799999999999999,-0.0563847494576426,
-0.0563535595291575));
#4971=CARTESIAN_POINT('Ctrl Pts',(0.0799999999999999,-0.0571505517111917,
-0.0579945643581912));
#4972=CARTESIAN_POINT('',(0.888223360216716,-0.0544155436628021,-0.0536550182547466));
#4973=CARTESIAN_POINT('Origin',(0.888223360216716,-0.0544155436628021,-0.0536550182547466));
#4974=CARTESIAN_POINT('',(0.0799999999999999,-0.0544155436628021,-0.0533632840629182));
#4975=CARTESIAN_POINT('',(0.0799999999999999,-0.0544155436628021,-0.141827509127373));
#4976=CARTESIAN_POINT('',(0.888223360216716,-0.0544155436628021,-0.0533632840629184));
#4977=CARTESIAN_POINT('Origin',(0.888223360216716,-0.0544155436628021,-0.0533632840629184));
#4978=CARTESIAN_POINT('',(0.0799999999999999,-0.0607972291090445,-0.0533632840629182));
#4979=CARTESIAN_POINT('',(0.08,-0.027207771831401,-0.0533632840629182));
#4980=CARTESIAN_POINT('',(0.888223360216716,-0.0607972291090445,-0.0533632840629184));
#4981=CARTESIAN_POINT('Ctrl Pts',(0.888223360216716,-0.0636416374793697,
-0.0645585836743266));
#4982=CARTESIAN_POINT('Ctrl Pts',(-0.728223360216716,-0.0636416374793697,
-0.0645585836743261));
#4983=CARTESIAN_POINT('Ctrl Pts',(0.888223360216716,-0.0636416374793697,
-0.0611671736943234));
#4984=CARTESIAN_POINT('Ctrl Pts',(-0.728223360216716,-0.0636416374793697,
-0.061167173694323));
#4985=CARTESIAN_POINT('Ctrl Pts',(0.888223360216716,-0.0618182987804433,
-0.0552960230837804));
#4986=CARTESIAN_POINT('Ctrl Pts',(-0.728223360216716,-0.0618182987804433,
-0.0552960230837799));
#4987=CARTESIAN_POINT('Ctrl Pts',(0.888223360216716,-0.0607972291090445,
-0.0533632840629184));
#4988=CARTESIAN_POINT('Ctrl Pts',(-0.728223360216716,-0.0607972291090445,
-0.0533632840629179));
#4989=CARTESIAN_POINT('Ctrl Pts',(0.0799999999999999,-0.0636416374793697,
-0.0645585836743264));
#4990=CARTESIAN_POINT('Ctrl Pts',(0.0799999999999999,-0.0636416374793697,
-0.0611671736943232));
#4991=CARTESIAN_POINT('Ctrl Pts',(0.0799999999999999,-0.0618182987804433,
-0.0552960230837802));
#4992=CARTESIAN_POINT('Ctrl Pts',(0.0799999999999999,-0.0607972291090445,
-0.0533632840629182));
#4993=CARTESIAN_POINT('Origin',(0.0819999999999999,0.,-0.23));
#4994=CARTESIAN_POINT('',(0.0819999999999999,-0.0450435827503203,0.0395175892603932));
#4995=CARTESIAN_POINT('',(0.0819999999999999,-0.0281229996242832,0.0518068920911573));
#4996=CARTESIAN_POINT('Ctrl Pts',(0.0819999999999999,-0.0450435827503203,
0.0395175892603932));
#4997=CARTESIAN_POINT('Ctrl Pts',(0.0819999999999999,-0.0398896120280217,
0.0395175892603932));
#4998=CARTESIAN_POINT('Ctrl Pts',(0.0819999999999999,-0.0357810221597742,
0.0405994368884229));
#4999=CARTESIAN_POINT('Ctrl Pts',(0.0819999999999999,-0.0327178131455778,
0.0427631321444823));
#5000=CARTESIAN_POINT('Ctrl Pts',(0.0819999999999999,-0.0296546041313814,
0.0449268274005416));
#5001=CARTESIAN_POINT('Ctrl Pts',(0.0819999999999999,-0.0281229996242832,
0.0479414140494333));
#5002=CARTESIAN_POINT('Ctrl Pts',(0.0819999999999999,-0.0281229996242832,
0.0518068920911573));
#5003=CARTESIAN_POINT('',(0.0819999999999999,-0.0326084128236422,0.0621269891270807));
#5004=CARTESIAN_POINT('Ctrl Pts',(0.0819999999999999,-0.0281229996242832,
0.0518068920911573));
#5005=CARTESIAN_POINT('Ctrl Pts',(0.0819999999999999,-0.0281229996242832,
0.0538247202513025));
#5006=CARTESIAN_POINT('Ctrl Pts',(0.0819999999999999,-0.0285484453206994,
0.0556966813155336));
#5007=CARTESIAN_POINT('Ctrl Pts',(0.0819999999999999,-0.0293993367135317,
0.0574227752838506));
#5008=CARTESIAN_POINT('Ctrl Pts',(0.0819999999999999,-0.030250228106364,
0.0591488692521676));
#5009=CARTESIAN_POINT('Ctrl Pts',(0.0819999999999999,-0.0313199201430675,
0.0607169405332443));
#5010=CARTESIAN_POINT('Ctrl Pts',(0.0819999999999999,-0.0326084128236422,
0.0621269891270807));
#5011=CARTESIAN_POINT('',(0.0819999999999999,-0.029071135747725,0.0621269891270807));
#5012=CARTESIAN_POINT('',(0.082,-0.0163042064118211,0.0621269891270807));
#5013=CARTESIAN_POINT('',(0.0819999999999999,-0.029071135747725,0.0678158058677312));
#5014=CARTESIAN_POINT('',(0.0819999999999999,-0.029071135747725,-0.0839365054364596));
#5015=CARTESIAN_POINT('',(0.0819999999999999,-0.0752745383785202,0.0678158058677312));
#5016=CARTESIAN_POINT('',(0.082,-0.0145355678738625,0.0678158058677312));
#5017=CARTESIAN_POINT('',(0.0819999999999999,-0.0752745383785202,0.0621269891270807));
#5018=CARTESIAN_POINT('',(0.0819999999999999,-0.0752745383785202,-0.0810920970661344));
#5019=CARTESIAN_POINT('',(0.0819999999999999,-0.0611254300748513,0.0621269891270807));
#5020=CARTESIAN_POINT('',(0.082,-0.0376372691892601,0.0621269891270807));
#5021=CARTESIAN_POINT('',(0.0819999999999999,-0.0634957703834556,0.0537396311120192));
#5022=CARTESIAN_POINT('Ctrl Pts',(0.0819999999999999,-0.0611254300748513,
0.0621269891270807));
#5023=CARTESIAN_POINT('Ctrl Pts',(0.0819999999999999,-0.0619276991023789,
0.0607898740812014));
#5024=CARTESIAN_POINT('Ctrl Pts',(0.0819999999999999,-0.0625233230773615,
0.0594770702179744));
#5025=CARTESIAN_POINT('Ctrl Pts',(0.0819999999999999,-0.0629123019997992,
0.0581885775373997));
#5026=CARTESIAN_POINT('Ctrl Pts',(0.0819999999999999,-0.0633012809222368,
0.056900084856825));
#5027=CARTESIAN_POINT('Ctrl Pts',(0.0819999999999999,-0.0634957703834556,
0.0554171027150316));
#5028=CARTESIAN_POINT('Ctrl Pts',(0.0819999999999999,-0.0634957703834556,
0.0537396311120192));
#5029=CARTESIAN_POINT('Ctrl Pts',(0.0819999999999999,-0.0634957703834556,
0.0537396311120192));
#5030=CARTESIAN_POINT('Ctrl Pts',(0.0819999999999999,-0.0634957703834556,
0.0496310412437717));
#5031=CARTESIAN_POINT('Ctrl Pts',(0.0819999999999999,-0.0618304543717695,
0.0462335534681055));
#5032=CARTESIAN_POINT('Ctrl Pts',(0.0819999999999999,-0.0584998223483973,
0.0435471677850206));
#5033=CARTESIAN_POINT('Ctrl Pts',(0.0819999999999999,-0.055169190325025,
0.0408607821019357));
#5034=CARTESIAN_POINT('Ctrl Pts',(0.0819999999999999,-0.050683777125666,
0.0395175892603932));
#5035=CARTESIAN_POINT('Ctrl Pts',(0.0819999999999999,-0.0450435827503203,
0.0395175892603932));
#5036=CARTESIAN_POINT('',(0.0819999999999999,-0.0373490934408509,0.0621269891270807));
#5037=CARTESIAN_POINT('',(0.0819999999999999,-0.0335200821731054,0.0531926295023413));
#5038=CARTESIAN_POINT('Ctrl Pts',(0.0819999999999999,-0.0373490934408509,
0.0621269891270807));
#5039=CARTESIAN_POINT('Ctrl Pts',(0.0819999999999999,-0.0362307790388427,
0.0607898740812014));
#5040=CARTESIAN_POINT('Ctrl Pts',(0.0819999999999999,-0.0353130318937164,
0.0593676698960388));
#5041=CARTESIAN_POINT('Ctrl Pts',(0.0819999999999999,-0.034595852005472,
0.0578603765715929));
#5042=CARTESIAN_POINT('Ctrl Pts',(0.0819999999999999,-0.0338786721172276,
0.0563530832471471));
#5043=CARTESIAN_POINT('Ctrl Pts',(0.0819999999999999,-0.0335200821731054,
0.0547971675573966));
#5044=CARTESIAN_POINT('Ctrl Pts',(0.0819999999999999,-0.0335200821731054,
0.0531926295023413));
#5045=CARTESIAN_POINT('',(0.0819999999999999,-0.0456999846819338,0.0453887398709363));
#5046=CARTESIAN_POINT('Ctrl Pts',(0.0819999999999999,-0.0335200821731054,
0.0531926295023413));
#5047=CARTESIAN_POINT('Ctrl Pts',(0.0819999999999999,-0.0335200821731054,
0.0504454658626255));
#5048=CARTESIAN_POINT('Ctrl Pts',(0.0819999999999999,-0.0345836964141458,
0.0484580266807957));
#5049=CARTESIAN_POINT('Ctrl Pts',(0.0819999999999999,-0.0367109248962266,
0.047230311956852));
#5050=CARTESIAN_POINT('Ctrl Pts',(0.0819999999999999,-0.0388381533783074,
0.0460025972329082));
#5051=CARTESIAN_POINT('Ctrl Pts',(0.0819999999999999,-0.0418345066402099,
0.0453887398709363));
#5052=CARTESIAN_POINT('Ctrl Pts',(0.0819999999999999,-0.0456999846819338,
0.0453887398709363));
#5053=CARTESIAN_POINT('',(0.0819999999999999,-0.0583904220264617,0.054687767235461));
#5054=CARTESIAN_POINT('Ctrl Pts',(0.0819999999999999,-0.0456999846819338,
0.0453887398709363));
#5055=CARTESIAN_POINT('Ctrl Pts',(0.0819999999999999,-0.0498328857328337,
0.0453887398709363));
#5056=CARTESIAN_POINT('Ctrl Pts',(0.0819999999999999,-0.0529811838863133,
0.0462031644897901));
#5057=CARTESIAN_POINT('Ctrl Pts',(0.0819999999999999,-0.0551448791423727,
0.0478320137274977));
#5058=CARTESIAN_POINT('Ctrl Pts',(0.0819999999999999,-0.057308574398432,
0.0494608629652053));
#5059=CARTESIAN_POINT('Ctrl Pts',(0.0819999999999999,-0.0583904220264617,
0.0517461141345264));
#5060=CARTESIAN_POINT('Ctrl Pts',(0.0819999999999999,-0.0583904220264617,
0.054687767235461));
#5061=CARTESIAN_POINT('',(0.0819999999999999,-0.0565306165535567,0.0621269891270807));
#5062=CARTESIAN_POINT('Ctrl Pts',(0.0819999999999999,-0.0583904220264617,
0.054687767235461));
#5063=CARTESIAN_POINT('Ctrl Pts',(0.0819999999999999,-0.0583904220264617,
0.0560491934639927));
#5064=CARTESIAN_POINT('Ctrl Pts',(0.0819999999999999,-0.0582567105218737,
0.0572586748009472));
#5065=CARTESIAN_POINT('Ctrl Pts',(0.0819999999999999,-0.0579892875126979,
0.0583162112463246));
#5066=CARTESIAN_POINT('Ctrl Pts',(0.0819999999999999,-0.057721864503522,
0.0593737476917019));
#5067=CARTESIAN_POINT('Ctrl Pts',(0.0819999999999999,-0.0572356408504749,
0.0606440069852873));
#5068=CARTESIAN_POINT('Ctrl Pts',(0.0819999999999999,-0.0565306165535567,
0.0621269891270807));
#5069=CARTESIAN_POINT('',(0.082,-0.0186745467204254,0.0621269891270807));
#5070=CARTESIAN_POINT('Ctrl Pts',(0.888223360216716,-0.0456999846819338,
0.0453887398709361));
#5071=CARTESIAN_POINT('Ctrl Pts',(-0.728223360216716,-0.0456999846819338,
0.0453887398709365));
#5072=CARTESIAN_POINT('Ctrl Pts',(0.888223360216716,-0.0518993362582836,
0.0453887398709361));
#5073=CARTESIAN_POINT('Ctrl Pts',(-0.728223360216716,-0.0518993362582836,
0.0453887398709365));
#5074=CARTESIAN_POINT('Ctrl Pts',(0.888223360216716,-0.0583904220264617,
0.0502752875840588));
#5075=CARTESIAN_POINT('Ctrl Pts',(-0.728223360216716,-0.0583904220264617,
0.0502752875840593));
#5076=CARTESIAN_POINT('Ctrl Pts',(0.888223360216716,-0.0583904220264617,
0.0546877672354608));
#5077=CARTESIAN_POINT('Ctrl Pts',(-0.728223360216716,-0.0583904220264617,
0.0546877672354612));
#5078=CARTESIAN_POINT('',(0.0799999999999999,-0.0456999846819338,0.0453887398709363));
#5079=CARTESIAN_POINT('',(0.888223360216716,-0.0456999846819338,0.0453887398709361));
#5080=CARTESIAN_POINT('',(0.0799999999999999,-0.0583904220264617,0.054687767235461));
#5081=CARTESIAN_POINT('Ctrl Pts',(0.0799999999999998,-0.0583904220264617,
0.054687767235461));
#5082=CARTESIAN_POINT('Ctrl Pts',(0.0799999999999998,-0.0583904220264617,
0.0502752875840591));
#5083=CARTESIAN_POINT('Ctrl Pts',(0.0799999999999998,-0.0518993362582836,
0.0453887398709363));
#5084=CARTESIAN_POINT('Ctrl Pts',(0.0799999999999998,-0.0456999846819338,
0.0453887398709363));
#5085=CARTESIAN_POINT('',(0.888223360216716,-0.0583904220264617,0.0546877672354608));
#5086=CARTESIAN_POINT('Ctrl Pts',(0.888223360216716,-0.0335200821731054,
0.0531926295023411));
#5087=CARTESIAN_POINT('Ctrl Pts',(-0.728223360216716,-0.0335200821731054,
0.0531926295023416));
#5088=CARTESIAN_POINT('Ctrl Pts',(0.888223360216716,-0.0335200821731054,
0.0490718840427674));
#5089=CARTESIAN_POINT('Ctrl Pts',(-0.728223360216716,-0.0335200821731054,
0.0490718840427679));
#5090=CARTESIAN_POINT('Ctrl Pts',(0.888223360216716,-0.0399017676193479,
0.0453887398709361));
#5091=CARTESIAN_POINT('Ctrl Pts',(-0.728223360216716,-0.0399017676193479,
0.0453887398709365));
#5092=CARTESIAN_POINT('Ctrl Pts',(0.888223360216716,-0.0456999846819338,
0.0453887398709361));
#5093=CARTESIAN_POINT('Ctrl Pts',(-0.728223360216716,-0.0456999846819338,
0.0453887398709365));
#5094=CARTESIAN_POINT('',(0.0799999999999999,-0.0335200821731054,0.0531926295023413));
#5095=CARTESIAN_POINT('',(0.888223360216716,-0.0335200821731054,0.0531926295023411));
#5096=CARTESIAN_POINT('Ctrl Pts',(0.0799999999999999,-0.0456999846819338,
0.0453887398709363));
#5097=CARTESIAN_POINT('Ctrl Pts',(0.0799999999999999,-0.0399017676193479,
0.0453887398709363));
#5098=CARTESIAN_POINT('Ctrl Pts',(0.0799999999999999,-0.0335200821731054,
0.0490718840427676));
#5099=CARTESIAN_POINT('Ctrl Pts',(0.0799999999999999,-0.0335200821731054,
0.0531926295023413));
#5100=CARTESIAN_POINT('Ctrl Pts',(0.888223360216716,-0.0373490934408509,
0.0621269891270805));
#5101=CARTESIAN_POINT('Ctrl Pts',(-0.728223360216716,-0.0373490934408509,
0.062126989127081));
#5102=CARTESIAN_POINT('Ctrl Pts',(0.888223360216716,-0.0356716218378386,
0.0601213165582615));
#5103=CARTESIAN_POINT('Ctrl Pts',(-0.728223360216716,-0.0356716218378386,
0.0601213165582619));
#5104=CARTESIAN_POINT('Ctrl Pts',(0.888223360216716,-0.0335200821731054,
0.055599436584924));
#5105=CARTESIAN_POINT('Ctrl Pts',(-0.728223360216716,-0.0335200821731054,
0.0555994365849244));
#5106=CARTESIAN_POINT('Ctrl Pts',(0.888223360216716,-0.0335200821731054,
0.0531926295023411));
#5107=CARTESIAN_POINT('Ctrl Pts',(-0.728223360216716,-0.0335200821731054,
0.0531926295023416));
#5108=CARTESIAN_POINT('',(0.0799999999999999,-0.0373490934408509,0.0621269891270807));
#5109=CARTESIAN_POINT('',(0.888223360216716,-0.0373490934408509,0.0621269891270805));
#5110=CARTESIAN_POINT('Ctrl Pts',(0.0799999999999999,-0.0335200821731054,
0.0531926295023413));
#5111=CARTESIAN_POINT('Ctrl Pts',(0.0799999999999999,-0.0335200821731054,
0.0555994365849242));
#5112=CARTESIAN_POINT('Ctrl Pts',(0.0799999999999999,-0.0356716218378386,
0.0601213165582617));
#5113=CARTESIAN_POINT('Ctrl Pts',(0.0799999999999999,-0.0373490934408509,
0.0621269891270807));
#5114=CARTESIAN_POINT('Origin',(0.888223360216716,-0.029071135747725,0.0678158058677309));
#5115=CARTESIAN_POINT('',(0.0799999999999999,-0.029071135747725,0.0678158058677312));
#5116=CARTESIAN_POINT('',(0.888223360216716,-0.029071135747725,0.0678158058677309));
#5117=CARTESIAN_POINT('',(0.0799999999999999,-0.0752745383785202,0.0678158058677312));
#5118=CARTESIAN_POINT('',(0.08,-0.0145355678738625,0.0678158058677311));
#5119=CARTESIAN_POINT('',(0.888223360216716,-0.0752745383785202,0.0678158058677309));
#5120=CARTESIAN_POINT('Origin',(0.888223360216716,-0.029071135747725,0.0621269891270805));
#5121=CARTESIAN_POINT('',(0.0799999999999999,-0.029071135747725,0.0621269891270807));
#5122=CARTESIAN_POINT('',(0.888223360216716,-0.029071135747725,0.0621269891270805));
#5123=CARTESIAN_POINT('',(0.0799999999999999,-0.029071135747725,-0.0839365054364596));
#5124=CARTESIAN_POINT('Origin',(0.888223360216716,-0.0326084128236422,0.0621269891270805));
#5125=CARTESIAN_POINT('',(0.0799999999999999,-0.0326084128236422,0.0621269891270807));
#5126=CARTESIAN_POINT('',(0.888223360216716,-0.0326084128236422,0.0621269891270805));
#5127=CARTESIAN_POINT('',(0.08,-0.0163042064118211,0.0621269891270807));
#5128=CARTESIAN_POINT('Ctrl Pts',(0.888223360216716,-0.0326084128236422,
0.0621269891270805));
#5129=CARTESIAN_POINT('Ctrl Pts',(-0.728223360216716,-0.0326084128236422,
0.062126989127081));
#5130=CARTESIAN_POINT('Ctrl Pts',(0.888223360216716,-0.0306756738027802,
0.0600119162363259));
#5131=CARTESIAN_POINT('Ctrl Pts',(-0.728223360216716,-0.0306756738027802,
0.0600119162363263));
#5132=CARTESIAN_POINT('Ctrl Pts',(0.888223360216716,-0.0281229996242832,
0.0548336343313749));
#5133=CARTESIAN_POINT('Ctrl Pts',(-0.728223360216716,-0.0281229996242832,
0.0548336343313753));
#5134=CARTESIAN_POINT('Ctrl Pts',(0.888223360216716,-0.0281229996242832,
0.051806892091157));
#5135=CARTESIAN_POINT('Ctrl Pts',(-0.728223360216716,-0.0281229996242832,
0.0518068920911575));
#5136=CARTESIAN_POINT('',(0.0799999999999999,-0.0281229996242832,0.0518068920911573));
#5137=CARTESIAN_POINT('',(0.888223360216716,-0.0281229996242832,0.051806892091157));
#5138=CARTESIAN_POINT('Ctrl Pts',(0.0799999999999999,-0.0326084128236422,
0.0621269891270807));
#5139=CARTESIAN_POINT('Ctrl Pts',(0.0799999999999999,-0.0306756738027802,
0.0600119162363261));
#5140=CARTESIAN_POINT('Ctrl Pts',(0.0799999999999999,-0.0281229996242832,
0.0548336343313751));
#5141=CARTESIAN_POINT('Ctrl Pts',(0.0799999999999999,-0.0281229996242832,
0.0518068920911573));
#5142=CARTESIAN_POINT('Ctrl Pts',(0.888223360216716,-0.0281229996242832,
0.051806892091157));
#5143=CARTESIAN_POINT('Ctrl Pts',(-0.728223360216716,-0.0281229996242832,
0.0518068920911575));
#5144=CARTESIAN_POINT('Ctrl Pts',(0.888223360216716,-0.0281229996242832,
0.046008675028571));
#5145=CARTESIAN_POINT('Ctrl Pts',(-0.728223360216716,-0.0281229996242832,
0.0460086750285715));
#5146=CARTESIAN_POINT('Ctrl Pts',(0.888223360216716,-0.0373126266668723,
0.039517589260393));
#5147=CARTESIAN_POINT('Ctrl Pts',(-0.728223360216716,-0.0373126266668723,
0.0395175892603935));
#5148=CARTESIAN_POINT('Ctrl Pts',(0.888223360216716,-0.0450435827503203,
0.039517589260393));
#5149=CARTESIAN_POINT('Ctrl Pts',(-0.728223360216716,-0.0450435827503203,
0.0395175892603935));
#5150=CARTESIAN_POINT('',(0.0799999999999999,-0.0450435827503203,0.0395175892603932));
#5151=CARTESIAN_POINT('',(0.888223360216716,-0.0450435827503203,0.039517589260393));
#5152=CARTESIAN_POINT('Ctrl Pts',(0.0799999999999999,-0.0281229996242832,
0.0518068920911573));
#5153=CARTESIAN_POINT('Ctrl Pts',(0.0799999999999999,-0.0281229996242832,
0.0460086750285713));
#5154=CARTESIAN_POINT('Ctrl Pts',(0.0799999999999999,-0.0373126266668723,
0.0395175892603932));
#5155=CARTESIAN_POINT('Ctrl Pts',(0.0799999999999999,-0.0450435827503203,
0.0395175892603932));
#5156=CARTESIAN_POINT('Origin',(0.888223360216716,-0.0373490934408509,0.0621269891270805));
#5157=CARTESIAN_POINT('',(0.0799999999999999,-0.0565306165535567,0.0621269891270807));
#5158=CARTESIAN_POINT('',(0.888223360216716,-0.0565306165535567,0.0621269891270805));
#5159=CARTESIAN_POINT('',(0.08,-0.0186745467204254,0.0621269891270807));
#5160=CARTESIAN_POINT('Ctrl Pts',(0.888223360216716,-0.0583904220264617,
0.0546877672354608));
#5161=CARTESIAN_POINT('Ctrl Pts',(-0.728223360216716,-0.0583904220264617,
0.0546877672354612));
#5162=CARTESIAN_POINT('Ctrl Pts',(0.888223360216716,-0.0583904220264617,
0.0567299065782583));
#5163=CARTESIAN_POINT('Ctrl Pts',(-0.728223360216716,-0.0583904220264617,
0.0567299065782588));
#5164=CARTESIAN_POINT('Ctrl Pts',(0.888223360216716,-0.0575881529989341,
0.0599025159143903));
#5165=CARTESIAN_POINT('Ctrl Pts',(-0.728223360216716,-0.0575881529989341,
0.0599025159143908));
#5166=CARTESIAN_POINT('Ctrl Pts',(0.888223360216716,-0.0565306165535567,
0.0621269891270805));
#5167=CARTESIAN_POINT('Ctrl Pts',(-0.728223360216716,-0.0565306165535567,
0.062126989127081));
#5168=CARTESIAN_POINT('Ctrl Pts',(0.0799999999999999,-0.0565306165535567,
0.0621269891270807));
#5169=CARTESIAN_POINT('Ctrl Pts',(0.0799999999999999,-0.0575881529989341,
0.0599025159143905));
#5170=CARTESIAN_POINT('Ctrl Pts',(0.0799999999999999,-0.0583904220264617,
0.0567299065782586));
#5171=CARTESIAN_POINT('Ctrl Pts',(0.0799999999999999,-0.0583904220264617,
0.054687767235461));
#5172=CARTESIAN_POINT('Origin',(0.888223360216716,-0.0752745383785202,0.0678158058677309));
#5173=CARTESIAN_POINT('',(0.0799999999999999,-0.0752745383785202,0.0621269891270807));
#5174=CARTESIAN_POINT('',(0.0799999999999999,-0.0752745383785202,-0.0810920970661344));
#5175=CARTESIAN_POINT('',(0.888223360216716,-0.0752745383785202,0.0621269891270805));
#5176=CARTESIAN_POINT('Origin',(0.888223360216716,-0.0752745383785202,0.0621269891270805));
#5177=CARTESIAN_POINT('',(0.0799999999999999,-0.0611254300748513,0.0621269891270807));
#5178=CARTESIAN_POINT('',(0.08,-0.0376372691892601,0.0621269891270807));
#5179=CARTESIAN_POINT('',(0.888223360216716,-0.0611254300748513,0.0621269891270805));
#5180=CARTESIAN_POINT('Ctrl Pts',(0.888223360216716,-0.0634957703834556,
0.053739631112019));
#5181=CARTESIAN_POINT('Ctrl Pts',(-0.728223360216716,-0.0634957703834556,
0.0537396311120195));
#5182=CARTESIAN_POINT('Ctrl Pts',(0.888223360216716,-0.0634957703834556,
0.0562558385165375));
#5183=CARTESIAN_POINT('Ctrl Pts',(-0.728223360216716,-0.0634957703834556,
0.0562558385165379));
#5184=CARTESIAN_POINT('Ctrl Pts',(0.888223360216716,-0.0623288336161427,
0.0601213165582615));
#5185=CARTESIAN_POINT('Ctrl Pts',(-0.728223360216716,-0.0623288336161427,
0.0601213165582619));
#5186=CARTESIAN_POINT('Ctrl Pts',(0.888223360216716,-0.0611254300748513,
0.0621269891270805));
#5187=CARTESIAN_POINT('Ctrl Pts',(-0.728223360216716,-0.0611254300748513,
0.062126989127081));
#5188=CARTESIAN_POINT('',(0.0799999999999999,-0.0634957703834556,0.0537396311120192));
#5189=CARTESIAN_POINT('Ctrl Pts',(0.0799999999999999,-0.0634957703834556,
0.0537396311120192));
#5190=CARTESIAN_POINT('Ctrl Pts',(0.0799999999999999,-0.0634957703834556,
0.0562558385165377));
#5191=CARTESIAN_POINT('Ctrl Pts',(0.0799999999999999,-0.0623288336161427,
0.0601213165582617));
#5192=CARTESIAN_POINT('Ctrl Pts',(0.0799999999999999,-0.0611254300748513,
0.0621269891270807));
#5193=CARTESIAN_POINT('',(0.888223360216716,-0.0634957703834556,0.053739631112019));
#5194=CARTESIAN_POINT('Ctrl Pts',(0.888223360216716,-0.0450435827503203,
0.039517589260393));
#5195=CARTESIAN_POINT('Ctrl Pts',(-0.728223360216716,-0.0450435827503203,
0.0395175892603935));
#5196=CARTESIAN_POINT('Ctrl Pts',(0.888223360216716,-0.0535038743133389,
0.039517589260393));
#5197=CARTESIAN_POINT('Ctrl Pts',(-0.728223360216716,-0.0535038743133389,
0.0395175892603935));
#5198=CARTESIAN_POINT('Ctrl Pts',(0.888223360216716,-0.0634957703834556,
0.0475767463096478));
#5199=CARTESIAN_POINT('Ctrl Pts',(-0.728223360216716,-0.0634957703834556,
0.0475767463096482));
#5200=CARTESIAN_POINT('Ctrl Pts',(0.888223360216716,-0.0634957703834556,
0.053739631112019));
#5201=CARTESIAN_POINT('Ctrl Pts',(-0.728223360216716,-0.0634957703834556,
0.0537396311120195));
#5202=CARTESIAN_POINT('Ctrl Pts',(0.0799999999999998,-0.0450435827503203,
0.0395175892603932));
#5203=CARTESIAN_POINT('Ctrl Pts',(0.0799999999999998,-0.0535038743133389,
0.0395175892603932));
#5204=CARTESIAN_POINT('Ctrl Pts',(0.0799999999999998,-0.0634957703834556,
0.047576746309648));
#5205=CARTESIAN_POINT('Ctrl Pts',(0.0799999999999998,-0.0634957703834556,
0.0537396311120192));
#5206=CARTESIAN_POINT('Ctrl Pts',(0.888223360216716,-0.0634957703834556,
0.0233992751618835));
#5207=CARTESIAN_POINT('Ctrl Pts',(-0.728223360216716,-0.0634957703834556,
0.023399275161884));
#5208=CARTESIAN_POINT('Ctrl Pts',(0.888223360216716,-0.0634957703834556,
0.0280305554571566));
#5209=CARTESIAN_POINT('Ctrl Pts',(-0.728223360216716,-0.0634957703834556,
0.0280305554571571));
#5210=CARTESIAN_POINT('Ctrl Pts',(0.888223360216716,-0.058208088156569,
0.0332453041360862));
#5211=CARTESIAN_POINT('Ctrl Pts',(-0.728223360216716,-0.058208088156569,
0.0332453041360866));
#5212=CARTESIAN_POINT('Ctrl Pts',(0.888223360216716,-0.0524828046419401,
0.0332453041360862));
#5213=CARTESIAN_POINT('Ctrl Pts',(-0.728223360216716,-0.0524828046419401,
0.0332453041360866));
#5214=CARTESIAN_POINT('',(0.0819999999999999,-0.0524828046419401,0.0332453041360864));
#5215=CARTESIAN_POINT('',(0.0819999999999999,-0.0634957703834556,0.0233992751618838));
#5216=CARTESIAN_POINT('Ctrl Pts',(0.0819999999999999,-0.0524828046419401,
0.0332453041360864));
#5217=CARTESIAN_POINT('Ctrl Pts',(0.0819999999999999,-0.0562996603183594,
0.0332453041360864));
#5218=CARTESIAN_POINT('Ctrl Pts',(0.0819999999999999,-0.0590893685277168,
0.0323761793562648));
#5219=CARTESIAN_POINT('Ctrl Pts',(0.0819999999999999,-0.0608519292700123,
0.0306379297966216));
#5220=CARTESIAN_POINT('Ctrl Pts',(0.0819999999999999,-0.0626144900123079,
0.0288996802369784));
#5221=CARTESIAN_POINT('Ctrl Pts',(0.0819999999999999,-0.0634957703834556,
0.0264867953587325));
#5222=CARTESIAN_POINT('Ctrl Pts',(0.0819999999999999,-0.0634957703834556,
0.0233992751618838));
#5223=CARTESIAN_POINT('',(0.0799999999999999,-0.0524828046419401,0.0332453041360864));
#5224=CARTESIAN_POINT('',(0.888223360216716,-0.0524828046419401,0.0332453041360862));
#5225=CARTESIAN_POINT('',(0.0799999999999999,-0.0634957703834556,0.0233992751618838));
#5226=CARTESIAN_POINT('Ctrl Pts',(0.0799999999999999,-0.0634957703834556,
0.0233992751618838));
#5227=CARTESIAN_POINT('Ctrl Pts',(0.0799999999999999,-0.0634957703834556,
0.0280305554571569));
#5228=CARTESIAN_POINT('Ctrl Pts',(0.0799999999999999,-0.058208088156569,
0.0332453041360864));
#5229=CARTESIAN_POINT('Ctrl Pts',(0.0799999999999999,-0.0524828046419401,
0.0332453041360864));
#5230=CARTESIAN_POINT('',(0.888223360216716,-0.0634957703834556,0.0233992751618835));
#5231=CARTESIAN_POINT('Origin',(0.888223360216716,-0.0337753495909551,0.0332453041360862));
#5232=CARTESIAN_POINT('',(0.0819999999999999,-0.0337753495909551,0.0332453041360864));
#5233=CARTESIAN_POINT('',(0.0819999999999999,-0.0168876747954776,0.0332453041360864));
#5234=CARTESIAN_POINT('',(0.0799999999999999,-0.0337753495909551,0.0332453041360864));
#5235=CARTESIAN_POINT('',(0.888223360216716,-0.0337753495909551,0.0332453041360862));
#5236=CARTESIAN_POINT('',(0.08,-0.0168876747954776,0.0332453041360864));
#5237=CARTESIAN_POINT('Origin',(0.888223360216716,-0.0337753495909551,0.0370743154038316));
#5238=CARTESIAN_POINT('',(0.0819999999999999,-0.0337753495909551,0.0370743154038319));
#5239=CARTESIAN_POINT('',(0.0819999999999999,-0.0337753495909551,-0.0964628422980841));
#5240=CARTESIAN_POINT('',(0.0799999999999999,-0.0337753495909551,0.0370743154038319));
#5241=CARTESIAN_POINT('',(0.888223360216716,-0.0337753495909551,0.0370743154038316));
#5242=CARTESIAN_POINT('',(0.0799999999999999,-0.0337753495909551,-0.0964628422980841));
#5243=CARTESIAN_POINT('Origin',(0.888223360216716,-0.029071135747725,0.0370743154038316));
#5244=CARTESIAN_POINT('',(0.0819999999999999,-0.029071135747725,0.0370743154038319));
#5245=CARTESIAN_POINT('',(0.0819999999999999,-0.0145355678738625,0.0370743154038319));
#5246=CARTESIAN_POINT('',(0.0799999999999999,-0.029071135747725,0.0370743154038319));
#5247=CARTESIAN_POINT('',(0.888223360216716,-0.029071135747725,0.0370743154038316));
#5248=CARTESIAN_POINT('',(0.08,-0.0145355678738625,0.0370743154038319));
#5249=CARTESIAN_POINT('Origin',(0.888223360216716,-0.029071135747725,0.0332453041360862));
#5250=CARTESIAN_POINT('',(0.0819999999999999,-0.029071135747725,0.0332453041360864));
#5251=CARTESIAN_POINT('',(0.0819999999999999,-0.029071135747725,-0.0983773479319568));
#5252=CARTESIAN_POINT('',(0.0799999999999999,-0.029071135747725,0.0332453041360864));
#5253=CARTESIAN_POINT('',(0.888223360216716,-0.029071135747725,0.0332453041360862));
#5254=CARTESIAN_POINT('',(0.0799999999999999,-0.029071135747725,-0.0983773479319568));
#5255=CARTESIAN_POINT('Origin',(0.888223360216716,-0.0193709738694365,0.0332453041360862));
#5256=CARTESIAN_POINT('',(0.0819999999999999,-0.0193709738694365,0.0332453041360864));
#5257=CARTESIAN_POINT('',(0.0819999999999999,-0.00968548693471823,0.0332453041360864));
#5258=CARTESIAN_POINT('',(0.0799999999999999,-0.0193709738694365,0.0332453041360864));
#5259=CARTESIAN_POINT('',(0.888223360216716,-0.0193709738694365,0.0332453041360862));
#5260=CARTESIAN_POINT('',(0.08,-0.00968548693471823,0.0332453041360864));
#5261=CARTESIAN_POINT('Origin',(0.888223360216716,-0.0193709738694365,0.0275564873954358));
#5262=CARTESIAN_POINT('',(0.0819999999999999,-0.0193709738694365,0.027556487395436));
#5263=CARTESIAN_POINT('',(0.0819999999999999,-0.0193709738694365,-0.101221756302282));
#5264=CARTESIAN_POINT('',(0.0799999999999999,-0.0193709738694365,0.027556487395436));
#5265=CARTESIAN_POINT('',(0.888223360216716,-0.0193709738694365,0.0275564873954358));
#5266=CARTESIAN_POINT('',(0.0799999999999999,-0.0193709738694365,-0.101221756302282));
#5267=CARTESIAN_POINT('Origin',(0.888223360216716,-0.029071135747725,0.0275564873954358));
#5268=CARTESIAN_POINT('',(0.0819999999999999,-0.029071135747725,0.027556487395436));
#5269=CARTESIAN_POINT('',(0.0819999999999999,-0.0145355678738625,0.027556487395436));
#5270=CARTESIAN_POINT('',(0.0799999999999999,-0.029071135747725,0.027556487395436));
#5271=CARTESIAN_POINT('',(0.888223360216716,-0.029071135747725,0.0275564873954358));
#5272=CARTESIAN_POINT('',(0.08,-0.0145355678738625,0.027556487395436));
#5273=CARTESIAN_POINT('Origin',(0.888223360216716,-0.029071135747725,0.0170905232635982));
#5274=CARTESIAN_POINT('',(0.0819999999999999,-0.029071135747725,0.0170905232635984));
#5275=CARTESIAN_POINT('',(0.0819999999999999,-0.029071135747725,-0.106454738368201));
#5276=CARTESIAN_POINT('',(0.0799999999999999,-0.029071135747725,0.0170905232635984));
#5277=CARTESIAN_POINT('',(0.888223360216716,-0.029071135747725,0.0170905232635982));
#5278=CARTESIAN_POINT('',(0.0799999999999999,-0.029071135747725,-0.106454738368201));
#5279=CARTESIAN_POINT('Ctrl Pts',(0.888223360216716,-0.0625476342600139,
0.0170905232635982));
#5280=CARTESIAN_POINT('Ctrl Pts',(-0.728223360216716,-0.0625476342600139,
0.0170905232635986));
#5281=CARTESIAN_POINT('Ctrl Pts',(0.888223360216716,-0.0629852355477562,
0.0186950613186534));
#5282=CARTESIAN_POINT('Ctrl Pts',(-0.728223360216716,-0.0629852355477562,
0.0186950613186539));
#5283=CARTESIAN_POINT('Ctrl Pts',(0.888223360216716,-0.0634957703834556,
0.0219770709767209));
#5284=CARTESIAN_POINT('Ctrl Pts',(-0.728223360216716,-0.0634957703834556,
0.0219770709767214));
#5285=CARTESIAN_POINT('Ctrl Pts',(0.888223360216716,-0.0634957703834556,
0.0233992751618835));
#5286=CARTESIAN_POINT('Ctrl Pts',(-0.728223360216716,-0.0634957703834556,
0.023399275161884));
#5287=CARTESIAN_POINT('',(0.0819999999999999,-0.0625476342600139,0.0170905232635984));
#5288=CARTESIAN_POINT('Ctrl Pts',(0.0819999999999999,-0.0634957703834556,
0.0233992751618838));
#5289=CARTESIAN_POINT('Ctrl Pts',(0.0819999999999999,-0.0634957703834556,
0.022451139038442));
#5290=CARTESIAN_POINT('Ctrl Pts',(0.0819999999999999,-0.0634106812441724,
0.0214300693670432));
#5291=CARTESIAN_POINT('Ctrl Pts',(0.0819999999999999,-0.0632405029656059,
0.0203360661476874));
#5292=CARTESIAN_POINT('Ctrl Pts',(0.0819999999999999,-0.0630703246870395,
0.0192420629283316));
#5293=CARTESIAN_POINT('Ctrl Pts',(0.0819999999999999,-0.0628393684518421,
0.0181602153003019));
#5294=CARTESIAN_POINT('Ctrl Pts',(0.0819999999999999,-0.0625476342600139,
0.0170905232635984));
#5295=CARTESIAN_POINT('',(0.0799999999999999,-0.0625476342600139,0.0170905232635984));
#5296=CARTESIAN_POINT('Ctrl Pts',(0.0799999999999999,-0.0625476342600139,
0.0170905232635984));
#5297=CARTESIAN_POINT('Ctrl Pts',(0.0799999999999999,-0.0629852355477562,
0.0186950613186536));
#5298=CARTESIAN_POINT('Ctrl Pts',(0.0799999999999999,-0.0634957703834556,
0.0219770709767211));
#5299=CARTESIAN_POINT('Ctrl Pts',(0.0799999999999999,-0.0634957703834556,
0.0233992751618838));
#5300=CARTESIAN_POINT('',(0.888223360216716,-0.0625476342600139,0.0170905232635982));
#5301=CARTESIAN_POINT('Origin',(0.888223360216716,-0.0625476342600139,0.0170905232635982));
#5302=CARTESIAN_POINT('',(0.0819999999999999,-0.0574422859030199,0.0170905232635984));
#5303=CARTESIAN_POINT('',(0.0819999999999999,-0.0312738171300069,0.0170905232635984));
#5304=CARTESIAN_POINT('',(0.0799999999999999,-0.0574422859030199,0.0170905232635984));
#5305=CARTESIAN_POINT('',(0.08,-0.0312738171300069,0.0170905232635984));
#5306=CARTESIAN_POINT('',(0.888223360216716,-0.0574422859030199,0.0170905232635982));
#5307=CARTESIAN_POINT('Origin',(0.888223360216716,-0.0574422859030199,0.0170905232635982));
#5308=CARTESIAN_POINT('',(0.0819999999999999,-0.0574422859030199,0.0174187242294051));
#5309=CARTESIAN_POINT('',(0.0819999999999999,-0.0574422859030199,-0.106454738368201));
#5310=CARTESIAN_POINT('',(0.0799999999999999,-0.0574422859030199,0.0174187242294051));
#5311=CARTESIAN_POINT('',(0.0799999999999999,-0.0574422859030199,-0.106454738368201));
#5312=CARTESIAN_POINT('',(0.888223360216716,-0.0574422859030199,0.0174187242294049));
#5313=CARTESIAN_POINT('Ctrl Pts',(0.888223360216716,-0.0585362891223758,
0.0219770709767209));
#5314=CARTESIAN_POINT('Ctrl Pts',(-0.728223360216716,-0.0585362891223758,
0.0219770709767214));
#5315=CARTESIAN_POINT('Ctrl Pts',(0.888223360216716,-0.0585362891223758,
0.0205913335655368));
#5316=CARTESIAN_POINT('Ctrl Pts',(-0.728223360216716,-0.0585362891223758,
0.0205913335655373));
#5317=CARTESIAN_POINT('Ctrl Pts',(0.888223360216716,-0.0576975533208696,
0.0180021926130613));
#5318=CARTESIAN_POINT('Ctrl Pts',(-0.728223360216716,-0.0576975533208696,
0.0180021926130618));
#5319=CARTESIAN_POINT('Ctrl Pts',(0.888223360216716,-0.0574422859030199,
0.0174187242294049));
#5320=CARTESIAN_POINT('Ctrl Pts',(-0.728223360216716,-0.0574422859030199,
0.0174187242294053));
#5321=CARTESIAN_POINT('',(0.0819999999999999,-0.0585362891223758,0.0219770709767211));
#5322=CARTESIAN_POINT('Ctrl Pts',(0.0819999999999999,-0.0574422859030199,
0.0174187242294051));
#5323=CARTESIAN_POINT('Ctrl Pts',(0.0819999999999999,-0.0576124641815864,
0.0178077031518428));
#5324=CARTESIAN_POINT('Ctrl Pts',(0.0819999999999999,-0.0578373426211207,
0.0184337161051408));
#5325=CARTESIAN_POINT('Ctrl Pts',(0.0819999999999999,-0.0581169212216227,
0.0192967630892993));
#5326=CARTESIAN_POINT('Ctrl Pts',(0.0819999999999999,-0.0583964998221248,
0.0201598100734578));
#5327=CARTESIAN_POINT('Ctrl Pts',(0.0819999999999999,-0.0585362891223758,
0.0210532460359318));
#5328=CARTESIAN_POINT('Ctrl Pts',(0.0819999999999999,-0.0585362891223758,
0.0219770709767211));
#5329=CARTESIAN_POINT('',(0.0799999999999999,-0.0585362891223758,0.0219770709767211));
#5330=CARTESIAN_POINT('Ctrl Pts',(0.0799999999999999,-0.0585362891223758,
0.0219770709767211));
#5331=CARTESIAN_POINT('Ctrl Pts',(0.0799999999999999,-0.0585362891223758,
0.0205913335655371));
#5332=CARTESIAN_POINT('Ctrl Pts',(0.0799999999999999,-0.0576975533208696,
0.0180021926130616));
#5333=CARTESIAN_POINT('Ctrl Pts',(0.0799999999999999,-0.0574422859030199,
0.0174187242294051));
#5334=CARTESIAN_POINT('',(0.888223360216716,-0.0585362891223758,0.0219770709767209));
#5335=CARTESIAN_POINT('Ctrl Pts',(0.888223360216716,-0.0564212162316211,
0.0267542183679081));
#5336=CARTESIAN_POINT('Ctrl Pts',(-0.728223360216716,-0.0564212162316211,
0.0267542183679086));
#5337=CARTESIAN_POINT('Ctrl Pts',(0.888223360216716,-0.0574787526769985,
0.0262436835322087));
#5338=CARTESIAN_POINT('Ctrl Pts',(-0.728223360216716,-0.0574787526769985,
0.0262436835322092));
#5339=CARTESIAN_POINT('Ctrl Pts',(0.888223360216716,-0.0585362891223758,
0.0239462767715614));
#5340=CARTESIAN_POINT('Ctrl Pts',(-0.728223360216716,-0.0585362891223758,
0.0239462767715619));
#5341=CARTESIAN_POINT('Ctrl Pts',(0.888223360216716,-0.0585362891223758,
0.0219770709767209));
#5342=CARTESIAN_POINT('Ctrl Pts',(-0.728223360216716,-0.0585362891223758,
0.0219770709767214));
#5343=CARTESIAN_POINT('',(0.0819999999999999,-0.0564212162316211,0.0267542183679084));
#5344=CARTESIAN_POINT('Ctrl Pts',(0.0819999999999999,-0.0585362891223758,
0.0219770709767211));
#5345=CARTESIAN_POINT('Ctrl Pts',(0.0819999999999999,-0.0585362891223758,
0.0232898748399482));
#5346=CARTESIAN_POINT('Ctrl Pts',(0.0819999999999999,-0.0583600330481462,
0.0243291778983362));
#5347=CARTESIAN_POINT('Ctrl Pts',(0.0819999999999999,-0.0580075208996871,
0.0250949801518853));
#5348=CARTESIAN_POINT('Ctrl Pts',(0.0819999999999999,-0.057655008751228,
0.0258607824054344));
#5349=CARTESIAN_POINT('Ctrl Pts',(0.0819999999999999,-0.0571262405285394,
0.0264138618107754));
#5350=CARTESIAN_POINT('Ctrl Pts',(0.0819999999999999,-0.0564212162316211,
0.0267542183679084));
#5351=CARTESIAN_POINT('',(0.0799999999999999,-0.0564212162316211,0.0267542183679084));
#5352=CARTESIAN_POINT('Ctrl Pts',(0.0799999999999999,-0.0564212162316211,
0.0267542183679084));
#5353=CARTESIAN_POINT('Ctrl Pts',(0.0799999999999999,-0.0574787526769985,
0.026243683532209));
#5354=CARTESIAN_POINT('Ctrl Pts',(0.0799999999999999,-0.0585362891223758,
0.0239462767715617));
#5355=CARTESIAN_POINT('Ctrl Pts',(0.0799999999999999,-0.0585362891223758,
0.0219770709767211));
#5356=CARTESIAN_POINT('',(0.888223360216716,-0.0564212162316211,0.0267542183679081));
#5357=CARTESIAN_POINT('Ctrl Pts',(0.888223360216716,-0.0498571969154861,
0.0275564873954358));
#5358=CARTESIAN_POINT('Ctrl Pts',(-0.728223360216716,-0.0498571969154861,
0.0275564873954362));
#5359=CARTESIAN_POINT('Ctrl Pts',(0.888223360216716,-0.052409871093983,
0.0275564873954358));
#5360=CARTESIAN_POINT('Ctrl Pts',(-0.728223360216716,-0.052409871093983,
0.0275564873954362));
#5361=CARTESIAN_POINT('Ctrl Pts',(0.888223360216716,-0.0552178126903297,
0.0273741535255431));
#5362=CARTESIAN_POINT('Ctrl Pts',(-0.728223360216716,-0.0552178126903297,
0.0273741535255436));
#5363=CARTESIAN_POINT('Ctrl Pts',(0.888223360216716,-0.0564212162316211,
0.0267542183679081));
#5364=CARTESIAN_POINT('Ctrl Pts',(-0.728223360216716,-0.0564212162316211,
0.0267542183679086));
#5365=CARTESIAN_POINT('',(0.0819999999999999,-0.0498571969154861,0.027556487395436));
#5366=CARTESIAN_POINT('Ctrl Pts',(0.0819999999999999,-0.0564212162316211,
0.0267542183679084));
#5367=CARTESIAN_POINT('Ctrl Pts',(0.0819999999999999,-0.0556189472040935,
0.0271675084729984));
#5368=CARTESIAN_POINT('Ctrl Pts',(0.0819999999999999,-0.0547498224242719,
0.0274045425038588));
#5369=CARTESIAN_POINT('Ctrl Pts',(0.0819999999999999,-0.0538138418921564,
0.0274653204604897));
#5370=CARTESIAN_POINT('Ctrl Pts',(0.0819999999999999,-0.0528778613600408,
0.0275260984171205));
#5371=CARTESIAN_POINT('Ctrl Pts',(0.0819999999999999,-0.0515589797011507,
0.027556487395436));
#5372=CARTESIAN_POINT('Ctrl Pts',(0.0819999999999999,-0.0498571969154861,
0.027556487395436));
#5373=CARTESIAN_POINT('',(0.0799999999999999,-0.0498571969154861,0.027556487395436));
#5374=CARTESIAN_POINT('Ctrl Pts',(0.0799999999999999,-0.0498571969154861,
0.027556487395436));
#5375=CARTESIAN_POINT('Ctrl Pts',(0.0799999999999999,-0.052409871093983,
0.027556487395436));
#5376=CARTESIAN_POINT('Ctrl Pts',(0.0799999999999999,-0.0552178126903297,
0.0273741535255433));
#5377=CARTESIAN_POINT('Ctrl Pts',(0.0799999999999999,-0.0564212162316211,
0.0267542183679084));
#5378=CARTESIAN_POINT('',(0.888223360216716,-0.0498571969154861,0.0275564873954358));
#5379=CARTESIAN_POINT('Origin',(0.888223360216716,-0.0498571969154861,0.0275564873954358));
#5380=CARTESIAN_POINT('',(0.0819999999999999,-0.0337753495909551,0.027556487395436));
#5381=CARTESIAN_POINT('',(0.0819999999999999,-0.024928598457743,0.027556487395436));
#5382=CARTESIAN_POINT('',(0.0799999999999999,-0.0337753495909551,0.027556487395436));
#5383=CARTESIAN_POINT('',(0.08,-0.024928598457743,0.027556487395436));
#5384=CARTESIAN_POINT('',(0.888223360216716,-0.0337753495909551,0.0275564873954358));
#5385=CARTESIAN_POINT('Origin',(0.888223360216716,-0.0337753495909551,0.0275564873954358));
#5386=CARTESIAN_POINT('',(0.0819999999999999,-0.0337753495909551,0.0170905232635984));
#5387=CARTESIAN_POINT('',(0.0819999999999999,-0.0337753495909551,-0.101221756302282));
#5388=CARTESIAN_POINT('',(0.0799999999999999,-0.0337753495909551,0.0170905232635984));
#5389=CARTESIAN_POINT('',(0.0799999999999999,-0.0337753495909551,-0.101221756302282));
#5390=CARTESIAN_POINT('',(0.888223360216716,-0.0337753495909551,0.0170905232635982));
#5391=CARTESIAN_POINT('Origin',(0.888223360216716,-0.0337753495909551,0.0170905232635982));
#5392=CARTESIAN_POINT('',(0.0819999999999999,-0.0168876747954776,0.0170905232635984));
#5393=CARTESIAN_POINT('',(0.08,-0.0168876747954776,0.0170905232635984));
#5394=CARTESIAN_POINT('Origin',(0.0819999999999999,0.,-0.23));
#5395=CARTESIAN_POINT('Origin',(0.0819999999999999,0.,-0.23));
#5396=CARTESIAN_POINT('',(0.0820000000000001,-0.0229811844933108,0.0793393064449461));
#5397=CARTESIAN_POINT('',(0.0820000000000001,-0.0168912332388965,0.0938530824884003));
#5398=CARTESIAN_POINT('Ctrl Pts',(0.0820000000000001,-0.0229811844933108,
0.0793393064449461));
#5399=CARTESIAN_POINT('Ctrl Pts',(0.0820000000000001,-0.0210606010637749,
0.0810410892306107));
#5400=CARTESIAN_POINT('Ctrl Pts',(0.0820000000000001,-0.0195654633306553,
0.0831196953473868));
#5401=CARTESIAN_POINT('Ctrl Pts',(0.0820000000000001,-0.0184957712939518,
0.0855751247952744));
#5402=CARTESIAN_POINT('Ctrl Pts',(0.0820000000000001,-0.0174260792572483,
0.088030554243162));
#5403=CARTESIAN_POINT('Ctrl Pts',(0.0820000000000001,-0.0168912332388965,
0.090789873474204));
#5404=CARTESIAN_POINT('Ctrl Pts',(0.0820000000000001,-0.0168912332388965,
0.0938530824884003));
#5405=CARTESIAN_POINT('',(0.0820000000000001,-0.0229811844933108,0.108330391757876));
#5406=CARTESIAN_POINT('Ctrl Pts',(0.0820000000000001,-0.0168912332388965,
0.0938530824884003));
#5407=CARTESIAN_POINT('Ctrl Pts',(0.0820000000000001,-0.0168912332388965,
0.096867669137292));
#5408=CARTESIAN_POINT('Ctrl Pts',(0.0820000000000001,-0.017407845870259,
0.0995965993900185));
#5409=CARTESIAN_POINT('Ctrl Pts',(0.0820000000000001,-0.018441071132984,
0.10203987324658));
#5410=CARTESIAN_POINT('Ctrl Pts',(0.0820000000000001,-0.019474296395709,
0.104483147103141));
#5411=CARTESIAN_POINT('Ctrl Pts',(0.0820000000000001,-0.0209876675158179,
0.106579986606907));
#5412=CARTESIAN_POINT('Ctrl Pts',(0.0820000000000001,-0.0229811844933108,
0.108330391757876));
#5413=CARTESIAN_POINT('',(0.0820000000000001,-0.0403393689070902,0.113727474306698));
#5414=CARTESIAN_POINT('Ctrl Pts',(0.0820000000000001,-0.0229811844933108,
0.108330391757876));
#5415=CARTESIAN_POINT('Ctrl Pts',(0.0820000000000001,-0.0250476350187607,
0.110056485726193));
#5416=CARTESIAN_POINT('Ctrl Pts',(0.0820000000000001,-0.0275152200579744,
0.111387522976409));
#5417=CARTESIAN_POINT('Ctrl Pts',(0.0820000000000001,-0.030383939610952,
0.112323503508525));
#5418=CARTESIAN_POINT('Ctrl Pts',(0.0820000000000001,-0.0332526591639295,
0.11325948404064));
#5419=CARTESIAN_POINT('Ctrl Pts',(0.0820000000000001,-0.0365711355959756,
0.113727474306698));
#5420=CARTESIAN_POINT('Ctrl Pts',(0.0820000000000001,-0.0403393689070902,
0.113727474306698));
#5421=CARTESIAN_POINT('',(0.0820000000000001,-0.0576610865468911,0.108366858531855));
#5422=CARTESIAN_POINT('Ctrl Pts',(0.0820000000000001,-0.0403393689070902,
0.113727474306698));
#5423=CARTESIAN_POINT('Ctrl Pts',(0.0820000000000001,-0.0440346686702477,
0.113727474306698));
#5424=CARTESIAN_POINT('Ctrl Pts',(0.0820000000000001,-0.0473470673066307,
0.113265561836303));
#5425=CARTESIAN_POINT('Ctrl Pts',(0.0820000000000001,-0.0502765648162391,
0.112341736895514));
#5426=CARTESIAN_POINT('Ctrl Pts',(0.0820000000000001,-0.0532060623258476,
0.111417911954725));
#5427=CARTESIAN_POINT('Ctrl Pts',(0.0820000000000001,-0.0556675695693982,
0.110092952500172));
#5428=CARTESIAN_POINT('Ctrl Pts',(0.0820000000000001,-0.0576610865468911,
0.108366858531855));
#5429=CARTESIAN_POINT('',(0.0820000000000001,-0.0637875045752838,0.0938530824884003));
#5430=CARTESIAN_POINT('Ctrl Pts',(0.0820000000000001,-0.0576610865468911,
0.108366858531855));
#5431=CARTESIAN_POINT('Ctrl Pts',(0.0820000000000001,-0.0586673118647544,
0.107481865179999));
#5432=CARTESIAN_POINT('Ctrl Pts',(0.0820000000000001,-0.0595686925687594,
0.106499800249192));
#5433=CARTESIAN_POINT('Ctrl Pts',(0.0820000000000001,-0.0611016548115955,
0.104371783379727));
#5434=CARTESIAN_POINT('Ctrl Pts',(0.0820000000000001,-0.0617501766583971,
0.103227384973313));
#5435=CARTESIAN_POINT('Ctrl Pts',(0.0820000000000001,-0.0633543860411445,
0.099382827039852));
#5436=CARTESIAN_POINT('Ctrl Pts',(0.0820000000000001,-0.0637875045752838,
0.0966355940223308));
#5437=CARTESIAN_POINT('Ctrl Pts',(0.0820000000000001,-0.0637875045752838,
0.0938530824884003));
#5438=CARTESIAN_POINT('',(0.0820000000000001,-0.0576610865468911,0.0793393064449461));
#5439=CARTESIAN_POINT('Ctrl Pts',(0.0820000000000001,-0.0637875045752838,
0.0938530824884003));
#5440=CARTESIAN_POINT('Ctrl Pts',(0.0820000000000001,-0.0637875045752838,
0.0909114293874657));
#5441=CARTESIAN_POINT('Ctrl Pts',(0.0820000000000001,-0.0632891253309106,
0.0882189659087177));
#5442=CARTESIAN_POINT('Ctrl Pts',(0.0820000000000001,-0.0622923668421642,
0.0857756920521563));
#5443=CARTESIAN_POINT('Ctrl Pts',(0.0820000000000001,-0.0612956083534178,
0.0833324181955949));
#5444=CARTESIAN_POINT('Ctrl Pts',(0.0820000000000001,-0.0597518482549934,
0.0811869563265248));
#5445=CARTESIAN_POINT('Ctrl Pts',(0.0820000000000001,-0.0576610865468911,
0.0793393064449461));
#5446=CARTESIAN_POINT('',(0.0819999999999999,-0.0403393689070902,0.0739422238961239));
#5447=CARTESIAN_POINT('Ctrl Pts',(0.0820000000000001,-0.0576610865468911,
0.0793393064449461));
#5448=CARTESIAN_POINT('Ctrl Pts',(0.0820000000000001,-0.0556675695693982,
0.0775889012939767));
#5449=CARTESIAN_POINT('Ctrl Pts',(0.0820000000000001,-0.0531939067345214,
0.0762517862480974));
#5450=CARTESIAN_POINT('Ctrl Pts',(0.0820000000000001,-0.0502400980422606,
0.075327961307308));
#5451=CARTESIAN_POINT('Ctrl Pts',(0.0820000000000001,-0.0472862893499998,
0.0744041363665186));
#5452=CARTESIAN_POINT('Ctrl Pts',(0.0820000000000001,-0.043986046304943,
0.0739422238961239));
#5453=CARTESIAN_POINT('Ctrl Pts',(0.0820000000000001,-0.0403393689070902,
0.0739422238961239));
#5454=CARTESIAN_POINT('Ctrl Pts',(0.0819999999999999,-0.0403393689070902,
0.0739422238961239));
#5455=CARTESIAN_POINT('Ctrl Pts',(0.0819999999999999,-0.036595446778628,
0.0739422238961239));
#5456=CARTESIAN_POINT('Ctrl Pts',(0.0819999999999999,-0.0332648147552557,
0.0744162919578448));
#5457=CARTESIAN_POINT('Ctrl Pts',(0.0819999999999999,-0.0303474728369735,
0.0753644280812865));
#5458=CARTESIAN_POINT('Ctrl Pts',(0.0819999999999999,-0.0274301309186912,
0.0763125642047282));
#5459=CARTESIAN_POINT('Ctrl Pts',(0.0819999999999999,-0.0249747014708036,
0.0776375236592814));
#5460=CARTESIAN_POINT('Ctrl Pts',(0.0819999999999999,-0.0229811844933108,
0.0793393064449461));
#5461=CARTESIAN_POINT('',(0.0820000000000001,-0.0220695151438475,0.0938166157144218));
#5462=CARTESIAN_POINT('',(0.0820000000000001,-0.0267372622130992,0.0838611864182836));
#5463=CARTESIAN_POINT('Ctrl Pts',(0.0820000000000001,-0.0220695151438475,
0.0938166157144218));
#5464=CARTESIAN_POINT('Ctrl Pts',(0.0820000000000001,-0.0220695151438475,
0.0917258540063195));
#5465=CARTESIAN_POINT('Ctrl Pts',(0.0820000000000001,-0.0224584940662852,
0.0898417373507622));
#5466=CARTESIAN_POINT('Ctrl Pts',(0.0820000000000001,-0.0232364519111605,
0.0881642657477499));
#5467=CARTESIAN_POINT('Ctrl Pts',(0.0820000000000001,-0.0240144097560357,
0.0864867941447376));
#5468=CARTESIAN_POINT('Ctrl Pts',(0.0820000000000001,-0.0251813465233486,
0.0850524343682488));
#5469=CARTESIAN_POINT('Ctrl Pts',(0.0820000000000001,-0.0267372622130992,
0.0838611864182836));
#5470=CARTESIAN_POINT('',(0.0820000000000001,-0.0403393689070902,0.0801780422464522));
#5471=CARTESIAN_POINT('Ctrl Pts',(0.0820000000000001,-0.0267372622130992,
0.0838611864182836));
#5472=CARTESIAN_POINT('Ctrl Pts',(0.0820000000000001,-0.028244555537545,
0.0826942496509707));
#5473=CARTESIAN_POINT('Ctrl Pts',(0.0820000000000001,-0.0301469055800915,
0.0817886580971705));
#5474=CARTESIAN_POINT('Ctrl Pts',(0.0820000000000001,-0.0324443123407388,
0.0811444117568832));
#5475=CARTESIAN_POINT('Ctrl Pts',(0.0820000000000001,-0.0347417191013861,
0.0805001654165959));
#5476=CARTESIAN_POINT('Ctrl Pts',(0.0820000000000001,-0.0373734046235032,
0.0801780422464522));
#5477=CARTESIAN_POINT('Ctrl Pts',(0.0820000000000001,-0.0403393689070902,
0.0801780422464522));
#5478=CARTESIAN_POINT('',(0.0820000000000001,-0.0586092226703328,0.0938166157144218));
#5479=CARTESIAN_POINT('Ctrl Pts',(0.0820000000000001,-0.0403393689070902,
0.0801780422464522));
#5480=CARTESIAN_POINT('Ctrl Pts',(0.0820000000000001,-0.0462469862916118,
0.0801780422464522));
#5481=CARTESIAN_POINT('Ctrl Pts',(0.0820000000000001,-0.0507688662649493,
0.0814118347660591));
#5482=CARTESIAN_POINT('Ctrl Pts',(0.0820000000000001,-0.0539050088271027,
0.0838794198052729));
#5483=CARTESIAN_POINT('Ctrl Pts',(0.0820000000000001,-0.0570411513892561,
0.0863470048444866));
#5484=CARTESIAN_POINT('Ctrl Pts',(0.0820000000000001,-0.0586092226703328,
0.0896594034808696));
#5485=CARTESIAN_POINT('Ctrl Pts',(0.0820000000000001,-0.0586092226703328,
0.0938166157144218));
#5486=CARTESIAN_POINT('',(0.0820000000000001,-0.0403393689070902,0.10749165595637));
#5487=CARTESIAN_POINT('Ctrl Pts',(0.0820000000000001,-0.0586092226703328,
0.0938166157144218));
#5488=CARTESIAN_POINT('Ctrl Pts',(0.0820000000000001,-0.0586092226703328,
0.097973827947974));
#5489=CARTESIAN_POINT('Ctrl Pts',(0.0820000000000001,-0.0570411513892561,
0.10129230438002));
#5490=CARTESIAN_POINT('Ctrl Pts',(0.0820000000000001,-0.0539050088271027,
0.10377204501056));
#5491=CARTESIAN_POINT('Ctrl Pts',(0.0820000000000001,-0.0507688662649493,
0.1062517856411));
#5492=CARTESIAN_POINT('Ctrl Pts',(0.0820000000000001,-0.0462469862916118,
0.10749165595637));
#5493=CARTESIAN_POINT('Ctrl Pts',(0.0820000000000001,-0.0403393689070902,
0.10749165595637));
#5494=CARTESIAN_POINT('',(0.0820000000000001,-0.0267372622130992,0.103808511784538));
#5495=CARTESIAN_POINT('Ctrl Pts',(0.0820000000000001,-0.0403393689070902,
0.10749165595637));
#5496=CARTESIAN_POINT('Ctrl Pts',(0.0820000000000001,-0.0374220269888079,
0.10749165595637));
#5497=CARTESIAN_POINT('Ctrl Pts',(0.0820000000000001,-0.0348085748536801,
0.107175610581889));
#5498=CARTESIAN_POINT('Ctrl Pts',(0.0820000000000001,-0.0324990125017066,
0.106543519832928));
#5499=CARTESIAN_POINT('Ctrl Pts',(0.0820000000000001,-0.0301894501497332,
0.105911429083967));
#5500=CARTESIAN_POINT('Ctrl Pts',(0.0820000000000001,-0.0282688667201973,
0.104999759734504));
#5501=CARTESIAN_POINT('Ctrl Pts',(0.0820000000000001,-0.0267372622130992,
0.103808511784539));
#5502=CARTESIAN_POINT('Ctrl Pts',(0.0820000000000001,-0.0267372622130992,
0.103808511784538));
#5503=CARTESIAN_POINT('Ctrl Pts',(0.0820000000000001,-0.0251327241580439,
0.102568641469269));
#5504=CARTESIAN_POINT('Ctrl Pts',(0.0820000000000001,-0.0239536317994048,
0.10113428169278));
#5505=CARTESIAN_POINT('Ctrl Pts',(0.0820000000000001,-0.0231999851371819,
0.0995054324550722));
#5506=CARTESIAN_POINT('Ctrl Pts',(0.0820000000000001,-0.022446338474959,
0.0978765832173646));
#5507=CARTESIAN_POINT('Ctrl Pts',(0.0820000000000001,-0.0220695151438475,
0.0959803109704811));
#5508=CARTESIAN_POINT('Ctrl Pts',(0.0820000000000001,-0.0220695151438475,
0.0938166157144218));
#5509=CARTESIAN_POINT('Ctrl Pts',(0.888223360216716,-0.0403393689070902,
0.080178042246452));
#5510=CARTESIAN_POINT('Ctrl Pts',(-0.728223360216716,-0.0403393689070902,
0.0801780422464525));
#5511=CARTESIAN_POINT('Ctrl Pts',(0.888223360216716,-0.0492007949838726,
0.080178042246452));
#5512=CARTESIAN_POINT('Ctrl Pts',(-0.728223360216716,-0.0492007949838726,
0.0801780422464525));
#5513=CARTESIAN_POINT('Ctrl Pts',(0.888223360216716,-0.0586092226703328,
0.0875807973640932));
#5514=CARTESIAN_POINT('Ctrl Pts',(-0.728223360216716,-0.0586092226703328,
0.0875807973640937));
#5515=CARTESIAN_POINT('Ctrl Pts',(0.888223360216716,-0.0586092226703328,
0.0938166157144216));
#5516=CARTESIAN_POINT('Ctrl Pts',(-0.728223360216716,-0.0586092226703328,
0.093816615714422));
#5517=CARTESIAN_POINT('',(0.0800000000000001,-0.0403393689070902,0.0801780422464522));
#5518=CARTESIAN_POINT('',(0.888223360216716,-0.0403393689070902,0.080178042246452));
#5519=CARTESIAN_POINT('',(0.0800000000000001,-0.0586092226703328,0.0938166157144218));
#5520=CARTESIAN_POINT('Ctrl Pts',(0.0800000000000001,-0.0586092226703328,
0.0938166157144218));
#5521=CARTESIAN_POINT('Ctrl Pts',(0.0800000000000001,-0.0586092226703328,
0.0875807973640935));
#5522=CARTESIAN_POINT('Ctrl Pts',(0.0800000000000001,-0.0492007949838726,
0.0801780422464522));
#5523=CARTESIAN_POINT('Ctrl Pts',(0.0800000000000001,-0.0403393689070902,
0.0801780422464522));
#5524=CARTESIAN_POINT('',(0.888223360216716,-0.0586092226703328,0.0938166157144216));
#5525=CARTESIAN_POINT('Ctrl Pts',(0.888223360216716,-0.0267372622130992,
0.0838611864182834));
#5526=CARTESIAN_POINT('Ctrl Pts',(-0.728223360216716,-0.0267372622130992,
0.0838611864182838));
#5527=CARTESIAN_POINT('Ctrl Pts',(0.888223360216716,-0.0289982021997679,
0.082110781267314));
#5528=CARTESIAN_POINT('Ctrl Pts',(-0.728223360216716,-0.0289982021997679,
0.0821107812673145));
#5529=CARTESIAN_POINT('Ctrl Pts',(0.888223360216716,-0.0358904224817097,
0.080178042246452));
#5530=CARTESIAN_POINT('Ctrl Pts',(-0.728223360216716,-0.0358904224817097,
0.0801780422464525));
#5531=CARTESIAN_POINT('Ctrl Pts',(0.888223360216716,-0.0403393689070902,
0.080178042246452));
#5532=CARTESIAN_POINT('Ctrl Pts',(-0.728223360216716,-0.0403393689070902,
0.0801780422464525));
#5533=CARTESIAN_POINT('',(0.0800000000000001,-0.0267372622130992,0.0838611864182836));
#5534=CARTESIAN_POINT('',(0.888223360216716,-0.0267372622130992,0.0838611864182834));
#5535=CARTESIAN_POINT('Ctrl Pts',(0.0800000000000001,-0.0403393689070902,
0.0801780422464522));
#5536=CARTESIAN_POINT('Ctrl Pts',(0.0800000000000001,-0.0358904224817097,
0.0801780422464522));
#5537=CARTESIAN_POINT('Ctrl Pts',(0.0800000000000001,-0.0289982021997679,
0.0821107812673142));
#5538=CARTESIAN_POINT('Ctrl Pts',(0.0800000000000001,-0.0267372622130992,
0.0838611864182836));
#5539=CARTESIAN_POINT('Ctrl Pts',(0.888223360216716,-0.0220695151438475,
0.0938166157144216));
#5540=CARTESIAN_POINT('Ctrl Pts',(-0.728223360216716,-0.0220695151438475,
0.093816615714422));
#5541=CARTESIAN_POINT('Ctrl Pts',(0.888223360216716,-0.0220695151438475,
0.0906804731522681));
#5542=CARTESIAN_POINT('Ctrl Pts',(-0.728223360216716,-0.0220695151438475,
0.0906804731522686));
#5543=CARTESIAN_POINT('Ctrl Pts',(0.888223360216716,-0.0244033886784734,
0.0856480583432312));
#5544=CARTESIAN_POINT('Ctrl Pts',(-0.728223360216716,-0.0244033886784734,
0.0856480583432317));
#5545=CARTESIAN_POINT('Ctrl Pts',(0.888223360216716,-0.0267372622130992,
0.0838611864182834));
#5546=CARTESIAN_POINT('Ctrl Pts',(-0.728223360216716,-0.0267372622130992,
0.0838611864182838));
#5547=CARTESIAN_POINT('',(0.0800000000000001,-0.0220695151438475,0.0938166157144218));
#5548=CARTESIAN_POINT('',(0.888223360216716,-0.0220695151438475,0.0938166157144216));
#5549=CARTESIAN_POINT('Ctrl Pts',(0.0799999999999999,-0.0267372622130992,
0.0838611864182836));
#5550=CARTESIAN_POINT('Ctrl Pts',(0.0799999999999999,-0.0244033886784734,
0.0856480583432315));
#5551=CARTESIAN_POINT('Ctrl Pts',(0.0799999999999999,-0.0220695151438475,
0.0906804731522684));
#5552=CARTESIAN_POINT('Ctrl Pts',(0.0799999999999999,-0.0220695151438475,
0.0938166157144218));
#5553=CARTESIAN_POINT('Ctrl Pts',(0.888223360216716,-0.0576610865468911,
0.108366858531854));
#5554=CARTESIAN_POINT('Ctrl Pts',(-0.728223360216716,-0.0576610865468911,
0.108366858531855));
#5555=CARTESIAN_POINT('Ctrl Pts',(0.888223360216716,-0.0546708110806518,
0.11095599948433));
#5556=CARTESIAN_POINT('Ctrl Pts',(-0.728223360216716,-0.0546708110806518,
0.11095599948433));
#5557=CARTESIAN_POINT('Ctrl Pts',(0.888223360216716,-0.0458823185518265,
0.113727474306698));
#5558=CARTESIAN_POINT('Ctrl Pts',(-0.728223360216716,-0.0458823185518265,
0.113727474306698));
#5559=CARTESIAN_POINT('Ctrl Pts',(0.888223360216716,-0.0403393689070902,
0.113727474306698));
#5560=CARTESIAN_POINT('Ctrl Pts',(-0.728223360216716,-0.0403393689070902,
0.113727474306698));
#5561=CARTESIAN_POINT('',(0.0800000000000001,-0.0403393689070902,0.113727474306698));
#5562=CARTESIAN_POINT('',(0.888223360216716,-0.0403393689070902,0.113727474306698));
#5563=CARTESIAN_POINT('',(0.0800000000000001,-0.0576610865468911,0.108366858531855));
#5564=CARTESIAN_POINT('Ctrl Pts',(0.0800000000000001,-0.0576610865468911,
0.108366858531855));
#5565=CARTESIAN_POINT('Ctrl Pts',(0.0800000000000001,-0.0546708110806518,
0.11095599948433));
#5566=CARTESIAN_POINT('Ctrl Pts',(0.0800000000000001,-0.0458823185518265,
0.113727474306698));
#5567=CARTESIAN_POINT('Ctrl Pts',(0.0800000000000001,-0.0403393689070902,
0.113727474306698));
#5568=CARTESIAN_POINT('',(0.888223360216716,-0.0576610865468911,0.108366858531854));
#5569=CARTESIAN_POINT('Ctrl Pts',(0.888223360216716,-0.0403393689070902,
0.113727474306698));
#5570=CARTESIAN_POINT('Ctrl Pts',(-0.728223360216716,-0.0403393689070902,
0.113727474306698));
#5571=CARTESIAN_POINT('Ctrl Pts',(0.888223360216716,-0.0346870189404183,
0.113727474306698));
#5572=CARTESIAN_POINT('Ctrl Pts',(-0.728223360216716,-0.0346870189404183,
0.113727474306698));
#5573=CARTESIAN_POINT('Ctrl Pts',(0.888223360216716,-0.0260808602814857,
0.110919532710351));
#5574=CARTESIAN_POINT('Ctrl Pts',(-0.728223360216716,-0.0260808602814857,
0.110919532710352));
#5575=CARTESIAN_POINT('Ctrl Pts',(0.888223360216716,-0.0229811844933108,
0.108330391757876));
#5576=CARTESIAN_POINT('Ctrl Pts',(-0.728223360216716,-0.0229811844933108,
0.108330391757876));
#5577=CARTESIAN_POINT('',(0.0800000000000001,-0.0229811844933108,0.108330391757876));
#5578=CARTESIAN_POINT('',(0.888223360216716,-0.0229811844933108,0.108330391757876));
#5579=CARTESIAN_POINT('Ctrl Pts',(0.0800000000000001,-0.0403393689070902,
0.113727474306698));
#5580=CARTESIAN_POINT('Ctrl Pts',(0.0800000000000001,-0.0346870189404183,
0.113727474306698));
#5581=CARTESIAN_POINT('Ctrl Pts',(0.0800000000000001,-0.0260808602814857,
0.110919532710352));
#5582=CARTESIAN_POINT('Ctrl Pts',(0.0800000000000001,-0.0229811844933108,
0.108330391757876));
#5583=CARTESIAN_POINT('Ctrl Pts',(0.888223360216716,-0.0229811844933108,
0.108330391757876));
#5584=CARTESIAN_POINT('Ctrl Pts',(-0.728223360216716,-0.0229811844933108,
0.108330391757876));
#5585=CARTESIAN_POINT('Ctrl Pts',(0.888223360216716,-0.0199909090270714,
0.105704784031422));
#5586=CARTESIAN_POINT('Ctrl Pts',(-0.728223360216716,-0.0199909090270714,
0.105704784031422));
#5587=CARTESIAN_POINT('Ctrl Pts',(0.888223360216716,-0.0168912332388965,
0.0983749624617376));
#5588=CARTESIAN_POINT('Ctrl Pts',(-0.728223360216716,-0.0168912332388965,
0.098374962461738));
#5589=CARTESIAN_POINT('Ctrl Pts',(0.888223360216716,-0.0168912332388965,
0.0938530824884001));
#5590=CARTESIAN_POINT('Ctrl Pts',(-0.728223360216716,-0.0168912332388965,
0.0938530824884006));
#5591=CARTESIAN_POINT('',(0.0800000000000001,-0.0168912332388965,0.0938530824884003));
#5592=CARTESIAN_POINT('',(0.888223360216716,-0.0168912332388965,0.0938530824884001));
#5593=CARTESIAN_POINT('Ctrl Pts',(0.0800000000000001,-0.0229811844933108,
0.108330391757876));
#5594=CARTESIAN_POINT('Ctrl Pts',(0.0800000000000001,-0.0199909090270714,
0.105704784031422));
#5595=CARTESIAN_POINT('Ctrl Pts',(0.0800000000000001,-0.0168912332388965,
0.0983749624617378));
#5596=CARTESIAN_POINT('Ctrl Pts',(0.0800000000000001,-0.0168912332388965,
0.0938530824884003));
#5597=CARTESIAN_POINT('Ctrl Pts',(0.888223360216716,-0.0168912332388965,
0.0938530824884001));
#5598=CARTESIAN_POINT('Ctrl Pts',(-0.728223360216716,-0.0168912332388965,
0.0938530824884006));
#5599=CARTESIAN_POINT('Ctrl Pts',(0.888223360216716,-0.0168912332388965,
0.0892582689671056));
#5600=CARTESIAN_POINT('Ctrl Pts',(-0.728223360216716,-0.0168912332388965,
0.089258268967106));
#5601=CARTESIAN_POINT('Ctrl Pts',(0.888223360216716,-0.020100309349007,
0.0818919806234428));
#5602=CARTESIAN_POINT('Ctrl Pts',(-0.728223360216716,-0.020100309349007,
0.0818919806234433));
#5603=CARTESIAN_POINT('Ctrl Pts',(0.888223360216716,-0.0229811844933108,
0.0793393064449459));
#5604=CARTESIAN_POINT('Ctrl Pts',(-0.728223360216716,-0.0229811844933108,
0.0793393064449463));
#5605=CARTESIAN_POINT('',(0.0800000000000001,-0.0229811844933108,0.0793393064449461));
#5606=CARTESIAN_POINT('',(0.888223360216716,-0.0229811844933108,0.0793393064449459));
#5607=CARTESIAN_POINT('Ctrl Pts',(0.0800000000000001,-0.0168912332388965,
0.0938530824884003));
#5608=CARTESIAN_POINT('Ctrl Pts',(0.0800000000000001,-0.0168912332388965,
0.0892582689671058));
#5609=CARTESIAN_POINT('Ctrl Pts',(0.0800000000000001,-0.020100309349007,
0.0818919806234431));
#5610=CARTESIAN_POINT('Ctrl Pts',(0.0800000000000001,-0.0229811844933108,
0.0793393064449461));
#5611=CARTESIAN_POINT('Ctrl Pts',(0.888223360216716,-0.0267372622130992,
0.103808511784538));
#5612=CARTESIAN_POINT('Ctrl Pts',(-0.728223360216716,-0.0267372622130992,
0.103808511784539));
#5613=CARTESIAN_POINT('Ctrl Pts',(0.888223360216716,-0.0243304551305163,
0.101948706311633));
#5614=CARTESIAN_POINT('Ctrl Pts',(-0.728223360216716,-0.0243304551305163,
0.101948706311634));
#5615=CARTESIAN_POINT('Ctrl Pts',(0.888223360216716,-0.0220695151438475,
0.0970621585985106));
#5616=CARTESIAN_POINT('Ctrl Pts',(-0.728223360216716,-0.0220695151438475,
0.097062158598511));
#5617=CARTESIAN_POINT('Ctrl Pts',(0.888223360216716,-0.0220695151438475,
0.0938166157144216));
#5618=CARTESIAN_POINT('Ctrl Pts',(-0.728223360216716,-0.0220695151438475,
0.093816615714422));
#5619=CARTESIAN_POINT('',(0.0800000000000001,-0.0267372622130992,0.103808511784539));
#5620=CARTESIAN_POINT('',(0.888223360216716,-0.0267372622130992,0.103808511784538));
#5621=CARTESIAN_POINT('Ctrl Pts',(0.0799999999999999,-0.0220695151438475,
0.0938166157144218));
#5622=CARTESIAN_POINT('Ctrl Pts',(0.0799999999999999,-0.0220695151438475,
0.0970621585985108));
#5623=CARTESIAN_POINT('Ctrl Pts',(0.0799999999999999,-0.0243304551305163,
0.101948706311634));
#5624=CARTESIAN_POINT('Ctrl Pts',(0.0799999999999999,-0.0267372622130992,
0.103808511784539));
#5625=CARTESIAN_POINT('Ctrl Pts',(0.888223360216716,-0.0403393689070902,
0.10749165595637));
#5626=CARTESIAN_POINT('Ctrl Pts',(-0.728223360216716,-0.0403393689070902,
0.10749165595637));
#5627=CARTESIAN_POINT('Ctrl Pts',(0.888223360216716,-0.0359633560296668,
0.10749165595637));
#5628=CARTESIAN_POINT('Ctrl Pts',(-0.728223360216716,-0.0359633560296668,
0.10749165595637));
#5629=CARTESIAN_POINT('Ctrl Pts',(0.888223360216716,-0.0290346689737464,
0.105595383709486));
#5630=CARTESIAN_POINT('Ctrl Pts',(-0.728223360216716,-0.0290346689737464,
0.105595383709487));
#5631=CARTESIAN_POINT('Ctrl Pts',(0.888223360216716,-0.0267372622130992,
0.103808511784538));
#5632=CARTESIAN_POINT('Ctrl Pts',(-0.728223360216716,-0.0267372622130992,
0.103808511784539));
#5633=CARTESIAN_POINT('',(0.0800000000000001,-0.0403393689070902,0.10749165595637));
#5634=CARTESIAN_POINT('',(0.888223360216716,-0.0403393689070902,0.10749165595637));
#5635=CARTESIAN_POINT('Ctrl Pts',(0.0800000000000001,-0.0267372622130992,
0.103808511784539));
#5636=CARTESIAN_POINT('Ctrl Pts',(0.0800000000000001,-0.0290346689737464,
0.105595383709486));
#5637=CARTESIAN_POINT('Ctrl Pts',(0.0800000000000001,-0.0359633560296668,
0.10749165595637));
#5638=CARTESIAN_POINT('Ctrl Pts',(0.0800000000000001,-0.0403393689070902,
0.10749165595637));
#5639=CARTESIAN_POINT('Ctrl Pts',(0.888223360216716,-0.0586092226703328,
0.0938166157144216));
#5640=CARTESIAN_POINT('Ctrl Pts',(-0.728223360216716,-0.0586092226703328,
0.093816615714422));
#5641=CARTESIAN_POINT('Ctrl Pts',(0.888223360216716,-0.0586092226703328,
0.10005243406475));
#5642=CARTESIAN_POINT('Ctrl Pts',(-0.728223360216716,-0.0586092226703328,
0.10005243406475));
#5643=CARTESIAN_POINT('Ctrl Pts',(0.888223360216716,-0.0492007949838726,
0.10749165595637));
#5644=CARTESIAN_POINT('Ctrl Pts',(-0.728223360216716,-0.0492007949838726,
0.10749165595637));
#5645=CARTESIAN_POINT('Ctrl Pts',(0.888223360216716,-0.0403393689070902,
0.10749165595637));
#5646=CARTESIAN_POINT('Ctrl Pts',(-0.728223360216716,-0.0403393689070902,
0.10749165595637));
#5647=CARTESIAN_POINT('Ctrl Pts',(0.0800000000000001,-0.0403393689070902,
0.10749165595637));
#5648=CARTESIAN_POINT('Ctrl Pts',(0.0800000000000001,-0.0492007949838726,
0.10749165595637));
#5649=CARTESIAN_POINT('Ctrl Pts',(0.0800000000000001,-0.0586092226703328,
0.10005243406475));
#5650=CARTESIAN_POINT('Ctrl Pts',(0.0800000000000001,-0.0586092226703328,
0.0938166157144218));
#5651=CARTESIAN_POINT('Ctrl Pts',(0.888223360216716,-0.0637875045752838,
0.0938530824884001));
#5652=CARTESIAN_POINT('Ctrl Pts',(-0.728223360216716,-0.0637875045752838,
0.0938530824884006));
#5653=CARTESIAN_POINT('Ctrl Pts',(0.888223360216716,-0.0637875045752838,
0.0984114292357161));
#5654=CARTESIAN_POINT('Ctrl Pts',(-0.728223360216716,-0.0637875045752838,
0.0984114292357166));
#5655=CARTESIAN_POINT('Ctrl Pts',(0.888223360216716,-0.0606878287871089,
0.105704784031422));
#5656=CARTESIAN_POINT('Ctrl Pts',(-0.728223360216716,-0.0606878287871089,
0.105704784031422));
#5657=CARTESIAN_POINT('Ctrl Pts',(0.888223360216716,-0.0576610865468911,
0.108366858531854));
#5658=CARTESIAN_POINT('Ctrl Pts',(-0.728223360216716,-0.0576610865468911,
0.108366858531855));
#5659=CARTESIAN_POINT('',(0.0800000000000001,-0.0637875045752838,0.0938530824884003));
#5660=CARTESIAN_POINT('Ctrl Pts',(0.0800000000000001,-0.0637875045752838,
0.0938530824884003));
#5661=CARTESIAN_POINT('Ctrl Pts',(0.0800000000000001,-0.0637875045752838,
0.0984114292357164));
#5662=CARTESIAN_POINT('Ctrl Pts',(0.0800000000000001,-0.0606878287871089,
0.105704784031422));
#5663=CARTESIAN_POINT('Ctrl Pts',(0.0800000000000001,-0.0576610865468911,
0.108366858531855));
#5664=CARTESIAN_POINT('',(0.888223360216716,-0.0637875045752838,0.0938530824884001));
#5665=CARTESIAN_POINT('Ctrl Pts',(0.888223360216716,-0.0576610865468911,
0.0793393064449459));
#5666=CARTESIAN_POINT('Ctrl Pts',(-0.728223360216716,-0.0576610865468911,
0.0793393064449463));
#5667=CARTESIAN_POINT('Ctrl Pts',(0.888223360216716,-0.0607972291090445,
0.082110781267314));
#5668=CARTESIAN_POINT('Ctrl Pts',(-0.728223360216716,-0.0607972291090445,
0.0821107812673145));
#5669=CARTESIAN_POINT('Ctrl Pts',(0.888223360216716,-0.0637875045752838,
0.0894406028369982));
#5670=CARTESIAN_POINT('Ctrl Pts',(-0.728223360216716,-0.0637875045752838,
0.0894406028369986));
#5671=CARTESIAN_POINT('Ctrl Pts',(0.888223360216716,-0.0637875045752838,
0.0938530824884001));
#5672=CARTESIAN_POINT('Ctrl Pts',(-0.728223360216716,-0.0637875045752838,
0.0938530824884006));
#5673=CARTESIAN_POINT('',(0.0800000000000001,-0.0576610865468911,0.0793393064449461));
#5674=CARTESIAN_POINT('Ctrl Pts',(0.0800000000000001,-0.0576610865468911,
0.0793393064449461));
#5675=CARTESIAN_POINT('Ctrl Pts',(0.0800000000000001,-0.0607972291090445,
0.0821107812673142));
#5676=CARTESIAN_POINT('Ctrl Pts',(0.0800000000000001,-0.0637875045752838,
0.0894406028369984));
#5677=CARTESIAN_POINT('Ctrl Pts',(0.0800000000000001,-0.0637875045752838,
0.0938530824884003));
#5678=CARTESIAN_POINT('',(0.888223360216716,-0.0576610865468911,0.0793393064449459));
#5679=CARTESIAN_POINT('Ctrl Pts',(0.888223360216716,-0.0403393689070902,
0.0739422238961237));
#5680=CARTESIAN_POINT('Ctrl Pts',(-0.728223360216716,-0.0403393689070902,
0.0739422238961241));
#5681=CARTESIAN_POINT('Ctrl Pts',(0.888223360216716,-0.0458093850038694,
0.0739422238961237));
#5682=CARTESIAN_POINT('Ctrl Pts',(-0.728223360216716,-0.0458093850038694,
0.0739422238961241));
#5683=CARTESIAN_POINT('Ctrl Pts',(0.888223360216716,-0.0546708110806518,
0.0767136987184918));
#5684=CARTESIAN_POINT('Ctrl Pts',(-0.728223360216716,-0.0546708110806518,
0.0767136987184923));
#5685=CARTESIAN_POINT('Ctrl Pts',(0.888223360216716,-0.0576610865468911,
0.0793393064449459));
#5686=CARTESIAN_POINT('Ctrl Pts',(-0.728223360216716,-0.0576610865468911,
0.0793393064449463));
#5687=CARTESIAN_POINT('',(0.0799999999999999,-0.0403393689070902,0.0739422238961239));
#5688=CARTESIAN_POINT('Ctrl Pts',(0.0799999999999999,-0.0403393689070902,
0.0739422238961239));
#5689=CARTESIAN_POINT('Ctrl Pts',(0.0799999999999999,-0.0458093850038694,
0.0739422238961239));
#5690=CARTESIAN_POINT('Ctrl Pts',(0.0799999999999999,-0.0546708110806518,
0.076713698718492));
#5691=CARTESIAN_POINT('Ctrl Pts',(0.0799999999999999,-0.0576610865468911,
0.0793393064449461));
#5692=CARTESIAN_POINT('',(0.888223360216716,-0.0403393689070902,0.0739422238961237));
#5693=CARTESIAN_POINT('Ctrl Pts',(0.888223360216716,-0.0229811844933108,
0.0793393064449459));
#5694=CARTESIAN_POINT('Ctrl Pts',(-0.728223360216716,-0.0229811844933108,
0.0793393064449463));
#5695=CARTESIAN_POINT('Ctrl Pts',(0.888223360216716,-0.0259714599595501,
0.0767866322664489));
#5696=CARTESIAN_POINT('Ctrl Pts',(-0.728223360216716,-0.0259714599595501,
0.0767866322664493));
#5697=CARTESIAN_POINT('Ctrl Pts',(0.888223360216716,-0.0347234857143968,
0.0739422238961237));
#5698=CARTESIAN_POINT('Ctrl Pts',(-0.728223360216716,-0.0347234857143968,
0.0739422238961241));
#5699=CARTESIAN_POINT('Ctrl Pts',(0.888223360216716,-0.0403393689070902,
0.0739422238961237));
#5700=CARTESIAN_POINT('Ctrl Pts',(-0.728223360216716,-0.0403393689070902,
0.0739422238961241));
#5701=CARTESIAN_POINT('Ctrl Pts',(0.0799999999999999,-0.0229811844933108,
0.0793393064449461));
#5702=CARTESIAN_POINT('Ctrl Pts',(0.0799999999999999,-0.0259714599595501,
0.0767866322664491));
#5703=CARTESIAN_POINT('Ctrl Pts',(0.0799999999999999,-0.0347234857143968,
0.0739422238961239));
#5704=CARTESIAN_POINT('Ctrl Pts',(0.0799999999999999,-0.0403393689070902,
0.0739422238961239));
#5705=CARTESIAN_POINT('Origin',(0.888223360216716,-0.0234552525550316,0.0131521116739171));
#5706=CARTESIAN_POINT('',(0.0819999999999999,-0.0234552525550316,0.0131521116739174));
#5707=CARTESIAN_POINT('',(0.0819999999999999,-0.0234552525550316,0.00669749267971784));
#5708=CARTESIAN_POINT('',(0.0819999999999999,-0.0234552525550316,-0.108423944163041));
#5709=CARTESIAN_POINT('',(0.0799999999999999,-0.0234552525550316,0.0131521116739174));
#5710=CARTESIAN_POINT('',(0.888223360216716,-0.0234552525550316,0.0131521116739171));
#5711=CARTESIAN_POINT('',(0.0799999999999999,-0.0234552525550316,0.00669749267971784));
#5712=CARTESIAN_POINT('',(0.0799999999999999,-0.0234552525550316,-0.108423944163041));
#5713=CARTESIAN_POINT('',(0.888223360216716,-0.0234552525550316,0.00669749267971761));
#5714=CARTESIAN_POINT('Origin',(0.888223360216716,-0.01754763517051,0.0131521116739171));
#5715=CARTESIAN_POINT('',(0.0819999999999999,-0.01754763517051,0.0131521116739174));
#5716=CARTESIAN_POINT('',(0.0819999999999999,-0.00877381758525502,0.0131521116739174));
#5717=CARTESIAN_POINT('',(0.0799999999999999,-0.01754763517051,0.0131521116739174));
#5718=CARTESIAN_POINT('',(0.888223360216716,-0.01754763517051,0.0131521116739171));
#5719=CARTESIAN_POINT('',(0.08,-0.00877381758525502,0.0131521116739174));
#5720=CARTESIAN_POINT('Origin',(0.888223360216716,-0.0234552525550316,0.00669749267971761));
#5721=CARTESIAN_POINT('',(0.0819999999999999,-0.01754763517051,0.00669749267971784));
#5722=CARTESIAN_POINT('',(0.0819999999999999,-0.0117276262775158,0.00669749267971784));
#5723=CARTESIAN_POINT('',(0.0799999999999999,-0.01754763517051,0.00669749267971784));
#5724=CARTESIAN_POINT('',(0.08,-0.0117276262775158,0.00669749267971785));
#5725=CARTESIAN_POINT('',(0.888223360216716,-0.01754763517051,0.00669749267971761));
#5726=CARTESIAN_POINT('Origin',(0.888223360216716,-0.01754763517051,0.00669749267971761));
#5727=CARTESIAN_POINT('',(0.0819999999999999,-0.01754763517051,-0.111651253660141));
#5728=CARTESIAN_POINT('',(0.0799999999999999,-0.01754763517051,-0.111651253660141));
#5729=CARTESIAN_POINT('Origin',(0.0819999999999999,0.,-0.23));
#5730=CARTESIAN_POINT('Origin',(0.0819999999999999,0.,-0.23));
#5731=CARTESIAN_POINT('',(0.0819999999999999,-0.0628393684518421,0.00709862719348166));
#5732=CARTESIAN_POINT('',(0.0819999999999999,-0.029071135747725,0.00709862719348166));
#5733=CARTESIAN_POINT('',(0.0819999999999999,-0.0314196842259211,0.00709862719348167));
#5734=CARTESIAN_POINT('',(0.0819999999999999,-0.029071135747725,0.012787443934132));
#5735=CARTESIAN_POINT('',(0.0819999999999999,-0.029071135747725,-0.111450686403259));
#5736=CARTESIAN_POINT('',(0.0819999999999999,-0.0628393684518421,0.012787443934132));
#5737=CARTESIAN_POINT('',(0.0819999999999999,-0.0145355678738625,0.012787443934132));
#5738=CARTESIAN_POINT('',(0.0819999999999999,-0.0628393684518421,-0.108606278032934));
#5739=CARTESIAN_POINT('Origin',(0.888223360216716,-0.029071135747725,0.00709862719348143));
#5740=CARTESIAN_POINT('',(0.0799999999999999,-0.029071135747725,0.00709862719348167));
#5741=CARTESIAN_POINT('',(0.888223360216716,-0.029071135747725,0.00709862719348143));
#5742=CARTESIAN_POINT('',(0.0799999999999999,-0.029071135747725,0.012787443934132));
#5743=CARTESIAN_POINT('',(0.0799999999999999,-0.029071135747725,-0.111450686403259));
#5744=CARTESIAN_POINT('',(0.888223360216716,-0.029071135747725,0.0127874439341318));
#5745=CARTESIAN_POINT('Origin',(0.888223360216716,-0.0628393684518421,0.00709862719348143));
#5746=CARTESIAN_POINT('',(0.0799999999999999,-0.0628393684518421,0.00709862719348167));
#5747=CARTESIAN_POINT('',(0.888223360216716,-0.0628393684518421,0.00709862719348143));
#5748=CARTESIAN_POINT('',(0.08,-0.0314196842259211,0.00709862719348167));
#5749=CARTESIAN_POINT('Origin',(0.888223360216716,-0.029071135747725,0.0127874439341318));
#5750=CARTESIAN_POINT('',(0.0799999999999999,-0.0628393684518421,0.012787443934132));
#5751=CARTESIAN_POINT('',(0.08,-0.0145355678738625,0.012787443934132));
#5752=CARTESIAN_POINT('',(0.888223360216716,-0.0628393684518421,0.0127874439341318));
#5753=CARTESIAN_POINT('Origin',(0.888223360216716,-0.0628393684518421,0.0127874439341318));
#5754=CARTESIAN_POINT('',(0.0799999999999999,-0.0628393684518421,-0.108606278032934));
#5755=CARTESIAN_POINT('Origin',(0.888223360216716,-0.0628393684518421,-0.0415115825198967));
#5756=CARTESIAN_POINT('',(0.0819999999999999,-0.0628393684518421,-0.0415115825198965));
#5757=CARTESIAN_POINT('',(0.0819999999999999,-0.0628393684518421,-0.0472003992605469));
#5758=CARTESIAN_POINT('',(0.0819999999999999,-0.0628393684518421,-0.135755791259948));
#5759=CARTESIAN_POINT('',(0.0799999999999999,-0.0628393684518421,-0.0415115825198965));
#5760=CARTESIAN_POINT('',(0.888223360216716,-0.0628393684518421,-0.0415115825198967));
#5761=CARTESIAN_POINT('',(0.0799999999999999,-0.0628393684518421,-0.0472003992605469));
#5762=CARTESIAN_POINT('',(0.0799999999999999,-0.0628393684518421,-0.135755791259948));
#5763=CARTESIAN_POINT('',(0.888223360216716,-0.0628393684518421,-0.0472003992605471));
#5764=CARTESIAN_POINT('Origin',(0.888223360216716,-0.0591197575060322,-0.0415115825198967));
#5765=CARTESIAN_POINT('',(0.0819999999999999,-0.0591197575060322,-0.0415115825198965));
#5766=CARTESIAN_POINT('',(0.0819999999999999,-0.0295598787530161,-0.0415115825198965));
#5767=CARTESIAN_POINT('',(0.0799999999999999,-0.0591197575060322,-0.0415115825198965));
#5768=CARTESIAN_POINT('',(0.888223360216716,-0.0591197575060322,-0.0415115825198967));
#5769=CARTESIAN_POINT('',(0.08,-0.0295598787530161,-0.0415115825198965));
#5770=CARTESIAN_POINT('Ctrl Pts',(0.888223360216716,-0.0591197575060322,
-0.0415115825198967));
#5771=CARTESIAN_POINT('Ctrl Pts',(-0.728223360216716,-0.0591197575060322,
-0.0415115825198963));
#5772=CARTESIAN_POINT('Ctrl Pts',(0.888223360216716,-0.0614171642666795,
-0.0388859747934427));
#5773=CARTESIAN_POINT('Ctrl Pts',(-0.728223360216716,-0.0614171642666795,
-0.0388859747934422));
#5774=CARTESIAN_POINT('Ctrl Pts',(0.888223360216716,-0.0637875045752838,
-0.0341817609502125));
#5775=CARTESIAN_POINT('Ctrl Pts',(-0.728223360216716,-0.0637875045752838,
-0.0341817609502121));
#5776=CARTESIAN_POINT('Ctrl Pts',(0.888223360216716,-0.0637875045752838,
-0.0312644190319303));
#5777=CARTESIAN_POINT('Ctrl Pts',(-0.728223360216716,-0.0637875045752838,
-0.0312644190319298));
#5778=CARTESIAN_POINT('',(0.0819999999999999,-0.0637875045752838,-0.0312644190319301));
#5779=CARTESIAN_POINT('Ctrl Pts',(0.0819999999999999,-0.0637875045752838,
-0.0312644190319301));
#5780=CARTESIAN_POINT('Ctrl Pts',(0.0819999999999999,-0.0637875045752838,
-0.0332093136441182));
#5781=CARTESIAN_POINT('Ctrl Pts',(0.0819999999999999,-0.0633924478571831,
-0.0349657965907507));
#5782=CARTESIAN_POINT('Ctrl Pts',(0.0819999999999999,-0.0626023344209817,
-0.0365338678718274));
#5783=CARTESIAN_POINT('Ctrl Pts',(0.0819999999999999,-0.0618122209847802,
-0.0381019391529041));
#5784=CARTESIAN_POINT('Ctrl Pts',(0.0819999999999999,-0.0606513620131304,
-0.0397611773689271));
#5785=CARTESIAN_POINT('Ctrl Pts',(0.0819999999999999,-0.0591197575060322,
-0.0415115825198965));
#5786=CARTESIAN_POINT('',(0.0799999999999999,-0.0637875045752838,-0.0312644190319301));
#5787=CARTESIAN_POINT('',(0.888223360216716,-0.0637875045752838,-0.0312644190319303));
#5788=CARTESIAN_POINT('Ctrl Pts',(0.0799999999999999,-0.0591197575060322,
-0.0415115825198965));
#5789=CARTESIAN_POINT('Ctrl Pts',(0.0799999999999999,-0.0614171642666795,
-0.0388859747934425));
#5790=CARTESIAN_POINT('Ctrl Pts',(0.0799999999999999,-0.0637875045752838,
-0.0341817609502123));
#5791=CARTESIAN_POINT('Ctrl Pts',(0.0799999999999999,-0.0637875045752838,
-0.0312644190319301));
#5792=CARTESIAN_POINT('Ctrl Pts',(0.888223360216716,-0.0637875045752838,
-0.0312644190319303));
#5793=CARTESIAN_POINT('Ctrl Pts',(-0.728223360216716,-0.0637875045752838,
-0.0312644190319298));
#5794=CARTESIAN_POINT('Ctrl Pts',(0.888223360216716,-0.0637875045752838,
-0.0290764125932186));
#5795=CARTESIAN_POINT('Ctrl Pts',(-0.728223360216716,-0.0637875045752838,
-0.0290764125932181));
#5796=CARTESIAN_POINT('Ctrl Pts',(0.888223360216716,-0.0623288336161427,
-0.0251744677775161));
#5797=CARTESIAN_POINT('Ctrl Pts',(-0.728223360216716,-0.0623288336161427,
-0.0251744677775156));
#5798=CARTESIAN_POINT('Ctrl Pts',(0.888223360216716,-0.060760762335066,
-0.0237522635923534));
#5799=CARTESIAN_POINT('Ctrl Pts',(-0.728223360216716,-0.060760762335066,
-0.023752263592353));
#5800=CARTESIAN_POINT('',(0.0819999999999999,-0.060760762335066,-0.0237522635923532));
#5801=CARTESIAN_POINT('Ctrl Pts',(0.0819999999999999,-0.060760762335066,
-0.0237522635923532));
#5802=CARTESIAN_POINT('Ctrl Pts',(0.0819999999999999,-0.0618061431891172,
-0.024700399715795));
#5803=CARTESIAN_POINT('Ctrl Pts',(0.0819999999999999,-0.0625719454426662,
-0.0258247919134663));
#5804=CARTESIAN_POINT('Ctrl Pts',(0.0819999999999999,-0.0630581690957133,
-0.0271254401853671));
#5805=CARTESIAN_POINT('Ctrl Pts',(0.0819999999999999,-0.0635443927487603,
-0.0284260884572679));
#5806=CARTESIAN_POINT('Ctrl Pts',(0.0819999999999999,-0.0637875045752838,
-0.0298057480727889));
#5807=CARTESIAN_POINT('Ctrl Pts',(0.0819999999999999,-0.0637875045752838,
-0.0312644190319301));
#5808=CARTESIAN_POINT('',(0.0799999999999999,-0.060760762335066,-0.0237522635923532));
#5809=CARTESIAN_POINT('',(0.888223360216716,-0.060760762335066,-0.0237522635923534));
#5810=CARTESIAN_POINT('Ctrl Pts',(0.0799999999999999,-0.0637875045752838,
-0.0312644190319301));
#5811=CARTESIAN_POINT('Ctrl Pts',(0.0799999999999999,-0.0637875045752838,
-0.0290764125932184));
#5812=CARTESIAN_POINT('Ctrl Pts',(0.0799999999999999,-0.0623288336161427,
-0.0251744677775158));
#5813=CARTESIAN_POINT('Ctrl Pts',(0.0799999999999999,-0.060760762335066,
-0.0237522635923532));
#5814=CARTESIAN_POINT('Ctrl Pts',(0.888223360216716,-0.060760762335066,
-0.0237522635923534));
#5815=CARTESIAN_POINT('Ctrl Pts',(-0.728223360216716,-0.060760762335066,
-0.023752263592353));
#5816=CARTESIAN_POINT('Ctrl Pts',(0.888223360216716,-0.0591926910539893,
-0.0222935926332123));
#5817=CARTESIAN_POINT('Ctrl Pts',(-0.728223360216716,-0.0591926910539893,
-0.0222935926332119));
#5818=CARTESIAN_POINT('Ctrl Pts',(0.888223360216716,-0.0544155436628021,
-0.0206890545781571));
#5819=CARTESIAN_POINT('Ctrl Pts',(-0.728223360216716,-0.0544155436628021,
-0.0206890545781566));
#5820=CARTESIAN_POINT('Ctrl Pts',(0.888223360216716,-0.0509876669088204,
-0.0206890545781571));
#5821=CARTESIAN_POINT('Ctrl Pts',(-0.728223360216716,-0.0509876669088204,
-0.0206890545781566));
#5822=CARTESIAN_POINT('',(0.0819999999999999,-0.0509876669088204,-0.0206890545781568));
#5823=CARTESIAN_POINT('Ctrl Pts',(0.0819999999999999,-0.0509876669088204,
-0.0206890545781568));
#5824=CARTESIAN_POINT('Ctrl Pts',(0.0819999999999999,-0.0532729180781415,
-0.0206890545781568));
#5825=CARTESIAN_POINT('Ctrl Pts',(0.0819999999999999,-0.0552117348946666,
-0.0209564775873327));
#5826=CARTESIAN_POINT('Ctrl Pts',(0.0819999999999999,-0.0568041173583957,
-0.0214913236056845));
#5827=CARTESIAN_POINT('Ctrl Pts',(0.0819999999999999,-0.0583964998221248,
-0.0220261696240362));
#5828=CARTESIAN_POINT('Ctrl Pts',(0.0819999999999999,-0.0597153814810149,
-0.0227798162862591));
#5829=CARTESIAN_POINT('Ctrl Pts',(0.0819999999999999,-0.060760762335066,
-0.0237522635923532));
#5830=CARTESIAN_POINT('',(0.0799999999999999,-0.0509876669088204,-0.0206890545781568));
#5831=CARTESIAN_POINT('',(0.888223360216716,-0.0509876669088204,-0.0206890545781571));
#5832=CARTESIAN_POINT('Ctrl Pts',(0.0799999999999999,-0.060760762335066,
-0.0237522635923532));
#5833=CARTESIAN_POINT('Ctrl Pts',(0.0799999999999999,-0.0591926910539893,
-0.0222935926332121));
#5834=CARTESIAN_POINT('Ctrl Pts',(0.0799999999999999,-0.0544155436628021,
-0.0206890545781568));
#5835=CARTESIAN_POINT('Ctrl Pts',(0.0799999999999999,-0.0509876669088204,
-0.0206890545781568));
#5836=CARTESIAN_POINT('Origin',(0.888223360216716,-0.029071135747725,-0.0206890545781571));
#5837=CARTESIAN_POINT('',(0.0819999999999999,-0.029071135747725,-0.0206890545781568));
#5838=CARTESIAN_POINT('',(0.0819999999999999,-0.0145355678738625,-0.0206890545781568));
#5839=CARTESIAN_POINT('',(0.0799999999999999,-0.029071135747725,-0.0206890545781568));
#5840=CARTESIAN_POINT('',(0.888223360216716,-0.029071135747725,-0.0206890545781571));
#5841=CARTESIAN_POINT('',(0.08,-0.0145355678738625,-0.0206890545781568));
#5842=CARTESIAN_POINT('Origin',(0.888223360216716,-0.029071135747725,-0.0263778713188075));
#5843=CARTESIAN_POINT('',(0.0819999999999999,-0.029071135747725,-0.0263778713188073));
#5844=CARTESIAN_POINT('',(0.0819999999999999,-0.029071135747725,-0.128188935659404));
#5845=CARTESIAN_POINT('',(0.0799999999999999,-0.029071135747725,-0.0263778713188073));
#5846=CARTESIAN_POINT('',(0.888223360216716,-0.029071135747725,-0.0263778713188075));
#5847=CARTESIAN_POINT('',(0.0799999999999999,-0.029071135747725,-0.128188935659404));
#5848=CARTESIAN_POINT('Origin',(0.888223360216716,-0.0628393684518421,-0.0472003992605471));
#5849=CARTESIAN_POINT('',(0.0819999999999999,-0.029071135747725,-0.0472003992605469));
#5850=CARTESIAN_POINT('',(0.0819999999999999,-0.0314196842259211,-0.0472003992605469));
#5851=CARTESIAN_POINT('',(0.0799999999999999,-0.029071135747725,-0.0472003992605469));
#5852=CARTESIAN_POINT('',(0.08,-0.0314196842259211,-0.0472003992605469));
#5853=CARTESIAN_POINT('',(0.888223360216716,-0.029071135747725,-0.0472003992605471));
#5854=CARTESIAN_POINT('Origin',(0.888223360216716,-0.029071135747725,-0.0472003992605471));
#5855=CARTESIAN_POINT('',(0.0819999999999999,-0.029071135747725,-0.0415115825198965));
#5856=CARTESIAN_POINT('',(0.0819999999999999,-0.029071135747725,-0.138600199630273));
#5857=CARTESIAN_POINT('',(0.0799999999999999,-0.029071135747725,-0.0415115825198965));
#5858=CARTESIAN_POINT('',(0.0799999999999999,-0.029071135747725,-0.138600199630273));
#5859=CARTESIAN_POINT('',(0.888223360216716,-0.029071135747725,-0.0415115825198967));
#5860=CARTESIAN_POINT('Origin',(0.888223360216716,-0.029071135747725,-0.0415115825198967));
#5861=CARTESIAN_POINT('',(0.0819999999999999,-0.0543061433408665,-0.0415115825198965));
#5862=CARTESIAN_POINT('',(0.0819999999999999,-0.0145355678738625,-0.0415115825198965));
#5863=CARTESIAN_POINT('',(0.0799999999999999,-0.0543061433408665,-0.0415115825198965));
#5864=CARTESIAN_POINT('',(0.08,-0.0145355678738625,-0.0415115825198965));
#5865=CARTESIAN_POINT('',(0.888223360216716,-0.0543061433408665,-0.0415115825198967));
#5866=CARTESIAN_POINT('Ctrl Pts',(0.888223360216716,-0.0583904220264617,
-0.03275955676505));
#5867=CARTESIAN_POINT('Ctrl Pts',(-0.728223360216716,-0.0583904220264617,
-0.0327595567650495));
#5868=CARTESIAN_POINT('Ctrl Pts',(0.888223360216716,-0.0583904220264617,
-0.034838162881826));
#5869=CARTESIAN_POINT('Ctrl Pts',(-0.728223360216716,-0.0583904220264617,
-0.0348381628818256));
#5870=CARTESIAN_POINT('Ctrl Pts',(0.888223360216716,-0.0560200817178573,
-0.0395423767250562));
#5871=CARTESIAN_POINT('Ctrl Pts',(-0.728223360216716,-0.0560200817178573,
-0.0395423767250557));
#5872=CARTESIAN_POINT('Ctrl Pts',(0.888223360216716,-0.0543061433408665,
-0.0415115825198967));
#5873=CARTESIAN_POINT('Ctrl Pts',(-0.728223360216716,-0.0543061433408665,
-0.0415115825198963));
#5874=CARTESIAN_POINT('',(0.0819999999999999,-0.0583904220264617,-0.0327595567650497));
#5875=CARTESIAN_POINT('Ctrl Pts',(0.0819999999999999,-0.0543061433408665,
-0.0415115825198965));
#5876=CARTESIAN_POINT('Ctrl Pts',(0.0819999999999999,-0.0554487689255271,
-0.0401987786566695));
#5877=CARTESIAN_POINT('Ctrl Pts',(0.0819999999999999,-0.0564151384359581,
-0.0387583410845176));
#5878=CARTESIAN_POINT('Ctrl Pts',(0.0819999999999999,-0.0572052518721595,
-0.0371902698034409));
#5879=CARTESIAN_POINT('Ctrl Pts',(0.0819999999999999,-0.057995365308361,
-0.0356221985223642));
#5880=CARTESIAN_POINT('Ctrl Pts',(0.0819999999999999,-0.0583904220264617,
-0.0341452941762338));
#5881=CARTESIAN_POINT('Ctrl Pts',(0.0819999999999999,-0.0583904220264617,
-0.0327595567650497));
#5882=CARTESIAN_POINT('',(0.0799999999999999,-0.0583904220264617,-0.0327595567650497));
#5883=CARTESIAN_POINT('Ctrl Pts',(0.0799999999999999,-0.0583904220264617,
-0.0327595567650497));
#5884=CARTESIAN_POINT('Ctrl Pts',(0.0799999999999999,-0.0583904220264617,
-0.0348381628818258));
#5885=CARTESIAN_POINT('Ctrl Pts',(0.0799999999999999,-0.0560200817178573,
-0.039542376725056));
#5886=CARTESIAN_POINT('Ctrl Pts',(0.0799999999999999,-0.0543061433408665,
-0.0415115825198965));
#5887=CARTESIAN_POINT('',(0.888223360216716,-0.0583904220264617,-0.03275955676505));
#5888=CARTESIAN_POINT('Ctrl Pts',(0.888223360216716,-0.0558742146219432,
-0.0274718745381633));
#5889=CARTESIAN_POINT('Ctrl Pts',(-0.728223360216716,-0.0558742146219432,
-0.0274718745381629));
#5890=CARTESIAN_POINT('Ctrl Pts',(0.888223360216716,-0.0571870184851702,
-0.0281647432437554));
#5891=CARTESIAN_POINT('Ctrl Pts',(-0.728223360216716,-0.0571870184851702,
-0.0281647432437549));
#5892=CARTESIAN_POINT('Ctrl Pts',(0.888223360216716,-0.0583904220264617,
-0.0305350835523597));
#5893=CARTESIAN_POINT('Ctrl Pts',(-0.728223360216716,-0.0583904220264617,
-0.0305350835523593));
#5894=CARTESIAN_POINT('Ctrl Pts',(0.888223360216716,-0.0583904220264617,
-0.03275955676505));
#5895=CARTESIAN_POINT('Ctrl Pts',(-0.728223360216716,-0.0583904220264617,
-0.0327595567650495));
#5896=CARTESIAN_POINT('',(0.0819999999999999,-0.0558742146219432,-0.0274718745381631));
#5897=CARTESIAN_POINT('Ctrl Pts',(0.0819999999999999,-0.0583904220264617,
-0.0327595567650497));
#5898=CARTESIAN_POINT('Ctrl Pts',(0.0819999999999999,-0.0583904220264617,
-0.0312765746232562));
#5899=CARTESIAN_POINT('Ctrl Pts',(0.0819999999999999,-0.0581898547695798,
-0.0301400268342588));
#5900=CARTESIAN_POINT('Ctrl Pts',(0.0819999999999999,-0.057788720255816,
-0.0293499133980573));
#5901=CARTESIAN_POINT('Ctrl Pts',(0.0819999999999999,-0.0573875857420521,
-0.0285597999618559));
#5902=CARTESIAN_POINT('Ctrl Pts',(0.0819999999999999,-0.0567494171974279,
-0.0279337870085578));
#5903=CARTESIAN_POINT('Ctrl Pts',(0.0819999999999999,-0.0558742146219432,
-0.0274718745381631));
#5904=CARTESIAN_POINT('',(0.0799999999999999,-0.0558742146219432,-0.0274718745381631));
#5905=CARTESIAN_POINT('Ctrl Pts',(0.0799999999999999,-0.0558742146219432,
-0.0274718745381631));
#5906=CARTESIAN_POINT('Ctrl Pts',(0.0799999999999999,-0.0571870184851702,
-0.0281647432437552));
#5907=CARTESIAN_POINT('Ctrl Pts',(0.0799999999999999,-0.0583904220264617,
-0.0305350835523595));
#5908=CARTESIAN_POINT('Ctrl Pts',(0.0799999999999999,-0.0583904220264617,
-0.0327595567650497));
#5909=CARTESIAN_POINT('',(0.888223360216716,-0.0558742146219432,-0.0274718745381633));
#5910=CARTESIAN_POINT('Ctrl Pts',(0.888223360216716,-0.0483255924083879,
-0.0263778713188075));
#5911=CARTESIAN_POINT('Ctrl Pts',(-0.728223360216716,-0.0483255924083879,
-0.026377871318807));
#5912=CARTESIAN_POINT('Ctrl Pts',(0.888223360216716,-0.051024133682799,
-0.0263778713188075));
#5913=CARTESIAN_POINT('Ctrl Pts',(-0.728223360216716,-0.051024133682799,
-0.026377871318807));
#5914=CARTESIAN_POINT('Ctrl Pts',(0.888223360216716,-0.0545614107587162,
-0.0267790058325713));
#5915=CARTESIAN_POINT('Ctrl Pts',(-0.728223360216716,-0.0545614107587162,
-0.0267790058325709));
#5916=CARTESIAN_POINT('Ctrl Pts',(0.888223360216716,-0.0558742146219432,
-0.0274718745381633));
#5917=CARTESIAN_POINT('Ctrl Pts',(-0.728223360216716,-0.0558742146219432,
-0.0274718745381629));
#5918=CARTESIAN_POINT('',(0.0819999999999999,-0.0483255924083879,-0.0263778713188073));
#5919=CARTESIAN_POINT('Ctrl Pts',(0.0819999999999999,-0.0558742146219432,
-0.0274718745381631));
#5920=CARTESIAN_POINT('Ctrl Pts',(0.0819999999999999,-0.0549990120464585,
-0.0270099620677684));
#5921=CARTESIAN_POINT('Ctrl Pts',(0.0819999999999999,-0.0539718645793967,
-0.0267121500802771));
#5922=CARTESIAN_POINT('Ctrl Pts',(0.0819999999999999,-0.0527927722207576,
-0.0265784385756892));
#5923=CARTESIAN_POINT('Ctrl Pts',(0.0819999999999999,-0.0516136798621185,
-0.0264447270711012));
#5924=CARTESIAN_POINT('Ctrl Pts',(0.0819999999999999,-0.0501246199246619,
-0.0263778713188073));
#5925=CARTESIAN_POINT('Ctrl Pts',(0.0819999999999999,-0.0483255924083879,
-0.0263778713188073));
#5926=CARTESIAN_POINT('',(0.0799999999999999,-0.0483255924083879,-0.0263778713188073));
#5927=CARTESIAN_POINT('Ctrl Pts',(0.0799999999999999,-0.0483255924083879,
-0.0263778713188073));
#5928=CARTESIAN_POINT('Ctrl Pts',(0.0799999999999999,-0.051024133682799,
-0.0263778713188073));
#5929=CARTESIAN_POINT('Ctrl Pts',(0.0799999999999999,-0.0545614107587162,
-0.0267790058325711));
#5930=CARTESIAN_POINT('Ctrl Pts',(0.0799999999999999,-0.0558742146219432,
-0.0274718745381631));
#5931=CARTESIAN_POINT('',(0.888223360216716,-0.0483255924083879,-0.0263778713188075));
#5932=CARTESIAN_POINT('Origin',(0.888223360216716,-0.0483255924083879,-0.0263778713188075));
#5933=CARTESIAN_POINT('',(0.0819999999999999,-0.0241627962041939,-0.0263778713188073));
#5934=CARTESIAN_POINT('',(0.08,-0.0241627962041939,-0.0263778713188073));
#5935=CARTESIAN_POINT('Origin',(0.0819999999999999,0.,-0.23));
#5936=CARTESIAN_POINT('Origin',(0.0819999999999999,0.,-0.23));
#5937=CARTESIAN_POINT('',(0.0819999999999999,-0.0213037128902985,-0.0190115829751446));
#5938=CARTESIAN_POINT('',(0.0819999999999999,-0.0160889642113689,-0.0190115829751446));
#5939=CARTESIAN_POINT('',(0.0819999999999999,-0.0106518564451492,-0.0190115829751446));
#5940=CARTESIAN_POINT('',(0.0819999999999999,-0.015541962601691,-0.01317689913858));
#5941=CARTESIAN_POINT('Ctrl Pts',(0.0819999999999999,-0.0160889642113689,
-0.0190115829751446));
#5942=CARTESIAN_POINT('Ctrl Pts',(0.0819999999999999,-0.0159430971154548,
-0.0181850027649646));
#5943=CARTESIAN_POINT('Ctrl Pts',(0.0819999999999999,-0.0158154634065299,
-0.0172672556198383));
#5944=CARTESIAN_POINT('Ctrl Pts',(0.0819999999999999,-0.0157060630845944,
-0.0162583415397657));
#5945=CARTESIAN_POINT('Ctrl Pts',(0.0819999999999999,-0.0155966627626588,
-0.0152494274596931));
#5946=CARTESIAN_POINT('Ctrl Pts',(0.0819999999999999,-0.015541962601691,
-0.0142222799926312));
#5947=CARTESIAN_POINT('Ctrl Pts',(0.0819999999999999,-0.015541962601691,
-0.01317689913858));
#5948=CARTESIAN_POINT('',(0.0819999999999999,-0.0279406657543906,-0.00183573243125776));
#5949=CARTESIAN_POINT('Ctrl Pts',(0.0819999999999999,-0.015541962601691,
-0.01317689913858));
#5950=CARTESIAN_POINT('Ctrl Pts',(0.0819999999999999,-0.015541962601691,
-0.00953022174072722));
#5951=CARTESIAN_POINT('Ctrl Pts',(0.0819999999999999,-0.0165994990470683,
-0.00672835794004363));
#5952=CARTESIAN_POINT('Ctrl Pts',(0.0819999999999999,-0.0187145719378229,
-0.00477130773652928));
#5953=CARTESIAN_POINT('Ctrl Pts',(0.0819999999999999,-0.0208296448285776,
-0.00281425753301493));
#5954=CARTESIAN_POINT('Ctrl Pts',(0.0819999999999999,-0.0239050094341001,
-0.00183573243125776));
#5955=CARTESIAN_POINT('Ctrl Pts',(0.0819999999999999,-0.0279406657543906,
-0.00183573243125776));
#5956=CARTESIAN_POINT('',(0.0819999999999999,-0.029071135747725,-0.00183573243125776));
#5957=CARTESIAN_POINT('',(0.0819999999999999,-0.0139703328771953,-0.00183573243125776));
#5958=CARTESIAN_POINT('',(0.0819999999999999,-0.029071135747725,0.00199327883648767));
#5959=CARTESIAN_POINT('',(0.0819999999999999,-0.029071135747725,-0.115917866215629));
#5960=CARTESIAN_POINT('',(0.0819999999999999,-0.0337753495909551,0.00199327883648767));
#5961=CARTESIAN_POINT('',(0.0819999999999999,-0.0145355678738625,0.00199327883648767));
#5962=CARTESIAN_POINT('',(0.0819999999999999,-0.0337753495909551,-0.00183573243125776));
#5963=CARTESIAN_POINT('',(0.0819999999999999,-0.0337753495909551,-0.114003360581756));
#5964=CARTESIAN_POINT('',(0.0819999999999999,-0.0628393684518421,-0.00183573243125776));
#5965=CARTESIAN_POINT('',(0.0819999999999999,-0.0168876747954776,-0.00183573243125776));
#5966=CARTESIAN_POINT('',(0.0819999999999999,-0.0628393684518421,-0.00752454917190817));
#5967=CARTESIAN_POINT('',(0.0819999999999999,-0.0628393684518421,-0.115917866215629));
#5968=CARTESIAN_POINT('',(0.0819999999999999,-0.0337753495909551,-0.00752454917190817));
#5969=CARTESIAN_POINT('',(0.0819999999999999,-0.0314196842259211,-0.00752454917190817));
#5970=CARTESIAN_POINT('',(0.0819999999999999,-0.0337753495909551,-0.0167506429884758));
#5971=CARTESIAN_POINT('',(0.0819999999999999,-0.0337753495909551,-0.118762274585954));
#5972=CARTESIAN_POINT('',(0.0819999999999999,-0.029071135747725,-0.0167506429884758));
#5973=CARTESIAN_POINT('',(0.0819999999999999,-0.0168876747954776,-0.0167506429884758));
#5974=CARTESIAN_POINT('',(0.0819999999999999,-0.029071135747725,-0.00734221530201553));
#5975=CARTESIAN_POINT('',(0.0819999999999999,-0.029071135747725,-0.123375321494238));
#5976=CARTESIAN_POINT('',(0.0819999999999999,-0.0279406657543906,-0.00734221530201553));
#5977=CARTESIAN_POINT('',(0.0819999999999999,-0.0145355678738625,-0.00734221530201553));
#5978=CARTESIAN_POINT('',(0.0819999999999999,-0.0205014438627708,-0.0139791681661077));
#5979=CARTESIAN_POINT('Ctrl Pts',(0.0819999999999999,-0.0279406657543906,
-0.00734221530201553));
#5980=CARTESIAN_POINT('Ctrl Pts',(0.0819999999999999,-0.0251205685667177,
-0.00734221530201553));
#5981=CARTESIAN_POINT('Ctrl Pts',(0.0819999999999999,-0.0231756739545296,
-0.00785275013771493));
#5982=CARTESIAN_POINT('Ctrl Pts',(0.0819999999999999,-0.0221059819178261,
-0.00887381980911372));
#5983=CARTESIAN_POINT('Ctrl Pts',(0.0819999999999999,-0.0210362898811226,
-0.00989488948051251));
#5984=CARTESIAN_POINT('Ctrl Pts',(0.0819999999999999,-0.0205014438627708,
-0.0115966722661772));
#5985=CARTESIAN_POINT('Ctrl Pts',(0.0819999999999999,-0.0205014438627708,
-0.0139791681661077));
#5986=CARTESIAN_POINT('',(0.0819999999999999,-0.0213037128902985,-0.0187198487833164));
#5987=CARTESIAN_POINT('Ctrl Pts',(0.0819999999999999,-0.0205014438627708,
-0.0139791681661077));
#5988=CARTESIAN_POINT('Ctrl Pts',(0.0819999999999999,-0.0205014438627708,
-0.0147328148283306));
#5989=CARTESIAN_POINT('Ctrl Pts',(0.0819999999999999,-0.0205865330020541,
-0.0155837062211629));
#5990=CARTESIAN_POINT('Ctrl Pts',(0.0819999999999999,-0.0207567112806205,
-0.0165318423446047));
#5991=CARTESIAN_POINT('Ctrl Pts',(0.0819999999999999,-0.020926889559187,
-0.0174799784680464));
#5992=CARTESIAN_POINT('Ctrl Pts',(0.0819999999999999,-0.0211092234290796,
-0.018209313947617));
#5993=CARTESIAN_POINT('Ctrl Pts',(0.0819999999999999,-0.0213037128902985,
-0.0187198487833164));
#5994=CARTESIAN_POINT('',(0.0819999999999999,-0.0213037128902985,-0.124359924391658));
#5995=CARTESIAN_POINT('Origin',(0.888223360216716,-0.0628393684518421,-0.00183573243125799));
#5996=CARTESIAN_POINT('',(0.0799999999999999,-0.0628393684518421,-0.00183573243125776));
#5997=CARTESIAN_POINT('',(0.888223360216716,-0.0628393684518421,-0.00183573243125799));
#5998=CARTESIAN_POINT('',(0.0799999999999999,-0.0628393684518421,-0.00752454917190817));
#5999=CARTESIAN_POINT('',(0.0799999999999999,-0.0628393684518421,-0.115917866215629));
#6000=CARTESIAN_POINT('',(0.888223360216716,-0.0628393684518421,-0.0075245491719084));
#6001=CARTESIAN_POINT('Origin',(0.888223360216716,-0.0337753495909551,-0.00183573243125799));
#6002=CARTESIAN_POINT('',(0.0799999999999999,-0.0337753495909551,-0.00183573243125776));
#6003=CARTESIAN_POINT('',(0.888223360216716,-0.0337753495909551,-0.00183573243125799));
#6004=CARTESIAN_POINT('',(0.08,-0.0168876747954776,-0.00183573243125775));
#6005=CARTESIAN_POINT('Origin',(0.888223360216716,-0.0337753495909551,0.00199327883648744));
#6006=CARTESIAN_POINT('',(0.0799999999999999,-0.0337753495909551,0.00199327883648767));
#6007=CARTESIAN_POINT('',(0.888223360216716,-0.0337753495909551,0.00199327883648744));
#6008=CARTESIAN_POINT('',(0.0799999999999999,-0.0337753495909551,-0.114003360581756));
#6009=CARTESIAN_POINT('Origin',(0.888223360216716,-0.029071135747725,0.00199327883648744));
#6010=CARTESIAN_POINT('',(0.0799999999999999,-0.029071135747725,0.00199327883648767));
#6011=CARTESIAN_POINT('',(0.888223360216716,-0.029071135747725,0.00199327883648744));
#6012=CARTESIAN_POINT('',(0.08,-0.0145355678738625,0.00199327883648768));
#6013=CARTESIAN_POINT('Origin',(0.888223360216716,-0.029071135747725,-0.00183573243125799));
#6014=CARTESIAN_POINT('',(0.0799999999999999,-0.029071135747725,-0.00183573243125776));
#6015=CARTESIAN_POINT('',(0.888223360216716,-0.029071135747725,-0.00183573243125799));
#6016=CARTESIAN_POINT('',(0.0799999999999999,-0.029071135747725,-0.115917866215629));
#6017=CARTESIAN_POINT('Origin',(0.888223360216716,-0.0279406657543906,-0.00183573243125799));
#6018=CARTESIAN_POINT('',(0.0799999999999999,-0.0279406657543906,-0.00183573243125776));
#6019=CARTESIAN_POINT('',(0.888223360216716,-0.0279406657543906,-0.00183573243125799));
#6020=CARTESIAN_POINT('',(0.08,-0.0139703328771953,-0.00183573243125775));
#6021=CARTESIAN_POINT('Ctrl Pts',(0.888223360216716,-0.0279406657543906,
-0.00183573243125799));
#6022=CARTESIAN_POINT('Ctrl Pts',(-0.728223360216716,-0.0279406657543906,
-0.00183573243125753));
#6023=CARTESIAN_POINT('Ctrl Pts',(0.888223360216716,-0.0218871812739549,
-0.00183573243125799));
#6024=CARTESIAN_POINT('Ctrl Pts',(-0.728223360216716,-0.0218871812739549,
-0.00183573243125753));
#6025=CARTESIAN_POINT('Ctrl Pts',(0.888223360216716,-0.015541962601691,
-0.00770688304180104));
#6026=CARTESIAN_POINT('Ctrl Pts',(-0.728223360216716,-0.015541962601691,
-0.00770688304180058));
#6027=CARTESIAN_POINT('Ctrl Pts',(0.888223360216716,-0.015541962601691,
-0.0131768991385803));
#6028=CARTESIAN_POINT('Ctrl Pts',(-0.728223360216716,-0.015541962601691,
-0.0131768991385798));
#6029=CARTESIAN_POINT('',(0.0799999999999999,-0.015541962601691,-0.01317689913858));
#6030=CARTESIAN_POINT('',(0.888223360216716,-0.015541962601691,-0.0131768991385803));
#6031=CARTESIAN_POINT('Ctrl Pts',(0.0799999999999999,-0.0279406657543906,
-0.00183573243125776));
#6032=CARTESIAN_POINT('Ctrl Pts',(0.0799999999999999,-0.0218871812739549,
-0.00183573243125776));
#6033=CARTESIAN_POINT('Ctrl Pts',(0.0799999999999999,-0.015541962601691,
-0.00770688304180081));
#6034=CARTESIAN_POINT('Ctrl Pts',(0.0799999999999999,-0.015541962601691,
-0.01317689913858));
#6035=CARTESIAN_POINT('Ctrl Pts',(0.888223360216716,-0.015541962601691,
-0.0131768991385803));
#6036=CARTESIAN_POINT('Ctrl Pts',(-0.728223360216716,-0.015541962601691,
-0.0131768991385798));
#6037=CARTESIAN_POINT('Ctrl Pts',(0.888223360216716,-0.015541962601691,
-0.014744970419657));
#6038=CARTESIAN_POINT('Ctrl Pts',(-0.728223360216716,-0.015541962601691,
-0.0147449704196566));
#6039=CARTESIAN_POINT('Ctrl Pts',(0.888223360216716,-0.0158701635674977,
-0.0177717126598748));
#6040=CARTESIAN_POINT('Ctrl Pts',(-0.728223360216716,-0.0158701635674977,
-0.0177717126598744));
#6041=CARTESIAN_POINT('Ctrl Pts',(0.888223360216716,-0.0160889642113689,
-0.0190115829751448));
#6042=CARTESIAN_POINT('Ctrl Pts',(-0.728223360216716,-0.0160889642113689,
-0.0190115829751444));
#6043=CARTESIAN_POINT('',(0.0799999999999999,-0.0160889642113689,-0.0190115829751446));
#6044=CARTESIAN_POINT('',(0.888223360216716,-0.0160889642113689,-0.0190115829751448));
#6045=CARTESIAN_POINT('Ctrl Pts',(0.0799999999999999,-0.015541962601691,
-0.01317689913858));
#6046=CARTESIAN_POINT('Ctrl Pts',(0.0799999999999999,-0.015541962601691,
-0.0147449704196568));
#6047=CARTESIAN_POINT('Ctrl Pts',(0.0799999999999999,-0.0158701635674977,
-0.0177717126598746));
#6048=CARTESIAN_POINT('Ctrl Pts',(0.0799999999999999,-0.0160889642113689,
-0.0190115829751446));
#6049=CARTESIAN_POINT('Origin',(0.888223360216716,-0.0213037128902985,-0.0190115829751448));
#6050=CARTESIAN_POINT('',(0.0799999999999999,-0.0213037128902985,-0.0190115829751446));
#6051=CARTESIAN_POINT('',(0.888223360216716,-0.0213037128902985,-0.0190115829751448));
#6052=CARTESIAN_POINT('',(0.08,-0.0106518564451492,-0.0190115829751446));
#6053=CARTESIAN_POINT('Origin',(0.888223360216716,-0.0628393684518421,-0.0075245491719084));
#6054=CARTESIAN_POINT('',(0.0799999999999999,-0.0337753495909551,-0.00752454917190817));
#6055=CARTESIAN_POINT('',(0.08,-0.0314196842259211,-0.00752454917190816));
#6056=CARTESIAN_POINT('',(0.888223360216716,-0.0337753495909551,-0.0075245491719084));
#6057=CARTESIAN_POINT('Origin',(0.888223360216716,-0.0337753495909551,-0.0075245491719084));
#6058=CARTESIAN_POINT('',(0.0799999999999999,-0.0337753495909551,-0.0167506429884758));
#6059=CARTESIAN_POINT('',(0.0799999999999999,-0.0337753495909551,-0.118762274585954));
#6060=CARTESIAN_POINT('',(0.888223360216716,-0.0337753495909551,-0.0167506429884761));
#6061=CARTESIAN_POINT('Origin',(0.888223360216716,-0.0337753495909551,-0.0167506429884761));
#6062=CARTESIAN_POINT('',(0.0799999999999999,-0.029071135747725,-0.0167506429884758));
#6063=CARTESIAN_POINT('',(0.08,-0.0168876747954776,-0.0167506429884758));
#6064=CARTESIAN_POINT('',(0.888223360216716,-0.029071135747725,-0.0167506429884761));
#6065=CARTESIAN_POINT('Origin',(0.888223360216716,-0.029071135747725,-0.0167506429884761));
#6066=CARTESIAN_POINT('',(0.0799999999999999,-0.029071135747725,-0.00734221530201553));
#6067=CARTESIAN_POINT('',(0.0799999999999999,-0.029071135747725,-0.123375321494238));
#6068=CARTESIAN_POINT('',(0.888223360216716,-0.029071135747725,-0.00734221530201576));
#6069=CARTESIAN_POINT('Origin',(0.888223360216716,-0.029071135747725,-0.00734221530201576));
#6070=CARTESIAN_POINT('',(0.0799999999999999,-0.0279406657543906,-0.00734221530201553));
#6071=CARTESIAN_POINT('',(0.08,-0.0145355678738625,-0.00734221530201553));
#6072=CARTESIAN_POINT('',(0.888223360216716,-0.0279406657543906,-0.00734221530201576));
#6073=CARTESIAN_POINT('Ctrl Pts',(0.888223360216716,-0.0205014438627708,
-0.0139791681661079));
#6074=CARTESIAN_POINT('Ctrl Pts',(-0.728223360216716,-0.0205014438627708,
-0.0139791681661075));
#6075=CARTESIAN_POINT('Ctrl Pts',(0.888223360216716,-0.0205014438627708,
-0.0104054243162121));
#6076=CARTESIAN_POINT('Ctrl Pts',(-0.728223360216716,-0.0205014438627708,
-0.0104054243162117));
#6077=CARTESIAN_POINT('Ctrl Pts',(0.888223360216716,-0.0237105199728813,
-0.00734221530201576));
#6078=CARTESIAN_POINT('Ctrl Pts',(-0.728223360216716,-0.0237105199728813,
-0.0073422153020153));
#6079=CARTESIAN_POINT('Ctrl Pts',(0.888223360216716,-0.0279406657543906,
-0.00734221530201576));
#6080=CARTESIAN_POINT('Ctrl Pts',(-0.728223360216716,-0.0279406657543906,
-0.0073422153020153));
#6081=CARTESIAN_POINT('',(0.0799999999999999,-0.0205014438627708,-0.0139791681661077));
#6082=CARTESIAN_POINT('Ctrl Pts',(0.0799999999999999,-0.0205014438627708,
-0.0139791681661077));
#6083=CARTESIAN_POINT('Ctrl Pts',(0.0799999999999999,-0.0205014438627708,
-0.0104054243162119));
#6084=CARTESIAN_POINT('Ctrl Pts',(0.0799999999999999,-0.0237105199728813,
-0.00734221530201553));
#6085=CARTESIAN_POINT('Ctrl Pts',(0.0799999999999999,-0.0279406657543906,
-0.00734221530201553));
#6086=CARTESIAN_POINT('',(0.888223360216716,-0.0205014438627708,-0.0139791681661079));
#6087=CARTESIAN_POINT('Ctrl Pts',(0.888223360216716,-0.0213037128902985,
-0.0187198487833166));
#6088=CARTESIAN_POINT('Ctrl Pts',(-0.728223360216716,-0.0213037128902985,
-0.0187198487833161));
#6089=CARTESIAN_POINT('Ctrl Pts',(0.888223360216716,-0.0210119786984702,
-0.0179540465297675));
#6090=CARTESIAN_POINT('Ctrl Pts',(-0.728223360216716,-0.0210119786984702,
-0.017954046529767));
#6091=CARTESIAN_POINT('Ctrl Pts',(0.888223360216716,-0.0205014438627708,
-0.0151096381594423));
#6092=CARTESIAN_POINT('Ctrl Pts',(-0.728223360216716,-0.0205014438627708,
-0.0151096381594418));
#6093=CARTESIAN_POINT('Ctrl Pts',(0.888223360216716,-0.0205014438627708,
-0.0139791681661079));
#6094=CARTESIAN_POINT('Ctrl Pts',(-0.728223360216716,-0.0205014438627708,
-0.0139791681661075));
#6095=CARTESIAN_POINT('',(0.0799999999999999,-0.0213037128902985,-0.0187198487833164));
#6096=CARTESIAN_POINT('Ctrl Pts',(0.0799999999999999,-0.0213037128902985,
-0.0187198487833164));
#6097=CARTESIAN_POINT('Ctrl Pts',(0.0799999999999999,-0.0210119786984702,
-0.0179540465297673));
#6098=CARTESIAN_POINT('Ctrl Pts',(0.0799999999999999,-0.0205014438627708,
-0.0151096381594421));
#6099=CARTESIAN_POINT('Ctrl Pts',(0.0799999999999999,-0.0205014438627708,
-0.0139791681661077));
#6100=CARTESIAN_POINT('',(0.888223360216716,-0.0213037128902985,-0.0187198487833166));
#6101=CARTESIAN_POINT('Origin',(0.888223360216716,-0.0213037128902985,-0.0187198487833166));
#6102=CARTESIAN_POINT('',(0.0799999999999999,-0.0213037128902985,-0.124359924391658));
#6103=CARTESIAN_POINT('Ctrl Pts',(0.888223360216716,-0.0636051707053912,
-0.0977068812208087));
#6104=CARTESIAN_POINT('Ctrl Pts',(-0.728223360216716,-0.0636051707053912,
-0.0977068812208083));
#6105=CARTESIAN_POINT('Ctrl Pts',(0.888223360216716,-0.0636051707053912,
-0.0896112573975755));
#6106=CARTESIAN_POINT('Ctrl Pts',(-0.728223360216716,-0.0636051707053912,
-0.089611257397575));
#6107=CARTESIAN_POINT('Ctrl Pts',(0.888223360216716,-0.0545249439847377,
-0.0807133645468146));
#6108=CARTESIAN_POINT('Ctrl Pts',(-0.728223360216716,-0.0545249439847377,
-0.0807133645468141));
#6109=CARTESIAN_POINT('Ctrl Pts',(0.888223360216716,-0.0461375859696762,
-0.0807133645468146));
#6110=CARTESIAN_POINT('Ctrl Pts',(-0.728223360216716,-0.0461375859696762,
-0.0807133645468141));
#6111=CARTESIAN_POINT('',(0.0819999999999999,-0.0461375859696762,-0.0807133645468144));
#6112=CARTESIAN_POINT('',(0.0819999999999999,-0.0636051707053912,-0.0977068812208085));
#6113=CARTESIAN_POINT('Ctrl Pts',(0.0819999999999999,-0.0461375859696762,
-0.0807133645468144));
#6114=CARTESIAN_POINT('Ctrl Pts',(0.0819999999999999,-0.0517291579797172,
-0.0807133645468144));
#6115=CARTESIAN_POINT('Ctrl Pts',(0.0819999999999999,-0.0560383151048466,
-0.0821963466886078));
#6116=CARTESIAN_POINT('Ctrl Pts',(0.0819999999999999,-0.0590650573450644,
-0.0851623109721948));
#6117=CARTESIAN_POINT('Ctrl Pts',(0.0819999999999999,-0.0620917995852823,
-0.0881282752557818));
#6118=CARTESIAN_POINT('Ctrl Pts',(0.0819999999999999,-0.0636051707053912,
-0.0923097986719863));
#6119=CARTESIAN_POINT('Ctrl Pts',(0.0819999999999999,-0.0636051707053912,
-0.0977068812208085));
#6120=CARTESIAN_POINT('',(0.0799999999999999,-0.0461375859696762,-0.0807133645468144));
#6121=CARTESIAN_POINT('',(0.888223360216716,-0.0461375859696762,-0.0807133645468146));
#6122=CARTESIAN_POINT('',(0.0799999999999999,-0.0636051707053912,-0.0977068812208085));
#6123=CARTESIAN_POINT('Ctrl Pts',(0.0799999999999999,-0.0636051707053912,
-0.0977068812208085));
#6124=CARTESIAN_POINT('Ctrl Pts',(0.0799999999999999,-0.0636051707053912,
-0.0896112573975752));
#6125=CARTESIAN_POINT('Ctrl Pts',(0.0799999999999999,-0.0545249439847377,
-0.0807133645468144));
#6126=CARTESIAN_POINT('Ctrl Pts',(0.0799999999999999,-0.0461375859696762,
-0.0807133645468144));
#6127=CARTESIAN_POINT('',(0.888223360216716,-0.0636051707053912,-0.0977068812208087));
#6128=CARTESIAN_POINT('Ctrl Pts',(0.888223360216716,-0.0461375859696762,
-0.0807133645468146));
#6129=CARTESIAN_POINT('Ctrl Pts',(-0.728223360216716,-0.0461375859696762,
-0.0807133645468141));
#6130=CARTESIAN_POINT('Ctrl Pts',(0.888223360216716,-0.0378960950505288,
-0.0807133645468146));
#6131=CARTESIAN_POINT('Ctrl Pts',(-0.728223360216716,-0.0378960950505288,
-0.0807133645468141));
#6132=CARTESIAN_POINT('Ctrl Pts',(0.888223360216716,-0.0281229996242832,
-0.0893559899797258));
#6133=CARTESIAN_POINT('Ctrl Pts',(-0.728223360216716,-0.0281229996242832,
-0.0893559899797253));
#6134=CARTESIAN_POINT('Ctrl Pts',(0.888223360216716,-0.0281229996242832,
-0.0963211438096247));
#6135=CARTESIAN_POINT('Ctrl Pts',(-0.728223360216716,-0.0281229996242832,
-0.0963211438096242));
#6136=CARTESIAN_POINT('',(0.0819999999999999,-0.0281229996242832,-0.0963211438096244));
#6137=CARTESIAN_POINT('Ctrl Pts',(0.0819999999999999,-0.0281229996242832,
-0.0963211438096244));
#6138=CARTESIAN_POINT('Ctrl Pts',(0.0819999999999999,-0.0281229996242832,
-0.0916777079230252));
#6139=CARTESIAN_POINT('Ctrl Pts',(0.0819999999999999,-0.0297518488619908,
-0.0879155524075737));
#6140=CARTESIAN_POINT('Ctrl Pts',(0.0819999999999999,-0.033009547337406,
-0.08503467726327));
#6141=CARTESIAN_POINT('Ctrl Pts',(0.0819999999999999,-0.0362672458128212,
-0.0821538021189662));
#6142=CARTESIAN_POINT('Ctrl Pts',(0.0819999999999999,-0.0406432586902446,
-0.0807133645468144));
#6143=CARTESIAN_POINT('Ctrl Pts',(0.0819999999999999,-0.0461375859696762,
-0.0807133645468144));
#6144=CARTESIAN_POINT('',(0.0799999999999999,-0.0281229996242832,-0.0963211438096244));
#6145=CARTESIAN_POINT('',(0.888223360216716,-0.0281229996242832,-0.0963211438096247));
#6146=CARTESIAN_POINT('Ctrl Pts',(0.0799999999999999,-0.0461375859696762,
-0.0807133645468144));
#6147=CARTESIAN_POINT('Ctrl Pts',(0.0799999999999999,-0.0378960950505288,
-0.0807133645468144));
#6148=CARTESIAN_POINT('Ctrl Pts',(0.0799999999999999,-0.0281229996242832,
-0.0893559899797255));
#6149=CARTESIAN_POINT('Ctrl Pts',(0.0799999999999999,-0.0281229996242832,
-0.0963211438096244));
#6150=CARTESIAN_POINT('Ctrl Pts',(0.888223360216716,-0.0281229996242832,
-0.0963211438096247));
#6151=CARTESIAN_POINT('Ctrl Pts',(-0.728223360216716,-0.0281229996242832,
-0.0963211438096242));
#6152=CARTESIAN_POINT('Ctrl Pts',(0.888223360216716,-0.0281229996242832,
-0.0994572863717781));
#6153=CARTESIAN_POINT('Ctrl Pts',(-0.728223360216716,-0.0281229996242832,
-0.0994572863717776));
#6154=CARTESIAN_POINT('Ctrl Pts',(0.888223360216716,-0.0299463383232096,
-0.104307367310922));
#6155=CARTESIAN_POINT('Ctrl Pts',(-0.728223360216716,-0.0299463383232096,
-0.104307367310922));
#6156=CARTESIAN_POINT('Ctrl Pts',(0.888223360216716,-0.0318790773440716,
-0.10609423923587));
#6157=CARTESIAN_POINT('Ctrl Pts',(-0.728223360216716,-0.0318790773440716,
-0.10609423923587));
#6158=CARTESIAN_POINT('',(0.0819999999999999,-0.0318790773440716,-0.10609423923587));
#6159=CARTESIAN_POINT('Ctrl Pts',(0.0819999999999999,-0.0318790773440716,
-0.10609423923587));
#6160=CARTESIAN_POINT('Ctrl Pts',(0.0819999999999999,-0.030590584663497,
-0.104902991285905));
#6161=CARTESIAN_POINT('Ctrl Pts',(0.0819999999999999,-0.0296424485400552,
-0.103499020487731));
#6162=CARTESIAN_POINT('Ctrl Pts',(0.0819999999999999,-0.0290346689737464,
-0.10188232684135));
#6163=CARTESIAN_POINT('Ctrl Pts',(0.0819999999999999,-0.0284268894074376,
-0.100265633194969));
#6164=CARTESIAN_POINT('Ctrl Pts',(0.0819999999999999,-0.0281229996242832,
-0.0984119055177267));
#6165=CARTESIAN_POINT('Ctrl Pts',(0.0819999999999999,-0.0281229996242832,
-0.0963211438096244));
#6166=CARTESIAN_POINT('',(0.0799999999999999,-0.0318790773440716,-0.10609423923587));
#6167=CARTESIAN_POINT('',(0.888223360216716,-0.0318790773440716,-0.10609423923587));
#6168=CARTESIAN_POINT('Ctrl Pts',(0.0799999999999999,-0.0281229996242832,
-0.0963211438096244));
#6169=CARTESIAN_POINT('Ctrl Pts',(0.0799999999999999,-0.0281229996242832,
-0.0994572863717779));
#6170=CARTESIAN_POINT('Ctrl Pts',(0.0799999999999999,-0.0299463383232096,
-0.104307367310922));
#6171=CARTESIAN_POINT('Ctrl Pts',(0.0799999999999999,-0.0318790773440716,
-0.10609423923587));
#6172=CARTESIAN_POINT('Ctrl Pts',(0.888223360216716,-0.0318790773440716,
-0.10609423923587));
#6173=CARTESIAN_POINT('Ctrl Pts',(-0.728223360216716,-0.0318790773440716,
-0.10609423923587));
#6174=CARTESIAN_POINT('Ctrl Pts',(0.888223360216716,-0.0338118163649336,
-0.107917577934797));
#6175=CARTESIAN_POINT('Ctrl Pts',(-0.728223360216716,-0.0338118163649336,
-0.107917577934796));
#6176=CARTESIAN_POINT('Ctrl Pts',(0.888223360216716,-0.0393912327836485,
-0.109850316955659));
#6177=CARTESIAN_POINT('Ctrl Pts',(-0.728223360216716,-0.0393912327836485,
-0.109850316955658));
#6178=CARTESIAN_POINT('Ctrl Pts',(0.888223360216716,-0.0434390446952651,
-0.109850316955659));
#6179=CARTESIAN_POINT('Ctrl Pts',(-0.728223360216716,-0.0434390446952651,
-0.109850316955658));
#6180=CARTESIAN_POINT('',(0.0819999999999999,-0.0434390446952651,-0.109850316955658));
#6181=CARTESIAN_POINT('Ctrl Pts',(0.0819999999999999,-0.0434390446952651,
-0.109850316955658));
#6182=CARTESIAN_POINT('Ctrl Pts',(0.0819999999999999,-0.040740503420854,
-0.109850316955658));
#6183=CARTESIAN_POINT('Ctrl Pts',(0.0819999999999999,-0.038461330047196,
-0.109528193785515));
#6184=CARTESIAN_POINT('Ctrl Pts',(0.0819999999999999,-0.036601524574291,
-0.108883947445227));
#6185=CARTESIAN_POINT('Ctrl Pts',(0.0819999999999999,-0.0347417191013861,
-0.10823970110494));
#6186=CARTESIAN_POINT('Ctrl Pts',(0.0819999999999999,-0.0331675700246463,
-0.107309798368488));
#6187=CARTESIAN_POINT('Ctrl Pts',(0.0819999999999999,-0.0318790773440716,
-0.10609423923587));
#6188=CARTESIAN_POINT('',(0.0799999999999999,-0.0434390446952651,-0.109850316955658));
#6189=CARTESIAN_POINT('',(0.888223360216716,-0.0434390446952651,-0.109850316955659));
#6190=CARTESIAN_POINT('Ctrl Pts',(0.0799999999999999,-0.0318790773440716,
-0.10609423923587));
#6191=CARTESIAN_POINT('Ctrl Pts',(0.0799999999999999,-0.0338118163649336,
-0.107917577934796));
#6192=CARTESIAN_POINT('Ctrl Pts',(0.0799999999999999,-0.0393912327836485,
-0.109850316955658));
#6193=CARTESIAN_POINT('Ctrl Pts',(0.0799999999999999,-0.0434390446952651,
-0.109850316955658));
#6194=CARTESIAN_POINT('Origin',(0.888223360216716,-0.04653872048344,-0.109850316955659));
#6195=CARTESIAN_POINT('',(0.0819999999999999,-0.04653872048344,-0.109850316955658));
#6196=CARTESIAN_POINT('',(0.0819999999999999,-0.02326936024172,-0.109850316955658));
#6197=CARTESIAN_POINT('',(0.0799999999999999,-0.04653872048344,-0.109850316955658));
#6198=CARTESIAN_POINT('',(0.888223360216716,-0.04653872048344,-0.109850316955659));
#6199=CARTESIAN_POINT('',(0.0799999999999999,-0.02326936024172,-0.109850316955658));
#6200=CARTESIAN_POINT('Origin',(0.888223360216716,-0.04653872048344,-0.086475114835422));
#6201=CARTESIAN_POINT('',(0.0819999999999999,-0.04653872048344,-0.0864751148354218));
#6202=CARTESIAN_POINT('',(0.0819999999999999,-0.04653872048344,-0.158237557417711));
#6203=CARTESIAN_POINT('',(0.0799999999999999,-0.04653872048344,-0.0864751148354218));
#6204=CARTESIAN_POINT('',(0.888223360216716,-0.04653872048344,-0.086475114835422));
#6205=CARTESIAN_POINT('',(0.0799999999999999,-0.04653872048344,-0.158237557417711));
#6206=CARTESIAN_POINT('Ctrl Pts',(0.888223360216716,-0.0421991743799951,
-0.086475114835422));
#6207=CARTESIAN_POINT('Ctrl Pts',(-0.728223360216716,-0.0421991743799951,
-0.0864751148354216));
#6208=CARTESIAN_POINT('Ctrl Pts',(0.888223360216716,-0.040047634715262,
-0.0866574487053147));
#6209=CARTESIAN_POINT('Ctrl Pts',(-0.728223360216716,-0.040047634715262,
-0.0866574487053142));
#6210=CARTESIAN_POINT('Ctrl Pts',(0.888223360216716,-0.036802091831173,
-0.0879702525685417));
#6211=CARTESIAN_POINT('Ctrl Pts',(-0.728223360216716,-0.036802091831173,
-0.0879702525685413));
#6212=CARTESIAN_POINT('Ctrl Pts',(0.888223360216716,-0.0354528211939674,
-0.0892465896577902));
#6213=CARTESIAN_POINT('Ctrl Pts',(-0.728223360216716,-0.0354528211939674,
-0.0892465896577897));
#6214=CARTESIAN_POINT('',(0.0819999999999999,-0.0421991743799951,-0.0864751148354218));
#6215=CARTESIAN_POINT('',(0.0819999999999999,-0.0354528211939674,-0.0892465896577899));
#6216=CARTESIAN_POINT('Ctrl Pts',(0.0819999999999999,-0.0421991743799951,
-0.0864751148354218));
#6217=CARTESIAN_POINT('Ctrl Pts',(0.0819999999999999,-0.0407648146035064,
-0.0865966707486836));
#6218=CARTESIAN_POINT('Ctrl Pts',(0.0819999999999999,-0.0395067109012471,
-0.0868762493491856));
#6219=CARTESIAN_POINT('Ctrl Pts',(0.0819999999999999,-0.0384248632732175,
-0.087313850636928));
#6220=CARTESIAN_POINT('Ctrl Pts',(0.0819999999999999,-0.0373430156451878,
-0.0877514519246703));
#6221=CARTESIAN_POINT('Ctrl Pts',(0.0819999999999999,-0.0363523349521044,
-0.0883956982649576));
#6222=CARTESIAN_POINT('Ctrl Pts',(0.0819999999999999,-0.0354528211939674,
-0.0892465896577899));
#6223=CARTESIAN_POINT('',(0.0799999999999999,-0.0421991743799951,-0.0864751148354218));
#6224=CARTESIAN_POINT('',(0.888223360216716,-0.0421991743799951,-0.086475114835422));
#6225=CARTESIAN_POINT('',(0.0799999999999999,-0.0354528211939674,-0.0892465896577899));
#6226=CARTESIAN_POINT('Ctrl Pts',(0.0799999999999999,-0.0354528211939674,
-0.0892465896577899));
#6227=CARTESIAN_POINT('Ctrl Pts',(0.0799999999999999,-0.036802091831173,
-0.0879702525685415));
#6228=CARTESIAN_POINT('Ctrl Pts',(0.0799999999999999,-0.040047634715262,
-0.0866574487053145));
#6229=CARTESIAN_POINT('Ctrl Pts',(0.0799999999999999,-0.0421991743799951,
-0.0864751148354218));
#6230=CARTESIAN_POINT('',(0.888223360216716,-0.0354528211939674,-0.0892465896577902));
#6231=CARTESIAN_POINT('Ctrl Pts',(0.888223360216716,-0.0354528211939674,
-0.0892465896577902));
#6232=CARTESIAN_POINT('Ctrl Pts',(-0.728223360216716,-0.0354528211939674,
-0.0892465896577897));
#6233=CARTESIAN_POINT('Ctrl Pts',(0.888223360216716,-0.0341400173307404,
-0.0905593935210172));
#6234=CARTESIAN_POINT('Ctrl Pts',(-0.728223360216716,-0.0341400173307404,
-0.0905593935210167));
#6235=CARTESIAN_POINT('Ctrl Pts',(0.888223360216716,-0.0327907466935348,
-0.0937320028571492));
#6236=CARTESIAN_POINT('Ctrl Pts',(-0.728223360216716,-0.0327907466935348,
-0.0937320028571487));
#6237=CARTESIAN_POINT('Ctrl Pts',(0.888223360216716,-0.0327907466935348,
-0.0959929428438179));
#6238=CARTESIAN_POINT('Ctrl Pts',(-0.728223360216716,-0.0327907466935348,
-0.0959929428438174));
#6239=CARTESIAN_POINT('',(0.0819999999999999,-0.0327907466935348,-0.0959929428438177));
#6240=CARTESIAN_POINT('Ctrl Pts',(0.0819999999999999,-0.0354528211939674,
-0.0892465896577899));
#6241=CARTESIAN_POINT('Ctrl Pts',(0.0819999999999999,-0.0345776186184827,
-0.0901217922332746));
#6242=CARTESIAN_POINT('Ctrl Pts',(0.0819999999999999,-0.0339151388912061,
-0.0910881617437056));
#6243=CARTESIAN_POINT('Ctrl Pts',(0.0819999999999999,-0.0334653820121376,
-0.092145698189083));
#6244=CARTESIAN_POINT('Ctrl Pts',(0.0819999999999999,-0.0330156251330691,
-0.0932032346344603));
#6245=CARTESIAN_POINT('Ctrl Pts',(0.0819999999999999,-0.0327907466935348,
-0.0944856495193718));
#6246=CARTESIAN_POINT('Ctrl Pts',(0.0819999999999999,-0.0327907466935348,
-0.0959929428438177));
#6247=CARTESIAN_POINT('',(0.0799999999999999,-0.0327907466935348,-0.0959929428438177));
#6248=CARTESIAN_POINT('Ctrl Pts',(0.0799999999999999,-0.0327907466935348,
-0.0959929428438177));
#6249=CARTESIAN_POINT('Ctrl Pts',(0.0799999999999999,-0.0327907466935348,
-0.0937320028571489));
#6250=CARTESIAN_POINT('Ctrl Pts',(0.0799999999999999,-0.0341400173307404,
-0.090559393521017));
#6251=CARTESIAN_POINT('Ctrl Pts',(0.0799999999999999,-0.0354528211939674,
-0.0892465896577899));
#6252=CARTESIAN_POINT('',(0.888223360216716,-0.0327907466935348,-0.0959929428438179));
#6253=CARTESIAN_POINT('Ctrl Pts',(0.888223360216716,-0.0626570345819495,
-0.104088566667051));
#6254=CARTESIAN_POINT('Ctrl Pts',(-0.728223360216716,-0.0626570345819495,
-0.104088566667051));
#6255=CARTESIAN_POINT('Ctrl Pts',(0.888223360216716,-0.0631311026436703,
-0.102447561838017));
#6256=CARTESIAN_POINT('Ctrl Pts',(-0.728223360216716,-0.0631311026436703,
-0.102447561838017));
#6257=CARTESIAN_POINT('Ctrl Pts',(0.888223360216716,-0.0636051707053912,
-0.0997490205636063));
#6258=CARTESIAN_POINT('Ctrl Pts',(-0.728223360216716,-0.0636051707053912,
-0.0997490205636059));
#6259=CARTESIAN_POINT('Ctrl Pts',(0.888223360216716,-0.0636051707053912,
-0.0977068812208087));
#6260=CARTESIAN_POINT('Ctrl Pts',(-0.728223360216716,-0.0636051707053912,
-0.0977068812208083));
#6261=CARTESIAN_POINT('',(0.0819999999999999,-0.0626570345819495,-0.104088566667051));
#6262=CARTESIAN_POINT('Ctrl Pts',(0.0819999999999999,-0.0636051707053912,
-0.0977068812208085));
#6263=CARTESIAN_POINT('Ctrl Pts',(0.0819999999999999,-0.0636051707053912,
-0.0990683074493403));
#6264=CARTESIAN_POINT('Ctrl Pts',(0.0819999999999999,-0.0635261593617711,
-0.100198777442675));
#6265=CARTESIAN_POINT('Ctrl Pts',(0.0819999999999999,-0.0633681366745308,
-0.101098291200812));
#6266=CARTESIAN_POINT('Ctrl Pts',(0.0819999999999999,-0.0632101139872905,
-0.101997804958949));
#6267=CARTESIAN_POINT('Ctrl Pts',(0.0819999999999999,-0.0629730799564301,
-0.102994563447695));
#6268=CARTESIAN_POINT('Ctrl Pts',(0.0819999999999999,-0.0626570345819495,
-0.104088566667051));
#6269=CARTESIAN_POINT('',(0.0799999999999999,-0.0626570345819495,-0.104088566667051));
#6270=CARTESIAN_POINT('Ctrl Pts',(0.0799999999999999,-0.0626570345819495,
-0.104088566667051));
#6271=CARTESIAN_POINT('Ctrl Pts',(0.0799999999999999,-0.0631311026436703,
-0.102447561838017));
#6272=CARTESIAN_POINT('Ctrl Pts',(0.0799999999999999,-0.0636051707053912,
-0.0997490205636061));
#6273=CARTESIAN_POINT('Ctrl Pts',(0.0799999999999999,-0.0636051707053912,
-0.0977068812208085));
#6274=CARTESIAN_POINT('',(0.888223360216716,-0.0626570345819495,-0.104088566667051));
#6275=CARTESIAN_POINT('Ctrl Pts',(0.888223360216716,-0.060760762335066,
-0.109230381798024));
#6276=CARTESIAN_POINT('Ctrl Pts',(-0.728223360216716,-0.060760762335066,
-0.109230381798023));
#6277=CARTESIAN_POINT('Ctrl Pts',(0.888223360216716,-0.0611618968488298,
-0.108245778900603));
#6278=CARTESIAN_POINT('Ctrl Pts',(-0.728223360216716,-0.0611618968488298,
-0.108245778900603));
#6279=CARTESIAN_POINT('Ctrl Pts',(0.888223360216716,-0.0623288336161427,
-0.105255503434364));
#6280=CARTESIAN_POINT('Ctrl Pts',(-0.728223360216716,-0.0623288336161427,
-0.105255503434364));
#6281=CARTESIAN_POINT('Ctrl Pts',(0.888223360216716,-0.0626570345819495,
-0.104088566667051));
#6282=CARTESIAN_POINT('Ctrl Pts',(-0.728223360216716,-0.0626570345819495,
-0.104088566667051));
#6283=CARTESIAN_POINT('',(0.0819999999999999,-0.060760762335066,-0.109230381798023));
#6284=CARTESIAN_POINT('Ctrl Pts',(0.0819999999999999,-0.0626570345819495,
-0.104088566667051));
#6285=CARTESIAN_POINT('Ctrl Pts',(0.0819999999999999,-0.0624382339380783,
-0.104866524511926));
#6286=CARTESIAN_POINT('Ctrl Pts',(0.0819999999999999,-0.0621343441549239,
-0.105753882678737));
#6287=CARTESIAN_POINT('Ctrl Pts',(0.0819999999999999,-0.0617453652324863,
-0.106750641167484));
#6288=CARTESIAN_POINT('Ctrl Pts',(0.0819999999999999,-0.0613563863100486,
-0.10774739965623));
#6289=CARTESIAN_POINT('Ctrl Pts',(0.0819999999999999,-0.0610281853442419,
-0.10857397986641));
#6290=CARTESIAN_POINT('Ctrl Pts',(0.0819999999999999,-0.060760762335066,
-0.109230381798023));
#6291=CARTESIAN_POINT('',(0.0799999999999999,-0.060760762335066,-0.109230381798023));
#6292=CARTESIAN_POINT('Ctrl Pts',(0.0799999999999999,-0.060760762335066,
-0.109230381798023));
#6293=CARTESIAN_POINT('Ctrl Pts',(0.0799999999999999,-0.0611618968488298,
-0.108245778900603));
#6294=CARTESIAN_POINT('Ctrl Pts',(0.0799999999999999,-0.0623288336161427,
-0.105255503434364));
#6295=CARTESIAN_POINT('Ctrl Pts',(0.0799999999999999,-0.0626570345819495,
-0.104088566667051));
#6296=CARTESIAN_POINT('',(0.888223360216716,-0.060760762335066,-0.109230381798024));
#6297=CARTESIAN_POINT('Origin',(0.888223360216716,-0.060760762335066,-0.109230381798024));
#6298=CARTESIAN_POINT('',(0.0819999999999999,-0.0545614107587162,-0.109230381798023));
#6299=CARTESIAN_POINT('',(0.0819999999999999,-0.030380381167533,-0.109230381798023));
#6300=CARTESIAN_POINT('',(0.0799999999999999,-0.0545614107587162,-0.109230381798023));
#6301=CARTESIAN_POINT('',(0.0799999999999999,-0.030380381167533,-0.109230381798023));
#6302=CARTESIAN_POINT('',(0.888223360216716,-0.0545614107587162,-0.109230381798024));
#6303=CARTESIAN_POINT('Origin',(0.888223360216716,-0.0545614107587162,-0.109230381798024));
#6304=CARTESIAN_POINT('',(0.0819999999999999,-0.0545614107587162,-0.108902180832217));
#6305=CARTESIAN_POINT('',(0.0819999999999999,-0.0545614107587162,-0.169615190899012));
#6306=CARTESIAN_POINT('',(0.0799999999999999,-0.0545614107587162,-0.108902180832217));
#6307=CARTESIAN_POINT('',(0.0799999999999999,-0.0545614107587162,-0.169615190899012));
#6308=CARTESIAN_POINT('',(0.888223360216716,-0.0545614107587162,-0.108902180832217));
#6309=CARTESIAN_POINT('Ctrl Pts',(0.888223360216716,-0.0571505517111917,
-0.104562634728772));
#6310=CARTESIAN_POINT('Ctrl Pts',(-0.728223360216716,-0.0571505517111917,
-0.104562634728772));
#6311=CARTESIAN_POINT('Ctrl Pts',(0.888223360216716,-0.0564212162316211,
-0.10609423923587));
#6312=CARTESIAN_POINT('Ctrl Pts',(-0.728223360216716,-0.0564212162316211,
-0.10609423923587));
#6313=CARTESIAN_POINT('Ctrl Pts',(0.888223360216716,-0.0551448791423727,
-0.108209312126625));
#6314=CARTESIAN_POINT('Ctrl Pts',(-0.728223360216716,-0.0551448791423727,
-0.108209312126624));
#6315=CARTESIAN_POINT('Ctrl Pts',(0.888223360216716,-0.0545614107587162,
-0.108902180832217));
#6316=CARTESIAN_POINT('Ctrl Pts',(-0.728223360216716,-0.0545614107587162,
-0.108902180832216));
#6317=CARTESIAN_POINT('',(0.0819999999999999,-0.0571505517111917,-0.104562634728772));
#6318=CARTESIAN_POINT('Ctrl Pts',(0.0819999999999999,-0.0545614107587162,
-0.108902180832217));
#6319=CARTESIAN_POINT('Ctrl Pts',(0.0819999999999999,-0.0549503896811538,
-0.108440268361822));
#6320=CARTESIAN_POINT('Ctrl Pts',(0.0819999999999999,-0.0553576019905807,
-0.107856799978166));
#6321=CARTESIAN_POINT('Ctrl Pts',(0.0819999999999999,-0.0557830476869969,
-0.107151775681247));
#6322=CARTESIAN_POINT('Ctrl Pts',(0.0819999999999999,-0.0562084933834131,
-0.106446751384329));
#6323=CARTESIAN_POINT('Ctrl Pts',(0.0819999999999999,-0.0566643280581447,
-0.105583704400171));
#6324=CARTESIAN_POINT('Ctrl Pts',(0.0819999999999999,-0.0571505517111917,
-0.104562634728772));
#6325=CARTESIAN_POINT('',(0.0799999999999999,-0.0571505517111917,-0.104562634728772));
#6326=CARTESIAN_POINT('Ctrl Pts',(0.0799999999999999,-0.0571505517111917,
-0.104562634728772));
#6327=CARTESIAN_POINT('Ctrl Pts',(0.0799999999999999,-0.0564212162316211,
-0.10609423923587));
#6328=CARTESIAN_POINT('Ctrl Pts',(0.0799999999999999,-0.0551448791423727,
-0.108209312126625));
#6329=CARTESIAN_POINT('Ctrl Pts',(0.0799999999999999,-0.0545614107587162,
-0.108902180832217));
#6330=CARTESIAN_POINT('',(0.888223360216716,-0.0571505517111917,-0.104562634728772));
#6331=CARTESIAN_POINT('Ctrl Pts',(0.888223360216716,-0.0586456894443114,
-0.0976339476728517));
#6332=CARTESIAN_POINT('Ctrl Pts',(-0.728223360216716,-0.0586456894443114,
-0.0976339476728512));
#6333=CARTESIAN_POINT('Ctrl Pts',(0.888223360216716,-0.0586456894443114,
-0.0994937531457566));
#6334=CARTESIAN_POINT('Ctrl Pts',(-0.728223360216716,-0.0586456894443114,
-0.0994937531457562));
#6335=CARTESIAN_POINT('Ctrl Pts',(0.888223360216716,-0.0578069536428052,
-0.103103963769631));
#6336=CARTESIAN_POINT('Ctrl Pts',(-0.728223360216716,-0.0578069536428052,
-0.10310396376963));
#6337=CARTESIAN_POINT('Ctrl Pts',(0.888223360216716,-0.0571505517111917,
-0.104562634728772));
#6338=CARTESIAN_POINT('Ctrl Pts',(-0.728223360216716,-0.0571505517111917,
-0.104562634728772));
#6339=CARTESIAN_POINT('',(0.0819999999999999,-0.0586456894443114,-0.0976339476728515));
#6340=CARTESIAN_POINT('Ctrl Pts',(0.0819999999999999,-0.0571505517111917,
-0.104562634728772));
#6341=CARTESIAN_POINT('Ctrl Pts',(0.0819999999999999,-0.0575881529989341,
-0.103590187422678));
#6342=CARTESIAN_POINT('Ctrl Pts',(0.0819999999999999,-0.0579467429430562,
-0.102502261998985));
#6343=CARTESIAN_POINT('Ctrl Pts',(0.0819999999999999,-0.0582263215435583,
-0.101298858457694));
#6344=CARTESIAN_POINT('Ctrl Pts',(0.0819999999999999,-0.0585059001440603,
-0.100095454916402));
#6345=CARTESIAN_POINT('Ctrl Pts',(0.0819999999999999,-0.0586456894443114,
-0.0988738179881214));
#6346=CARTESIAN_POINT('Ctrl Pts',(0.0819999999999999,-0.0586456894443114,
-0.0976339476728515));
#6347=CARTESIAN_POINT('',(0.0799999999999999,-0.0586456894443114,-0.0976339476728515));
#6348=CARTESIAN_POINT('Ctrl Pts',(0.0799999999999999,-0.0586456894443114,
-0.0976339476728515));
#6349=CARTESIAN_POINT('Ctrl Pts',(0.0799999999999999,-0.0586456894443114,
-0.0994937531457564));
#6350=CARTESIAN_POINT('Ctrl Pts',(0.0799999999999999,-0.0578069536428052,
-0.103103963769631));
#6351=CARTESIAN_POINT('Ctrl Pts',(0.0799999999999999,-0.0571505517111917,
-0.104562634728772));
#6352=CARTESIAN_POINT('',(0.888223360216716,-0.0586456894443114,-0.0976339476728517));
#6353=CARTESIAN_POINT('Ctrl Pts',(0.888223360216716,-0.04653872048344,-0.086475114835422));
#6354=CARTESIAN_POINT('Ctrl Pts',(-0.728223360216716,-0.04653872048344,
-0.0864751148354216));
#6355=CARTESIAN_POINT('Ctrl Pts',(0.888223360216716,-0.052409871093983,
-0.086475114835422));
#6356=CARTESIAN_POINT('Ctrl Pts',(-0.728223360216716,-0.052409871093983,
-0.0864751148354216));
#6357=CARTESIAN_POINT('Ctrl Pts',(0.888223360216716,-0.0586456894443114,
-0.0923827322199436));
#6358=CARTESIAN_POINT('Ctrl Pts',(-0.728223360216716,-0.0586456894443114,
-0.0923827322199431));
#6359=CARTESIAN_POINT('Ctrl Pts',(0.888223360216716,-0.0586456894443114,
-0.0976339476728517));
#6360=CARTESIAN_POINT('Ctrl Pts',(-0.728223360216716,-0.0586456894443114,
-0.0976339476728512));
#6361=CARTESIAN_POINT('Ctrl Pts',(0.0819999999999999,-0.0586456894443114,
-0.0976339476728515));
#6362=CARTESIAN_POINT('Ctrl Pts',(0.0819999999999999,-0.0586456894443114,
-0.0941331373709127));
#6363=CARTESIAN_POINT('Ctrl Pts',(0.0819999999999999,-0.0576063863859233,
-0.0913981293225231));
#6364=CARTESIAN_POINT('Ctrl Pts',(0.0819999999999999,-0.0555277802691472,
-0.0894289235276826));
#6365=CARTESIAN_POINT('Ctrl Pts',(0.0819999999999999,-0.0534491741523711,
-0.0874597177328421));
#6366=CARTESIAN_POINT('Ctrl Pts',(0.0819999999999999,-0.0504528208904687,
-0.0864751148354218));
#6367=CARTESIAN_POINT('Ctrl Pts',(0.0819999999999999,-0.04653872048344,
-0.0864751148354218));
#6368=CARTESIAN_POINT('Ctrl Pts',(0.0799999999999999,-0.04653872048344,
-0.0864751148354218));
#6369=CARTESIAN_POINT('Ctrl Pts',(0.0799999999999999,-0.052409871093983,
-0.0864751148354218));
#6370=CARTESIAN_POINT('Ctrl Pts',(0.0799999999999999,-0.0586456894443114,
-0.0923827322199434));
#6371=CARTESIAN_POINT('Ctrl Pts',(0.0799999999999999,-0.0586456894443114,
-0.0976339476728515));
#6372=CARTESIAN_POINT('Ctrl Pts',(0.888223360216716,-0.0327907466935348,
-0.0959929428438179));
#6373=CARTESIAN_POINT('Ctrl Pts',(-0.728223360216716,-0.0327907466935348,
-0.0959929428438174));
#6374=CARTESIAN_POINT('Ctrl Pts',(0.888223360216716,-0.0327907466935348,
-0.0982903496044652));
#6375=CARTESIAN_POINT('Ctrl Pts',(-0.728223360216716,-0.0327907466935348,
-0.0982903496044647));
#6376=CARTESIAN_POINT('Ctrl Pts',(0.888223360216716,-0.0341400173307404,
-0.10139002539264));
#6377=CARTESIAN_POINT('Ctrl Pts',(-0.728223360216716,-0.0341400173307404,
-0.10139002539264));
#6378=CARTESIAN_POINT('Ctrl Pts',(0.888223360216716,-0.0354163544199889,
-0.10237462829006));
#6379=CARTESIAN_POINT('Ctrl Pts',(-0.728223360216716,-0.0354163544199889,
-0.10237462829006));
#6380=CARTESIAN_POINT('',(0.0819999999999999,-0.0354163544199889,-0.10237462829006));
#6381=CARTESIAN_POINT('Ctrl Pts',(0.0819999999999999,-0.0327907466935348,
-0.0959929428438177));
#6382=CARTESIAN_POINT('Ctrl Pts',(0.0819999999999999,-0.0327907466935348,
-0.0975245473509159));
#6383=CARTESIAN_POINT('Ctrl Pts',(0.0819999999999999,-0.0330156251330691,
-0.0988069622358274));
#6384=CARTESIAN_POINT('Ctrl Pts',(0.0819999999999999,-0.0334653820121376,
-0.0998401874985524));
#6385=CARTESIAN_POINT('Ctrl Pts',(0.0819999999999999,-0.0339151388912061,
-0.100873412761277));
#6386=CARTESIAN_POINT('Ctrl Pts',(0.0819999999999999,-0.0345654630271566,
-0.101718226358447));
#6387=CARTESIAN_POINT('Ctrl Pts',(0.0819999999999999,-0.0354163544199889,
-0.10237462829006));
#6388=CARTESIAN_POINT('',(0.0799999999999999,-0.0354163544199889,-0.10237462829006));
#6389=CARTESIAN_POINT('Ctrl Pts',(0.0799999999999999,-0.0354163544199889,
-0.10237462829006));
#6390=CARTESIAN_POINT('Ctrl Pts',(0.0799999999999999,-0.0341400173307404,
-0.10139002539264));
#6391=CARTESIAN_POINT('Ctrl Pts',(0.0799999999999999,-0.0327907466935348,
-0.098290349604465));
#6392=CARTESIAN_POINT('Ctrl Pts',(0.0799999999999999,-0.0327907466935348,
-0.0959929428438177));
#6393=CARTESIAN_POINT('',(0.888223360216716,-0.0354163544199889,-0.10237462829006));
#6394=CARTESIAN_POINT('Ctrl Pts',(0.888223360216716,-0.0354163544199889,
-0.10237462829006));
#6395=CARTESIAN_POINT('Ctrl Pts',(-0.728223360216716,-0.0354163544199889,
-0.10237462829006));
#6396=CARTESIAN_POINT('Ctrl Pts',(0.888223360216716,-0.0365468244133233,
-0.103286297639524));
#6397=CARTESIAN_POINT('Ctrl Pts',(-0.728223360216716,-0.0365468244133233,
-0.103286297639523));
#6398=CARTESIAN_POINT('Ctrl Pts',(0.888223360216716,-0.0399017676193479,
-0.104234433762965));
#6399=CARTESIAN_POINT('Ctrl Pts',(-0.728223360216716,-0.0399017676193479,
-0.104234433762965));
#6400=CARTESIAN_POINT('Ctrl Pts',(0.888223360216716,-0.0421991743799951,
-0.104307367310922));
#6401=CARTESIAN_POINT('Ctrl Pts',(-0.728223360216716,-0.0421991743799951,
-0.104307367310922));
#6402=CARTESIAN_POINT('',(0.0819999999999999,-0.0421991743799951,-0.104307367310922));
#6403=CARTESIAN_POINT('Ctrl Pts',(0.0819999999999999,-0.0354163544199889,
-0.10237462829006));
#6404=CARTESIAN_POINT('Ctrl Pts',(0.0819999999999999,-0.0361700010822118,
-0.102982407856369));
#6405=CARTESIAN_POINT('Ctrl Pts',(0.0819999999999999,-0.0371059816143274,
-0.103444320326764));
#6406=CARTESIAN_POINT('Ctrl Pts',(0.0819999999999999,-0.0382242960163356,
-0.103760365701244));
#6407=CARTESIAN_POINT('Ctrl Pts',(0.0819999999999999,-0.0393426104183438,
-0.104076411075725));
#6408=CARTESIAN_POINT('Ctrl Pts',(0.0819999999999999,-0.0406675698728969,
-0.104258744945617));
#6409=CARTESIAN_POINT('Ctrl Pts',(0.0819999999999999,-0.0421991743799951,
-0.104307367310922));
#6410=CARTESIAN_POINT('',(0.0799999999999999,-0.0421991743799951,-0.104307367310922));
#6411=CARTESIAN_POINT('Ctrl Pts',(0.0799999999999999,-0.0421991743799951,
-0.104307367310922));
#6412=CARTESIAN_POINT('Ctrl Pts',(0.0799999999999999,-0.0399017676193479,
-0.104234433762965));
#6413=CARTESIAN_POINT('Ctrl Pts',(0.0799999999999999,-0.0365468244133233,
-0.103286297639523));
#6414=CARTESIAN_POINT('Ctrl Pts',(0.0799999999999999,-0.0354163544199889,
-0.10237462829006));
#6415=CARTESIAN_POINT('',(0.888223360216716,-0.0421991743799951,-0.104307367310922));
#6416=CARTESIAN_POINT('Origin',(0.888223360216716,-0.0421991743799951,-0.086475114835422));
#6417=CARTESIAN_POINT('',(0.0819999999999999,-0.0421991743799951,-0.158237557417711));
#6418=CARTESIAN_POINT('',(0.0799999999999999,-0.0421991743799951,-0.158237557417711));
#6419=CARTESIAN_POINT('Origin',(0.0819999999999999,0.,-0.23));
#6420=CARTESIAN_POINT('Origin',(0.0799999999999999,0.,-0.23));
#6421=CARTESIAN_POINT('Origin',(0.0799999999999999,0.,-0.23));
#6422=CARTESIAN_POINT('',(0.0800000000000001,-0.079,0.22));
#6423=CARTESIAN_POINT('',(0.0800000000000001,-0.01,0.22));
#6424=CARTESIAN_POINT('',(0.0800000000000001,0.,0.22));
#6425=CARTESIAN_POINT('',(0.0799999999999999,-0.079,-0.22));
#6426=CARTESIAN_POINT('',(0.0800000000000001,-0.079,0.23));
#6427=CARTESIAN_POINT('',(0.0799999999999999,-0.01,-0.22));
#6428=CARTESIAN_POINT('',(0.0799999999999999,0.,-0.22));
#6429=CARTESIAN_POINT('',(0.08,-0.01,-0.115));
#6430=CARTESIAN_POINT('Origin',(0.0799999999999999,0.,-0.23));
#6431=CARTESIAN_POINT('Origin',(0.,-0.64,-0.123927060450246));
#6432=CARTESIAN_POINT('',(-0.0105,-0.645,-0.123927060450246));
#6433=CARTESIAN_POINT('',(0.0105,-0.645,-0.123927060450246));
#6434=CARTESIAN_POINT('',(0.,-0.645,-0.123927060450246));
#6435=CARTESIAN_POINT('',(0.0153576016939157,-0.641184780900955,-0.11906945875633));
#6436=CARTESIAN_POINT('Origin',(0.0105,-0.64,-0.123927060450246));
#6437=CARTESIAN_POINT('',(-0.0153576016939157,-0.641184780900955,-0.11906945875633));
#6438=CARTESIAN_POINT('',(0.,-0.641184780900955,-0.11906945875633));
#6439=CARTESIAN_POINT('Origin',(-0.0105,-0.64,-0.123927060450246));
#6440=CARTESIAN_POINT('Origin',(0.,-0.64,-0.186072939549754));
#6441=CARTESIAN_POINT('',(-0.0153576016939157,-0.641184780900955,-0.190930541243669));
#6442=CARTESIAN_POINT('',(0.0153576016939157,-0.641184780900955,-0.190930541243669));
#6443=CARTESIAN_POINT('',(0.,-0.641184780900955,-0.190930541243669));
#6444=CARTESIAN_POINT('',(0.0105,-0.645,-0.186072939549754));
#6445=CARTESIAN_POINT('Origin',(0.0105,-0.64,-0.186072939549754));
#6446=CARTESIAN_POINT('',(-0.0105,-0.645,-0.186072939549754));
#6447=CARTESIAN_POINT('',(0.,-0.645,-0.186072939549754));
#6448=CARTESIAN_POINT('Origin',(-0.0105,-0.64,-0.186072939549754));
#6449=CARTESIAN_POINT('Origin',(0.0105,-0.64,-0.1725));
#6450=CARTESIAN_POINT('',(0.0105,-0.645,-0.1725));
#6451=CARTESIAN_POINT('',(0.0155,-0.64,-0.191219512195122));
#6452=CARTESIAN_POINT('Origin',(0.0105,-0.64,-0.191219512195122));
#6453=CARTESIAN_POINT('',(0.0155,-0.64,-0.118780487804878));
#6454=CARTESIAN_POINT('',(0.0155,-0.64,-0.1725));
#6455=CARTESIAN_POINT('Origin',(0.0105,-0.64,-0.118780487804878));
#6456=CARTESIAN_POINT('Origin',(-0.0105,-0.64,-0.1725));
#6457=CARTESIAN_POINT('',(-0.0105,-0.645,-0.1725));
#6458=CARTESIAN_POINT('',(-0.0155,-0.64,-0.118780487804878));
#6459=CARTESIAN_POINT('Origin',(-0.0105,-0.64,-0.118780487804878));
#6460=CARTESIAN_POINT('',(-0.0155,-0.64,-0.191219512195122));
#6461=CARTESIAN_POINT('',(-0.0155,-0.64,-0.1725));
#6462=CARTESIAN_POINT('Origin',(-0.0105,-0.64,-0.191219512195122));
#6463=CARTESIAN_POINT('Origin',(0.,-0.563,-0.21));
#6464=CARTESIAN_POINT('',(-0.0155,-0.563,-0.21));
#6465=CARTESIAN_POINT('',(-0.0155,-0.563,-0.21));
#6466=CARTESIAN_POINT('',(0.0155,-0.563,-0.21));
#6467=CARTESIAN_POINT('',(0.,-0.563,-0.21));
#6468=CARTESIAN_POINT('',(0.0155,-0.563,-0.21));
#6469=CARTESIAN_POINT('Origin',(-0.0155,-0.492565264715379,-0.155));
#6470=CARTESIAN_POINT('',(-0.0155,-0.563,-0.1));
#6471=CARTESIAN_POINT('',(-0.0155,-0.645,-0.12));
#6472=CARTESIAN_POINT('',(-0.0155,-0.354,-0.1));
#6473=CARTESIAN_POINT('',(-0.0155,-0.563,-0.1));
#6474=CARTESIAN_POINT('',(-0.0155,-0.354,-0.21));
#6475=CARTESIAN_POINT('',(-0.0155,-0.354,-0.1925));
#6476=CARTESIAN_POINT('',(-0.0155,-0.354,-0.21));
#6477=CARTESIAN_POINT('Origin',(0.,-0.645,-0.19));
#6478=CARTESIAN_POINT('Origin',(0.,-0.64,0.123927060450246));
#6479=CARTESIAN_POINT('',(-0.0153576016939156,-0.641184780900955,0.11906945875633));
#6480=CARTESIAN_POINT('',(0.0153576016939156,-0.641184780900955,0.11906945875633));
#6481=CARTESIAN_POINT('',(0.,-0.641184780900955,0.11906945875633));
#6482=CARTESIAN_POINT('',(0.0105,-0.645,0.123927060450246));
#6483=CARTESIAN_POINT('Origin',(0.0105,-0.64,0.123927060450246));
#6484=CARTESIAN_POINT('',(-0.0105,-0.645,0.123927060450246));
#6485=CARTESIAN_POINT('',(0.,-0.645,0.123927060450246));
#6486=CARTESIAN_POINT('Origin',(-0.0105,-0.64,0.123927060450246));
#6487=CARTESIAN_POINT('Origin',(0.,-0.64,0.186072939549754));
#6488=CARTESIAN_POINT('',(-0.0105,-0.645,0.186072939549754));
#6489=CARTESIAN_POINT('',(0.0105,-0.645,0.186072939549754));
#6490=CARTESIAN_POINT('',(0.,-0.645,0.186072939549754));
#6491=CARTESIAN_POINT('',(0.0153576016939157,-0.641184780900955,0.190930541243669));
#6492=CARTESIAN_POINT('Origin',(0.0105,-0.64,0.186072939549754));
#6493=CARTESIAN_POINT('',(-0.0153576016939157,-0.641184780900955,0.190930541243669));
#6494=CARTESIAN_POINT('',(0.,-0.641184780900955,0.190930541243669));
#6495=CARTESIAN_POINT('Origin',(-0.0105,-0.64,0.186072939549754));
#6496=CARTESIAN_POINT('Origin',(0.0105,-0.64,0.1725));
#6497=CARTESIAN_POINT('',(0.0155,-0.64,0.118780487804878));
#6498=CARTESIAN_POINT('',(0.0155,-0.64,0.191219512195122));
#6499=CARTESIAN_POINT('',(0.0155,-0.64,0.1725));
#6500=CARTESIAN_POINT('Origin',(0.0105,-0.64,0.191219512195122));
#6501=CARTESIAN_POINT('',(0.0105,-0.645,0.1725));
#6502=CARTESIAN_POINT('Origin',(0.0105,-0.64,0.118780487804878));
#6503=CARTESIAN_POINT('Origin',(-0.0105,-0.64,0.1725));
#6504=CARTESIAN_POINT('',(-0.0155,-0.64,0.191219512195122));
#6505=CARTESIAN_POINT('',(-0.0155,-0.64,0.118780487804878));
#6506=CARTESIAN_POINT('',(-0.0155,-0.64,0.1725));
#6507=CARTESIAN_POINT('Origin',(-0.0105,-0.64,0.118780487804878));
#6508=CARTESIAN_POINT('',(-0.0105,-0.645,0.1725));
#6509=CARTESIAN_POINT('Origin',(-0.0105,-0.64,0.191219512195122));
#6510=CARTESIAN_POINT('Origin',(0.,-0.645,0.12));
#6511=CARTESIAN_POINT('',(-0.0155,-0.563,0.1));
#6512=CARTESIAN_POINT('',(-0.0155,-0.645,0.12));
#6513=CARTESIAN_POINT('',(0.0155,-0.563,0.1));
#6514=CARTESIAN_POINT('',(0.,-0.563,0.1));
#6515=CARTESIAN_POINT('',(0.0155,-0.645,0.12));
#6516=CARTESIAN_POINT('Origin',(-0.0155,-0.492565264715379,0.155));
#6517=CARTESIAN_POINT('',(-0.0155,-0.563,0.21));
#6518=CARTESIAN_POINT('',(-0.0155,-0.563,0.21));
#6519=CARTESIAN_POINT('',(-0.0155,-0.354,0.21));
#6520=CARTESIAN_POINT('',(-0.0155,-0.354,0.21));
#6521=CARTESIAN_POINT('',(-0.0155,-0.354,0.1));
#6522=CARTESIAN_POINT('',(-0.0155,-0.354,-0.0375));
#6523=CARTESIAN_POINT('',(-0.0155,-0.563,0.1));
#6524=CARTESIAN_POINT('Origin',(0.,-0.645,0.19));
#6525=CARTESIAN_POINT('Origin',(0.,-0.563,-0.1));
#6526=CARTESIAN_POINT('',(0.0155,-0.354,-0.1));
#6527=CARTESIAN_POINT('',(-0.0225,-0.354,-0.1));
#6528=CARTESIAN_POINT('',(0.0155,-0.563,-0.1));
#6529=CARTESIAN_POINT('',(0.,-0.563,-0.1));
#6530=CARTESIAN_POINT('',(0.0155,-0.563,-0.1));
#6531=CARTESIAN_POINT('Origin',(0.,-0.645,-0.12));
#6532=CARTESIAN_POINT('',(0.0155,-0.645,-0.12));
#6533=CARTESIAN_POINT('Origin',(0.,-0.354,-0.21));
#6534=CARTESIAN_POINT('',(0.0155,-0.354,-0.21));
#6535=CARTESIAN_POINT('',(-0.0225,-0.354,-0.21));
#6536=CARTESIAN_POINT('',(0.0155,-0.354,-0.21));
#6537=CARTESIAN_POINT('Origin',(0.0155,-0.492565264715379,-0.155));
#6538=CARTESIAN_POINT('',(0.0155,-0.354,-0.1925));
#6539=CARTESIAN_POINT('Origin',(0.,-0.563,0.1));
#6540=CARTESIAN_POINT('',(0.0155,-0.354,0.1));
#6541=CARTESIAN_POINT('',(-0.0225,-0.354,0.1));
#6542=CARTESIAN_POINT('',(0.0155,-0.563,0.1));
#6543=CARTESIAN_POINT('Origin',(0.,-0.563,0.21));
#6544=CARTESIAN_POINT('',(0.0155,-0.563,0.21));
#6545=CARTESIAN_POINT('',(0.0155,-0.563,0.21));
#6546=CARTESIAN_POINT('',(0.,-0.563,0.21));
#6547=CARTESIAN_POINT('Origin',(0.,-0.354,0.21));
#6548=CARTESIAN_POINT('',(0.0155,-0.354,0.21));
#6549=CARTESIAN_POINT('',(0.0155,-0.354,0.21));
#6550=CARTESIAN_POINT('',(-0.0225,-0.354,0.21));
#6551=CARTESIAN_POINT('Origin',(0.0155,-0.492565264715379,0.155));
#6552=CARTESIAN_POINT('',(0.0155,-0.354,-0.0375));
#6553=CARTESIAN_POINT('Origin',(0.0550000000000001,-0.2165,0.1225));
#6554=CARTESIAN_POINT('',(0.0450000000000001,-0.079,0.1225));
#6555=CARTESIAN_POINT('',(0.0550000000000001,-0.079,0.1125));
#6556=CARTESIAN_POINT('Origin',(0.0550000000000001,-0.0790000000000001,
0.1225));
#6557=CARTESIAN_POINT('',(0.045,-0.354,0.1225));
#6558=CARTESIAN_POINT('',(0.0450000000000001,-0.2165,0.1225));
#6559=CARTESIAN_POINT('',(0.055,-0.354,0.1125));
#6560=CARTESIAN_POINT('Origin',(0.055,-0.354,0.1225));
#6561=CARTESIAN_POINT('',(0.0550000000000001,-0.2165,0.1125));
#6562=CARTESIAN_POINT('Origin',(0.,-0.079,0.));
#6563=CARTESIAN_POINT('',(0.06,-0.079,0.1125));
#6564=CARTESIAN_POINT('',(0.0225,-0.079,0.1125));
#6565=CARTESIAN_POINT('',(0.07,-0.079,0.1025));
#6566=CARTESIAN_POINT('Origin',(0.06,-0.079,0.1025));
#6567=CARTESIAN_POINT('',(0.07,-0.079,-0.1025));
#6568=CARTESIAN_POINT('',(0.07,-0.079,-2.18547839493141E-17));
#6569=CARTESIAN_POINT('',(0.06,-0.079,-0.1125));
#6570=CARTESIAN_POINT('Origin',(0.06,-0.079,-0.1025));
#6571=CARTESIAN_POINT('',(0.055,-0.079,-0.1125));
#6572=CARTESIAN_POINT('',(0.0225,-0.079,-0.1125));
#6573=CARTESIAN_POINT('',(0.045,-0.079,-0.1225));
#6574=CARTESIAN_POINT('Origin',(0.055,-0.079,-0.1225));
#6575=CARTESIAN_POINT('',(0.045,-0.079,-0.22));
#6576=CARTESIAN_POINT('',(0.045,-0.079,-0.115));
#6577=CARTESIAN_POINT('',(0.035,-0.079,-0.23));
#6578=CARTESIAN_POINT('Origin',(0.035,-0.079,-0.22));
#6579=CARTESIAN_POINT('',(0.07,-0.079,-0.23));
#6580=CARTESIAN_POINT('',(0.0799999999999999,-0.079,-0.23));
#6581=CARTESIAN_POINT('Origin',(0.07,-0.079,-0.22));
#6582=CARTESIAN_POINT('',(0.0700000000000001,-0.079,0.23));
#6583=CARTESIAN_POINT('Origin',(0.0700000000000001,-0.079,0.22));
#6584=CARTESIAN_POINT('',(0.0350000000000001,-0.079,0.23));
#6585=CARTESIAN_POINT('',(-0.0799999999999999,-0.079,0.23));
#6586=CARTESIAN_POINT('',(0.0450000000000001,-0.079,0.22));
#6587=CARTESIAN_POINT('Origin',(0.0350000000000001,-0.079,0.22));
#6588=CARTESIAN_POINT('',(0.045,-0.079,-0.115));
#6589=CARTESIAN_POINT('Origin',(0.0450000000000001,-0.079,0.1125));
#6590=CARTESIAN_POINT('',(0.06,-0.354,0.1125));
#6591=CARTESIAN_POINT('',(0.045,-0.354,0.1125));
#6592=CARTESIAN_POINT('',(0.06,-0.14775,0.1125));
#6593=CARTESIAN_POINT('Origin',(0.055,-0.354,-0.1225));
#6594=CARTESIAN_POINT('',(0.055,-0.354,-0.1125));
#6595=CARTESIAN_POINT('',(0.055,-0.354,-0.1125));
#6596=CARTESIAN_POINT('',(0.045,-0.354,-0.1225));
#6597=CARTESIAN_POINT('Origin',(0.055,-0.354,-0.1225));
#6598=CARTESIAN_POINT('',(0.045,-0.354,-0.1225));
#6599=CARTESIAN_POINT('Origin',(0.0449999999999999,-0.354,-0.23));
#6600=CARTESIAN_POINT('',(0.0449999999999999,-0.354,-0.22));
#6601=CARTESIAN_POINT('',(0.0449999999999999,-0.354,-0.23));
#6602=CARTESIAN_POINT('',(0.045,-0.177,-0.22));
#6603=CARTESIAN_POINT('Origin',(-0.06,-0.14775,0.1025));
#6604=CARTESIAN_POINT('',(-0.07,-0.354,0.1025));
#6605=CARTESIAN_POINT('',(-0.06,-0.354,0.1125));
#6606=CARTESIAN_POINT('Origin',(-0.06,-0.354,0.1025));
#6607=CARTESIAN_POINT('',(-0.06,-0.079,0.1125));
#6608=CARTESIAN_POINT('',(-0.06,-0.14775,0.1125));
#6609=CARTESIAN_POINT('',(-0.07,-0.079,0.1025));
#6610=CARTESIAN_POINT('Origin',(-0.06,-0.079,0.1025));
#6611=CARTESIAN_POINT('',(-0.07,-0.14775,0.1025));
#6612=CARTESIAN_POINT('Origin',(-0.0450000000000001,-0.354,-0.23));
#6613=CARTESIAN_POINT('',(-0.07,-0.354,-0.1025));
#6614=CARTESIAN_POINT('',(-0.07,-0.354,0.1125));
#6615=CARTESIAN_POINT('',(-0.06,-0.354,-0.1125));
#6616=CARTESIAN_POINT('Origin',(-0.06,-0.354,-0.1025));
#6617=CARTESIAN_POINT('',(-0.045,-0.354,-0.1125));
#6618=CARTESIAN_POINT('',(0.045,-0.354,-0.1125));
#6619=CARTESIAN_POINT('',(-0.0450000000000001,-0.354,-0.22));
#6620=CARTESIAN_POINT('',(-0.0450000000000001,-0.354,-0.23));
#6621=CARTESIAN_POINT('',(-0.0350000000000001,-0.354,-0.23));
#6622=CARTESIAN_POINT('Origin',(-0.0350000000000001,-0.354,-0.22));
#6623=CARTESIAN_POINT('',(0.0349999999999999,-0.354,-0.23));
#6624=CARTESIAN_POINT('',(-0.0450000000000001,-0.354,-0.23));
#6625=CARTESIAN_POINT('Origin',(0.0349999999999999,-0.354,-0.22));
#6626=CARTESIAN_POINT('',(0.06,-0.354,-0.1125));
#6627=CARTESIAN_POINT('',(0.045,-0.354,-0.1125));
#6628=CARTESIAN_POINT('',(0.07,-0.354,-0.1025));
#6629=CARTESIAN_POINT('Origin',(0.06,-0.354,-0.1025));
#6630=CARTESIAN_POINT('',(0.07,-0.354,0.1025));
#6631=CARTESIAN_POINT('',(0.07,-0.354,0.1125));
#6632=CARTESIAN_POINT('Origin',(0.06,-0.354,0.1025));
#6633=CARTESIAN_POINT('',(0.0450000000000001,-0.354,0.22));
#6634=CARTESIAN_POINT('',(0.0449999999999999,-0.354,-0.23));
#6635=CARTESIAN_POINT('',(0.0350000000000001,-0.354,0.23));
#6636=CARTESIAN_POINT('Origin',(0.0350000000000001,-0.354,0.22));
#6637=CARTESIAN_POINT('',(-0.0349999999999999,-0.354,0.23));
#6638=CARTESIAN_POINT('',(-0.0225,-0.354,0.23));
#6639=CARTESIAN_POINT('',(-0.0449999999999999,-0.354,0.22));
#6640=CARTESIAN_POINT('Origin',(-0.0349999999999999,-0.354,0.22));
#6641=CARTESIAN_POINT('',(-0.045,-0.354,0.1125));
#6642=CARTESIAN_POINT('',(-0.0450000000000001,-0.354,-0.23));
#6643=CARTESIAN_POINT('',(0.045,-0.354,0.1125));
#6644=CARTESIAN_POINT('Origin',(-0.07,-0.2165,-2.18547839493141E-17));
#6645=CARTESIAN_POINT('',(-0.07,-0.079,-0.1025));
#6646=CARTESIAN_POINT('',(-0.07,-0.079,-4.27593599008319E-18));
#6647=CARTESIAN_POINT('',(-0.07,-0.28525,-0.1025));
#6648=CARTESIAN_POINT('Origin',(-0.06,-0.28525,-0.1025));
#6649=CARTESIAN_POINT('',(-0.06,-0.079,-0.1125));
#6650=CARTESIAN_POINT('Origin',(-0.06,-0.079,-0.1025));
#6651=CARTESIAN_POINT('',(-0.06,-0.28525,-0.1125));
#6652=CARTESIAN_POINT('Origin',(-0.035,-0.0395,-0.22));
#6653=CARTESIAN_POINT('',(-0.045,-0.079,-0.22));
#6654=CARTESIAN_POINT('',(-0.045,-0.0395,-0.22));
#6655=CARTESIAN_POINT('',(-0.035,-0.079,-0.23));
#6656=CARTESIAN_POINT('Origin',(-0.035,-0.079,-0.22));
#6657=CARTESIAN_POINT('',(-0.035,-0.0395,-0.23));
#6658=CARTESIAN_POINT('Origin',(-0.0800000000000001,0.,-0.23));
#6659=CARTESIAN_POINT('',(-0.0700000000000001,-0.079,-0.23));
#6660=CARTESIAN_POINT('',(0.0799999999999999,-0.079,-0.23));
#6661=CARTESIAN_POINT('',(-0.0700000000000001,-0.01,-0.23));
#6662=CARTESIAN_POINT('',(-0.0700000000000001,0.,-0.23));
#6663=CARTESIAN_POINT('',(0.07,-0.01,-0.23));
#6664=CARTESIAN_POINT('',(-0.0400000000000001,-0.01,-0.23));
#6665=CARTESIAN_POINT('',(0.07,0.,-0.23));
#6666=CARTESIAN_POINT('',(0.035,-0.177,-0.23));
#6667=CARTESIAN_POINT('Origin',(0.035,-0.177,-0.22));
#6668=CARTESIAN_POINT('Origin',(0.06,-0.28525,-0.1025));
#6669=CARTESIAN_POINT('',(0.06,-0.28525,-0.1125));
#6670=CARTESIAN_POINT('',(0.07,-0.28525,-0.1025));
#6671=CARTESIAN_POINT('Origin',(0.045,-0.354,-0.1125));
#6672=CARTESIAN_POINT('Origin',(0.06,-0.14775,0.1025));
#6673=CARTESIAN_POINT('',(0.07,-0.14775,0.1025));
#6674=CARTESIAN_POINT('Origin',(-0.0349999999999999,-0.0395,0.22));
#6675=CARTESIAN_POINT('',(-0.0349999999999999,-0.079,0.23));
#6676=CARTESIAN_POINT('',(-0.0349999999999999,-0.0395,0.23));
#6677=CARTESIAN_POINT('',(-0.0449999999999999,-0.079,0.22));
#6678=CARTESIAN_POINT('Origin',(-0.0349999999999999,-0.079,0.22));
#6679=CARTESIAN_POINT('',(-0.0449999999999999,-0.0395,0.22));
#6680=CARTESIAN_POINT('Origin',(-0.045,-0.079,-0.23));
#6681=CARTESIAN_POINT('',(-0.0449999999999999,-0.079,0.1125));
#6682=CARTESIAN_POINT('',(-0.045,-0.079,-0.115));
#6683=CARTESIAN_POINT('',(-0.0449999999999999,-0.0790000000000001,0.1125));
#6684=CARTESIAN_POINT('Origin',(0.0350000000000001,-0.177,0.22));
#6685=CARTESIAN_POINT('',(0.0450000000000001,-0.177,0.22));
#6686=CARTESIAN_POINT('',(0.0350000000000001,-0.177,0.23));
#6687=CARTESIAN_POINT('Origin',(0.0800000000000001,0.,0.23));
#6688=CARTESIAN_POINT('',(0.0700000000000001,-0.01,0.23));
#6689=CARTESIAN_POINT('',(0.0700000000000001,0.,0.23));
#6690=CARTESIAN_POINT('',(-0.0699999999999999,-0.01,0.23));
#6691=CARTESIAN_POINT('',(0.04,-0.01,0.23));
#6692=CARTESIAN_POINT('',(-0.0699999999999999,-0.079,0.23));
#6693=CARTESIAN_POINT('',(-0.0699999999999999,0.,0.23));
#6694=CARTESIAN_POINT('',(-0.0799999999999999,-0.079,0.23));
#6695=CARTESIAN_POINT('Origin',(0.07,-0.01,-0.22));
#6696=CARTESIAN_POINT('',(0.07,0.,-0.22));
#6697=CARTESIAN_POINT('Origin',(0.07,-0.01,-0.22));
#6698=CARTESIAN_POINT('Origin',(0.07,-0.01,-0.22));
#6699=CARTESIAN_POINT('Origin',(0.07,-0.01,-0.22));
#6700=CARTESIAN_POINT('Origin',(-0.0700000000000001,-0.01,-0.22));
#6701=CARTESIAN_POINT('',(-0.0700000000000001,0.,-0.22));
#6702=CARTESIAN_POINT('',(-0.0800000000000001,-0.01,-0.22));
#6703=CARTESIAN_POINT('Origin',(-0.0700000000000001,-0.01,-0.22));
#6704=CARTESIAN_POINT('Origin',(-0.0700000000000001,-0.01,-0.22));
#6705=CARTESIAN_POINT('Origin',(-0.0700000000000001,-0.01,-0.22));
#6706=CARTESIAN_POINT('Origin',(-0.0400000000000001,-0.01,-0.22));
#6707=CARTESIAN_POINT('',(-0.0400000000000001,0.,-0.22));
#6708=CARTESIAN_POINT('Origin',(-0.0700000000000001,0.,-0.22));
#6709=CARTESIAN_POINT('',(-0.0800000000000001,-0.079,-0.22));
#6710=CARTESIAN_POINT('Origin',(-0.0700000000000001,-0.079,-0.22));
#6711=CARTESIAN_POINT('',(-0.0800000000000001,0.,-0.22));
#6712=CARTESIAN_POINT('Origin',(0.0700000000000001,-0.01,0.22));
#6713=CARTESIAN_POINT('',(0.0700000000000001,0.,0.22));
#6714=CARTESIAN_POINT('Origin',(0.0700000000000001,-0.01,0.22));
#6715=CARTESIAN_POINT('Origin',(0.0700000000000001,-0.01,0.22));
#6716=CARTESIAN_POINT('Origin',(0.0700000000000001,-0.01,0.22));
#6717=CARTESIAN_POINT('Origin',(-0.0699999999999999,-0.01,0.22));
#6718=CARTESIAN_POINT('',(-0.0799999999999999,-0.01,0.22));
#6719=CARTESIAN_POINT('Origin',(-0.0699999999999999,-0.01,0.22));
#6720=CARTESIAN_POINT('',(-0.0699999999999999,0.,0.22));
#6721=CARTESIAN_POINT('Origin',(-0.0699999999999999,-0.01,0.22));
#6722=CARTESIAN_POINT('Origin',(-0.0699999999999999,-0.01,0.22));
#6723=CARTESIAN_POINT('Origin',(0.04,-0.01,0.22));
#6724=CARTESIAN_POINT('',(0.04,0.,0.22));
#6725=CARTESIAN_POINT('Origin',(-0.07,-0.01,0.115));
#6726=CARTESIAN_POINT('',(-0.07,0.,0.115));
#6727=CARTESIAN_POINT('',(-0.0799999999999999,-0.01,0.115));
#6728=CARTESIAN_POINT('Origin',(-0.0699999999999999,0.,0.22));
#6729=CARTESIAN_POINT('',(-0.0799999999999999,-0.079,0.22));
#6730=CARTESIAN_POINT('Origin',(-0.0699999999999999,-0.079,0.22));
#6731=CARTESIAN_POINT('',(-0.0799999999999999,0.,0.22));
#6732=CARTESIAN_POINT('Origin',(0.0700000000000001,0.,0.22));
#6733=CARTESIAN_POINT('Origin',(0.07,-0.01,-0.115));
#6734=CARTESIAN_POINT('',(0.07,0.,-0.115));
#6735=CARTESIAN_POINT('Origin',(0.07,0.,-0.22));
#6736=CARTESIAN_POINT('Origin',(-0.0799999999999999,0.,0.23));
#6737=CARTESIAN_POINT('',(-0.0800000000000001,-0.079,-0.23));
#6738=CARTESIAN_POINT('Origin',(5.20418083629209E-18,0.,5.80647803174563E-18));
#6739=CARTESIAN_POINT('Origin',(0.045,-0.354,-0.1125));
#6740=CARTESIAN_POINT('',(-0.045,-0.079,-0.1125));
#6741=CARTESIAN_POINT('',(0.0225,-0.079,-0.1125));
#6742=CARTESIAN_POINT('',(-0.045,-0.2165,-0.1125));
#6743=CARTESIAN_POINT('Origin',(0.0450000000000001,-0.079,0.1125));
#6744=CARTESIAN_POINT('',(0.0225,-0.079,0.1125));
#6745=CARTESIAN_POINT('Origin',(0.07,-0.2165,-4.37095678986282E-17));
#6746=CARTESIAN_POINT('Origin',(-0.045,-0.079,-0.23));
#6747=CARTESIAN_POINT('',(-0.045,-0.079,-0.115));
#6748=CARTESIAN_POINT('Origin',(0.0449999999999999,-0.354,-0.23));
#6749=CARTESIAN_POINT('Origin',(0.,-0.079,0.));
#6750=CARTESIAN_POINT('Origin',(0.0799999999999999,0.,-0.23));
#6751=UNCERTAINTY_MEASURE_WITH_UNIT(LENGTH_MEASURE(0.000393700787401575),
#6756,'DISTANCE_ACCURACY_VALUE',
'Maximum model space distance between geometric entities at asserted c
onnectivities');
#6752=UNCERTAINTY_MEASURE_WITH_UNIT(LENGTH_MEASURE(0.000393700787401575),
#6756,'DISTANCE_ACCURACY_VALUE',
'Maximum model space distance between geometric entities at asserted c
onnectivities');
#6753=(
GEOMETRIC_REPRESENTATION_CONTEXT(3)
GLOBAL_UNCERTAINTY_ASSIGNED_CONTEXT((#6751))
GLOBAL_UNIT_ASSIGNED_CONTEXT((#6756,#6761,#6760))
REPRESENTATION_CONTEXT('','3D')
);
#6754=(
GEOMETRIC_REPRESENTATION_CONTEXT(3)
GLOBAL_UNCERTAINTY_ASSIGNED_CONTEXT((#6752))
GLOBAL_UNIT_ASSIGNED_CONTEXT((#6756,#6761,#6760))
REPRESENTATION_CONTEXT('','3D')
);
#6755=DIMENSIONAL_EXPONENTS(1.,0.,0.,0.,0.,0.,0.);
#6756=(
CONVERSION_BASED_UNIT('inch',#6759)
LENGTH_UNIT()
NAMED_UNIT(#6755)
);
#6757=(
LENGTH_UNIT()
NAMED_UNIT(*)
SI_UNIT(.MILLI.,.METRE.)
);
#6758=(
LENGTH_UNIT()
NAMED_UNIT(*)
SI_UNIT(.CENTI.,.METRE.)
);
#6759=LENGTH_MEASURE_WITH_UNIT(LENGTH_MEASURE(25.4),#6757);
#6760=(
NAMED_UNIT(*)
SI_UNIT($,.STERADIAN.)
SOLID_ANGLE_UNIT()
);
#6761=(
NAMED_UNIT(*)
PLANE_ANGLE_UNIT()
SI_UNIT($,.RADIAN.)
);
#6762=SHAPE_DEFINITION_REPRESENTATION(#6763,#6764);
#6763=PRODUCT_DEFINITION_SHAPE('',$,#6766);
#6764=SHAPE_REPRESENTATION('',(#3690),#6753);
#6765=PRODUCT_DEFINITION_CONTEXT('part definition',#6770,'design');
#6766=PRODUCT_DEFINITION('ANR58-UL Auto Blade Fuse',
'ANM58 Auto Blade Fuse',#6767,#6765);
#6767=PRODUCT_DEFINITION_FORMATION('',$,#6772);
#6768=PRODUCT_RELATED_PRODUCT_CATEGORY('ANM58 Auto Blade Fuse',
'ANM58 Auto Blade Fuse',(#6772));
#6769=APPLICATION_PROTOCOL_DEFINITION('international standard',
'automotive_design',2009,#6770);
#6770=APPLICATION_CONTEXT(
'Core Data for Automotive Mechanical Design Process');
#6771=PRODUCT_CONTEXT('part definition',#6770,'mechanical');
#6772=PRODUCT('ANR58-UL Auto Blade Fuse','ANM58 Auto Blade Fuse',$,(#6771));
#6773=PRESENTATION_STYLE_ASSIGNMENT((#6774));
#6774=SURFACE_STYLE_USAGE(.BOTH.,#6775);
#6775=SURFACE_SIDE_STYLE('',(#6776));
#6776=SURFACE_STYLE_FILL_AREA(#6777);
#6777=FILL_AREA_STYLE('',(#6778));
#6778=FILL_AREA_STYLE_COLOUR('',#6779);
#6779=COLOUR_RGB('',0.749019607843137,0.749019607843137,0.749019607843137);
ENDSEC;
END-ISO-10303-21;
