ISO-10303-21;
HEADER;
FILE_DESCRIPTION(('STEP AP242'),'1');
FILE_NAME('pcb_connector_310-87-104-41-001101.stp','2021-04-20T14:37:06',('TraceParts'),('TraceParts S.A.'),'Spatial InterOp 3D',' ',' ');
FILE_SCHEMA(('AP242_MANAGED_MODEL_BASED_3D_ENGINEERING_MIM_LF  {1 0 10303 442 1 1 4}'));
ENDSEC;
DATA;
#1=MECHANICAL_DESIGN_GEOMETRIC_PRESENTATION_REPRESENTATION(' ',(#10,#11,#12,#13,#14,#15,#16,#17,#18,#19,#20,#21,#22,#23,#24,#25,#26,#27,#28,#29,#30,#31,#32,#33,#34,#35,#36,#37,#38,#39,#40,#41,#42,#43,#44,#45,#46,#47,#48,#49,#50,#51,#52,#53,#54,#55,#56,#57,#58,#59,#60,#61,#62,#63,#64,#65,#66,#67,#68,#69,#70,#71,#72,#73,#74,#75,#76,#77,#78,#79,#80,#81,#82,#83,#84,#85,#86,#87,#88,#89,#90,#91,#92,#93,#94,#95,#96,#97,#98,#99,#100,#101,#102,#103,#104,#105,#106,#107,#108,#109,#110,#111,#112,#113,#114,#115,#116,#117,#118,#119,#120,#121,#122,#123,#124,#125,#126,#127,#128,#129,#130,#131,#132,#133,#134,#135,#136,#137,#138,#139,#140,#141,#142,#143,#144,#145,#146,#147,#148,#149,#150,#151,#152,#153,#154,#155,#156,#157,#158,#159,#160,#161,#162,#163,#164,#165,#166,#167,#168,#169,#170,#171,#172,#173,#174,#175,#176,#177,#178,#179,#180,#181,#182,#183,#184,#185,#186,#187,#188,#189,#190,#191,#192,#193,#194,#195),#6);
#2=PRODUCT_DEFINITION_CONTEXT('',#196,'design');
#3=APPLICATION_PROTOCOL_DEFINITION('INTERNATIONAL STANDARD','ap242_managed_model_based_3d_engineering',2014,#196);
#4=PRODUCT_CATEGORY_RELATIONSHIP('NONE','NONE',#197,#198);
#5=SHAPE_DEFINITION_REPRESENTATION(#199,#200);
#6= (GEOMETRIC_REPRESENTATION_CONTEXT(3)GLOBAL_UNCERTAINTY_ASSIGNED_CONTEXT((#203))GLOBAL_UNIT_ASSIGNED_CONTEXT((#205,#206,#207))REPRESENTATION_CONTEXT('NONE','WORKSPACE'));
#10=STYLED_ITEM('',(#209),#210);
#11=STYLED_ITEM('',(#211),#212);
#12=STYLED_ITEM('',(#213),#214);
#13=STYLED_ITEM('',(#215),#216);
#14=STYLED_ITEM('',(#217),#218);
#15=STYLED_ITEM('',(#219),#220);
#16=STYLED_ITEM('',(#221),#222);
#17=STYLED_ITEM('',(#223),#224);
#18=STYLED_ITEM('',(#225),#226);
#19=STYLED_ITEM('',(#227),#228);
#20=STYLED_ITEM('',(#229),#230);
#21=STYLED_ITEM('',(#231),#232);
#22=STYLED_ITEM('',(#233),#234);
#23=STYLED_ITEM('',(#235),#236);
#24=STYLED_ITEM('',(#237),#238);
#25=STYLED_ITEM('',(#239),#240);
#26=STYLED_ITEM('',(#241),#242);
#27=STYLED_ITEM('',(#243),#244);
#28=STYLED_ITEM('',(#245),#246);
#29=STYLED_ITEM('',(#247),#248);
#30=STYLED_ITEM('',(#249),#250);
#31=STYLED_ITEM('',(#251),#252);
#32=STYLED_ITEM('',(#253),#254);
#33=STYLED_ITEM('',(#255),#256);
#34=STYLED_ITEM('',(#257),#258);
#35=STYLED_ITEM('',(#259),#260);
#36=STYLED_ITEM('',(#261),#262);
#37=STYLED_ITEM('',(#263),#264);
#38=STYLED_ITEM('',(#265),#266);
#39=STYLED_ITEM('',(#267),#268);
#40=STYLED_ITEM('',(#269),#270);
#41=STYLED_ITEM('',(#271),#272);
#42=STYLED_ITEM('',(#273),#274);
#43=STYLED_ITEM('',(#275),#276);
#44=STYLED_ITEM('',(#277),#278);
#45=STYLED_ITEM('',(#279),#280);
#46=STYLED_ITEM('',(#281),#282);
#47=STYLED_ITEM('',(#283),#284);
#48=STYLED_ITEM('',(#285),#286);
#49=STYLED_ITEM('',(#287),#288);
#50=STYLED_ITEM('',(#289),#290);
#51=STYLED_ITEM('',(#291),#292);
#52=STYLED_ITEM('',(#293),#294);
#53=STYLED_ITEM('',(#295),#296);
#54=STYLED_ITEM('',(#297),#298);
#55=STYLED_ITEM('',(#299),#300);
#56=STYLED_ITEM('',(#301),#302);
#57=STYLED_ITEM('',(#303),#304);
#58=STYLED_ITEM('',(#305),#306);
#59=STYLED_ITEM('',(#307),#308);
#60=STYLED_ITEM('',(#309),#310);
#61=STYLED_ITEM('',(#311),#312);
#62=STYLED_ITEM('',(#313),#314);
#63=STYLED_ITEM('',(#315),#316);
#64=STYLED_ITEM('',(#317),#318);
#65=STYLED_ITEM('',(#319),#320);
#66=STYLED_ITEM('',(#321),#322);
#67=STYLED_ITEM('',(#323),#324);
#68=STYLED_ITEM('',(#325),#326);
#69=STYLED_ITEM('',(#327),#328);
#70=STYLED_ITEM('',(#329),#330);
#71=STYLED_ITEM('',(#331),#332);
#72=STYLED_ITEM('',(#333),#334);
#73=STYLED_ITEM('',(#335),#336);
#74=STYLED_ITEM('',(#337),#338);
#75=STYLED_ITEM('',(#339),#340);
#76=STYLED_ITEM('',(#341),#342);
#77=STYLED_ITEM('',(#343),#344);
#78=STYLED_ITEM('',(#345),#346);
#79=STYLED_ITEM('',(#347),#348);
#80=STYLED_ITEM('',(#349),#350);
#81=STYLED_ITEM('',(#351),#352);
#82=STYLED_ITEM('',(#353),#354);
#83=STYLED_ITEM('',(#355),#356);
#84=STYLED_ITEM('',(#357),#358);
#85=STYLED_ITEM('',(#359),#360);
#86=STYLED_ITEM('',(#361),#362);
#87=STYLED_ITEM('',(#363),#364);
#88=STYLED_ITEM('',(#365),#366);
#89=STYLED_ITEM('',(#367),#368);
#90=STYLED_ITEM('',(#369),#370);
#91=STYLED_ITEM('',(#371),#372);
#92=STYLED_ITEM('',(#373),#374);
#93=STYLED_ITEM('',(#375),#376);
#94=STYLED_ITEM('',(#377),#378);
#95=STYLED_ITEM('',(#379),#380);
#96=STYLED_ITEM('',(#381),#382);
#97=STYLED_ITEM('',(#383),#384);
#98=STYLED_ITEM('',(#385),#386);
#99=STYLED_ITEM('',(#387),#388);
#100=STYLED_ITEM('',(#389),#390);
#101=STYLED_ITEM('',(#391),#392);
#102=STYLED_ITEM('',(#393),#394);
#103=STYLED_ITEM('',(#395),#396);
#104=STYLED_ITEM('',(#397),#398);
#105=STYLED_ITEM('',(#399),#400);
#106=STYLED_ITEM('',(#401),#402);
#107=STYLED_ITEM('',(#403),#404);
#108=STYLED_ITEM('',(#405),#406);
#109=STYLED_ITEM('',(#407),#408);
#110=STYLED_ITEM('',(#409),#410);
#111=STYLED_ITEM('',(#411),#412);
#112=STYLED_ITEM('',(#413),#414);
#113=STYLED_ITEM('',(#415),#416);
#114=STYLED_ITEM('',(#417),#418);
#115=STYLED_ITEM('',(#419),#420);
#116=STYLED_ITEM('',(#421),#422);
#117=STYLED_ITEM('',(#423),#424);
#118=STYLED_ITEM('',(#425),#426);
#119=STYLED_ITEM('',(#427),#428);
#120=STYLED_ITEM('',(#429),#430);
#121=STYLED_ITEM('',(#431),#432);
#122=STYLED_ITEM('',(#433),#434);
#123=STYLED_ITEM('',(#435),#436);
#124=STYLED_ITEM('',(#437),#438);
#125=STYLED_ITEM('',(#439),#440);
#126=STYLED_ITEM('',(#441),#442);
#127=STYLED_ITEM('',(#443),#444);
#128=STYLED_ITEM('',(#445),#446);
#129=STYLED_ITEM('',(#447),#448);
#130=STYLED_ITEM('',(#449),#450);
#131=STYLED_ITEM('',(#451),#452);
#132=STYLED_ITEM('',(#453),#454);
#133=STYLED_ITEM('',(#455),#456);
#134=STYLED_ITEM('',(#457),#458);
#135=STYLED_ITEM('',(#459),#460);
#136=STYLED_ITEM('',(#461),#462);
#137=STYLED_ITEM('',(#463),#464);
#138=STYLED_ITEM('',(#465),#466);
#139=STYLED_ITEM('',(#467),#468);
#140=STYLED_ITEM('',(#469),#470);
#141=STYLED_ITEM('',(#471),#472);
#142=STYLED_ITEM('',(#473),#474);
#143=STYLED_ITEM('',(#475),#476);
#144=STYLED_ITEM('',(#477),#478);
#145=STYLED_ITEM('',(#479),#480);
#146=STYLED_ITEM('',(#481),#482);
#147=STYLED_ITEM('',(#483),#484);
#148=STYLED_ITEM('',(#485),#486);
#149=STYLED_ITEM('',(#487),#488);
#150=STYLED_ITEM('',(#489),#490);
#151=STYLED_ITEM('',(#491),#492);
#152=STYLED_ITEM('',(#493),#494);
#153=STYLED_ITEM('',(#495),#496);
#154=STYLED_ITEM('',(#497),#498);
#155=STYLED_ITEM('',(#499),#500);
#156=STYLED_ITEM('',(#501),#502);
#157=STYLED_ITEM('',(#503),#504);
#158=STYLED_ITEM('',(#505),#506);
#159=STYLED_ITEM('',(#507),#508);
#160=STYLED_ITEM('',(#509),#510);
#161=STYLED_ITEM('',(#511),#512);
#162=STYLED_ITEM('',(#513),#514);
#163=STYLED_ITEM('',(#515),#516);
#164=STYLED_ITEM('',(#517),#518);
#165=STYLED_ITEM('',(#519),#520);
#166=STYLED_ITEM('',(#521),#522);
#167=STYLED_ITEM('',(#523),#524);
#168=STYLED_ITEM('',(#525),#526);
#169=STYLED_ITEM('',(#527),#528);
#170=STYLED_ITEM('',(#529),#530);
#171=STYLED_ITEM('',(#531),#532);
#172=STYLED_ITEM('',(#533),#534);
#173=STYLED_ITEM('',(#535),#536);
#174=STYLED_ITEM('',(#537),#538);
#175=STYLED_ITEM('',(#539),#540);
#176=STYLED_ITEM('',(#541),#542);
#177=STYLED_ITEM('',(#543),#544);
#178=STYLED_ITEM('',(#545),#546);
#179=STYLED_ITEM('',(#547),#548);
#180=STYLED_ITEM('',(#549),#550);
#181=STYLED_ITEM('',(#551),#552);
#182=STYLED_ITEM('',(#553),#554);
#183=STYLED_ITEM('',(#555),#556);
#184=STYLED_ITEM('',(#557),#558);
#185=STYLED_ITEM('',(#559),#560);
#186=STYLED_ITEM('',(#561),#562);
#187=STYLED_ITEM('',(#563),#564);
#188=STYLED_ITEM('',(#565),#566);
#189=STYLED_ITEM('',(#567),#568);
#190=STYLED_ITEM('',(#569),#570);
#191=STYLED_ITEM('',(#571),#572);
#192=STYLED_ITEM('',(#573),#574);
#193=STYLED_ITEM('',(#575),#576);
#194=STYLED_ITEM('',(#577),#578);
#195=STYLED_ITEM('',(#579),#580);
#196=APPLICATION_CONTEXT('managed model based 3d engineering');
#197=PRODUCT_CATEGORY('part','NONE');
#198=PRODUCT_RELATED_PRODUCT_CATEGORY('detail',' ',(#581));
#199=PRODUCT_DEFINITION_SHAPE('NONE','NONE',#582);
#200=ADVANCED_BREP_SHAPE_REPRESENTATION('pcb_connector_310-87-104-41-001101',(#583,#584),#6);
#203=UNCERTAINTY_MEASURE_WITH_UNIT(LENGTH_MEASURE(1.0E-06),#205,'','');
#205= (CONVERSION_BASED_UNIT('MILLIMETRE',#587)LENGTH_UNIT()NAMED_UNIT(#590));
#206= (NAMED_UNIT(#592)PLANE_ANGLE_UNIT()SI_UNIT($,.RADIAN.));
#207= (NAMED_UNIT(#592)SOLID_ANGLE_UNIT()SI_UNIT($,.STERADIAN.));
#209=PRESENTATION_STYLE_ASSIGNMENT((#598));
#210=ADVANCED_FACE('',(#599),#600,.T.);
#211=PRESENTATION_STYLE_ASSIGNMENT((#601));
#212=ADVANCED_FACE('',(#602),#603,.F.);
#213=PRESENTATION_STYLE_ASSIGNMENT((#604));
#214=ADVANCED_FACE('',(#605),#606,.T.);
#215=PRESENTATION_STYLE_ASSIGNMENT((#607));
#216=ADVANCED_FACE('',(#608),#609,.T.);
#217=PRESENTATION_STYLE_ASSIGNMENT((#610));
#218=ADVANCED_FACE('',(#611),#612,.T.);
#219=PRESENTATION_STYLE_ASSIGNMENT((#613));
#220=ADVANCED_FACE('',(#614),#615,.T.);
#221=PRESENTATION_STYLE_ASSIGNMENT((#616));
#222=ADVANCED_FACE('',(#617),#618,.T.);
#223=PRESENTATION_STYLE_ASSIGNMENT((#619));
#224=ADVANCED_FACE('',(#620),#621,.F.);
#225=PRESENTATION_STYLE_ASSIGNMENT((#622));
#226=ADVANCED_FACE('',(#623),#624,.T.);
#227=PRESENTATION_STYLE_ASSIGNMENT((#625));
#228=ADVANCED_FACE('',(#626),#627,.T.);
#229=PRESENTATION_STYLE_ASSIGNMENT((#628));
#230=ADVANCED_FACE('',(#629),#630,.T.);
#231=PRESENTATION_STYLE_ASSIGNMENT((#631));
#232=ADVANCED_FACE('',(#632),#633,.T.);
#233=PRESENTATION_STYLE_ASSIGNMENT((#634));
#234=ADVANCED_FACE('',(#635),#636,.T.);
#235=PRESENTATION_STYLE_ASSIGNMENT((#637));
#236=ADVANCED_FACE('',(#638),#639,.F.);
#237=PRESENTATION_STYLE_ASSIGNMENT((#640));
#238=ADVANCED_FACE('',(#641),#642,.T.);
#239=PRESENTATION_STYLE_ASSIGNMENT((#643));
#240=ADVANCED_FACE('',(#644),#645,.T.);
#241=PRESENTATION_STYLE_ASSIGNMENT((#646));
#242=ADVANCED_FACE('',(#647),#648,.T.);
#243=PRESENTATION_STYLE_ASSIGNMENT((#649));
#244=ADVANCED_FACE('',(#650),#651,.T.);
#245=PRESENTATION_STYLE_ASSIGNMENT((#652));
#246=ADVANCED_FACE('',(#653),#654,.T.);
#247=PRESENTATION_STYLE_ASSIGNMENT((#655));
#248=ADVANCED_FACE('',(#656),#657,.F.);
#249=PRESENTATION_STYLE_ASSIGNMENT((#658));
#250=ADVANCED_FACE('',(#659),#660,.T.);
#251=PRESENTATION_STYLE_ASSIGNMENT((#661));
#252=ADVANCED_FACE('',(#662),#663,.T.);
#253=PRESENTATION_STYLE_ASSIGNMENT((#664));
#254=ADVANCED_FACE('',(#665),#666,.T.);
#255=PRESENTATION_STYLE_ASSIGNMENT((#667));
#256=ADVANCED_FACE('',(#668),#669,.T.);
#257=PRESENTATION_STYLE_ASSIGNMENT((#670));
#258=ADVANCED_FACE('',(#671),#672,.F.);
#259=PRESENTATION_STYLE_ASSIGNMENT((#673));
#260=ADVANCED_FACE('',(#674),#675,.F.);
#261=PRESENTATION_STYLE_ASSIGNMENT((#676));
#262=ADVANCED_FACE('',(#677),#678,.F.);
#263=PRESENTATION_STYLE_ASSIGNMENT((#679));
#264=ADVANCED_FACE('',(#680),#681,.F.);
#265=PRESENTATION_STYLE_ASSIGNMENT((#682));
#266=ADVANCED_FACE('',(#683),#684,.F.);
#267=PRESENTATION_STYLE_ASSIGNMENT((#685));
#268=ADVANCED_FACE('',(#686),#687,.F.);
#269=PRESENTATION_STYLE_ASSIGNMENT((#688));
#270=ADVANCED_FACE('',(#689),#690,.F.);
#271=PRESENTATION_STYLE_ASSIGNMENT((#691));
#272=ADVANCED_FACE('',(#692),#693,.F.);
#273=PRESENTATION_STYLE_ASSIGNMENT((#694));
#274=ADVANCED_FACE('',(#695),#696,.T.);
#275=PRESENTATION_STYLE_ASSIGNMENT((#697));
#276=ADVANCED_FACE('',(#698),#699,.F.);
#277=PRESENTATION_STYLE_ASSIGNMENT((#700));
#278=ADVANCED_FACE('',(#701),#702,.F.);
#279=PRESENTATION_STYLE_ASSIGNMENT((#703));
#280=ADVANCED_FACE('',(#704),#705,.F.);
#281=PRESENTATION_STYLE_ASSIGNMENT((#706));
#282=ADVANCED_FACE('',(#707),#708,.F.);
#283=PRESENTATION_STYLE_ASSIGNMENT((#709));
#284=ADVANCED_FACE('',(#710),#711,.F.);
#285=PRESENTATION_STYLE_ASSIGNMENT((#712));
#286=ADVANCED_FACE('',(#713),#714,.F.);
#287=PRESENTATION_STYLE_ASSIGNMENT((#715));
#288=ADVANCED_FACE('',(#716),#717,.F.);
#289=PRESENTATION_STYLE_ASSIGNMENT((#718));
#290=ADVANCED_FACE('',(#719),#720,.F.);
#291=PRESENTATION_STYLE_ASSIGNMENT((#721));
#292=ADVANCED_FACE('',(#722),#723,.F.);
#293=PRESENTATION_STYLE_ASSIGNMENT((#724));
#294=ADVANCED_FACE('',(#725),#726,.F.);
#295=PRESENTATION_STYLE_ASSIGNMENT((#727));
#296=ADVANCED_FACE('',(#728),#729,.T.);
#297=PRESENTATION_STYLE_ASSIGNMENT((#730));
#298=ADVANCED_FACE('',(#731),#732,.F.);
#299=PRESENTATION_STYLE_ASSIGNMENT((#733));
#300=ADVANCED_FACE('',(#734),#735,.F.);
#301=PRESENTATION_STYLE_ASSIGNMENT((#736));
#302=ADVANCED_FACE('',(#737),#738,.F.);
#303=PRESENTATION_STYLE_ASSIGNMENT((#739));
#304=ADVANCED_FACE('',(#740),#741,.F.);
#305=PRESENTATION_STYLE_ASSIGNMENT((#742));
#306=ADVANCED_FACE('',(#743),#744,.F.);
#307=PRESENTATION_STYLE_ASSIGNMENT((#745));
#308=ADVANCED_FACE('',(#746),#747,.F.);
#309=PRESENTATION_STYLE_ASSIGNMENT((#748));
#310=ADVANCED_FACE('',(#749),#750,.F.);
#311=PRESENTATION_STYLE_ASSIGNMENT((#751));
#312=ADVANCED_FACE('',(#752),#753,.F.);
#313=PRESENTATION_STYLE_ASSIGNMENT((#754));
#314=ADVANCED_FACE('',(#755),#756,.F.);
#315=PRESENTATION_STYLE_ASSIGNMENT((#757));
#316=ADVANCED_FACE('',(#758),#759,.F.);
#317=PRESENTATION_STYLE_ASSIGNMENT((#760));
#318=ADVANCED_FACE('',(#761),#762,.T.);
#319=PRESENTATION_STYLE_ASSIGNMENT((#763));
#320=ADVANCED_FACE('',(#764),#765,.F.);
#321=PRESENTATION_STYLE_ASSIGNMENT((#766));
#322=ADVANCED_FACE('',(#767),#768,.F.);
#323=PRESENTATION_STYLE_ASSIGNMENT((#769));
#324=ADVANCED_FACE('',(#770),#771,.F.);
#325=PRESENTATION_STYLE_ASSIGNMENT((#772));
#326=ADVANCED_FACE('',(#773),#774,.F.);
#327=PRESENTATION_STYLE_ASSIGNMENT((#775));
#328=ADVANCED_FACE('',(#776),#777,.F.);
#329=PRESENTATION_STYLE_ASSIGNMENT((#778));
#330=ADVANCED_FACE('',(#779),#780,.F.);
#331=PRESENTATION_STYLE_ASSIGNMENT((#781));
#332=ADVANCED_FACE('',(#782),#783,.F.);
#333=PRESENTATION_STYLE_ASSIGNMENT((#784));
#334=ADVANCED_FACE('',(#785),#786,.F.);
#335=PRESENTATION_STYLE_ASSIGNMENT((#787));
#336=ADVANCED_FACE('',(#788),#789,.F.);
#337=PRESENTATION_STYLE_ASSIGNMENT((#790));
#338=ADVANCED_FACE('',(#791),#792,.F.);
#339=PRESENTATION_STYLE_ASSIGNMENT((#793));
#340=ADVANCED_FACE('',(#794),#795,.T.);
#341=PRESENTATION_STYLE_ASSIGNMENT((#796));
#342=ADVANCED_FACE('',(#797),#798,.F.);
#343=PRESENTATION_STYLE_ASSIGNMENT((#799));
#344=ADVANCED_FACE('',(#800),#801,.F.);
#345=PRESENTATION_STYLE_ASSIGNMENT((#802));
#346=ADVANCED_FACE('',(#803),#804,.F.);
#347=PRESENTATION_STYLE_ASSIGNMENT((#805));
#348=ADVANCED_FACE('',(#806),#807,.F.);
#349=PRESENTATION_STYLE_ASSIGNMENT((#808));
#350=ADVANCED_FACE('',(#809),#810,.T.);
#351=PRESENTATION_STYLE_ASSIGNMENT((#811));
#352=ADVANCED_FACE('',(#812),#813,.F.);
#353=PRESENTATION_STYLE_ASSIGNMENT((#814));
#354=ADVANCED_FACE('',(#815),#816,.F.);
#355=PRESENTATION_STYLE_ASSIGNMENT((#817));
#356=ADVANCED_FACE('',(#818),#819,.F.);
#357=PRESENTATION_STYLE_ASSIGNMENT((#820));
#358=ADVANCED_FACE('',(#821),#822,.F.);
#359=PRESENTATION_STYLE_ASSIGNMENT((#823));
#360=ADVANCED_FACE('',(#824),#825,.F.);
#361=PRESENTATION_STYLE_ASSIGNMENT((#826));
#362=ADVANCED_FACE('',(#827,#828),#829,.F.);
#363=PRESENTATION_STYLE_ASSIGNMENT((#830));
#364=ADVANCED_FACE('',(#831),#832,.F.);
#365=PRESENTATION_STYLE_ASSIGNMENT((#833));
#366=ADVANCED_FACE('',(#834),#835,.F.);
#367=PRESENTATION_STYLE_ASSIGNMENT((#836));
#368=ADVANCED_FACE('',(#837),#838,.F.);
#369=PRESENTATION_STYLE_ASSIGNMENT((#839));
#370=ADVANCED_FACE('',(#840),#841,.F.);
#371=PRESENTATION_STYLE_ASSIGNMENT((#842));
#372=ADVANCED_FACE('',(#843),#844,.F.);
#373=PRESENTATION_STYLE_ASSIGNMENT((#845));
#374=ADVANCED_FACE('',(#846),#847,.T.);
#375=PRESENTATION_STYLE_ASSIGNMENT((#848));
#376=ADVANCED_FACE('',(#849),#850,.F.);
#377=PRESENTATION_STYLE_ASSIGNMENT((#851));
#378=ADVANCED_FACE('',(#852),#853,.F.);
#379=PRESENTATION_STYLE_ASSIGNMENT((#854));
#380=ADVANCED_FACE('',(#855),#856,.F.);
#381=PRESENTATION_STYLE_ASSIGNMENT((#857));
#382=ADVANCED_FACE('',(#858),#859,.F.);
#383=PRESENTATION_STYLE_ASSIGNMENT((#860));
#384=ADVANCED_FACE('',(#861),#862,.F.);
#385=PRESENTATION_STYLE_ASSIGNMENT((#863));
#386=ADVANCED_FACE('',(#864,#865),#866,.F.);
#387=PRESENTATION_STYLE_ASSIGNMENT((#867));
#388=ADVANCED_FACE('',(#868),#869,.F.);
#389=PRESENTATION_STYLE_ASSIGNMENT((#870));
#390=ADVANCED_FACE('',(#871),#872,.F.);
#391=PRESENTATION_STYLE_ASSIGNMENT((#873));
#392=ADVANCED_FACE('',(#874),#875,.F.);
#393=PRESENTATION_STYLE_ASSIGNMENT((#876));
#394=ADVANCED_FACE('',(#877),#878,.F.);
#395=PRESENTATION_STYLE_ASSIGNMENT((#879));
#396=ADVANCED_FACE('',(#880),#881,.F.);
#397=PRESENTATION_STYLE_ASSIGNMENT((#882));
#398=ADVANCED_FACE('',(#883),#884,.T.);
#399=PRESENTATION_STYLE_ASSIGNMENT((#885));
#400=ADVANCED_FACE('',(#886),#887,.F.);
#401=PRESENTATION_STYLE_ASSIGNMENT((#888));
#402=ADVANCED_FACE('',(#889),#890,.F.);
#403=PRESENTATION_STYLE_ASSIGNMENT((#891));
#404=ADVANCED_FACE('',(#892),#893,.F.);
#405=PRESENTATION_STYLE_ASSIGNMENT((#894));
#406=ADVANCED_FACE('',(#895),#896,.F.);
#407=PRESENTATION_STYLE_ASSIGNMENT((#897));
#408=ADVANCED_FACE('',(#898),#899,.F.);
#409=PRESENTATION_STYLE_ASSIGNMENT((#900));
#410=ADVANCED_FACE('',(#901,#902),#903,.F.);
#411=PRESENTATION_STYLE_ASSIGNMENT((#904));
#412=ADVANCED_FACE('',(#905),#906,.F.);
#413=PRESENTATION_STYLE_ASSIGNMENT((#907));
#414=ADVANCED_FACE('',(#908),#909,.F.);
#415=PRESENTATION_STYLE_ASSIGNMENT((#910));
#416=ADVANCED_FACE('',(#911),#912,.F.);
#417=PRESENTATION_STYLE_ASSIGNMENT((#913));
#418=ADVANCED_FACE('',(#914),#915,.F.);
#419=PRESENTATION_STYLE_ASSIGNMENT((#916));
#420=ADVANCED_FACE('',(#917),#918,.F.);
#421=PRESENTATION_STYLE_ASSIGNMENT((#919));
#422=ADVANCED_FACE('',(#920),#921,.T.);
#423=PRESENTATION_STYLE_ASSIGNMENT((#922));
#424=ADVANCED_FACE('',(#923),#924,.F.);
#425=PRESENTATION_STYLE_ASSIGNMENT((#925));
#426=ADVANCED_FACE('',(#926),#927,.F.);
#427=PRESENTATION_STYLE_ASSIGNMENT((#928));
#428=ADVANCED_FACE('',(#929),#930,.F.);
#429=PRESENTATION_STYLE_ASSIGNMENT((#931));
#430=ADVANCED_FACE('',(#932),#933,.F.);
#431=PRESENTATION_STYLE_ASSIGNMENT((#934));
#432=ADVANCED_FACE('',(#935),#936,.F.);
#433=PRESENTATION_STYLE_ASSIGNMENT((#937));
#434=ADVANCED_FACE('',(#938,#939),#940,.F.);
#435=PRESENTATION_STYLE_ASSIGNMENT((#941));
#436=ADVANCED_FACE('',(#942),#943,.F.);
#437=PRESENTATION_STYLE_ASSIGNMENT((#944));
#438=ADVANCED_FACE('',(#945),#946,.F.);
#439=PRESENTATION_STYLE_ASSIGNMENT((#947));
#440=ADVANCED_FACE('',(#948),#949,.F.);
#441=PRESENTATION_STYLE_ASSIGNMENT((#950));
#442=ADVANCED_FACE('',(#951),#952,.T.);
#443=PRESENTATION_STYLE_ASSIGNMENT((#953));
#444=ADVANCED_FACE('',(#954),#955,.T.);
#445=PRESENTATION_STYLE_ASSIGNMENT((#956));
#446=ADVANCED_FACE('',(#957),#958,.T.);
#447=PRESENTATION_STYLE_ASSIGNMENT((#959));
#448=ADVANCED_FACE('',(#960),#961,.T.);
#449=PRESENTATION_STYLE_ASSIGNMENT((#962));
#450=ADVANCED_FACE('',(#963),#964,.T.);
#451=PRESENTATION_STYLE_ASSIGNMENT((#965));
#452=ADVANCED_FACE('',(#966),#967,.F.);
#453=PRESENTATION_STYLE_ASSIGNMENT((#968));
#454=ADVANCED_FACE('',(#969,#970),#971,.T.);
#455=PRESENTATION_STYLE_ASSIGNMENT((#972));
#456=ADVANCED_FACE('',(#973),#974,.T.);
#457=PRESENTATION_STYLE_ASSIGNMENT((#975));
#458=ADVANCED_FACE('',(#976,#977),#978,.T.);
#459=PRESENTATION_STYLE_ASSIGNMENT((#979));
#460=ADVANCED_FACE('',(#980),#981,.T.);
#461=PRESENTATION_STYLE_ASSIGNMENT((#982));
#462=ADVANCED_FACE('',(#983),#984,.T.);
#463=PRESENTATION_STYLE_ASSIGNMENT((#985));
#464=ADVANCED_FACE('',(#986),#987,.T.);
#465=PRESENTATION_STYLE_ASSIGNMENT((#988));
#466=ADVANCED_FACE('',(#989),#990,.T.);
#467=PRESENTATION_STYLE_ASSIGNMENT((#991));
#468=ADVANCED_FACE('',(#992),#993,.T.);
#469=PRESENTATION_STYLE_ASSIGNMENT((#994));
#470=ADVANCED_FACE('',(#995),#996,.F.);
#471=PRESENTATION_STYLE_ASSIGNMENT((#997));
#472=ADVANCED_FACE('',(#998,#999),#1000,.T.);
#473=PRESENTATION_STYLE_ASSIGNMENT((#1001));
#474=ADVANCED_FACE('',(#1002),#1003,.T.);
#475=PRESENTATION_STYLE_ASSIGNMENT((#1004));
#476=ADVANCED_FACE('',(#1005,#1006),#1007,.T.);
#477=PRESENTATION_STYLE_ASSIGNMENT((#1008));
#478=ADVANCED_FACE('',(#1009),#1010,.T.);
#479=PRESENTATION_STYLE_ASSIGNMENT((#1011));
#480=ADVANCED_FACE('',(#1012),#1013,.T.);
#481=PRESENTATION_STYLE_ASSIGNMENT((#1014));
#482=ADVANCED_FACE('',(#1015),#1016,.T.);
#483=PRESENTATION_STYLE_ASSIGNMENT((#1017));
#484=ADVANCED_FACE('',(#1018),#1019,.T.);
#485=PRESENTATION_STYLE_ASSIGNMENT((#1020));
#486=ADVANCED_FACE('',(#1021),#1022,.T.);
#487=PRESENTATION_STYLE_ASSIGNMENT((#1023));
#488=ADVANCED_FACE('',(#1024),#1025,.F.);
#489=PRESENTATION_STYLE_ASSIGNMENT((#1026));
#490=ADVANCED_FACE('',(#1027,#1028),#1029,.T.);
#491=PRESENTATION_STYLE_ASSIGNMENT((#1030));
#492=ADVANCED_FACE('',(#1031),#1032,.T.);
#493=PRESENTATION_STYLE_ASSIGNMENT((#1033));
#494=ADVANCED_FACE('',(#1034,#1035),#1036,.T.);
#495=PRESENTATION_STYLE_ASSIGNMENT((#1037));
#496=ADVANCED_FACE('',(#1038),#1039,.T.);
#497=PRESENTATION_STYLE_ASSIGNMENT((#1040));
#498=ADVANCED_FACE('',(#1041),#1042,.T.);
#499=PRESENTATION_STYLE_ASSIGNMENT((#1043));
#500=ADVANCED_FACE('',(#1044),#1045,.T.);
#501=PRESENTATION_STYLE_ASSIGNMENT((#1046));
#502=ADVANCED_FACE('',(#1047),#1048,.T.);
#503=PRESENTATION_STYLE_ASSIGNMENT((#1049));
#504=ADVANCED_FACE('',(#1050),#1051,.T.);
#505=PRESENTATION_STYLE_ASSIGNMENT((#1052));
#506=ADVANCED_FACE('',(#1053),#1054,.F.);
#507=PRESENTATION_STYLE_ASSIGNMENT((#1055));
#508=ADVANCED_FACE('',(#1056,#1057),#1058,.T.);
#509=PRESENTATION_STYLE_ASSIGNMENT((#1059));
#510=ADVANCED_FACE('',(#1060),#1061,.T.);
#511=PRESENTATION_STYLE_ASSIGNMENT((#1062));
#512=ADVANCED_FACE('',(#1063,#1064),#1065,.T.);
#513=PRESENTATION_STYLE_ASSIGNMENT((#1066));
#514=ADVANCED_FACE('',(#1067),#1068,.T.);
#515=PRESENTATION_STYLE_ASSIGNMENT((#1069));
#516=ADVANCED_FACE('',(#1070),#1071,.T.);
#517=PRESENTATION_STYLE_ASSIGNMENT((#1072));
#518=ADVANCED_FACE('',(#1073),#1074,.T.);
#519=PRESENTATION_STYLE_ASSIGNMENT((#1075));
#520=ADVANCED_FACE('',(#1076),#1077,.T.);
#521=PRESENTATION_STYLE_ASSIGNMENT((#1078));
#522=ADVANCED_FACE('',(#1079),#1080,.T.);
#523=PRESENTATION_STYLE_ASSIGNMENT((#1081));
#524=ADVANCED_FACE('',(#1082),#1083,.T.);
#525=PRESENTATION_STYLE_ASSIGNMENT((#1084));
#526=ADVANCED_FACE('',(#1085),#1086,.T.);
#527=PRESENTATION_STYLE_ASSIGNMENT((#1087));
#528=ADVANCED_FACE('',(#1088),#1089,.T.);
#529=PRESENTATION_STYLE_ASSIGNMENT((#1090));
#530=ADVANCED_FACE('',(#1091),#1092,.T.);
#531=PRESENTATION_STYLE_ASSIGNMENT((#1093));
#532=ADVANCED_FACE('',(#1094,#1095,#1096,#1097,#1098),#1099,.T.);
#533=PRESENTATION_STYLE_ASSIGNMENT((#1100));
#534=ADVANCED_FACE('',(#1101),#1102,.T.);
#535=PRESENTATION_STYLE_ASSIGNMENT((#1103));
#536=ADVANCED_FACE('',(#1104),#1105,.T.);
#537=PRESENTATION_STYLE_ASSIGNMENT((#1106));
#538=ADVANCED_FACE('',(#1107),#1108,.T.);
#539=PRESENTATION_STYLE_ASSIGNMENT((#1109));
#540=ADVANCED_FACE('',(#1110),#1111,.T.);
#541=PRESENTATION_STYLE_ASSIGNMENT((#1112));
#542=ADVANCED_FACE('',(#1113),#1114,.T.);
#543=PRESENTATION_STYLE_ASSIGNMENT((#1115));
#544=ADVANCED_FACE('',(#1116),#1117,.T.);
#545=PRESENTATION_STYLE_ASSIGNMENT((#1118));
#546=ADVANCED_FACE('',(#1119),#1120,.T.);
#547=PRESENTATION_STYLE_ASSIGNMENT((#1121));
#548=ADVANCED_FACE('',(#1122),#1123,.T.);
#549=PRESENTATION_STYLE_ASSIGNMENT((#1124));
#550=ADVANCED_FACE('',(#1125),#1126,.T.);
#551=PRESENTATION_STYLE_ASSIGNMENT((#1127));
#552=ADVANCED_FACE('',(#1128),#1129,.T.);
#553=PRESENTATION_STYLE_ASSIGNMENT((#1130));
#554=ADVANCED_FACE('',(#1131),#1132,.T.);
#555=PRESENTATION_STYLE_ASSIGNMENT((#1133));
#556=ADVANCED_FACE('',(#1134),#1135,.T.);
#557=PRESENTATION_STYLE_ASSIGNMENT((#1136));
#558=ADVANCED_FACE('',(#1137),#1138,.T.);
#559=PRESENTATION_STYLE_ASSIGNMENT((#1139));
#560=ADVANCED_FACE('',(#1140),#1141,.T.);
#561=PRESENTATION_STYLE_ASSIGNMENT((#1142));
#562=ADVANCED_FACE('',(#1143),#1144,.T.);
#563=PRESENTATION_STYLE_ASSIGNMENT((#1145));
#564=ADVANCED_FACE('',(#1146),#1147,.T.);
#565=PRESENTATION_STYLE_ASSIGNMENT((#1148));
#566=ADVANCED_FACE('',(#1149),#1150,.T.);
#567=PRESENTATION_STYLE_ASSIGNMENT((#1151));
#568=ADVANCED_FACE('',(#1152),#1153,.T.);
#569=PRESENTATION_STYLE_ASSIGNMENT((#1154));
#570=ADVANCED_FACE('',(#1155),#1156,.T.);
#571=PRESENTATION_STYLE_ASSIGNMENT((#1157));
#572=ADVANCED_FACE('',(#1158),#1159,.T.);
#573=PRESENTATION_STYLE_ASSIGNMENT((#1160));
#574=ADVANCED_FACE('',(#1161),#1162,.T.);
#575=PRESENTATION_STYLE_ASSIGNMENT((#1163));
#576=ADVANCED_FACE('',(#1164),#1165,.T.);
#577=PRESENTATION_STYLE_ASSIGNMENT((#1166));
#578=ADVANCED_FACE('',(#1167),#1168,.T.);
#579=PRESENTATION_STYLE_ASSIGNMENT((#1169));
#580=ADVANCED_FACE('',(#1170,#1171,#1172,#1173,#1174),#1175,.F.);
#581=PRODUCT('pcb_connector_310-87-104-41-001101','pcb_connector_310-87-104-41-001101','PART-pcb_connector_310-87-104-41-001101-DESC',(#1176));
#582=PRODUCT_DEFINITION('','NONE',#1177,#2);
#583=MANIFOLD_SOLID_BREP('pcb_connector_310-87-104-41-001101',#1178);
#584=AXIS2_PLACEMENT_3D('',#1179,#1180,#1181);
#587=LENGTH_MEASURE_WITH_UNIT(LENGTH_MEASURE(1.0),#1182);
#590=DIMENSIONAL_EXPONENTS(1.0,0.0,0.0,0.0,0.0,0.0,0.0);
#592=DIMENSIONAL_EXPONENTS(0.0,0.0,0.0,0.0,0.0,0.0,0.0);
#598=SURFACE_STYLE_USAGE(.BOTH.,#1183);
#599=FACE_OUTER_BOUND('',#1184,.T.);
#600=CONICAL_SURFACE('',#1185,0.565,0.785398163397448);
#601=SURFACE_STYLE_USAGE(.BOTH.,#1186);
#602=FACE_OUTER_BOUND('',#1187,.T.);
#603=TOROIDAL_SURFACE('',#1188,0.399999999999999,0.149999999999999);
#604=SURFACE_STYLE_USAGE(.BOTH.,#1189);
#605=FACE_OUTER_BOUND('',#1190,.T.);
#606=CYLINDRICAL_SURFACE('',#1191,0.25);
#607=SURFACE_STYLE_USAGE(.BOTH.,#1192);
#608=FACE_OUTER_BOUND('',#1193,.T.);
#609=TOROIDAL_SURFACE('',#1194,0.00499999999999901,0.245000000000001);
#610=SURFACE_STYLE_USAGE(.BOTH.,#1195);
#611=FACE_OUTER_BOUND('',#1196,.T.);
#612=CYLINDRICAL_SURFACE('',#1197,0.915);
#613=SURFACE_STYLE_USAGE(.BOTH.,#1198);
#614=FACE_OUTER_BOUND('',#1199,.T.);
#615=CYLINDRICAL_SURFACE('',#1200,0.665);
#616=SURFACE_STYLE_USAGE(.BOTH.,#1201);
#617=FACE_OUTER_BOUND('',#1202,.T.);
#618=CONICAL_SURFACE('',#1203,0.565,0.785398163397448);
#619=SURFACE_STYLE_USAGE(.BOTH.,#1204);
#620=FACE_OUTER_BOUND('',#1205,.T.);
#621=TOROIDAL_SURFACE('',#1206,0.399999999999999,0.149999999999999);
#622=SURFACE_STYLE_USAGE(.BOTH.,#1207);
#623=FACE_OUTER_BOUND('',#1208,.T.);
#624=CYLINDRICAL_SURFACE('',#1209,0.25);
#625=SURFACE_STYLE_USAGE(.BOTH.,#1210);
#626=FACE_OUTER_BOUND('',#1211,.T.);
#627=TOROIDAL_SURFACE('',#1212,0.00499999999999901,0.245000000000001);
#628=SURFACE_STYLE_USAGE(.BOTH.,#1213);
#629=FACE_OUTER_BOUND('',#1214,.T.);
#630=CYLINDRICAL_SURFACE('',#1215,0.915);
#631=SURFACE_STYLE_USAGE(.BOTH.,#1216);
#632=FACE_OUTER_BOUND('',#1217,.T.);
#633=CYLINDRICAL_SURFACE('',#1218,0.665);
#634=SURFACE_STYLE_USAGE(.BOTH.,#1219);
#635=FACE_OUTER_BOUND('',#1220,.T.);
#636=CONICAL_SURFACE('',#1221,0.565,0.785398163397448);
#637=SURFACE_STYLE_USAGE(.BOTH.,#1222);
#638=FACE_OUTER_BOUND('',#1223,.T.);
#639=TOROIDAL_SURFACE('',#1224,0.399999999999999,0.149999999999999);
#640=SURFACE_STYLE_USAGE(.BOTH.,#1225);
#641=FACE_OUTER_BOUND('',#1226,.T.);
#642=CYLINDRICAL_SURFACE('',#1227,0.25);
#643=SURFACE_STYLE_USAGE(.BOTH.,#1228);
#644=FACE_OUTER_BOUND('',#1229,.T.);
#645=TOROIDAL_SURFACE('',#1230,0.00499999999999901,0.245000000000001);
#646=SURFACE_STYLE_USAGE(.BOTH.,#1231);
#647=FACE_OUTER_BOUND('',#1232,.T.);
#648=CYLINDRICAL_SURFACE('',#1233,0.915);
#649=SURFACE_STYLE_USAGE(.BOTH.,#1234);
#650=FACE_OUTER_BOUND('',#1235,.T.);
#651=CYLINDRICAL_SURFACE('',#1236,0.665);
#652=SURFACE_STYLE_USAGE(.BOTH.,#1237);
#653=FACE_OUTER_BOUND('',#1238,.T.);
#654=CONICAL_SURFACE('',#1239,0.565,0.785398163397448);
#655=SURFACE_STYLE_USAGE(.BOTH.,#1240);
#656=FACE_OUTER_BOUND('',#1241,.T.);
#657=TOROIDAL_SURFACE('',#1242,0.399999999999999,0.149999999999999);
#658=SURFACE_STYLE_USAGE(.BOTH.,#1243);
#659=FACE_OUTER_BOUND('',#1244,.T.);
#660=CYLINDRICAL_SURFACE('',#1245,0.25);
#661=SURFACE_STYLE_USAGE(.BOTH.,#1246);
#662=FACE_OUTER_BOUND('',#1247,.T.);
#663=TOROIDAL_SURFACE('',#1248,0.00499999999999901,0.245000000000001);
#664=SURFACE_STYLE_USAGE(.BOTH.,#1249);
#665=FACE_OUTER_BOUND('',#1250,.T.);
#666=CYLINDRICAL_SURFACE('',#1251,0.915);
#667=SURFACE_STYLE_USAGE(.BOTH.,#1252);
#668=FACE_OUTER_BOUND('',#1253,.T.);
#669=CYLINDRICAL_SURFACE('',#1254,0.665);
#670=SURFACE_STYLE_USAGE(.BOTH.,#1255);
#671=FACE_OUTER_BOUND('',#1256,.T.);
#672=CYLINDRICAL_SURFACE('',#1257,0.775);
#673=SURFACE_STYLE_USAGE(.BOTH.,#1258);
#674=FACE_OUTER_BOUND('',#1259,.T.);
#675=CONICAL_SURFACE('',#1260,0.6625,0.785398163397448);
#676=SURFACE_STYLE_USAGE(.BOTH.,#1261);
#677=FACE_OUTER_BOUND('',#1262,.T.);
#678=CYLINDRICAL_SURFACE('',#1263,0.55);
#679=SURFACE_STYLE_USAGE(.BOTH.,#1264);
#680=FACE_OUTER_BOUND('',#1265,.T.);
#681=CONICAL_SURFACE('',#1266,0.43,0.61086523819802);
#682=SURFACE_STYLE_USAGE(.BOTH.,#1267);
#683=FACE_OUTER_BOUND('',#1268,.T.);
#684=CYLINDRICAL_SURFACE('',#1269,0.38);
#685=SURFACE_STYLE_USAGE(.BOTH.,#1270);
#686=FACE_OUTER_BOUND('',#1271,.T.);
#687=CONICAL_SURFACE('',#1272,0.245045285200405,0.187802820516009);
#688=SURFACE_STYLE_USAGE(.BOTH.,#1273);
#689=FACE_OUTER_BOUND('',#1274,.T.);
#690=CONICAL_SURFACE('',#1275,0.111692636000165,0.0619386574665895);
#691=SURFACE_STYLE_USAGE(.BOTH.,#1276);
#692=FACE_OUTER_BOUND('',#1277,.T.);
#693=CONICAL_SURFACE('',#1278,0.194937796442435,1.37093559646248);
#694=SURFACE_STYLE_USAGE(.BOTH.,#1279);
#695=FACE_OUTER_BOUND('',#1280,.T.);
#696=CONICAL_SURFACE('',#1281,0.413290445642675,0.187937770541366);
#697=SURFACE_STYLE_USAGE(.BOTH.,#1282);
#698=FACE_OUTER_BOUND('',#1283,.T.);
#699=CYLINDRICAL_SURFACE('',#1284,0.55);
#700=SURFACE_STYLE_USAGE(.BOTH.,#1285);
#701=FACE_OUTER_BOUND('',#1286,.T.);
#702=CONICAL_SURFACE('',#1287,0.275,1.04719755119659);
#703=SURFACE_STYLE_USAGE(.BOTH.,#1288);
#704=FACE_OUTER_BOUND('',#1289,.T.);
#705=CYLINDRICAL_SURFACE('',#1290,0.775);
#706=SURFACE_STYLE_USAGE(.BOTH.,#1291);
#707=FACE_OUTER_BOUND('',#1292,.T.);
#708=CONICAL_SURFACE('',#1293,0.6625,0.785398163397448);
#709=SURFACE_STYLE_USAGE(.BOTH.,#1294);
#710=FACE_OUTER_BOUND('',#1295,.T.);
#711=CYLINDRICAL_SURFACE('',#1296,0.55);
#712=SURFACE_STYLE_USAGE(.BOTH.,#1297);
#713=FACE_OUTER_BOUND('',#1298,.T.);
#714=CONICAL_SURFACE('',#1299,0.43,0.61086523819802);
#715=SURFACE_STYLE_USAGE(.BOTH.,#1300);
#716=FACE_OUTER_BOUND('',#1301,.T.);
#717=CYLINDRICAL_SURFACE('',#1302,0.38);
#718=SURFACE_STYLE_USAGE(.BOTH.,#1303);
#719=FACE_OUTER_BOUND('',#1304,.T.);
#720=CONICAL_SURFACE('',#1305,0.245045285200405,0.187802820516009);
#721=SURFACE_STYLE_USAGE(.BOTH.,#1306);
#722=FACE_OUTER_BOUND('',#1307,.T.);
#723=CONICAL_SURFACE('',#1308,0.111692636000165,0.0619386574665895);
#724=SURFACE_STYLE_USAGE(.BOTH.,#1309);
#725=FACE_OUTER_BOUND('',#1310,.T.);
#726=CONICAL_SURFACE('',#1311,0.194937796442435,1.37093559646248);
#727=SURFACE_STYLE_USAGE(.BOTH.,#1312);
#728=FACE_OUTER_BOUND('',#1313,.T.);
#729=CONICAL_SURFACE('',#1314,0.413290445642675,0.187937770541366);
#730=SURFACE_STYLE_USAGE(.BOTH.,#1315);
#731=FACE_OUTER_BOUND('',#1316,.T.);
#732=CYLINDRICAL_SURFACE('',#1317,0.55);
#733=SURFACE_STYLE_USAGE(.BOTH.,#1318);
#734=FACE_OUTER_BOUND('',#1319,.T.);
#735=CONICAL_SURFACE('',#1320,0.275,1.04719755119659);
#736=SURFACE_STYLE_USAGE(.BOTH.,#1321);
#737=FACE_OUTER_BOUND('',#1322,.T.);
#738=CYLINDRICAL_SURFACE('',#1323,0.775);
#739=SURFACE_STYLE_USAGE(.BOTH.,#1324);
#740=FACE_OUTER_BOUND('',#1325,.T.);
#741=CONICAL_SURFACE('',#1326,0.6625,0.785398163397448);
#742=SURFACE_STYLE_USAGE(.BOTH.,#1327);
#743=FACE_OUTER_BOUND('',#1328,.T.);
#744=CYLINDRICAL_SURFACE('',#1329,0.55);
#745=SURFACE_STYLE_USAGE(.BOTH.,#1330);
#746=FACE_OUTER_BOUND('',#1331,.T.);
#747=CONICAL_SURFACE('',#1332,0.43,0.61086523819802);
#748=SURFACE_STYLE_USAGE(.BOTH.,#1333);
#749=FACE_OUTER_BOUND('',#1334,.T.);
#750=CYLINDRICAL_SURFACE('',#1335,0.38);
#751=SURFACE_STYLE_USAGE(.BOTH.,#1336);
#752=FACE_OUTER_BOUND('',#1337,.T.);
#753=CONICAL_SURFACE('',#1338,0.245045285200405,0.187802820516009);
#754=SURFACE_STYLE_USAGE(.BOTH.,#1339);
#755=FACE_OUTER_BOUND('',#1340,.T.);
#756=CONICAL_SURFACE('',#1341,0.111692636000165,0.0619386574665895);
#757=SURFACE_STYLE_USAGE(.BOTH.,#1342);
#758=FACE_OUTER_BOUND('',#1343,.T.);
#759=CONICAL_SURFACE('',#1344,0.194937796442435,1.37093559646248);
#760=SURFACE_STYLE_USAGE(.BOTH.,#1345);
#761=FACE_OUTER_BOUND('',#1346,.T.);
#762=CONICAL_SURFACE('',#1347,0.413290445642675,0.187937770541366);
#763=SURFACE_STYLE_USAGE(.BOTH.,#1348);
#764=FACE_OUTER_BOUND('',#1349,.T.);
#765=CYLINDRICAL_SURFACE('',#1350,0.55);
#766=SURFACE_STYLE_USAGE(.BOTH.,#1351);
#767=FACE_OUTER_BOUND('',#1352,.T.);
#768=CONICAL_SURFACE('',#1353,0.275,1.04719755119659);
#769=SURFACE_STYLE_USAGE(.BOTH.,#1354);
#770=FACE_OUTER_BOUND('',#1355,.T.);
#771=CYLINDRICAL_SURFACE('',#1356,0.775);
#772=SURFACE_STYLE_USAGE(.BOTH.,#1357);
#773=FACE_OUTER_BOUND('',#1358,.T.);
#774=CONICAL_SURFACE('',#1359,0.6625,0.785398163397448);
#775=SURFACE_STYLE_USAGE(.BOTH.,#1360);
#776=FACE_OUTER_BOUND('',#1361,.T.);
#777=CYLINDRICAL_SURFACE('',#1362,0.55);
#778=SURFACE_STYLE_USAGE(.BOTH.,#1363);
#779=FACE_OUTER_BOUND('',#1364,.T.);
#780=CONICAL_SURFACE('',#1365,0.43,0.61086523819802);
#781=SURFACE_STYLE_USAGE(.BOTH.,#1366);
#782=FACE_OUTER_BOUND('',#1367,.T.);
#783=CYLINDRICAL_SURFACE('',#1368,0.38);
#784=SURFACE_STYLE_USAGE(.BOTH.,#1369);
#785=FACE_OUTER_BOUND('',#1370,.T.);
#786=CONICAL_SURFACE('',#1371,0.245045285200405,0.187802820516009);
#787=SURFACE_STYLE_USAGE(.BOTH.,#1372);
#788=FACE_OUTER_BOUND('',#1373,.T.);
#789=CONICAL_SURFACE('',#1374,0.111692636000165,0.0619386574665895);
#790=SURFACE_STYLE_USAGE(.BOTH.,#1375);
#791=FACE_OUTER_BOUND('',#1376,.T.);
#792=CONICAL_SURFACE('',#1377,0.194937796442435,1.37093559646248);
#793=SURFACE_STYLE_USAGE(.BOTH.,#1378);
#794=FACE_OUTER_BOUND('',#1379,.T.);
#795=CONICAL_SURFACE('',#1380,0.413290445642675,0.187937770541366);
#796=SURFACE_STYLE_USAGE(.BOTH.,#1381);
#797=FACE_OUTER_BOUND('',#1382,.T.);
#798=CYLINDRICAL_SURFACE('',#1383,0.55);
#799=SURFACE_STYLE_USAGE(.BOTH.,#1384);
#800=FACE_OUTER_BOUND('',#1385,.T.);
#801=CONICAL_SURFACE('',#1386,0.275,1.04719755119659);
#802=SURFACE_STYLE_USAGE(.BOTH.,#1387);
#803=FACE_OUTER_BOUND('',#1388,.T.);
#804=CONICAL_SURFACE('',#1389,0.275,1.04719755119659);
#805=SURFACE_STYLE_USAGE(.BOTH.,#1390);
#806=FACE_OUTER_BOUND('',#1391,.T.);
#807=CYLINDRICAL_SURFACE('',#1392,0.55);
#808=SURFACE_STYLE_USAGE(.BOTH.,#1393);
#809=FACE_OUTER_BOUND('',#1394,.T.);
#810=CONICAL_SURFACE('',#1395,0.413290445642675,0.187937770541366);
#811=SURFACE_STYLE_USAGE(.BOTH.,#1396);
#812=FACE_OUTER_BOUND('',#1397,.T.);
#813=CONICAL_SURFACE('',#1398,0.194937796442435,1.37093559646248);
#814=SURFACE_STYLE_USAGE(.BOTH.,#1399);
#815=FACE_OUTER_BOUND('',#1400,.T.);
#816=CONICAL_SURFACE('',#1401,0.111692636000165,0.0619386574665895);
#817=SURFACE_STYLE_USAGE(.BOTH.,#1402);
#818=FACE_OUTER_BOUND('',#1403,.T.);
#819=CONICAL_SURFACE('',#1404,0.245045285200405,0.187802820516009);
#820=SURFACE_STYLE_USAGE(.BOTH.,#1405);
#821=FACE_OUTER_BOUND('',#1406,.T.);
#822=CYLINDRICAL_SURFACE('',#1407,0.38);
#823=SURFACE_STYLE_USAGE(.BOTH.,#1408);
#824=FACE_OUTER_BOUND('',#1409,.T.);
#825=CONICAL_SURFACE('',#1410,0.43,0.61086523819802);
#826=SURFACE_STYLE_USAGE(.BOTH.,#1411);
#827=FACE_OUTER_BOUND('',#1412,.T.);
#828=FACE_BOUND('',#1413,.T.);
#829=PLANE('',#1414);
#830=SURFACE_STYLE_USAGE(.BOTH.,#1415);
#831=FACE_OUTER_BOUND('',#1416,.T.);
#832=CYLINDRICAL_SURFACE('',#1417,0.55);
#833=SURFACE_STYLE_USAGE(.BOTH.,#1418);
#834=FACE_OUTER_BOUND('',#1419,.T.);
#835=CONICAL_SURFACE('',#1420,0.6625,0.785398163397448);
#836=SURFACE_STYLE_USAGE(.BOTH.,#1421);
#837=FACE_OUTER_BOUND('',#1422,.T.);
#838=CYLINDRICAL_SURFACE('',#1423,0.775);
#839=SURFACE_STYLE_USAGE(.BOTH.,#1424);
#840=FACE_OUTER_BOUND('',#1425,.T.);
#841=CONICAL_SURFACE('',#1426,0.275,1.04719755119659);
#842=SURFACE_STYLE_USAGE(.BOTH.,#1427);
#843=FACE_OUTER_BOUND('',#1428,.T.);
#844=CYLINDRICAL_SURFACE('',#1429,0.55);
#845=SURFACE_STYLE_USAGE(.BOTH.,#1430);
#846=FACE_OUTER_BOUND('',#1431,.T.);
#847=CONICAL_SURFACE('',#1432,0.413290445642675,0.187937770541366);
#848=SURFACE_STYLE_USAGE(.BOTH.,#1433);
#849=FACE_OUTER_BOUND('',#1434,.T.);
#850=CONICAL_SURFACE('',#1435,0.194937796442435,1.37093559646248);
#851=SURFACE_STYLE_USAGE(.BOTH.,#1436);
#852=FACE_OUTER_BOUND('',#1437,.T.);
#853=CONICAL_SURFACE('',#1438,0.111692636000165,0.0619386574665895);
#854=SURFACE_STYLE_USAGE(.BOTH.,#1439);
#855=FACE_OUTER_BOUND('',#1440,.T.);
#856=CONICAL_SURFACE('',#1441,0.245045285200405,0.187802820516009);
#857=SURFACE_STYLE_USAGE(.BOTH.,#1442);
#858=FACE_OUTER_BOUND('',#1443,.T.);
#859=CYLINDRICAL_SURFACE('',#1444,0.38);
#860=SURFACE_STYLE_USAGE(.BOTH.,#1445);
#861=FACE_OUTER_BOUND('',#1446,.T.);
#862=CONICAL_SURFACE('',#1447,0.43,0.61086523819802);
#863=SURFACE_STYLE_USAGE(.BOTH.,#1448);
#864=FACE_OUTER_BOUND('',#1449,.T.);
#865=FACE_BOUND('',#1450,.T.);
#866=PLANE('',#1451);
#867=SURFACE_STYLE_USAGE(.BOTH.,#1452);
#868=FACE_OUTER_BOUND('',#1453,.T.);
#869=CYLINDRICAL_SURFACE('',#1454,0.55);
#870=SURFACE_STYLE_USAGE(.BOTH.,#1455);
#871=FACE_OUTER_BOUND('',#1456,.T.);
#872=CONICAL_SURFACE('',#1457,0.6625,0.785398163397448);
#873=SURFACE_STYLE_USAGE(.BOTH.,#1458);
#874=FACE_OUTER_BOUND('',#1459,.T.);
#875=CYLINDRICAL_SURFACE('',#1460,0.775);
#876=SURFACE_STYLE_USAGE(.BOTH.,#1461);
#877=FACE_OUTER_BOUND('',#1462,.T.);
#878=CONICAL_SURFACE('',#1463,0.275,1.04719755119659);
#879=SURFACE_STYLE_USAGE(.BOTH.,#1464);
#880=FACE_OUTER_BOUND('',#1465,.T.);
#881=CYLINDRICAL_SURFACE('',#1466,0.55);
#882=SURFACE_STYLE_USAGE(.BOTH.,#1467);
#883=FACE_OUTER_BOUND('',#1468,.T.);
#884=CONICAL_SURFACE('',#1469,0.413290445642675,0.187937770541366);
#885=SURFACE_STYLE_USAGE(.BOTH.,#1470);
#886=FACE_OUTER_BOUND('',#1471,.T.);
#887=CONICAL_SURFACE('',#1472,0.194937796442435,1.37093559646248);
#888=SURFACE_STYLE_USAGE(.BOTH.,#1473);
#889=FACE_OUTER_BOUND('',#1474,.T.);
#890=CONICAL_SURFACE('',#1475,0.111692636000165,0.0619386574665895);
#891=SURFACE_STYLE_USAGE(.BOTH.,#1476);
#892=FACE_OUTER_BOUND('',#1477,.T.);
#893=CONICAL_SURFACE('',#1478,0.245045285200405,0.187802820516009);
#894=SURFACE_STYLE_USAGE(.BOTH.,#1479);
#895=FACE_OUTER_BOUND('',#1480,.T.);
#896=CYLINDRICAL_SURFACE('',#1481,0.38);
#897=SURFACE_STYLE_USAGE(.BOTH.,#1482);
#898=FACE_OUTER_BOUND('',#1483,.T.);
#899=CONICAL_SURFACE('',#1484,0.43,0.61086523819802);
#900=SURFACE_STYLE_USAGE(.BOTH.,#1485);
#901=FACE_OUTER_BOUND('',#1486,.T.);
#902=FACE_BOUND('',#1487,.T.);
#903=PLANE('',#1488);
#904=SURFACE_STYLE_USAGE(.BOTH.,#1489);
#905=FACE_OUTER_BOUND('',#1490,.T.);
#906=CYLINDRICAL_SURFACE('',#1491,0.55);
#907=SURFACE_STYLE_USAGE(.BOTH.,#1492);
#908=FACE_OUTER_BOUND('',#1493,.T.);
#909=CONICAL_SURFACE('',#1494,0.6625,0.785398163397448);
#910=SURFACE_STYLE_USAGE(.BOTH.,#1495);
#911=FACE_OUTER_BOUND('',#1496,.T.);
#912=CYLINDRICAL_SURFACE('',#1497,0.775);
#913=SURFACE_STYLE_USAGE(.BOTH.,#1498);
#914=FACE_OUTER_BOUND('',#1499,.T.);
#915=CONICAL_SURFACE('',#1500,0.275,1.04719755119659);
#916=SURFACE_STYLE_USAGE(.BOTH.,#1501);
#917=FACE_OUTER_BOUND('',#1502,.T.);
#918=CYLINDRICAL_SURFACE('',#1503,0.55);
#919=SURFACE_STYLE_USAGE(.BOTH.,#1504);
#920=FACE_OUTER_BOUND('',#1505,.T.);
#921=CONICAL_SURFACE('',#1506,0.413290445642675,0.187937770541366);
#922=SURFACE_STYLE_USAGE(.BOTH.,#1507);
#923=FACE_OUTER_BOUND('',#1508,.T.);
#924=CONICAL_SURFACE('',#1509,0.194937796442435,1.37093559646248);
#925=SURFACE_STYLE_USAGE(.BOTH.,#1510);
#926=FACE_OUTER_BOUND('',#1511,.T.);
#927=CONICAL_SURFACE('',#1512,0.111692636000165,0.0619386574665895);
#928=SURFACE_STYLE_USAGE(.BOTH.,#1513);
#929=FACE_OUTER_BOUND('',#1514,.T.);
#930=CONICAL_SURFACE('',#1515,0.245045285200405,0.187802820516009);
#931=SURFACE_STYLE_USAGE(.BOTH.,#1516);
#932=FACE_OUTER_BOUND('',#1517,.T.);
#933=CYLINDRICAL_SURFACE('',#1518,0.38);
#934=SURFACE_STYLE_USAGE(.BOTH.,#1519);
#935=FACE_OUTER_BOUND('',#1520,.T.);
#936=CONICAL_SURFACE('',#1521,0.43,0.61086523819802);
#937=SURFACE_STYLE_USAGE(.BOTH.,#1522);
#938=FACE_OUTER_BOUND('',#1523,.T.);
#939=FACE_BOUND('',#1524,.T.);
#940=PLANE('',#1525);
#941=SURFACE_STYLE_USAGE(.BOTH.,#1526);
#942=FACE_OUTER_BOUND('',#1527,.T.);
#943=CYLINDRICAL_SURFACE('',#1528,0.55);
#944=SURFACE_STYLE_USAGE(.BOTH.,#1529);
#945=FACE_OUTER_BOUND('',#1530,.T.);
#946=CONICAL_SURFACE('',#1531,0.6625,0.785398163397448);
#947=SURFACE_STYLE_USAGE(.BOTH.,#1532);
#948=FACE_OUTER_BOUND('',#1533,.T.);
#949=CYLINDRICAL_SURFACE('',#1534,0.775);
#950=SURFACE_STYLE_USAGE(.BOTH.,#1535);
#951=FACE_OUTER_BOUND('',#1536,.T.);
#952=CYLINDRICAL_SURFACE('',#1537,0.665);
#953=SURFACE_STYLE_USAGE(.BOTH.,#1538);
#954=FACE_OUTER_BOUND('',#1539,.T.);
#955=CYLINDRICAL_SURFACE('',#1540,0.915);
#956=SURFACE_STYLE_USAGE(.BOTH.,#1541);
#957=FACE_OUTER_BOUND('',#1542,.T.);
#958=PLANE('',#1543);
#959=SURFACE_STYLE_USAGE(.BOTH.,#1544);
#960=FACE_OUTER_BOUND('',#1545,.T.);
#961=TOROIDAL_SURFACE('',#1546,0.00499999999999901,0.245000000000001);
#962=SURFACE_STYLE_USAGE(.BOTH.,#1547);
#963=FACE_OUTER_BOUND('',#1548,.T.);
#964=CYLINDRICAL_SURFACE('',#1549,0.25);
#965=SURFACE_STYLE_USAGE(.BOTH.,#1550);
#966=FACE_OUTER_BOUND('',#1551,.T.);
#967=TOROIDAL_SURFACE('',#1552,0.399999999999999,0.149999999999999);
#968=SURFACE_STYLE_USAGE(.BOTH.,#1553);
#969=FACE_OUTER_BOUND('',#1554,.T.);
#970=FACE_BOUND('',#1555,.T.);
#971=PLANE('',#1556);
#972=SURFACE_STYLE_USAGE(.BOTH.,#1557);
#973=FACE_OUTER_BOUND('',#1558,.T.);
#974=CONICAL_SURFACE('',#1559,0.565,0.785398163397448);
#975=SURFACE_STYLE_USAGE(.BOTH.,#1560);
#976=FACE_BOUND('',#1561,.T.);
#977=FACE_OUTER_BOUND('',#1562,.T.);
#978=PLANE('',#1563);
#979=SURFACE_STYLE_USAGE(.BOTH.,#1564);
#980=FACE_OUTER_BOUND('',#1565,.T.);
#981=CYLINDRICAL_SURFACE('',#1566,0.665);
#982=SURFACE_STYLE_USAGE(.BOTH.,#1567);
#983=FACE_OUTER_BOUND('',#1568,.T.);
#984=CYLINDRICAL_SURFACE('',#1569,0.915);
#985=SURFACE_STYLE_USAGE(.BOTH.,#1570);
#986=FACE_OUTER_BOUND('',#1571,.T.);
#987=PLANE('',#1572);
#988=SURFACE_STYLE_USAGE(.BOTH.,#1573);
#989=FACE_OUTER_BOUND('',#1574,.T.);
#990=TOROIDAL_SURFACE('',#1575,0.00499999999999901,0.245000000000001);
#991=SURFACE_STYLE_USAGE(.BOTH.,#1576);
#992=FACE_OUTER_BOUND('',#1577,.T.);
#993=CYLINDRICAL_SURFACE('',#1578,0.25);
#994=SURFACE_STYLE_USAGE(.BOTH.,#1579);
#995=FACE_OUTER_BOUND('',#1580,.T.);
#996=TOROIDAL_SURFACE('',#1581,0.399999999999999,0.149999999999999);
#997=SURFACE_STYLE_USAGE(.BOTH.,#1582);
#998=FACE_OUTER_BOUND('',#1583,.T.);
#999=FACE_BOUND('',#1584,.T.);
#1000=PLANE('',#1585);
#1001=SURFACE_STYLE_USAGE(.BOTH.,#1586);
#1002=FACE_OUTER_BOUND('',#1587,.T.);
#1003=CONICAL_SURFACE('',#1588,0.565,0.785398163397448);
#1004=SURFACE_STYLE_USAGE(.BOTH.,#1589);
#1005=FACE_BOUND('',#1590,.T.);
#1006=FACE_OUTER_BOUND('',#1591,.T.);
#1007=PLANE('',#1592);
#1008=SURFACE_STYLE_USAGE(.BOTH.,#1593);
#1009=FACE_OUTER_BOUND('',#1594,.T.);
#1010=CYLINDRICAL_SURFACE('',#1595,0.665);
#1011=SURFACE_STYLE_USAGE(.BOTH.,#1596);
#1012=FACE_OUTER_BOUND('',#1597,.T.);
#1013=CYLINDRICAL_SURFACE('',#1598,0.915);
#1014=SURFACE_STYLE_USAGE(.BOTH.,#1599);
#1015=FACE_OUTER_BOUND('',#1600,.T.);
#1016=PLANE('',#1601);
#1017=SURFACE_STYLE_USAGE(.BOTH.,#1602);
#1018=FACE_OUTER_BOUND('',#1603,.T.);
#1019=TOROIDAL_SURFACE('',#1604,0.00499999999999901,0.245000000000001);
#1020=SURFACE_STYLE_USAGE(.BOTH.,#1605);
#1021=FACE_OUTER_BOUND('',#1606,.T.);
#1022=CYLINDRICAL_SURFACE('',#1607,0.25);
#1023=SURFACE_STYLE_USAGE(.BOTH.,#1608);
#1024=FACE_OUTER_BOUND('',#1609,.T.);
#1025=TOROIDAL_SURFACE('',#1610,0.399999999999999,0.149999999999999);
#1026=SURFACE_STYLE_USAGE(.BOTH.,#1611);
#1027=FACE_OUTER_BOUND('',#1612,.T.);
#1028=FACE_BOUND('',#1613,.T.);
#1029=PLANE('',#1614);
#1030=SURFACE_STYLE_USAGE(.BOTH.,#1615);
#1031=FACE_OUTER_BOUND('',#1616,.T.);
#1032=CONICAL_SURFACE('',#1617,0.565,0.785398163397448);
#1033=SURFACE_STYLE_USAGE(.BOTH.,#1618);
#1034=FACE_BOUND('',#1619,.T.);
#1035=FACE_OUTER_BOUND('',#1620,.T.);
#1036=PLANE('',#1621);
#1037=SURFACE_STYLE_USAGE(.BOTH.,#1622);
#1038=FACE_OUTER_BOUND('',#1623,.T.);
#1039=CYLINDRICAL_SURFACE('',#1624,0.665);
#1040=SURFACE_STYLE_USAGE(.BOTH.,#1625);
#1041=FACE_OUTER_BOUND('',#1626,.T.);
#1042=CYLINDRICAL_SURFACE('',#1627,0.915);
#1043=SURFACE_STYLE_USAGE(.BOTH.,#1628);
#1044=FACE_OUTER_BOUND('',#1629,.T.);
#1045=PLANE('',#1630);
#1046=SURFACE_STYLE_USAGE(.BOTH.,#1631);
#1047=FACE_OUTER_BOUND('',#1632,.T.);
#1048=TOROIDAL_SURFACE('',#1633,0.00499999999999901,0.245000000000001);
#1049=SURFACE_STYLE_USAGE(.BOTH.,#1634);
#1050=FACE_OUTER_BOUND('',#1635,.T.);
#1051=CYLINDRICAL_SURFACE('',#1636,0.25);
#1052=SURFACE_STYLE_USAGE(.BOTH.,#1637);
#1053=FACE_OUTER_BOUND('',#1638,.T.);
#1054=TOROIDAL_SURFACE('',#1639,0.399999999999999,0.149999999999999);
#1055=SURFACE_STYLE_USAGE(.BOTH.,#1640);
#1056=FACE_OUTER_BOUND('',#1641,.T.);
#1057=FACE_BOUND('',#1642,.T.);
#1058=PLANE('',#1643);
#1059=SURFACE_STYLE_USAGE(.BOTH.,#1644);
#1060=FACE_OUTER_BOUND('',#1645,.T.);
#1061=CONICAL_SURFACE('',#1646,0.565,0.785398163397448);
#1062=SURFACE_STYLE_USAGE(.BOTH.,#1647);
#1063=FACE_BOUND('',#1648,.T.);
#1064=FACE_OUTER_BOUND('',#1649,.T.);
#1065=PLANE('',#1650);
#1066=SURFACE_STYLE_USAGE(.BOTH.,#1651);
#1067=FACE_OUTER_BOUND('',#1652,.T.);
#1068=PLANE('',#1653);
#1069=SURFACE_STYLE_USAGE(.BOTH.,#1654);
#1070=FACE_OUTER_BOUND('',#1655,.T.);
#1071=PLANE('',#1656);
#1072=SURFACE_STYLE_USAGE(.BOTH.,#1657);
#1073=FACE_OUTER_BOUND('',#1658,.T.);
#1074=PLANE('',#1659);
#1075=SURFACE_STYLE_USAGE(.BOTH.,#1660);
#1076=FACE_OUTER_BOUND('',#1661,.T.);
#1077=PLANE('',#1662);
#1078=SURFACE_STYLE_USAGE(.BOTH.,#1663);
#1079=FACE_OUTER_BOUND('',#1664,.T.);
#1080=PLANE('',#1665);
#1081=SURFACE_STYLE_USAGE(.BOTH.,#1666);
#1082=FACE_OUTER_BOUND('',#1667,.T.);
#1083=PLANE('',#1668);
#1084=SURFACE_STYLE_USAGE(.BOTH.,#1669);
#1085=FACE_OUTER_BOUND('',#1670,.T.);
#1086=PLANE('',#1671);
#1087=SURFACE_STYLE_USAGE(.BOTH.,#1672);
#1088=FACE_OUTER_BOUND('',#1673,.T.);
#1089=PLANE('',#1674);
#1090=SURFACE_STYLE_USAGE(.BOTH.,#1675);
#1091=FACE_OUTER_BOUND('',#1676,.T.);
#1092=PLANE('',#1677);
#1093=SURFACE_STYLE_USAGE(.BOTH.,#1678);
#1094=FACE_BOUND('',#1679,.T.);
#1095=FACE_BOUND('',#1680,.T.);
#1096=FACE_BOUND('',#1681,.T.);
#1097=FACE_BOUND('',#1682,.T.);
#1098=FACE_OUTER_BOUND('',#1683,.T.);
#1099=PLANE('',#1684);
#1100=SURFACE_STYLE_USAGE(.BOTH.,#1685);
#1101=FACE_OUTER_BOUND('',#1686,.T.);
#1102=PLANE('',#1687);
#1103=SURFACE_STYLE_USAGE(.BOTH.,#1688);
#1104=FACE_OUTER_BOUND('',#1689,.T.);
#1105=PLANE('',#1690);
#1106=SURFACE_STYLE_USAGE(.BOTH.,#1691);
#1107=FACE_OUTER_BOUND('',#1692,.T.);
#1108=PLANE('',#1693);
#1109=SURFACE_STYLE_USAGE(.BOTH.,#1694);
#1110=FACE_OUTER_BOUND('',#1695,.T.);
#1111=PLANE('',#1696);
#1112=SURFACE_STYLE_USAGE(.BOTH.,#1697);
#1113=FACE_OUTER_BOUND('',#1698,.T.);
#1114=PLANE('',#1699);
#1115=SURFACE_STYLE_USAGE(.BOTH.,#1700);
#1116=FACE_OUTER_BOUND('',#1701,.T.);
#1117=PLANE('',#1702);
#1118=SURFACE_STYLE_USAGE(.BOTH.,#1703);
#1119=FACE_OUTER_BOUND('',#1704,.T.);
#1120=PLANE('',#1705);
#1121=SURFACE_STYLE_USAGE(.BOTH.,#1706);
#1122=FACE_OUTER_BOUND('',#1707,.T.);
#1123=PLANE('',#1708);
#1124=SURFACE_STYLE_USAGE(.BOTH.,#1709);
#1125=FACE_OUTER_BOUND('',#1710,.T.);
#1126=PLANE('',#1711);
#1127=SURFACE_STYLE_USAGE(.BOTH.,#1712);
#1128=FACE_OUTER_BOUND('',#1713,.T.);
#1129=PLANE('',#1714);
#1130=SURFACE_STYLE_USAGE(.BOTH.,#1715);
#1131=FACE_OUTER_BOUND('',#1716,.T.);
#1132=PLANE('',#1717);
#1133=SURFACE_STYLE_USAGE(.BOTH.,#1718);
#1134=FACE_OUTER_BOUND('',#1719,.T.);
#1135=PLANE('',#1720);
#1136=SURFACE_STYLE_USAGE(.BOTH.,#1721);
#1137=FACE_OUTER_BOUND('',#1722,.T.);
#1138=PLANE('',#1723);
#1139=SURFACE_STYLE_USAGE(.BOTH.,#1724);
#1140=FACE_OUTER_BOUND('',#1725,.T.);
#1141=PLANE('',#1726);
#1142=SURFACE_STYLE_USAGE(.BOTH.,#1727);
#1143=FACE_OUTER_BOUND('',#1728,.T.);
#1144=PLANE('',#1729);
#1145=SURFACE_STYLE_USAGE(.BOTH.,#1730);
#1146=FACE_OUTER_BOUND('',#1731,.T.);
#1147=PLANE('',#1732);
#1148=SURFACE_STYLE_USAGE(.BOTH.,#1733);
#1149=FACE_OUTER_BOUND('',#1734,.T.);
#1150=PLANE('',#1735);
#1151=SURFACE_STYLE_USAGE(.BOTH.,#1736);
#1152=FACE_OUTER_BOUND('',#1737,.T.);
#1153=PLANE('',#1738);
#1154=SURFACE_STYLE_USAGE(.BOTH.,#1739);
#1155=FACE_OUTER_BOUND('',#1740,.T.);
#1156=PLANE('',#1741);
#1157=SURFACE_STYLE_USAGE(.BOTH.,#1742);
#1158=FACE_OUTER_BOUND('',#1743,.T.);
#1159=PLANE('',#1744);
#1160=SURFACE_STYLE_USAGE(.BOTH.,#1745);
#1161=FACE_OUTER_BOUND('',#1746,.T.);
#1162=PLANE('',#1747);
#1163=SURFACE_STYLE_USAGE(.BOTH.,#1748);
#1164=FACE_OUTER_BOUND('',#1749,.T.);
#1165=PLANE('',#1750);
#1166=SURFACE_STYLE_USAGE(.BOTH.,#1751);
#1167=FACE_OUTER_BOUND('',#1752,.T.);
#1168=PLANE('',#1753);
#1169=SURFACE_STYLE_USAGE(.BOTH.,#1754);
#1170=FACE_BOUND('',#1755,.T.);
#1171=FACE_BOUND('',#1756,.T.);
#1172=FACE_BOUND('',#1757,.T.);
#1173=FACE_BOUND('',#1758,.T.);
#1174=FACE_OUTER_BOUND('',#1759,.T.);
#1175=PLANE('',#1760);
#1176=PRODUCT_CONTEXT('',#196,'mechanical');
#1177=PRODUCT_DEFINITION_FORMATION_WITH_SPECIFIED_SOURCE(' ','NONE',#581,.NOT_KNOWN.);
#1178=CLOSED_SHELL('',(#210,#212,#214,#216,#218,#220,#222,#224,#226,#228,#230,#232,#234,#236,#238,#240,#242,#244,#246,#248,#250,#252,#254,#256,#258,#260,#262,#264,#266,#268,#270,#272,#274,#276,#278,#280,#282,#284,#286,#288,#290,#292,#294,#296,#298,#300,#302,#304,#306,#308,#310,#312,#314,#316,#318,#320,#322,#324,#326,#328,#330,#332,#334,#336,#338,#340,#342,#344,#346,#348,#350,#352,#354,#356,#358,#360,#362,#364,#366,#368,#370,#372,#374,#376,#378,#380,#382,#384,#386,#388,#390,#392,#394,#396,#398,#400,#402,#404,#406,#408,#410,#412,#414,#416,#418,#420,#422,#424,#426,#428,#430,#432,#434,#436,#438,#440,#442,#444,#446,#448,#450,#452,#454,#456,#458,#460,#462,#464,#466,#468,#470,#472,#474,#476,#478,#480,#482,#484,#486,#488,#490,#492,#494,#496,#498,#500,#502,#504,#506,#508,#510,#512,#514,#516,#518,#520,#522,#524,#526,#528,#530,#532,#534,#536,#538,#540,#542,#544,#546,#548,#550,#552,#554,#556,#558,#560,#562,#564,#566,#568,#570,#572,#574,#576,#578,#580));
#1179=CARTESIAN_POINT('',(0.0,0.0,0.0));
#1180=DIRECTION('',(0.0,0.0,1.0));
#1181=DIRECTION('',(1.0,0.0,0.0));
#1182= (NAMED_UNIT(#590)LENGTH_UNIT()SI_UNIT(.MILLI.,.METRE.));
#1183=SURFACE_SIDE_STYLE('',(#1762));
#1184=EDGE_LOOP('',(#1763,#1764,#1765,#1766));
#1185=AXIS2_PLACEMENT_3D('',#1767,#1768,#1769);
#1186=SURFACE_SIDE_STYLE('',(#1770));
#1187=EDGE_LOOP('',(#1771,#1772,#1773,#1774,#1775));
#1188=AXIS2_PLACEMENT_3D('',#1776,#1777,#1778);
#1189=SURFACE_SIDE_STYLE('',(#1779));
#1190=EDGE_LOOP('',(#1780,#1781,#1782,#1783,#1784,#1785));
#1191=AXIS2_PLACEMENT_3D('',#1786,#1787,#1788);
#1192=SURFACE_SIDE_STYLE('',(#1789));
#1193=EDGE_LOOP('',(#1790,#1791,#1792,#1793,#1794,#1795));
#1194=AXIS2_PLACEMENT_3D('',#1796,#1797,#1798);
#1195=SURFACE_SIDE_STYLE('',(#1799));
#1196=EDGE_LOOP('',(#1800,#1801,#1802,#1803));
#1197=AXIS2_PLACEMENT_3D('',#1804,#1805,#1806);
#1198=SURFACE_SIDE_STYLE('',(#1807));
#1199=EDGE_LOOP('',(#1808,#1809,#1810,#1811));
#1200=AXIS2_PLACEMENT_3D('',#1812,#1813,#1814);
#1201=SURFACE_SIDE_STYLE('',(#1815));
#1202=EDGE_LOOP('',(#1816,#1817,#1818,#1819));
#1203=AXIS2_PLACEMENT_3D('',#1820,#1821,#1822);
#1204=SURFACE_SIDE_STYLE('',(#1823));
#1205=EDGE_LOOP('',(#1824,#1825,#1826,#1827,#1828));
#1206=AXIS2_PLACEMENT_3D('',#1829,#1830,#1831);
#1207=SURFACE_SIDE_STYLE('',(#1832));
#1208=EDGE_LOOP('',(#1833,#1834,#1835,#1836,#1837,#1838));
#1209=AXIS2_PLACEMENT_3D('',#1839,#1840,#1841);
#1210=SURFACE_SIDE_STYLE('',(#1842));
#1211=EDGE_LOOP('',(#1843,#1844,#1845,#1846,#1847,#1848));
#1212=AXIS2_PLACEMENT_3D('',#1849,#1850,#1851);
#1213=SURFACE_SIDE_STYLE('',(#1852));
#1214=EDGE_LOOP('',(#1853,#1854,#1855,#1856));
#1215=AXIS2_PLACEMENT_3D('',#1857,#1858,#1859);
#1216=SURFACE_SIDE_STYLE('',(#1860));
#1217=EDGE_LOOP('',(#1861,#1862,#1863,#1864));
#1218=AXIS2_PLACEMENT_3D('',#1865,#1866,#1867);
#1219=SURFACE_SIDE_STYLE('',(#1868));
#1220=EDGE_LOOP('',(#1869,#1870,#1871,#1872));
#1221=AXIS2_PLACEMENT_3D('',#1873,#1874,#1875);
#1222=SURFACE_SIDE_STYLE('',(#1876));
#1223=EDGE_LOOP('',(#1877,#1878,#1879,#1880,#1881));
#1224=AXIS2_PLACEMENT_3D('',#1882,#1883,#1884);
#1225=SURFACE_SIDE_STYLE('',(#1885));
#1226=EDGE_LOOP('',(#1886,#1887,#1888,#1889,#1890,#1891));
#1227=AXIS2_PLACEMENT_3D('',#1892,#1893,#1894);
#1228=SURFACE_SIDE_STYLE('',(#1895));
#1229=EDGE_LOOP('',(#1896,#1897,#1898,#1899,#1900,#1901));
#1230=AXIS2_PLACEMENT_3D('',#1902,#1903,#1904);
#1231=SURFACE_SIDE_STYLE('',(#1905));
#1232=EDGE_LOOP('',(#1906,#1907,#1908,#1909));
#1233=AXIS2_PLACEMENT_3D('',#1910,#1911,#1912);
#1234=SURFACE_SIDE_STYLE('',(#1913));
#1235=EDGE_LOOP('',(#1914,#1915,#1916,#1917));
#1236=AXIS2_PLACEMENT_3D('',#1918,#1919,#1920);
#1237=SURFACE_SIDE_STYLE('',(#1921));
#1238=EDGE_LOOP('',(#1922,#1923,#1924,#1925));
#1239=AXIS2_PLACEMENT_3D('',#1926,#1927,#1928);
#1240=SURFACE_SIDE_STYLE('',(#1929));
#1241=EDGE_LOOP('',(#1930,#1931,#1932,#1933,#1934));
#1242=AXIS2_PLACEMENT_3D('',#1935,#1936,#1937);
#1243=SURFACE_SIDE_STYLE('',(#1938));
#1244=EDGE_LOOP('',(#1939,#1940,#1941,#1942,#1943,#1944));
#1245=AXIS2_PLACEMENT_3D('',#1945,#1946,#1947);
#1246=SURFACE_SIDE_STYLE('',(#1948));
#1247=EDGE_LOOP('',(#1949,#1950,#1951,#1952,#1953,#1954));
#1248=AXIS2_PLACEMENT_3D('',#1955,#1956,#1957);
#1249=SURFACE_SIDE_STYLE('',(#1958));
#1250=EDGE_LOOP('',(#1959,#1960,#1961,#1962));
#1251=AXIS2_PLACEMENT_3D('',#1963,#1964,#1965);
#1252=SURFACE_SIDE_STYLE('',(#1966));
#1253=EDGE_LOOP('',(#1967,#1968,#1969,#1970));
#1254=AXIS2_PLACEMENT_3D('',#1971,#1972,#1973);
#1255=SURFACE_SIDE_STYLE('',(#1974));
#1256=EDGE_LOOP('',(#1975,#1976,#1977,#1978));
#1257=AXIS2_PLACEMENT_3D('',#1979,#1980,#1981);
#1258=SURFACE_SIDE_STYLE('',(#1982));
#1259=EDGE_LOOP('',(#1983,#1984,#1985,#1986));
#1260=AXIS2_PLACEMENT_3D('',#1987,#1988,#1989);
#1261=SURFACE_SIDE_STYLE('',(#1990));
#1262=EDGE_LOOP('',(#1991,#1992,#1993,#1994));
#1263=AXIS2_PLACEMENT_3D('',#1995,#1996,#1997);
#1264=SURFACE_SIDE_STYLE('',(#1998));
#1265=EDGE_LOOP('',(#1999,#2000,#2001,#2002));
#1266=AXIS2_PLACEMENT_3D('',#2003,#2004,#2005);
#1267=SURFACE_SIDE_STYLE('',(#2006));
#1268=EDGE_LOOP('',(#2007,#2008,#2009,#2010));
#1269=AXIS2_PLACEMENT_3D('',#2011,#2012,#2013);
#1270=SURFACE_SIDE_STYLE('',(#2014));
#1271=EDGE_LOOP('',(#2015,#2016,#2017,#2018));
#1272=AXIS2_PLACEMENT_3D('',#2019,#2020,#2021);
#1273=SURFACE_SIDE_STYLE('',(#2022));
#1274=EDGE_LOOP('',(#2023,#2024,#2025,#2026));
#1275=AXIS2_PLACEMENT_3D('',#2027,#2028,#2029);
#1276=SURFACE_SIDE_STYLE('',(#2030));
#1277=EDGE_LOOP('',(#2031,#2032,#2033,#2034));
#1278=AXIS2_PLACEMENT_3D('',#2035,#2036,#2037);
#1279=SURFACE_SIDE_STYLE('',(#2038));
#1280=EDGE_LOOP('',(#2039,#2040,#2041,#2042));
#1281=AXIS2_PLACEMENT_3D('',#2043,#2044,#2045);
#1282=SURFACE_SIDE_STYLE('',(#2046));
#1283=EDGE_LOOP('',(#2047,#2048,#2049,#2050));
#1284=AXIS2_PLACEMENT_3D('',#2051,#2052,#2053);
#1285=SURFACE_SIDE_STYLE('',(#2054));
#1286=EDGE_LOOP('',(#2055,#2056,#2057));
#1287=AXIS2_PLACEMENT_3D('',#2058,#2059,#2060);
#1288=SURFACE_SIDE_STYLE('',(#2061));
#1289=EDGE_LOOP('',(#2062,#2063,#2064,#2065));
#1290=AXIS2_PLACEMENT_3D('',#2066,#2067,#2068);
#1291=SURFACE_SIDE_STYLE('',(#2069));
#1292=EDGE_LOOP('',(#2070,#2071,#2072,#2073));
#1293=AXIS2_PLACEMENT_3D('',#2074,#2075,#2076);
#1294=SURFACE_SIDE_STYLE('',(#2077));
#1295=EDGE_LOOP('',(#2078,#2079,#2080,#2081));
#1296=AXIS2_PLACEMENT_3D('',#2082,#2083,#2084);
#1297=SURFACE_SIDE_STYLE('',(#2085));
#1298=EDGE_LOOP('',(#2086,#2087,#2088,#2089));
#1299=AXIS2_PLACEMENT_3D('',#2090,#2091,#2092);
#1300=SURFACE_SIDE_STYLE('',(#2093));
#1301=EDGE_LOOP('',(#2094,#2095,#2096,#2097));
#1302=AXIS2_PLACEMENT_3D('',#2098,#2099,#2100);
#1303=SURFACE_SIDE_STYLE('',(#2101));
#1304=EDGE_LOOP('',(#2102,#2103,#2104,#2105));
#1305=AXIS2_PLACEMENT_3D('',#2106,#2107,#2108);
#1306=SURFACE_SIDE_STYLE('',(#2109));
#1307=EDGE_LOOP('',(#2110,#2111,#2112,#2113));
#1308=AXIS2_PLACEMENT_3D('',#2114,#2115,#2116);
#1309=SURFACE_SIDE_STYLE('',(#2117));
#1310=EDGE_LOOP('',(#2118,#2119,#2120,#2121));
#1311=AXIS2_PLACEMENT_3D('',#2122,#2123,#2124);
#1312=SURFACE_SIDE_STYLE('',(#2125));
#1313=EDGE_LOOP('',(#2126,#2127,#2128,#2129));
#1314=AXIS2_PLACEMENT_3D('',#2130,#2131,#2132);
#1315=SURFACE_SIDE_STYLE('',(#2133));
#1316=EDGE_LOOP('',(#2134,#2135,#2136,#2137));
#1317=AXIS2_PLACEMENT_3D('',#2138,#2139,#2140);
#1318=SURFACE_SIDE_STYLE('',(#2141));
#1319=EDGE_LOOP('',(#2142,#2143,#2144));
#1320=AXIS2_PLACEMENT_3D('',#2145,#2146,#2147);
#1321=SURFACE_SIDE_STYLE('',(#2148));
#1322=EDGE_LOOP('',(#2149,#2150,#2151,#2152));
#1323=AXIS2_PLACEMENT_3D('',#2153,#2154,#2155);
#1324=SURFACE_SIDE_STYLE('',(#2156));
#1325=EDGE_LOOP('',(#2157,#2158,#2159,#2160));
#1326=AXIS2_PLACEMENT_3D('',#2161,#2162,#2163);
#1327=SURFACE_SIDE_STYLE('',(#2164));
#1328=EDGE_LOOP('',(#2165,#2166,#2167,#2168));
#1329=AXIS2_PLACEMENT_3D('',#2169,#2170,#2171);
#1330=SURFACE_SIDE_STYLE('',(#2172));
#1331=EDGE_LOOP('',(#2173,#2174,#2175,#2176));
#1332=AXIS2_PLACEMENT_3D('',#2177,#2178,#2179);
#1333=SURFACE_SIDE_STYLE('',(#2180));
#1334=EDGE_LOOP('',(#2181,#2182,#2183,#2184));
#1335=AXIS2_PLACEMENT_3D('',#2185,#2186,#2187);
#1336=SURFACE_SIDE_STYLE('',(#2188));
#1337=EDGE_LOOP('',(#2189,#2190,#2191,#2192));
#1338=AXIS2_PLACEMENT_3D('',#2193,#2194,#2195);
#1339=SURFACE_SIDE_STYLE('',(#2196));
#1340=EDGE_LOOP('',(#2197,#2198,#2199,#2200));
#1341=AXIS2_PLACEMENT_3D('',#2201,#2202,#2203);
#1342=SURFACE_SIDE_STYLE('',(#2204));
#1343=EDGE_LOOP('',(#2205,#2206,#2207,#2208));
#1344=AXIS2_PLACEMENT_3D('',#2209,#2210,#2211);
#1345=SURFACE_SIDE_STYLE('',(#2212));
#1346=EDGE_LOOP('',(#2213,#2214,#2215,#2216));
#1347=AXIS2_PLACEMENT_3D('',#2217,#2218,#2219);
#1348=SURFACE_SIDE_STYLE('',(#2220));
#1349=EDGE_LOOP('',(#2221,#2222,#2223,#2224));
#1350=AXIS2_PLACEMENT_3D('',#2225,#2226,#2227);
#1351=SURFACE_SIDE_STYLE('',(#2228));
#1352=EDGE_LOOP('',(#2229,#2230,#2231));
#1353=AXIS2_PLACEMENT_3D('',#2232,#2233,#2234);
#1354=SURFACE_SIDE_STYLE('',(#2235));
#1355=EDGE_LOOP('',(#2236,#2237,#2238,#2239));
#1356=AXIS2_PLACEMENT_3D('',#2240,#2241,#2242);
#1357=SURFACE_SIDE_STYLE('',(#2243));
#1358=EDGE_LOOP('',(#2244,#2245,#2246,#2247));
#1359=AXIS2_PLACEMENT_3D('',#2248,#2249,#2250);
#1360=SURFACE_SIDE_STYLE('',(#2251));
#1361=EDGE_LOOP('',(#2252,#2253,#2254,#2255));
#1362=AXIS2_PLACEMENT_3D('',#2256,#2257,#2258);
#1363=SURFACE_SIDE_STYLE('',(#2259));
#1364=EDGE_LOOP('',(#2260,#2261,#2262,#2263));
#1365=AXIS2_PLACEMENT_3D('',#2264,#2265,#2266);
#1366=SURFACE_SIDE_STYLE('',(#2267));
#1367=EDGE_LOOP('',(#2268,#2269,#2270,#2271));
#1368=AXIS2_PLACEMENT_3D('',#2272,#2273,#2274);
#1369=SURFACE_SIDE_STYLE('',(#2275));
#1370=EDGE_LOOP('',(#2276,#2277,#2278,#2279));
#1371=AXIS2_PLACEMENT_3D('',#2280,#2281,#2282);
#1372=SURFACE_SIDE_STYLE('',(#2283));
#1373=EDGE_LOOP('',(#2284,#2285,#2286,#2287));
#1374=AXIS2_PLACEMENT_3D('',#2288,#2289,#2290);
#1375=SURFACE_SIDE_STYLE('',(#2291));
#1376=EDGE_LOOP('',(#2292,#2293,#2294,#2295));
#1377=AXIS2_PLACEMENT_3D('',#2296,#2297,#2298);
#1378=SURFACE_SIDE_STYLE('',(#2299));
#1379=EDGE_LOOP('',(#2300,#2301,#2302,#2303));
#1380=AXIS2_PLACEMENT_3D('',#2304,#2305,#2306);
#1381=SURFACE_SIDE_STYLE('',(#2307));
#1382=EDGE_LOOP('',(#2308,#2309,#2310,#2311));
#1383=AXIS2_PLACEMENT_3D('',#2312,#2313,#2314);
#1384=SURFACE_SIDE_STYLE('',(#2315));
#1385=EDGE_LOOP('',(#2316,#2317,#2318));
#1386=AXIS2_PLACEMENT_3D('',#2319,#2320,#2321);
#1387=SURFACE_SIDE_STYLE('',(#2322));
#1388=EDGE_LOOP('',(#2323,#2324,#2325));
#1389=AXIS2_PLACEMENT_3D('',#2326,#2327,#2328);
#1390=SURFACE_SIDE_STYLE('',(#2329));
#1391=EDGE_LOOP('',(#2330,#2331,#2332,#2333));
#1392=AXIS2_PLACEMENT_3D('',#2334,#2335,#2336);
#1393=SURFACE_SIDE_STYLE('',(#2337));
#1394=EDGE_LOOP('',(#2338,#2339,#2340,#2341));
#1395=AXIS2_PLACEMENT_3D('',#2342,#2343,#2344);
#1396=SURFACE_SIDE_STYLE('',(#2345));
#1397=EDGE_LOOP('',(#2346,#2347,#2348,#2349));
#1398=AXIS2_PLACEMENT_3D('',#2350,#2351,#2352);
#1399=SURFACE_SIDE_STYLE('',(#2353));
#1400=EDGE_LOOP('',(#2354,#2355,#2356,#2357));
#1401=AXIS2_PLACEMENT_3D('',#2358,#2359,#2360);
#1402=SURFACE_SIDE_STYLE('',(#2361));
#1403=EDGE_LOOP('',(#2362,#2363,#2364,#2365));
#1404=AXIS2_PLACEMENT_3D('',#2366,#2367,#2368);
#1405=SURFACE_SIDE_STYLE('',(#2369));
#1406=EDGE_LOOP('',(#2370,#2371,#2372,#2373));
#1407=AXIS2_PLACEMENT_3D('',#2374,#2375,#2376);
#1408=SURFACE_SIDE_STYLE('',(#2377));
#1409=EDGE_LOOP('',(#2378,#2379,#2380,#2381));
#1410=AXIS2_PLACEMENT_3D('',#2382,#2383,#2384);
#1411=SURFACE_SIDE_STYLE('',(#2385));
#1412=EDGE_LOOP('',(#2386,#2387));
#1413=EDGE_LOOP('',(#2388,#2389));
#1414=AXIS2_PLACEMENT_3D('',#2390,#2391,#2392);
#1415=SURFACE_SIDE_STYLE('',(#2393));
#1416=EDGE_LOOP('',(#2394,#2395,#2396,#2397));
#1417=AXIS2_PLACEMENT_3D('',#2398,#2399,#2400);
#1418=SURFACE_SIDE_STYLE('',(#2401));
#1419=EDGE_LOOP('',(#2402,#2403,#2404,#2405));
#1420=AXIS2_PLACEMENT_3D('',#2406,#2407,#2408);
#1421=SURFACE_SIDE_STYLE('',(#2409));
#1422=EDGE_LOOP('',(#2410,#2411,#2412,#2413));
#1423=AXIS2_PLACEMENT_3D('',#2414,#2415,#2416);
#1424=SURFACE_SIDE_STYLE('',(#2417));
#1425=EDGE_LOOP('',(#2418,#2419,#2420));
#1426=AXIS2_PLACEMENT_3D('',#2421,#2422,#2423);
#1427=SURFACE_SIDE_STYLE('',(#2424));
#1428=EDGE_LOOP('',(#2425,#2426,#2427,#2428));
#1429=AXIS2_PLACEMENT_3D('',#2429,#2430,#2431);
#1430=SURFACE_SIDE_STYLE('',(#2432));
#1431=EDGE_LOOP('',(#2433,#2434,#2435,#2436));
#1432=AXIS2_PLACEMENT_3D('',#2437,#2438,#2439);
#1433=SURFACE_SIDE_STYLE('',(#2440));
#1434=EDGE_LOOP('',(#2441,#2442,#2443,#2444));
#1435=AXIS2_PLACEMENT_3D('',#2445,#2446,#2447);
#1436=SURFACE_SIDE_STYLE('',(#2448));
#1437=EDGE_LOOP('',(#2449,#2450,#2451,#2452));
#1438=AXIS2_PLACEMENT_3D('',#2453,#2454,#2455);
#1439=SURFACE_SIDE_STYLE('',(#2456));
#1440=EDGE_LOOP('',(#2457,#2458,#2459,#2460));
#1441=AXIS2_PLACEMENT_3D('',#2461,#2462,#2463);
#1442=SURFACE_SIDE_STYLE('',(#2464));
#1443=EDGE_LOOP('',(#2465,#2466,#2467,#2468));
#1444=AXIS2_PLACEMENT_3D('',#2469,#2470,#2471);
#1445=SURFACE_SIDE_STYLE('',(#2472));
#1446=EDGE_LOOP('',(#2473,#2474,#2475,#2476));
#1447=AXIS2_PLACEMENT_3D('',#2477,#2478,#2479);
#1448=SURFACE_SIDE_STYLE('',(#2480));
#1449=EDGE_LOOP('',(#2481,#2482));
#1450=EDGE_LOOP('',(#2483,#2484));
#1451=AXIS2_PLACEMENT_3D('',#2485,#2486,#2487);
#1452=SURFACE_SIDE_STYLE('',(#2488));
#1453=EDGE_LOOP('',(#2489,#2490,#2491,#2492));
#1454=AXIS2_PLACEMENT_3D('',#2493,#2494,#2495);
#1455=SURFACE_SIDE_STYLE('',(#2496));
#1456=EDGE_LOOP('',(#2497,#2498,#2499,#2500));
#1457=AXIS2_PLACEMENT_3D('',#2501,#2502,#2503);
#1458=SURFACE_SIDE_STYLE('',(#2504));
#1459=EDGE_LOOP('',(#2505,#2506,#2507,#2508));
#1460=AXIS2_PLACEMENT_3D('',#2509,#2510,#2511);
#1461=SURFACE_SIDE_STYLE('',(#2512));
#1462=EDGE_LOOP('',(#2513,#2514,#2515));
#1463=AXIS2_PLACEMENT_3D('',#2516,#2517,#2518);
#1464=SURFACE_SIDE_STYLE('',(#2519));
#1465=EDGE_LOOP('',(#2520,#2521,#2522,#2523));
#1466=AXIS2_PLACEMENT_3D('',#2524,#2525,#2526);
#1467=SURFACE_SIDE_STYLE('',(#2527));
#1468=EDGE_LOOP('',(#2528,#2529,#2530,#2531));
#1469=AXIS2_PLACEMENT_3D('',#2532,#2533,#2534);
#1470=SURFACE_SIDE_STYLE('',(#2535));
#1471=EDGE_LOOP('',(#2536,#2537,#2538,#2539));
#1472=AXIS2_PLACEMENT_3D('',#2540,#2541,#2542);
#1473=SURFACE_SIDE_STYLE('',(#2543));
#1474=EDGE_LOOP('',(#2544,#2545,#2546,#2547));
#1475=AXIS2_PLACEMENT_3D('',#2548,#2549,#2550);
#1476=SURFACE_SIDE_STYLE('',(#2551));
#1477=EDGE_LOOP('',(#2552,#2553,#2554,#2555));
#1478=AXIS2_PLACEMENT_3D('',#2556,#2557,#2558);
#1479=SURFACE_SIDE_STYLE('',(#2559));
#1480=EDGE_LOOP('',(#2560,#2561,#2562,#2563));
#1481=AXIS2_PLACEMENT_3D('',#2564,#2565,#2566);
#1482=SURFACE_SIDE_STYLE('',(#2567));
#1483=EDGE_LOOP('',(#2568,#2569,#2570,#2571));
#1484=AXIS2_PLACEMENT_3D('',#2572,#2573,#2574);
#1485=SURFACE_SIDE_STYLE('',(#2575));
#1486=EDGE_LOOP('',(#2576,#2577));
#1487=EDGE_LOOP('',(#2578,#2579));
#1488=AXIS2_PLACEMENT_3D('',#2580,#2581,#2582);
#1489=SURFACE_SIDE_STYLE('',(#2583));
#1490=EDGE_LOOP('',(#2584,#2585,#2586,#2587));
#1491=AXIS2_PLACEMENT_3D('',#2588,#2589,#2590);
#1492=SURFACE_SIDE_STYLE('',(#2591));
#1493=EDGE_LOOP('',(#2592,#2593,#2594,#2595));
#1494=AXIS2_PLACEMENT_3D('',#2596,#2597,#2598);
#1495=SURFACE_SIDE_STYLE('',(#2599));
#1496=EDGE_LOOP('',(#2600,#2601,#2602,#2603));
#1497=AXIS2_PLACEMENT_3D('',#2604,#2605,#2606);
#1498=SURFACE_SIDE_STYLE('',(#2607));
#1499=EDGE_LOOP('',(#2608,#2609,#2610));
#1500=AXIS2_PLACEMENT_3D('',#2611,#2612,#2613);
#1501=SURFACE_SIDE_STYLE('',(#2614));
#1502=EDGE_LOOP('',(#2615,#2616,#2617,#2618));
#1503=AXIS2_PLACEMENT_3D('',#2619,#2620,#2621);
#1504=SURFACE_SIDE_STYLE('',(#2622));
#1505=EDGE_LOOP('',(#2623,#2624,#2625,#2626));
#1506=AXIS2_PLACEMENT_3D('',#2627,#2628,#2629);
#1507=SURFACE_SIDE_STYLE('',(#2630));
#1508=EDGE_LOOP('',(#2631,#2632,#2633,#2634));
#1509=AXIS2_PLACEMENT_3D('',#2635,#2636,#2637);
#1510=SURFACE_SIDE_STYLE('',(#2638));
#1511=EDGE_LOOP('',(#2639,#2640,#2641,#2642));
#1512=AXIS2_PLACEMENT_3D('',#2643,#2644,#2645);
#1513=SURFACE_SIDE_STYLE('',(#2646));
#1514=EDGE_LOOP('',(#2647,#2648,#2649,#2650));
#1515=AXIS2_PLACEMENT_3D('',#2651,#2652,#2653);
#1516=SURFACE_SIDE_STYLE('',(#2654));
#1517=EDGE_LOOP('',(#2655,#2656,#2657,#2658));
#1518=AXIS2_PLACEMENT_3D('',#2659,#2660,#2661);
#1519=SURFACE_SIDE_STYLE('',(#2662));
#1520=EDGE_LOOP('',(#2663,#2664,#2665,#2666));
#1521=AXIS2_PLACEMENT_3D('',#2667,#2668,#2669);
#1522=SURFACE_SIDE_STYLE('',(#2670));
#1523=EDGE_LOOP('',(#2671,#2672));
#1524=EDGE_LOOP('',(#2673,#2674));
#1525=AXIS2_PLACEMENT_3D('',#2675,#2676,#2677);
#1526=SURFACE_SIDE_STYLE('',(#2678));
#1527=EDGE_LOOP('',(#2679,#2680,#2681,#2682));
#1528=AXIS2_PLACEMENT_3D('',#2683,#2684,#2685);
#1529=SURFACE_SIDE_STYLE('',(#2686));
#1530=EDGE_LOOP('',(#2687,#2688,#2689,#2690));
#1531=AXIS2_PLACEMENT_3D('',#2691,#2692,#2693);
#1532=SURFACE_SIDE_STYLE('',(#2694));
#1533=EDGE_LOOP('',(#2695,#2696,#2697,#2698));
#1534=AXIS2_PLACEMENT_3D('',#2699,#2700,#2701);
#1535=SURFACE_SIDE_STYLE('',(#2702));
#1536=EDGE_LOOP('',(#2703,#2704,#2705,#2706));
#1537=AXIS2_PLACEMENT_3D('',#2707,#2708,#2709);
#1538=SURFACE_SIDE_STYLE('',(#2710));
#1539=EDGE_LOOP('',(#2711,#2712,#2713,#2714));
#1540=AXIS2_PLACEMENT_3D('',#2715,#2716,#2717);
#1541=SURFACE_SIDE_STYLE('',(#2718));
#1542=EDGE_LOOP('',(#2719,#2720,#2721));
#1543=AXIS2_PLACEMENT_3D('',#2722,#2723,#2724);
#1544=SURFACE_SIDE_STYLE('',(#2725));
#1545=EDGE_LOOP('',(#2726,#2727,#2728,#2729,#2730));
#1546=AXIS2_PLACEMENT_3D('',#2731,#2732,#2733);
#1547=SURFACE_SIDE_STYLE('',(#2734));
#1548=EDGE_LOOP('',(#2735,#2736,#2737,#2738,#2739,#2740));
#1549=AXIS2_PLACEMENT_3D('',#2741,#2742,#2743);
#1550=SURFACE_SIDE_STYLE('',(#2744));
#1551=EDGE_LOOP('',(#2745,#2746,#2747,#2748,#2749,#2750));
#1552=AXIS2_PLACEMENT_3D('',#2751,#2752,#2753);
#1553=SURFACE_SIDE_STYLE('',(#2754));
#1554=EDGE_LOOP('',(#2755,#2756));
#1555=EDGE_LOOP('',(#2757,#2758,#2759));
#1556=AXIS2_PLACEMENT_3D('',#2760,#2761,#2762);
#1557=SURFACE_SIDE_STYLE('',(#2763));
#1558=EDGE_LOOP('',(#2764,#2765,#2766,#2767));
#1559=AXIS2_PLACEMENT_3D('',#2768,#2769,#2770);
#1560=SURFACE_SIDE_STYLE('',(#2771));
#1561=EDGE_LOOP('',(#2772,#2773));
#1562=EDGE_LOOP('',(#2774,#2775));
#1563=AXIS2_PLACEMENT_3D('',#2776,#2777,#2778);
#1564=SURFACE_SIDE_STYLE('',(#2779));
#1565=EDGE_LOOP('',(#2780,#2781,#2782,#2783));
#1566=AXIS2_PLACEMENT_3D('',#2784,#2785,#2786);
#1567=SURFACE_SIDE_STYLE('',(#2787));
#1568=EDGE_LOOP('',(#2788,#2789,#2790,#2791));
#1569=AXIS2_PLACEMENT_3D('',#2792,#2793,#2794);
#1570=SURFACE_SIDE_STYLE('',(#2795));
#1571=EDGE_LOOP('',(#2796,#2797,#2798));
#1572=AXIS2_PLACEMENT_3D('',#2799,#2800,#2801);
#1573=SURFACE_SIDE_STYLE('',(#2802));
#1574=EDGE_LOOP('',(#2803,#2804,#2805,#2806,#2807));
#1575=AXIS2_PLACEMENT_3D('',#2808,#2809,#2810);
#1576=SURFACE_SIDE_STYLE('',(#2811));
#1577=EDGE_LOOP('',(#2812,#2813,#2814,#2815,#2816,#2817));
#1578=AXIS2_PLACEMENT_3D('',#2818,#2819,#2820);
#1579=SURFACE_SIDE_STYLE('',(#2821));
#1580=EDGE_LOOP('',(#2822,#2823,#2824,#2825,#2826,#2827));
#1581=AXIS2_PLACEMENT_3D('',#2828,#2829,#2830);
#1582=SURFACE_SIDE_STYLE('',(#2831));
#1583=EDGE_LOOP('',(#2832,#2833));
#1584=EDGE_LOOP('',(#2834,#2835,#2836));
#1585=AXIS2_PLACEMENT_3D('',#2837,#2838,#2839);
#1586=SURFACE_SIDE_STYLE('',(#2840));
#1587=EDGE_LOOP('',(#2841,#2842,#2843,#2844));
#1588=AXIS2_PLACEMENT_3D('',#2845,#2846,#2847);
#1589=SURFACE_SIDE_STYLE('',(#2848));
#1590=EDGE_LOOP('',(#2849,#2850));
#1591=EDGE_LOOP('',(#2851,#2852));
#1592=AXIS2_PLACEMENT_3D('',#2853,#2854,#2855);
#1593=SURFACE_SIDE_STYLE('',(#2856));
#1594=EDGE_LOOP('',(#2857,#2858,#2859,#2860));
#1595=AXIS2_PLACEMENT_3D('',#2861,#2862,#2863);
#1596=SURFACE_SIDE_STYLE('',(#2864));
#1597=EDGE_LOOP('',(#2865,#2866,#2867,#2868));
#1598=AXIS2_PLACEMENT_3D('',#2869,#2870,#2871);
#1599=SURFACE_SIDE_STYLE('',(#2872));
#1600=EDGE_LOOP('',(#2873,#2874,#2875));
#1601=AXIS2_PLACEMENT_3D('',#2876,#2877,#2878);
#1602=SURFACE_SIDE_STYLE('',(#2879));
#1603=EDGE_LOOP('',(#2880,#2881,#2882,#2883,#2884));
#1604=AXIS2_PLACEMENT_3D('',#2885,#2886,#2887);
#1605=SURFACE_SIDE_STYLE('',(#2888));
#1606=EDGE_LOOP('',(#2889,#2890,#2891,#2892,#2893,#2894));
#1607=AXIS2_PLACEMENT_3D('',#2895,#2896,#2897);
#1608=SURFACE_SIDE_STYLE('',(#2898));
#1609=EDGE_LOOP('',(#2899,#2900,#2901,#2902,#2903,#2904));
#1610=AXIS2_PLACEMENT_3D('',#2905,#2906,#2907);
#1611=SURFACE_SIDE_STYLE('',(#2908));
#1612=EDGE_LOOP('',(#2909,#2910));
#1613=EDGE_LOOP('',(#2911,#2912,#2913));
#1614=AXIS2_PLACEMENT_3D('',#2914,#2915,#2916);
#1615=SURFACE_SIDE_STYLE('',(#2917));
#1616=EDGE_LOOP('',(#2918,#2919,#2920,#2921));
#1617=AXIS2_PLACEMENT_3D('',#2922,#2923,#2924);
#1618=SURFACE_SIDE_STYLE('',(#2925));
#1619=EDGE_LOOP('',(#2926,#2927));
#1620=EDGE_LOOP('',(#2928,#2929));
#1621=AXIS2_PLACEMENT_3D('',#2930,#2931,#2932);
#1622=SURFACE_SIDE_STYLE('',(#2933));
#1623=EDGE_LOOP('',(#2934,#2935,#2936,#2937));
#1624=AXIS2_PLACEMENT_3D('',#2938,#2939,#2940);
#1625=SURFACE_SIDE_STYLE('',(#2941));
#1626=EDGE_LOOP('',(#2942,#2943,#2944,#2945));
#1627=AXIS2_PLACEMENT_3D('',#2946,#2947,#2948);
#1628=SURFACE_SIDE_STYLE('',(#2949));
#1629=EDGE_LOOP('',(#2950,#2951,#2952));
#1630=AXIS2_PLACEMENT_3D('',#2953,#2954,#2955);
#1631=SURFACE_SIDE_STYLE('',(#2956));
#1632=EDGE_LOOP('',(#2957,#2958,#2959,#2960,#2961));
#1633=AXIS2_PLACEMENT_3D('',#2962,#2963,#2964);
#1634=SURFACE_SIDE_STYLE('',(#2965));
#1635=EDGE_LOOP('',(#2966,#2967,#2968,#2969,#2970,#2971));
#1636=AXIS2_PLACEMENT_3D('',#2972,#2973,#2974);
#1637=SURFACE_SIDE_STYLE('',(#2975));
#1638=EDGE_LOOP('',(#2976,#2977,#2978,#2979,#2980,#2981));
#1639=AXIS2_PLACEMENT_3D('',#2982,#2983,#2984);
#1640=SURFACE_SIDE_STYLE('',(#2985));
#1641=EDGE_LOOP('',(#2986,#2987));
#1642=EDGE_LOOP('',(#2988,#2989,#2990));
#1643=AXIS2_PLACEMENT_3D('',#2991,#2992,#2993);
#1644=SURFACE_SIDE_STYLE('',(#2994));
#1645=EDGE_LOOP('',(#2995,#2996,#2997,#2998));
#1646=AXIS2_PLACEMENT_3D('',#2999,#3000,#3001);
#1647=SURFACE_SIDE_STYLE('',(#3002));
#1648=EDGE_LOOP('',(#3003,#3004));
#1649=EDGE_LOOP('',(#3005,#3006));
#1650=AXIS2_PLACEMENT_3D('',#3007,#3008,#3009);
#1651=SURFACE_SIDE_STYLE('',(#3010));
#1652=EDGE_LOOP('',(#3011,#3012,#3013,#3014));
#1653=AXIS2_PLACEMENT_3D('',#3015,#3016,#3017);
#1654=SURFACE_SIDE_STYLE('',(#3018));
#1655=EDGE_LOOP('',(#3019,#3020,#3021,#3022));
#1656=AXIS2_PLACEMENT_3D('',#3023,#3024,#3025);
#1657=SURFACE_SIDE_STYLE('',(#3026));
#1658=EDGE_LOOP('',(#3027,#3028,#3029,#3030));
#1659=AXIS2_PLACEMENT_3D('',#3031,#3032,#3033);
#1660=SURFACE_SIDE_STYLE('',(#3034));
#1661=EDGE_LOOP('',(#3035,#3036,#3037,#3038));
#1662=AXIS2_PLACEMENT_3D('',#3039,#3040,#3041);
#1663=SURFACE_SIDE_STYLE('',(#3042));
#1664=EDGE_LOOP('',(#3043,#3044,#3045,#3046));
#1665=AXIS2_PLACEMENT_3D('',#3047,#3048,#3049);
#1666=SURFACE_SIDE_STYLE('',(#3050));
#1667=EDGE_LOOP('',(#3051,#3052,#3053,#3054));
#1668=AXIS2_PLACEMENT_3D('',#3055,#3056,#3057);
#1669=SURFACE_SIDE_STYLE('',(#3058));
#1670=EDGE_LOOP('',(#3059,#3060,#3061,#3062));
#1671=AXIS2_PLACEMENT_3D('',#3063,#3064,#3065);
#1672=SURFACE_SIDE_STYLE('',(#3066));
#1673=EDGE_LOOP('',(#3067,#3068,#3069,#3070));
#1674=AXIS2_PLACEMENT_3D('',#3071,#3072,#3073);
#1675=SURFACE_SIDE_STYLE('',(#3074));
#1676=EDGE_LOOP('',(#3075,#3076,#3077,#3078));
#1677=AXIS2_PLACEMENT_3D('',#3079,#3080,#3081);
#1678=SURFACE_SIDE_STYLE('',(#3082));
#1679=EDGE_LOOP('',(#3083,#3084));
#1680=EDGE_LOOP('',(#3085,#3086));
#1681=EDGE_LOOP('',(#3087,#3088));
#1682=EDGE_LOOP('',(#3089,#3090));
#1683=EDGE_LOOP('',(#3091,#3092,#3093,#3094,#3095,#3096,#3097,#3098,#3099,#3100,#3101,#3102,#3103,#3104,#3105,#3106,#3107,#3108,#3109,#3110,#3111,#3112,#3113,#3114,#3115,#3116,#3117,#3118,#3119,#3120,#3121,#3122));
#1684=AXIS2_PLACEMENT_3D('',#3123,#3124,#3125);
#1685=SURFACE_SIDE_STYLE('',(#3126));
#1686=EDGE_LOOP('',(#3127,#3128,#3129,#3130));
#1687=AXIS2_PLACEMENT_3D('',#3131,#3132,#3133);
#1688=SURFACE_SIDE_STYLE('',(#3134));
#1689=EDGE_LOOP('',(#3135,#3136,#3137,#3138));
#1690=AXIS2_PLACEMENT_3D('',#3139,#3140,#3141);
#1691=SURFACE_SIDE_STYLE('',(#3142));
#1692=EDGE_LOOP('',(#3143,#3144,#3145,#3146));
#1693=AXIS2_PLACEMENT_3D('',#3147,#3148,#3149);
#1694=SURFACE_SIDE_STYLE('',(#3150));
#1695=EDGE_LOOP('',(#3151,#3152,#3153,#3154));
#1696=AXIS2_PLACEMENT_3D('',#3155,#3156,#3157);
#1697=SURFACE_SIDE_STYLE('',(#3158));
#1698=EDGE_LOOP('',(#3159,#3160,#3161,#3162));
#1699=AXIS2_PLACEMENT_3D('',#3163,#3164,#3165);
#1700=SURFACE_SIDE_STYLE('',(#3166));
#1701=EDGE_LOOP('',(#3167,#3168,#3169,#3170));
#1702=AXIS2_PLACEMENT_3D('',#3171,#3172,#3173);
#1703=SURFACE_SIDE_STYLE('',(#3174));
#1704=EDGE_LOOP('',(#3175,#3176,#3177,#3178));
#1705=AXIS2_PLACEMENT_3D('',#3179,#3180,#3181);
#1706=SURFACE_SIDE_STYLE('',(#3182));
#1707=EDGE_LOOP('',(#3183,#3184,#3185,#3186));
#1708=AXIS2_PLACEMENT_3D('',#3187,#3188,#3189);
#1709=SURFACE_SIDE_STYLE('',(#3190));
#1710=EDGE_LOOP('',(#3191,#3192,#3193,#3194));
#1711=AXIS2_PLACEMENT_3D('',#3195,#3196,#3197);
#1712=SURFACE_SIDE_STYLE('',(#3198));
#1713=EDGE_LOOP('',(#3199,#3200,#3201,#3202));
#1714=AXIS2_PLACEMENT_3D('',#3203,#3204,#3205);
#1715=SURFACE_SIDE_STYLE('',(#3206));
#1716=EDGE_LOOP('',(#3207,#3208,#3209,#3210));
#1717=AXIS2_PLACEMENT_3D('',#3211,#3212,#3213);
#1718=SURFACE_SIDE_STYLE('',(#3214));
#1719=EDGE_LOOP('',(#3215,#3216,#3217,#3218));
#1720=AXIS2_PLACEMENT_3D('',#3219,#3220,#3221);
#1721=SURFACE_SIDE_STYLE('',(#3222));
#1722=EDGE_LOOP('',(#3223,#3224,#3225,#3226));
#1723=AXIS2_PLACEMENT_3D('',#3227,#3228,#3229);
#1724=SURFACE_SIDE_STYLE('',(#3230));
#1725=EDGE_LOOP('',(#3231,#3232,#3233,#3234));
#1726=AXIS2_PLACEMENT_3D('',#3235,#3236,#3237);
#1727=SURFACE_SIDE_STYLE('',(#3238));
#1728=EDGE_LOOP('',(#3239,#3240,#3241,#3242));
#1729=AXIS2_PLACEMENT_3D('',#3243,#3244,#3245);
#1730=SURFACE_SIDE_STYLE('',(#3246));
#1731=EDGE_LOOP('',(#3247,#3248,#3249,#3250));
#1732=AXIS2_PLACEMENT_3D('',#3251,#3252,#3253);
#1733=SURFACE_SIDE_STYLE('',(#3254));
#1734=EDGE_LOOP('',(#3255,#3256,#3257,#3258));
#1735=AXIS2_PLACEMENT_3D('',#3259,#3260,#3261);
#1736=SURFACE_SIDE_STYLE('',(#3262));
#1737=EDGE_LOOP('',(#3263,#3264,#3265,#3266));
#1738=AXIS2_PLACEMENT_3D('',#3267,#3268,#3269);
#1739=SURFACE_SIDE_STYLE('',(#3270));
#1740=EDGE_LOOP('',(#3271,#3272,#3273,#3274));
#1741=AXIS2_PLACEMENT_3D('',#3275,#3276,#3277);
#1742=SURFACE_SIDE_STYLE('',(#3278));
#1743=EDGE_LOOP('',(#3279,#3280,#3281,#3282));
#1744=AXIS2_PLACEMENT_3D('',#3283,#3284,#3285);
#1745=SURFACE_SIDE_STYLE('',(#3286));
#1746=EDGE_LOOP('',(#3287,#3288,#3289,#3290));
#1747=AXIS2_PLACEMENT_3D('',#3291,#3292,#3293);
#1748=SURFACE_SIDE_STYLE('',(#3294));
#1749=EDGE_LOOP('',(#3295,#3296,#3297,#3298));
#1750=AXIS2_PLACEMENT_3D('',#3299,#3300,#3301);
#1751=SURFACE_SIDE_STYLE('',(#3302));
#1752=EDGE_LOOP('',(#3303,#3304,#3305,#3306));
#1753=AXIS2_PLACEMENT_3D('',#3307,#3308,#3309);
#1754=SURFACE_SIDE_STYLE('',(#3310));
#1755=EDGE_LOOP('',(#3311,#3312));
#1756=EDGE_LOOP('',(#3313,#3314));
#1757=EDGE_LOOP('',(#3315,#3316));
#1758=EDGE_LOOP('',(#3317,#3318));
#1759=EDGE_LOOP('',(#3319,#3320,#3321,#3322,#3323,#3324,#3325,#3326,#3327,#3328,#3329,#3330,#3331,#3332,#3333,#3334,#3335,#3336,#3337,#3338,#3339,#3340,#3341,#3342,#3343,#3344,#3345,#3346,#3347,#3348,#3349,#3350));
#1760=AXIS2_PLACEMENT_3D('',#3351,#3352,#3353);
#1762=SURFACE_STYLE_FILL_AREA(#3354);
#1763=ORIENTED_EDGE('',*,*,#3355,.F.);
#1764=ORIENTED_EDGE('',*,*,#3356,.T.);
#1765=ORIENTED_EDGE('',*,*,#3357,.F.);
#1766=ORIENTED_EDGE('',*,*,#3358,.F.);
#1767=CARTESIAN_POINT('',(-3.81,-1.3,0.0));
#1768=DIRECTION('',(-0.0,1.0,-0.0));
#1769=DIRECTION('',(1.0,0.0,0.0));
#1770=SURFACE_STYLE_FILL_AREA(#3359);
#1771=ORIENTED_EDGE('',*,*,#3360,.F.);
#1772=ORIENTED_EDGE('',*,*,#3361,.T.);
#1773=ORIENTED_EDGE('',*,*,#3362,.T.);
#1774=ORIENTED_EDGE('',*,*,#3363,.F.);
#1775=ORIENTED_EDGE('',*,*,#3364,.F.);
#1776=CARTESIAN_POINT('',(-3.81,-1.55,0.0));
#1777=DIRECTION('',(0.0,1.0,0.0));
#1778=DIRECTION('',(0.0,0.0,1.0));
#1779=SURFACE_STYLE_FILL_AREA(#3365);
#1780=ORIENTED_EDGE('',*,*,#3366,.F.);
#1781=ORIENTED_EDGE('',*,*,#3367,.T.);
#1782=ORIENTED_EDGE('',*,*,#3368,.T.);
#1783=ORIENTED_EDGE('',*,*,#3369,.F.);
#1784=ORIENTED_EDGE('',*,*,#3361,.F.);
#1785=ORIENTED_EDGE('',*,*,#3370,.F.);
#1786=CARTESIAN_POINT('',(-3.81,-2.9375,0.0));
#1787=DIRECTION('',(-0.0,1.0,0.0));
#1788=DIRECTION('',(1.0,0.0,0.0));
#1789=SURFACE_STYLE_FILL_AREA(#3371);
#1790=ORIENTED_EDGE('',*,*,#3372,.F.);
#1791=ORIENTED_EDGE('',*,*,#3373,.T.);
#1792=ORIENTED_EDGE('',*,*,#3374,.T.);
#1793=ORIENTED_EDGE('',*,*,#3375,.F.);
#1794=ORIENTED_EDGE('',*,*,#3367,.F.);
#1795=ORIENTED_EDGE('',*,*,#3376,.F.);
#1796=CARTESIAN_POINT('',(-3.81,-4.325,0.0));
#1797=DIRECTION('',(0.0,1.0,0.0));
#1798=DIRECTION('',(0.0,0.0,1.0));
#1799=SURFACE_STYLE_FILL_AREA(#3377);
#1800=ORIENTED_EDGE('',*,*,#3378,.F.);
#1801=ORIENTED_EDGE('',*,*,#3379,.F.);
#1802=ORIENTED_EDGE('',*,*,#3380,.F.);
#1803=ORIENTED_EDGE('',*,*,#3381,.F.);
#1804=CARTESIAN_POINT('',(-3.81,2.4055,0.0));
#1805=DIRECTION('',(-0.0,1.0,0.0));
#1806=DIRECTION('',(1.0,0.0,0.0));
#1807=SURFACE_STYLE_FILL_AREA(#3382);
#1808=ORIENTED_EDGE('',*,*,#3383,.F.);
#1809=ORIENTED_EDGE('',*,*,#3358,.T.);
#1810=ORIENTED_EDGE('',*,*,#3384,.F.);
#1811=ORIENTED_EDGE('',*,*,#3385,.F.);
#1812=CARTESIAN_POINT('',(-3.81,-0.15361215932168,0.0));
#1813=DIRECTION('',(-0.0,1.0,0.0));
#1814=DIRECTION('',(1.0,0.0,0.0));
#1815=SURFACE_STYLE_FILL_AREA(#3386);
#1816=ORIENTED_EDGE('',*,*,#3387,.F.);
#1817=ORIENTED_EDGE('',*,*,#3388,.T.);
#1818=ORIENTED_EDGE('',*,*,#3389,.F.);
#1819=ORIENTED_EDGE('',*,*,#3390,.F.);
#1820=CARTESIAN_POINT('',(-1.27,-1.3,0.0));
#1821=DIRECTION('',(-0.0,1.0,-0.0));
#1822=DIRECTION('',(1.0,0.0,0.0));
#1823=SURFACE_STYLE_FILL_AREA(#3391);
#1824=ORIENTED_EDGE('',*,*,#3392,.F.);
#1825=ORIENTED_EDGE('',*,*,#3393,.T.);
#1826=ORIENTED_EDGE('',*,*,#3394,.T.);
#1827=ORIENTED_EDGE('',*,*,#3395,.F.);
#1828=ORIENTED_EDGE('',*,*,#3396,.F.);
#1829=CARTESIAN_POINT('',(-1.27,-1.55,0.0));
#1830=DIRECTION('',(0.0,1.0,0.0));
#1831=DIRECTION('',(0.0,0.0,1.0));
#1832=SURFACE_STYLE_FILL_AREA(#3397);
#1833=ORIENTED_EDGE('',*,*,#3398,.F.);
#1834=ORIENTED_EDGE('',*,*,#3399,.T.);
#1835=ORIENTED_EDGE('',*,*,#3400,.T.);
#1836=ORIENTED_EDGE('',*,*,#3401,.F.);
#1837=ORIENTED_EDGE('',*,*,#3393,.F.);
#1838=ORIENTED_EDGE('',*,*,#3402,.F.);
#1839=CARTESIAN_POINT('',(-1.27,-2.9375,0.0));
#1840=DIRECTION('',(-0.0,1.0,0.0));
#1841=DIRECTION('',(1.0,0.0,0.0));
#1842=SURFACE_STYLE_FILL_AREA(#3403);
#1843=ORIENTED_EDGE('',*,*,#3404,.F.);
#1844=ORIENTED_EDGE('',*,*,#3405,.T.);
#1845=ORIENTED_EDGE('',*,*,#3406,.T.);
#1846=ORIENTED_EDGE('',*,*,#3407,.F.);
#1847=ORIENTED_EDGE('',*,*,#3399,.F.);
#1848=ORIENTED_EDGE('',*,*,#3408,.F.);
#1849=CARTESIAN_POINT('',(-1.27,-4.325,0.0));
#1850=DIRECTION('',(0.0,1.0,0.0));
#1851=DIRECTION('',(0.0,0.0,1.0));
#1852=SURFACE_STYLE_FILL_AREA(#3409);
#1853=ORIENTED_EDGE('',*,*,#3410,.F.);
#1854=ORIENTED_EDGE('',*,*,#3411,.F.);
#1855=ORIENTED_EDGE('',*,*,#3412,.F.);
#1856=ORIENTED_EDGE('',*,*,#3413,.F.);
#1857=CARTESIAN_POINT('',(-1.27,2.4055,0.0));
#1858=DIRECTION('',(-0.0,1.0,0.0));
#1859=DIRECTION('',(1.0,0.0,0.0));
#1860=SURFACE_STYLE_FILL_AREA(#3414);
#1861=ORIENTED_EDGE('',*,*,#3415,.F.);
#1862=ORIENTED_EDGE('',*,*,#3390,.T.);
#1863=ORIENTED_EDGE('',*,*,#3416,.F.);
#1864=ORIENTED_EDGE('',*,*,#3417,.F.);
#1865=CARTESIAN_POINT('',(-1.27,-0.15361215932168,0.0));
#1866=DIRECTION('',(-0.0,1.0,0.0));
#1867=DIRECTION('',(1.0,0.0,0.0));
#1868=SURFACE_STYLE_FILL_AREA(#3418);
#1869=ORIENTED_EDGE('',*,*,#3419,.F.);
#1870=ORIENTED_EDGE('',*,*,#3420,.T.);
#1871=ORIENTED_EDGE('',*,*,#3421,.F.);
#1872=ORIENTED_EDGE('',*,*,#3422,.F.);
#1873=CARTESIAN_POINT('',(1.27,-1.3,0.0));
#1874=DIRECTION('',(-0.0,1.0,-0.0));
#1875=DIRECTION('',(1.0,0.0,0.0));
#1876=SURFACE_STYLE_FILL_AREA(#3423);
#1877=ORIENTED_EDGE('',*,*,#3424,.F.);
#1878=ORIENTED_EDGE('',*,*,#3425,.T.);
#1879=ORIENTED_EDGE('',*,*,#3426,.T.);
#1880=ORIENTED_EDGE('',*,*,#3427,.F.);
#1881=ORIENTED_EDGE('',*,*,#3428,.F.);
#1882=CARTESIAN_POINT('',(1.27,-1.55,0.0));
#1883=DIRECTION('',(0.0,1.0,0.0));
#1884=DIRECTION('',(0.0,0.0,1.0));
#1885=SURFACE_STYLE_FILL_AREA(#3429);
#1886=ORIENTED_EDGE('',*,*,#3430,.F.);
#1887=ORIENTED_EDGE('',*,*,#3431,.T.);
#1888=ORIENTED_EDGE('',*,*,#3432,.T.);
#1889=ORIENTED_EDGE('',*,*,#3433,.F.);
#1890=ORIENTED_EDGE('',*,*,#3425,.F.);
#1891=ORIENTED_EDGE('',*,*,#3434,.F.);
#1892=CARTESIAN_POINT('',(1.27,-2.9375,0.0));
#1893=DIRECTION('',(-0.0,1.0,0.0));
#1894=DIRECTION('',(1.0,0.0,0.0));
#1895=SURFACE_STYLE_FILL_AREA(#3435);
#1896=ORIENTED_EDGE('',*,*,#3436,.F.);
#1897=ORIENTED_EDGE('',*,*,#3437,.T.);
#1898=ORIENTED_EDGE('',*,*,#3438,.T.);
#1899=ORIENTED_EDGE('',*,*,#3439,.F.);
#1900=ORIENTED_EDGE('',*,*,#3431,.F.);
#1901=ORIENTED_EDGE('',*,*,#3440,.F.);
#1902=CARTESIAN_POINT('',(1.27,-4.325,0.0));
#1903=DIRECTION('',(0.0,1.0,0.0));
#1904=DIRECTION('',(0.0,0.0,1.0));
#1905=SURFACE_STYLE_FILL_AREA(#3441);
#1906=ORIENTED_EDGE('',*,*,#3442,.F.);
#1907=ORIENTED_EDGE('',*,*,#3443,.F.);
#1908=ORIENTED_EDGE('',*,*,#3444,.F.);
#1909=ORIENTED_EDGE('',*,*,#3445,.F.);
#1910=CARTESIAN_POINT('',(1.27,2.4055,0.0));
#1911=DIRECTION('',(-0.0,1.0,0.0));
#1912=DIRECTION('',(1.0,0.0,0.0));
#1913=SURFACE_STYLE_FILL_AREA(#3446);
#1914=ORIENTED_EDGE('',*,*,#3447,.F.);
#1915=ORIENTED_EDGE('',*,*,#3422,.T.);
#1916=ORIENTED_EDGE('',*,*,#3448,.F.);
#1917=ORIENTED_EDGE('',*,*,#3449,.F.);
#1918=CARTESIAN_POINT('',(1.27,-0.15361215932168,0.0));
#1919=DIRECTION('',(-0.0,1.0,0.0));
#1920=DIRECTION('',(1.0,0.0,0.0));
#1921=SURFACE_STYLE_FILL_AREA(#3450);
#1922=ORIENTED_EDGE('',*,*,#3451,.F.);
#1923=ORIENTED_EDGE('',*,*,#3452,.T.);
#1924=ORIENTED_EDGE('',*,*,#3453,.F.);
#1925=ORIENTED_EDGE('',*,*,#3454,.F.);
#1926=CARTESIAN_POINT('',(3.81,-1.3,0.0));
#1927=DIRECTION('',(-0.0,1.0,-0.0));
#1928=DIRECTION('',(1.0,0.0,0.0));
#1929=SURFACE_STYLE_FILL_AREA(#3455);
#1930=ORIENTED_EDGE('',*,*,#3456,.F.);
#1931=ORIENTED_EDGE('',*,*,#3457,.T.);
#1932=ORIENTED_EDGE('',*,*,#3458,.T.);
#1933=ORIENTED_EDGE('',*,*,#3459,.F.);
#1934=ORIENTED_EDGE('',*,*,#3460,.F.);
#1935=CARTESIAN_POINT('',(3.81,-1.55,0.0));
#1936=DIRECTION('',(0.0,1.0,0.0));
#1937=DIRECTION('',(0.0,0.0,1.0));
#1938=SURFACE_STYLE_FILL_AREA(#3461);
#1939=ORIENTED_EDGE('',*,*,#3462,.F.);
#1940=ORIENTED_EDGE('',*,*,#3463,.T.);
#1941=ORIENTED_EDGE('',*,*,#3464,.T.);
#1942=ORIENTED_EDGE('',*,*,#3465,.F.);
#1943=ORIENTED_EDGE('',*,*,#3457,.F.);
#1944=ORIENTED_EDGE('',*,*,#3466,.F.);
#1945=CARTESIAN_POINT('',(3.81,-2.9375,0.0));
#1946=DIRECTION('',(-0.0,1.0,0.0));
#1947=DIRECTION('',(1.0,0.0,0.0));
#1948=SURFACE_STYLE_FILL_AREA(#3467);
#1949=ORIENTED_EDGE('',*,*,#3468,.F.);
#1950=ORIENTED_EDGE('',*,*,#3469,.T.);
#1951=ORIENTED_EDGE('',*,*,#3470,.T.);
#1952=ORIENTED_EDGE('',*,*,#3471,.F.);
#1953=ORIENTED_EDGE('',*,*,#3463,.F.);
#1954=ORIENTED_EDGE('',*,*,#3472,.F.);
#1955=CARTESIAN_POINT('',(3.81,-4.325,0.0));
#1956=DIRECTION('',(0.0,1.0,0.0));
#1957=DIRECTION('',(0.0,0.0,1.0));
#1958=SURFACE_STYLE_FILL_AREA(#3473);
#1959=ORIENTED_EDGE('',*,*,#3474,.F.);
#1960=ORIENTED_EDGE('',*,*,#3475,.F.);
#1961=ORIENTED_EDGE('',*,*,#3476,.F.);
#1962=ORIENTED_EDGE('',*,*,#3477,.F.);
#1963=CARTESIAN_POINT('',(3.81,2.4055,0.0));
#1964=DIRECTION('',(-0.0,1.0,0.0));
#1965=DIRECTION('',(1.0,0.0,0.0));
#1966=SURFACE_STYLE_FILL_AREA(#3478);
#1967=ORIENTED_EDGE('',*,*,#3479,.F.);
#1968=ORIENTED_EDGE('',*,*,#3454,.T.);
#1969=ORIENTED_EDGE('',*,*,#3480,.F.);
#1970=ORIENTED_EDGE('',*,*,#3481,.F.);
#1971=CARTESIAN_POINT('',(3.81,-0.15361215932168,0.0));
#1972=DIRECTION('',(-0.0,1.0,0.0));
#1973=DIRECTION('',(1.0,0.0,0.0));
#1974=SURFACE_STYLE_FILL_AREA(#3482);
#1975=ORIENTED_EDGE('',*,*,#3483,.F.);
#1976=ORIENTED_EDGE('',*,*,#3484,.F.);
#1977=ORIENTED_EDGE('',*,*,#3485,.F.);
#1978=ORIENTED_EDGE('',*,*,#3486,.F.);
#1979=CARTESIAN_POINT('',(-3.81,2.85118232182064,0.0));
#1980=DIRECTION('',(-0.0,1.0,0.0));
#1981=DIRECTION('',(1.0,0.0,0.0));
#1982=SURFACE_STYLE_FILL_AREA(#3487);
#1983=ORIENTED_EDGE('',*,*,#3488,.F.);
#1984=ORIENTED_EDGE('',*,*,#3486,.T.);
#1985=ORIENTED_EDGE('',*,*,#3489,.F.);
#1986=ORIENTED_EDGE('',*,*,#3490,.F.);
#1987=CARTESIAN_POINT('',(-3.81,2.6875,0.0));
#1988=DIRECTION('',(-0.0,1.0,-0.0));
#1989=DIRECTION('',(1.0,0.0,0.0));
#1990=SURFACE_STYLE_FILL_AREA(#3491);
#1991=ORIENTED_EDGE('',*,*,#3492,.F.);
#1992=ORIENTED_EDGE('',*,*,#3490,.T.);
#1993=ORIENTED_EDGE('',*,*,#3493,.F.);
#1994=ORIENTED_EDGE('',*,*,#3494,.F.);
#1995=CARTESIAN_POINT('',(-3.81,2.54,0.0));
#1996=DIRECTION('',(-0.0,1.0,0.0));
#1997=DIRECTION('',(1.0,0.0,0.0));
#1998=SURFACE_STYLE_FILL_AREA(#3495);
#1999=ORIENTED_EDGE('',*,*,#3496,.F.);
#2000=ORIENTED_EDGE('',*,*,#3497,.T.);
#2001=ORIENTED_EDGE('',*,*,#3498,.F.);
#2002=ORIENTED_EDGE('',*,*,#3499,.F.);
#2003=CARTESIAN_POINT('',(-3.81,2.43359259966289,0.0));
#2004=DIRECTION('',(-0.0,1.0,-0.0));
#2005=DIRECTION('',(1.0,0.0,0.0));
#2006=SURFACE_STYLE_FILL_AREA(#3500);
#2007=ORIENTED_EDGE('',*,*,#3501,.F.);
#2008=ORIENTED_EDGE('',*,*,#3499,.T.);
#2009=ORIENTED_EDGE('',*,*,#3502,.F.);
#2010=ORIENTED_EDGE('',*,*,#3503,.F.);
#2011=CARTESIAN_POINT('',(-3.81,2.13359259966289,0.0));
#2012=DIRECTION('',(-0.0,1.0,0.0));
#2013=DIRECTION('',(1.0,0.0,0.0));
#2014=SURFACE_STYLE_FILL_AREA(#3504);
#2015=ORIENTED_EDGE('',*,*,#3505,.F.);
#2016=ORIENTED_EDGE('',*,*,#3503,.T.);
#2017=ORIENTED_EDGE('',*,*,#3506,.F.);
#2018=ORIENTED_EDGE('',*,*,#3507,.F.);
#2019=CARTESIAN_POINT('',(-3.81,1.19487031110271,0.0));
#2020=DIRECTION('',(-0.0,1.0,-0.0));
#2021=DIRECTION('',(1.0,0.0,0.0));
#2022=SURFACE_STYLE_FILL_AREA(#3508);
#2023=ORIENTED_EDGE('',*,*,#3509,.F.);
#2024=ORIENTED_EDGE('',*,*,#3507,.T.);
#2025=ORIENTED_EDGE('',*,*,#3510,.F.);
#2026=ORIENTED_EDGE('',*,*,#3511,.F.);
#2027=CARTESIAN_POINT('',(-3.81,0.458908348459325,0.0));
#2028=DIRECTION('',(0.0,-1.0,-0.0));
#2029=DIRECTION('',(1.0,0.0,0.0));
#2030=SURFACE_STYLE_FILL_AREA(#3512);
#2031=ORIENTED_EDGE('',*,*,#3513,.F.);
#2032=ORIENTED_EDGE('',*,*,#3511,.T.);
#2033=ORIENTED_EDGE('',*,*,#3514,.F.);
#2034=ORIENTED_EDGE('',*,*,#3515,.F.);
#2035=CARTESIAN_POINT('',(-3.81,0.416538037356615,0.0));
#2036=DIRECTION('',(0.0,-1.0,-0.0));
#2037=DIRECTION('',(1.0,0.0,0.0));
#2038=SURFACE_STYLE_FILL_AREA(#3516);
#2039=ORIENTED_EDGE('',*,*,#3517,.F.);
#2040=ORIENTED_EDGE('',*,*,#3518,.F.);
#2041=ORIENTED_EDGE('',*,*,#3519,.F.);
#2042=ORIENTED_EDGE('',*,*,#3520,.T.);
#2043=CARTESIAN_POINT('',(-3.81,1.11883473127142,0.0));
#2044=DIRECTION('',(-0.0,1.0,-0.0));
#2045=DIRECTION('',(1.0,0.0,0.0));
#2046=SURFACE_STYLE_FILL_AREA(#3521);
#2047=ORIENTED_EDGE('',*,*,#3522,.F.);
#2048=ORIENTED_EDGE('',*,*,#3523,.T.);
#2049=ORIENTED_EDGE('',*,*,#3524,.F.);
#2050=ORIENTED_EDGE('',*,*,#3525,.F.);
#2051=CARTESIAN_POINT('',(-3.81,0.468834731271415,0.0));
#2052=DIRECTION('',(-0.0,1.0,0.0));
#2053=DIRECTION('',(1.0,0.0,0.0));
#2054=SURFACE_STYLE_FILL_AREA(#3526);
#2055=ORIENTED_EDGE('',*,*,#3527,.F.);
#2056=ORIENTED_EDGE('',*,*,#3528,.F.);
#2057=ORIENTED_EDGE('',*,*,#3525,.T.);
#2058=CARTESIAN_POINT('',(-3.81,-1.05877132402715,0.0));
#2059=DIRECTION('',(-0.0,1.0,-0.0));
#2060=DIRECTION('',(1.0,0.0,0.0));
#2061=SURFACE_STYLE_FILL_AREA(#3529);
#2062=ORIENTED_EDGE('',*,*,#3530,.F.);
#2063=ORIENTED_EDGE('',*,*,#3531,.F.);
#2064=ORIENTED_EDGE('',*,*,#3532,.F.);
#2065=ORIENTED_EDGE('',*,*,#3533,.F.);
#2066=CARTESIAN_POINT('',(-1.27,2.85118232182064,0.0));
#2067=DIRECTION('',(-0.0,1.0,0.0));
#2068=DIRECTION('',(1.0,0.0,0.0));
#2069=SURFACE_STYLE_FILL_AREA(#3534);
#2070=ORIENTED_EDGE('',*,*,#3535,.F.);
#2071=ORIENTED_EDGE('',*,*,#3533,.T.);
#2072=ORIENTED_EDGE('',*,*,#3536,.F.);
#2073=ORIENTED_EDGE('',*,*,#3537,.F.);
#2074=CARTESIAN_POINT('',(-1.27,2.6875,0.0));
#2075=DIRECTION('',(-0.0,1.0,-0.0));
#2076=DIRECTION('',(1.0,0.0,0.0));
#2077=SURFACE_STYLE_FILL_AREA(#3538);
#2078=ORIENTED_EDGE('',*,*,#3539,.F.);
#2079=ORIENTED_EDGE('',*,*,#3537,.T.);
#2080=ORIENTED_EDGE('',*,*,#3540,.F.);
#2081=ORIENTED_EDGE('',*,*,#3541,.F.);
#2082=CARTESIAN_POINT('',(-1.27,2.54,0.0));
#2083=DIRECTION('',(-0.0,1.0,0.0));
#2084=DIRECTION('',(1.0,0.0,0.0));
#2085=SURFACE_STYLE_FILL_AREA(#3542);
#2086=ORIENTED_EDGE('',*,*,#3543,.F.);
#2087=ORIENTED_EDGE('',*,*,#3544,.T.);
#2088=ORIENTED_EDGE('',*,*,#3545,.F.);
#2089=ORIENTED_EDGE('',*,*,#3546,.F.);
#2090=CARTESIAN_POINT('',(-1.27,2.43359259966289,0.0));
#2091=DIRECTION('',(-0.0,1.0,-0.0));
#2092=DIRECTION('',(1.0,0.0,0.0));
#2093=SURFACE_STYLE_FILL_AREA(#3547);
#2094=ORIENTED_EDGE('',*,*,#3548,.F.);
#2095=ORIENTED_EDGE('',*,*,#3546,.T.);
#2096=ORIENTED_EDGE('',*,*,#3549,.F.);
#2097=ORIENTED_EDGE('',*,*,#3550,.F.);
#2098=CARTESIAN_POINT('',(-1.27,2.13359259966289,0.0));
#2099=DIRECTION('',(-0.0,1.0,0.0));
#2100=DIRECTION('',(1.0,0.0,0.0));
#2101=SURFACE_STYLE_FILL_AREA(#3551);
#2102=ORIENTED_EDGE('',*,*,#3552,.F.);
#2103=ORIENTED_EDGE('',*,*,#3550,.T.);
#2104=ORIENTED_EDGE('',*,*,#3553,.F.);
#2105=ORIENTED_EDGE('',*,*,#3554,.F.);
#2106=CARTESIAN_POINT('',(-1.27,1.19487031110271,0.0));
#2107=DIRECTION('',(-0.0,1.0,-0.0));
#2108=DIRECTION('',(1.0,0.0,0.0));
#2109=SURFACE_STYLE_FILL_AREA(#3555);
#2110=ORIENTED_EDGE('',*,*,#3556,.F.);
#2111=ORIENTED_EDGE('',*,*,#3554,.T.);
#2112=ORIENTED_EDGE('',*,*,#3557,.F.);
#2113=ORIENTED_EDGE('',*,*,#3558,.F.);
#2114=CARTESIAN_POINT('',(-1.27,0.458908348459325,0.0));
#2115=DIRECTION('',(0.0,-1.0,-0.0));
#2116=DIRECTION('',(1.0,0.0,0.0));
#2117=SURFACE_STYLE_FILL_AREA(#3559);
#2118=ORIENTED_EDGE('',*,*,#3560,.F.);
#2119=ORIENTED_EDGE('',*,*,#3558,.T.);
#2120=ORIENTED_EDGE('',*,*,#3561,.F.);
#2121=ORIENTED_EDGE('',*,*,#3562,.F.);
#2122=CARTESIAN_POINT('',(-1.27,0.416538037356615,0.0));
#2123=DIRECTION('',(0.0,-1.0,-0.0));
#2124=DIRECTION('',(1.0,0.0,0.0));
#2125=SURFACE_STYLE_FILL_AREA(#3563);
#2126=ORIENTED_EDGE('',*,*,#3564,.F.);
#2127=ORIENTED_EDGE('',*,*,#3565,.F.);
#2128=ORIENTED_EDGE('',*,*,#3566,.F.);
#2129=ORIENTED_EDGE('',*,*,#3567,.T.);
#2130=CARTESIAN_POINT('',(-1.27,1.11883473127142,0.0));
#2131=DIRECTION('',(-0.0,1.0,-0.0));
#2132=DIRECTION('',(1.0,0.0,0.0));
#2133=SURFACE_STYLE_FILL_AREA(#3568);
#2134=ORIENTED_EDGE('',*,*,#3569,.F.);
#2135=ORIENTED_EDGE('',*,*,#3570,.T.);
#2136=ORIENTED_EDGE('',*,*,#3571,.F.);
#2137=ORIENTED_EDGE('',*,*,#3572,.F.);
#2138=CARTESIAN_POINT('',(-1.27,0.468834731271415,0.0));
#2139=DIRECTION('',(-0.0,1.0,0.0));
#2140=DIRECTION('',(1.0,0.0,0.0));
#2141=SURFACE_STYLE_FILL_AREA(#3573);
#2142=ORIENTED_EDGE('',*,*,#3574,.F.);
#2143=ORIENTED_EDGE('',*,*,#3575,.F.);
#2144=ORIENTED_EDGE('',*,*,#3572,.T.);
#2145=CARTESIAN_POINT('',(-1.27,-1.05877132402715,0.0));
#2146=DIRECTION('',(-0.0,1.0,-0.0));
#2147=DIRECTION('',(1.0,0.0,0.0));
#2148=SURFACE_STYLE_FILL_AREA(#3576);
#2149=ORIENTED_EDGE('',*,*,#3577,.F.);
#2150=ORIENTED_EDGE('',*,*,#3578,.F.);
#2151=ORIENTED_EDGE('',*,*,#3579,.F.);
#2152=ORIENTED_EDGE('',*,*,#3580,.F.);
#2153=CARTESIAN_POINT('',(1.27,2.85118232182064,0.0));
#2154=DIRECTION('',(-0.0,1.0,0.0));
#2155=DIRECTION('',(1.0,0.0,0.0));
#2156=SURFACE_STYLE_FILL_AREA(#3581);
#2157=ORIENTED_EDGE('',*,*,#3582,.F.);
#2158=ORIENTED_EDGE('',*,*,#3580,.T.);
#2159=ORIENTED_EDGE('',*,*,#3583,.F.);
#2160=ORIENTED_EDGE('',*,*,#3584,.F.);
#2161=CARTESIAN_POINT('',(1.27,2.6875,0.0));
#2162=DIRECTION('',(-0.0,1.0,-0.0));
#2163=DIRECTION('',(1.0,0.0,0.0));
#2164=SURFACE_STYLE_FILL_AREA(#3585);
#2165=ORIENTED_EDGE('',*,*,#3586,.F.);
#2166=ORIENTED_EDGE('',*,*,#3584,.T.);
#2167=ORIENTED_EDGE('',*,*,#3587,.F.);
#2168=ORIENTED_EDGE('',*,*,#3588,.F.);
#2169=CARTESIAN_POINT('',(1.27,2.54,0.0));
#2170=DIRECTION('',(-0.0,1.0,0.0));
#2171=DIRECTION('',(1.0,0.0,0.0));
#2172=SURFACE_STYLE_FILL_AREA(#3589);
#2173=ORIENTED_EDGE('',*,*,#3590,.F.);
#2174=ORIENTED_EDGE('',*,*,#3591,.T.);
#2175=ORIENTED_EDGE('',*,*,#3592,.F.);
#2176=ORIENTED_EDGE('',*,*,#3593,.F.);
#2177=CARTESIAN_POINT('',(1.27,2.43359259966289,0.0));
#2178=DIRECTION('',(-0.0,1.0,-0.0));
#2179=DIRECTION('',(1.0,0.0,0.0));
#2180=SURFACE_STYLE_FILL_AREA(#3594);
#2181=ORIENTED_EDGE('',*,*,#3595,.F.);
#2182=ORIENTED_EDGE('',*,*,#3593,.T.);
#2183=ORIENTED_EDGE('',*,*,#3596,.F.);
#2184=ORIENTED_EDGE('',*,*,#3597,.F.);
#2185=CARTESIAN_POINT('',(1.27,2.13359259966289,0.0));
#2186=DIRECTION('',(-0.0,1.0,0.0));
#2187=DIRECTION('',(1.0,0.0,0.0));
#2188=SURFACE_STYLE_FILL_AREA(#3598);
#2189=ORIENTED_EDGE('',*,*,#3599,.F.);
#2190=ORIENTED_EDGE('',*,*,#3597,.T.);
#2191=ORIENTED_EDGE('',*,*,#3600,.F.);
#2192=ORIENTED_EDGE('',*,*,#3601,.F.);
#2193=CARTESIAN_POINT('',(1.27,1.19487031110271,0.0));
#2194=DIRECTION('',(-0.0,1.0,-0.0));
#2195=DIRECTION('',(1.0,0.0,0.0));
#2196=SURFACE_STYLE_FILL_AREA(#3602);
#2197=ORIENTED_EDGE('',*,*,#3603,.F.);
#2198=ORIENTED_EDGE('',*,*,#3601,.T.);
#2199=ORIENTED_EDGE('',*,*,#3604,.F.);
#2200=ORIENTED_EDGE('',*,*,#3605,.F.);
#2201=CARTESIAN_POINT('',(1.27,0.458908348459325,0.0));
#2202=DIRECTION('',(0.0,-1.0,-0.0));
#2203=DIRECTION('',(1.0,0.0,0.0));
#2204=SURFACE_STYLE_FILL_AREA(#3606);
#2205=ORIENTED_EDGE('',*,*,#3607,.F.);
#2206=ORIENTED_EDGE('',*,*,#3605,.T.);
#2207=ORIENTED_EDGE('',*,*,#3608,.F.);
#2208=ORIENTED_EDGE('',*,*,#3609,.F.);
#2209=CARTESIAN_POINT('',(1.27,0.416538037356615,0.0));
#2210=DIRECTION('',(0.0,-1.0,-0.0));
#2211=DIRECTION('',(1.0,0.0,0.0));
#2212=SURFACE_STYLE_FILL_AREA(#3610);
#2213=ORIENTED_EDGE('',*,*,#3611,.F.);
#2214=ORIENTED_EDGE('',*,*,#3612,.F.);
#2215=ORIENTED_EDGE('',*,*,#3613,.F.);
#2216=ORIENTED_EDGE('',*,*,#3614,.T.);
#2217=CARTESIAN_POINT('',(1.27,1.11883473127142,0.0));
#2218=DIRECTION('',(-0.0,1.0,-0.0));
#2219=DIRECTION('',(1.0,0.0,0.0));
#2220=SURFACE_STYLE_FILL_AREA(#3615);
#2221=ORIENTED_EDGE('',*,*,#3616,.F.);
#2222=ORIENTED_EDGE('',*,*,#3617,.T.);
#2223=ORIENTED_EDGE('',*,*,#3618,.F.);
#2224=ORIENTED_EDGE('',*,*,#3619,.F.);
#2225=CARTESIAN_POINT('',(1.27,0.468834731271415,0.0));
#2226=DIRECTION('',(-0.0,1.0,0.0));
#2227=DIRECTION('',(1.0,0.0,0.0));
#2228=SURFACE_STYLE_FILL_AREA(#3620);
#2229=ORIENTED_EDGE('',*,*,#3621,.F.);
#2230=ORIENTED_EDGE('',*,*,#3622,.F.);
#2231=ORIENTED_EDGE('',*,*,#3619,.T.);
#2232=CARTESIAN_POINT('',(1.27,-1.05877132402715,0.0));
#2233=DIRECTION('',(-0.0,1.0,-0.0));
#2234=DIRECTION('',(1.0,0.0,0.0));
#2235=SURFACE_STYLE_FILL_AREA(#3623);
#2236=ORIENTED_EDGE('',*,*,#3624,.F.);
#2237=ORIENTED_EDGE('',*,*,#3625,.F.);
#2238=ORIENTED_EDGE('',*,*,#3626,.F.);
#2239=ORIENTED_EDGE('',*,*,#3627,.F.);
#2240=CARTESIAN_POINT('',(3.81,2.85118232182064,0.0));
#2241=DIRECTION('',(-0.0,1.0,0.0));
#2242=DIRECTION('',(1.0,0.0,0.0));
#2243=SURFACE_STYLE_FILL_AREA(#3628);
#2244=ORIENTED_EDGE('',*,*,#3629,.F.);
#2245=ORIENTED_EDGE('',*,*,#3627,.T.);
#2246=ORIENTED_EDGE('',*,*,#3630,.F.);
#2247=ORIENTED_EDGE('',*,*,#3631,.F.);
#2248=CARTESIAN_POINT('',(3.81,2.6875,0.0));
#2249=DIRECTION('',(-0.0,1.0,-0.0));
#2250=DIRECTION('',(1.0,0.0,0.0));
#2251=SURFACE_STYLE_FILL_AREA(#3632);
#2252=ORIENTED_EDGE('',*,*,#3633,.F.);
#2253=ORIENTED_EDGE('',*,*,#3631,.T.);
#2254=ORIENTED_EDGE('',*,*,#3634,.F.);
#2255=ORIENTED_EDGE('',*,*,#3635,.F.);
#2256=CARTESIAN_POINT('',(3.81,2.54,0.0));
#2257=DIRECTION('',(-0.0,1.0,0.0));
#2258=DIRECTION('',(1.0,0.0,0.0));
#2259=SURFACE_STYLE_FILL_AREA(#3636);
#2260=ORIENTED_EDGE('',*,*,#3637,.F.);
#2261=ORIENTED_EDGE('',*,*,#3638,.T.);
#2262=ORIENTED_EDGE('',*,*,#3639,.F.);
#2263=ORIENTED_EDGE('',*,*,#3640,.F.);
#2264=CARTESIAN_POINT('',(3.81,2.43359259966289,0.0));
#2265=DIRECTION('',(-0.0,1.0,-0.0));
#2266=DIRECTION('',(1.0,0.0,0.0));
#2267=SURFACE_STYLE_FILL_AREA(#3641);
#2268=ORIENTED_EDGE('',*,*,#3642,.F.);
#2269=ORIENTED_EDGE('',*,*,#3640,.T.);
#2270=ORIENTED_EDGE('',*,*,#3643,.F.);
#2271=ORIENTED_EDGE('',*,*,#3644,.F.);
#2272=CARTESIAN_POINT('',(3.81,2.13359259966289,0.0));
#2273=DIRECTION('',(-0.0,1.0,0.0));
#2274=DIRECTION('',(1.0,0.0,0.0));
#2275=SURFACE_STYLE_FILL_AREA(#3645);
#2276=ORIENTED_EDGE('',*,*,#3646,.F.);
#2277=ORIENTED_EDGE('',*,*,#3644,.T.);
#2278=ORIENTED_EDGE('',*,*,#3647,.F.);
#2279=ORIENTED_EDGE('',*,*,#3648,.F.);
#2280=CARTESIAN_POINT('',(3.81,1.19487031110271,0.0));
#2281=DIRECTION('',(-0.0,1.0,-0.0));
#2282=DIRECTION('',(1.0,0.0,0.0));
#2283=SURFACE_STYLE_FILL_AREA(#3649);
#2284=ORIENTED_EDGE('',*,*,#3650,.F.);
#2285=ORIENTED_EDGE('',*,*,#3648,.T.);
#2286=ORIENTED_EDGE('',*,*,#3651,.F.);
#2287=ORIENTED_EDGE('',*,*,#3652,.F.);
#2288=CARTESIAN_POINT('',(3.81,0.458908348459325,0.0));
#2289=DIRECTION('',(0.0,-1.0,-0.0));
#2290=DIRECTION('',(1.0,0.0,0.0));
#2291=SURFACE_STYLE_FILL_AREA(#3653);
#2292=ORIENTED_EDGE('',*,*,#3654,.F.);
#2293=ORIENTED_EDGE('',*,*,#3652,.T.);
#2294=ORIENTED_EDGE('',*,*,#3655,.F.);
#2295=ORIENTED_EDGE('',*,*,#3656,.F.);
#2296=CARTESIAN_POINT('',(3.81,0.416538037356615,0.0));
#2297=DIRECTION('',(0.0,-1.0,-0.0));
#2298=DIRECTION('',(1.0,0.0,0.0));
#2299=SURFACE_STYLE_FILL_AREA(#3657);
#2300=ORIENTED_EDGE('',*,*,#3658,.F.);
#2301=ORIENTED_EDGE('',*,*,#3659,.F.);
#2302=ORIENTED_EDGE('',*,*,#3660,.F.);
#2303=ORIENTED_EDGE('',*,*,#3661,.T.);
#2304=CARTESIAN_POINT('',(3.81,1.11883473127142,0.0));
#2305=DIRECTION('',(-0.0,1.0,-0.0));
#2306=DIRECTION('',(1.0,0.0,0.0));
#2307=SURFACE_STYLE_FILL_AREA(#3662);
#2308=ORIENTED_EDGE('',*,*,#3663,.F.);
#2309=ORIENTED_EDGE('',*,*,#3664,.T.);
#2310=ORIENTED_EDGE('',*,*,#3665,.F.);
#2311=ORIENTED_EDGE('',*,*,#3666,.F.);
#2312=CARTESIAN_POINT('',(3.81,0.468834731271415,0.0));
#2313=DIRECTION('',(-0.0,1.0,0.0));
#2314=DIRECTION('',(1.0,0.0,0.0));
#2315=SURFACE_STYLE_FILL_AREA(#3667);
#2316=ORIENTED_EDGE('',*,*,#3668,.F.);
#2317=ORIENTED_EDGE('',*,*,#3669,.F.);
#2318=ORIENTED_EDGE('',*,*,#3666,.T.);
#2319=CARTESIAN_POINT('',(3.81,-1.05877132402715,0.0));
#2320=DIRECTION('',(-0.0,1.0,-0.0));
#2321=DIRECTION('',(1.0,0.0,0.0));
#2322=SURFACE_STYLE_FILL_AREA(#3670);
#2323=ORIENTED_EDGE('',*,*,#3668,.T.);
#2324=ORIENTED_EDGE('',*,*,#3671,.T.);
#2325=ORIENTED_EDGE('',*,*,#3669,.T.);
#2326=CARTESIAN_POINT('',(3.81,-1.05877132402715,0.0));
#2327=DIRECTION('',(-0.0,1.0,-0.0));
#2328=DIRECTION('',(1.0,0.0,0.0));
#2329=SURFACE_STYLE_FILL_AREA(#3672);
#2330=ORIENTED_EDGE('',*,*,#3663,.T.);
#2331=ORIENTED_EDGE('',*,*,#3671,.F.);
#2332=ORIENTED_EDGE('',*,*,#3665,.T.);
#2333=ORIENTED_EDGE('',*,*,#3659,.T.);
#2334=CARTESIAN_POINT('',(3.81,0.468834731271415,0.0));
#2335=DIRECTION('',(-0.0,1.0,0.0));
#2336=DIRECTION('',(1.0,0.0,0.0));
#2337=SURFACE_STYLE_FILL_AREA(#3673);
#2338=ORIENTED_EDGE('',*,*,#3658,.T.);
#2339=ORIENTED_EDGE('',*,*,#3656,.T.);
#2340=ORIENTED_EDGE('',*,*,#3660,.T.);
#2341=ORIENTED_EDGE('',*,*,#3664,.F.);
#2342=CARTESIAN_POINT('',(3.81,1.11883473127142,0.0));
#2343=DIRECTION('',(-0.0,1.0,-0.0));
#2344=DIRECTION('',(1.0,0.0,0.0));
#2345=SURFACE_STYLE_FILL_AREA(#3674);
#2346=ORIENTED_EDGE('',*,*,#3654,.T.);
#2347=ORIENTED_EDGE('',*,*,#3661,.F.);
#2348=ORIENTED_EDGE('',*,*,#3655,.T.);
#2349=ORIENTED_EDGE('',*,*,#3675,.T.);
#2350=CARTESIAN_POINT('',(3.81,0.416538037356615,0.0));
#2351=DIRECTION('',(0.0,-1.0,-0.0));
#2352=DIRECTION('',(1.0,0.0,0.0));
#2353=SURFACE_STYLE_FILL_AREA(#3676);
#2354=ORIENTED_EDGE('',*,*,#3650,.T.);
#2355=ORIENTED_EDGE('',*,*,#3675,.F.);
#2356=ORIENTED_EDGE('',*,*,#3651,.T.);
#2357=ORIENTED_EDGE('',*,*,#3677,.T.);
#2358=CARTESIAN_POINT('',(3.81,0.458908348459325,0.0));
#2359=DIRECTION('',(0.0,-1.0,-0.0));
#2360=DIRECTION('',(1.0,0.0,0.0));
#2361=SURFACE_STYLE_FILL_AREA(#3678);
#2362=ORIENTED_EDGE('',*,*,#3646,.T.);
#2363=ORIENTED_EDGE('',*,*,#3677,.F.);
#2364=ORIENTED_EDGE('',*,*,#3647,.T.);
#2365=ORIENTED_EDGE('',*,*,#3679,.T.);
#2366=CARTESIAN_POINT('',(3.81,1.19487031110271,0.0));
#2367=DIRECTION('',(-0.0,1.0,-0.0));
#2368=DIRECTION('',(1.0,0.0,0.0));
#2369=SURFACE_STYLE_FILL_AREA(#3680);
#2370=ORIENTED_EDGE('',*,*,#3642,.T.);
#2371=ORIENTED_EDGE('',*,*,#3679,.F.);
#2372=ORIENTED_EDGE('',*,*,#3643,.T.);
#2373=ORIENTED_EDGE('',*,*,#3681,.T.);
#2374=CARTESIAN_POINT('',(3.81,2.13359259966289,0.0));
#2375=DIRECTION('',(-0.0,1.0,0.0));
#2376=DIRECTION('',(1.0,0.0,0.0));
#2377=SURFACE_STYLE_FILL_AREA(#3682);
#2378=ORIENTED_EDGE('',*,*,#3637,.T.);
#2379=ORIENTED_EDGE('',*,*,#3681,.F.);
#2380=ORIENTED_EDGE('',*,*,#3639,.T.);
#2381=ORIENTED_EDGE('',*,*,#3683,.T.);
#2382=CARTESIAN_POINT('',(3.81,2.43359259966289,0.0));
#2383=DIRECTION('',(-0.0,1.0,-0.0));
#2384=DIRECTION('',(1.0,0.0,0.0));
#2385=SURFACE_STYLE_FILL_AREA(#3684);
#2386=ORIENTED_EDGE('',*,*,#3635,.T.);
#2387=ORIENTED_EDGE('',*,*,#3685,.T.);
#2388=ORIENTED_EDGE('',*,*,#3638,.F.);
#2389=ORIENTED_EDGE('',*,*,#3683,.F.);
#2390=CARTESIAN_POINT('',(4.325,2.505,0.0));
#2391=DIRECTION('',(-0.0,-1.0,-0.0));
#2392=DIRECTION('',(-1.0,0.0,0.0));
#2393=SURFACE_STYLE_FILL_AREA(#3686);
#2394=ORIENTED_EDGE('',*,*,#3633,.T.);
#2395=ORIENTED_EDGE('',*,*,#3685,.F.);
#2396=ORIENTED_EDGE('',*,*,#3634,.T.);
#2397=ORIENTED_EDGE('',*,*,#3687,.T.);
#2398=CARTESIAN_POINT('',(3.81,2.54,0.0));
#2399=DIRECTION('',(-0.0,1.0,0.0));
#2400=DIRECTION('',(1.0,0.0,0.0));
#2401=SURFACE_STYLE_FILL_AREA(#3688);
#2402=ORIENTED_EDGE('',*,*,#3629,.T.);
#2403=ORIENTED_EDGE('',*,*,#3687,.F.);
#2404=ORIENTED_EDGE('',*,*,#3630,.T.);
#2405=ORIENTED_EDGE('',*,*,#3689,.T.);
#2406=CARTESIAN_POINT('',(3.81,2.6875,0.0));
#2407=DIRECTION('',(-0.0,1.0,-0.0));
#2408=DIRECTION('',(1.0,0.0,0.0));
#2409=SURFACE_STYLE_FILL_AREA(#3690);
#2410=ORIENTED_EDGE('',*,*,#3624,.T.);
#2411=ORIENTED_EDGE('',*,*,#3689,.F.);
#2412=ORIENTED_EDGE('',*,*,#3626,.T.);
#2413=ORIENTED_EDGE('',*,*,#3691,.F.);
#2414=CARTESIAN_POINT('',(3.81,2.85118232182064,0.0));
#2415=DIRECTION('',(-0.0,1.0,0.0));
#2416=DIRECTION('',(1.0,0.0,0.0));
#2417=SURFACE_STYLE_FILL_AREA(#3692);
#2418=ORIENTED_EDGE('',*,*,#3621,.T.);
#2419=ORIENTED_EDGE('',*,*,#3693,.T.);
#2420=ORIENTED_EDGE('',*,*,#3622,.T.);
#2421=CARTESIAN_POINT('',(1.27,-1.05877132402715,0.0));
#2422=DIRECTION('',(-0.0,1.0,-0.0));
#2423=DIRECTION('',(1.0,0.0,0.0));
#2424=SURFACE_STYLE_FILL_AREA(#3694);
#2425=ORIENTED_EDGE('',*,*,#3616,.T.);
#2426=ORIENTED_EDGE('',*,*,#3693,.F.);
#2427=ORIENTED_EDGE('',*,*,#3618,.T.);
#2428=ORIENTED_EDGE('',*,*,#3612,.T.);
#2429=CARTESIAN_POINT('',(1.27,0.468834731271415,0.0));
#2430=DIRECTION('',(-0.0,1.0,0.0));
#2431=DIRECTION('',(1.0,0.0,0.0));
#2432=SURFACE_STYLE_FILL_AREA(#3695);
#2433=ORIENTED_EDGE('',*,*,#3611,.T.);
#2434=ORIENTED_EDGE('',*,*,#3609,.T.);
#2435=ORIENTED_EDGE('',*,*,#3613,.T.);
#2436=ORIENTED_EDGE('',*,*,#3617,.F.);
#2437=CARTESIAN_POINT('',(1.27,1.11883473127142,0.0));
#2438=DIRECTION('',(-0.0,1.0,-0.0));
#2439=DIRECTION('',(1.0,0.0,0.0));
#2440=SURFACE_STYLE_FILL_AREA(#3696);
#2441=ORIENTED_EDGE('',*,*,#3607,.T.);
#2442=ORIENTED_EDGE('',*,*,#3614,.F.);
#2443=ORIENTED_EDGE('',*,*,#3608,.T.);
#2444=ORIENTED_EDGE('',*,*,#3697,.T.);
#2445=CARTESIAN_POINT('',(1.27,0.416538037356615,0.0));
#2446=DIRECTION('',(0.0,-1.0,-0.0));
#2447=DIRECTION('',(1.0,0.0,0.0));
#2448=SURFACE_STYLE_FILL_AREA(#3698);
#2449=ORIENTED_EDGE('',*,*,#3603,.T.);
#2450=ORIENTED_EDGE('',*,*,#3697,.F.);
#2451=ORIENTED_EDGE('',*,*,#3604,.T.);
#2452=ORIENTED_EDGE('',*,*,#3699,.T.);
#2453=CARTESIAN_POINT('',(1.27,0.458908348459325,0.0));
#2454=DIRECTION('',(0.0,-1.0,-0.0));
#2455=DIRECTION('',(1.0,0.0,0.0));
#2456=SURFACE_STYLE_FILL_AREA(#3700);
#2457=ORIENTED_EDGE('',*,*,#3599,.T.);
#2458=ORIENTED_EDGE('',*,*,#3699,.F.);
#2459=ORIENTED_EDGE('',*,*,#3600,.T.);
#2460=ORIENTED_EDGE('',*,*,#3701,.T.);
#2461=CARTESIAN_POINT('',(1.27,1.19487031110271,0.0));
#2462=DIRECTION('',(-0.0,1.0,-0.0));
#2463=DIRECTION('',(1.0,0.0,0.0));
#2464=SURFACE_STYLE_FILL_AREA(#3702);
#2465=ORIENTED_EDGE('',*,*,#3595,.T.);
#2466=ORIENTED_EDGE('',*,*,#3701,.F.);
#2467=ORIENTED_EDGE('',*,*,#3596,.T.);
#2468=ORIENTED_EDGE('',*,*,#3703,.T.);
#2469=CARTESIAN_POINT('',(1.27,2.13359259966289,0.0));
#2470=DIRECTION('',(-0.0,1.0,0.0));
#2471=DIRECTION('',(1.0,0.0,0.0));
#2472=SURFACE_STYLE_FILL_AREA(#3704);
#2473=ORIENTED_EDGE('',*,*,#3590,.T.);
#2474=ORIENTED_EDGE('',*,*,#3703,.F.);
#2475=ORIENTED_EDGE('',*,*,#3592,.T.);
#2476=ORIENTED_EDGE('',*,*,#3705,.T.);
#2477=CARTESIAN_POINT('',(1.27,2.43359259966289,0.0));
#2478=DIRECTION('',(-0.0,1.0,-0.0));
#2479=DIRECTION('',(1.0,0.0,0.0));
#2480=SURFACE_STYLE_FILL_AREA(#3706);
#2481=ORIENTED_EDGE('',*,*,#3588,.T.);
#2482=ORIENTED_EDGE('',*,*,#3707,.T.);
#2483=ORIENTED_EDGE('',*,*,#3591,.F.);
#2484=ORIENTED_EDGE('',*,*,#3705,.F.);
#2485=CARTESIAN_POINT('',(1.785,2.505,0.0));
#2486=DIRECTION('',(-0.0,-1.0,-0.0));
#2487=DIRECTION('',(-1.0,0.0,0.0));
#2488=SURFACE_STYLE_FILL_AREA(#3708);
#2489=ORIENTED_EDGE('',*,*,#3586,.T.);
#2490=ORIENTED_EDGE('',*,*,#3707,.F.);
#2491=ORIENTED_EDGE('',*,*,#3587,.T.);
#2492=ORIENTED_EDGE('',*,*,#3709,.T.);
#2493=CARTESIAN_POINT('',(1.27,2.54,0.0));
#2494=DIRECTION('',(-0.0,1.0,0.0));
#2495=DIRECTION('',(1.0,0.0,0.0));
#2496=SURFACE_STYLE_FILL_AREA(#3710);
#2497=ORIENTED_EDGE('',*,*,#3582,.T.);
#2498=ORIENTED_EDGE('',*,*,#3709,.F.);
#2499=ORIENTED_EDGE('',*,*,#3583,.T.);
#2500=ORIENTED_EDGE('',*,*,#3711,.T.);
#2501=CARTESIAN_POINT('',(1.27,2.6875,0.0));
#2502=DIRECTION('',(-0.0,1.0,-0.0));
#2503=DIRECTION('',(1.0,0.0,0.0));
#2504=SURFACE_STYLE_FILL_AREA(#3712);
#2505=ORIENTED_EDGE('',*,*,#3577,.T.);
#2506=ORIENTED_EDGE('',*,*,#3711,.F.);
#2507=ORIENTED_EDGE('',*,*,#3579,.T.);
#2508=ORIENTED_EDGE('',*,*,#3713,.F.);
#2509=CARTESIAN_POINT('',(1.27,2.85118232182064,0.0));
#2510=DIRECTION('',(-0.0,1.0,0.0));
#2511=DIRECTION('',(1.0,0.0,0.0));
#2512=SURFACE_STYLE_FILL_AREA(#3714);
#2513=ORIENTED_EDGE('',*,*,#3574,.T.);
#2514=ORIENTED_EDGE('',*,*,#3715,.T.);
#2515=ORIENTED_EDGE('',*,*,#3575,.T.);
#2516=CARTESIAN_POINT('',(-1.27,-1.05877132402715,0.0));
#2517=DIRECTION('',(-0.0,1.0,-0.0));
#2518=DIRECTION('',(1.0,0.0,0.0));
#2519=SURFACE_STYLE_FILL_AREA(#3716);
#2520=ORIENTED_EDGE('',*,*,#3569,.T.);
#2521=ORIENTED_EDGE('',*,*,#3715,.F.);
#2522=ORIENTED_EDGE('',*,*,#3571,.T.);
#2523=ORIENTED_EDGE('',*,*,#3565,.T.);
#2524=CARTESIAN_POINT('',(-1.27,0.468834731271415,0.0));
#2525=DIRECTION('',(-0.0,1.0,0.0));
#2526=DIRECTION('',(1.0,0.0,0.0));
#2527=SURFACE_STYLE_FILL_AREA(#3717);
#2528=ORIENTED_EDGE('',*,*,#3564,.T.);
#2529=ORIENTED_EDGE('',*,*,#3562,.T.);
#2530=ORIENTED_EDGE('',*,*,#3566,.T.);
#2531=ORIENTED_EDGE('',*,*,#3570,.F.);
#2532=CARTESIAN_POINT('',(-1.27,1.11883473127142,0.0));
#2533=DIRECTION('',(-0.0,1.0,-0.0));
#2534=DIRECTION('',(1.0,0.0,0.0));
#2535=SURFACE_STYLE_FILL_AREA(#3718);
#2536=ORIENTED_EDGE('',*,*,#3560,.T.);
#2537=ORIENTED_EDGE('',*,*,#3567,.F.);
#2538=ORIENTED_EDGE('',*,*,#3561,.T.);
#2539=ORIENTED_EDGE('',*,*,#3719,.T.);
#2540=CARTESIAN_POINT('',(-1.27,0.416538037356615,0.0));
#2541=DIRECTION('',(0.0,-1.0,-0.0));
#2542=DIRECTION('',(1.0,0.0,0.0));
#2543=SURFACE_STYLE_FILL_AREA(#3720);
#2544=ORIENTED_EDGE('',*,*,#3556,.T.);
#2545=ORIENTED_EDGE('',*,*,#3719,.F.);
#2546=ORIENTED_EDGE('',*,*,#3557,.T.);
#2547=ORIENTED_EDGE('',*,*,#3721,.T.);
#2548=CARTESIAN_POINT('',(-1.27,0.458908348459325,0.0));
#2549=DIRECTION('',(0.0,-1.0,-0.0));
#2550=DIRECTION('',(1.0,0.0,0.0));
#2551=SURFACE_STYLE_FILL_AREA(#3722);
#2552=ORIENTED_EDGE('',*,*,#3552,.T.);
#2553=ORIENTED_EDGE('',*,*,#3721,.F.);
#2554=ORIENTED_EDGE('',*,*,#3553,.T.);
#2555=ORIENTED_EDGE('',*,*,#3723,.T.);
#2556=CARTESIAN_POINT('',(-1.27,1.19487031110271,0.0));
#2557=DIRECTION('',(-0.0,1.0,-0.0));
#2558=DIRECTION('',(1.0,0.0,0.0));
#2559=SURFACE_STYLE_FILL_AREA(#3724);
#2560=ORIENTED_EDGE('',*,*,#3548,.T.);
#2561=ORIENTED_EDGE('',*,*,#3723,.F.);
#2562=ORIENTED_EDGE('',*,*,#3549,.T.);
#2563=ORIENTED_EDGE('',*,*,#3725,.T.);
#2564=CARTESIAN_POINT('',(-1.27,2.13359259966289,0.0));
#2565=DIRECTION('',(-0.0,1.0,0.0));
#2566=DIRECTION('',(1.0,0.0,0.0));
#2567=SURFACE_STYLE_FILL_AREA(#3726);
#2568=ORIENTED_EDGE('',*,*,#3543,.T.);
#2569=ORIENTED_EDGE('',*,*,#3725,.F.);
#2570=ORIENTED_EDGE('',*,*,#3545,.T.);
#2571=ORIENTED_EDGE('',*,*,#3727,.T.);
#2572=CARTESIAN_POINT('',(-1.27,2.43359259966289,0.0));
#2573=DIRECTION('',(-0.0,1.0,-0.0));
#2574=DIRECTION('',(1.0,0.0,0.0));
#2575=SURFACE_STYLE_FILL_AREA(#3728);
#2576=ORIENTED_EDGE('',*,*,#3541,.T.);
#2577=ORIENTED_EDGE('',*,*,#3729,.T.);
#2578=ORIENTED_EDGE('',*,*,#3544,.F.);
#2579=ORIENTED_EDGE('',*,*,#3727,.F.);
#2580=CARTESIAN_POINT('',(-0.755,2.505,0.0));
#2581=DIRECTION('',(-0.0,-1.0,-0.0));
#2582=DIRECTION('',(-1.0,0.0,0.0));
#2583=SURFACE_STYLE_FILL_AREA(#3730);
#2584=ORIENTED_EDGE('',*,*,#3539,.T.);
#2585=ORIENTED_EDGE('',*,*,#3729,.F.);
#2586=ORIENTED_EDGE('',*,*,#3540,.T.);
#2587=ORIENTED_EDGE('',*,*,#3731,.T.);
#2588=CARTESIAN_POINT('',(-1.27,2.54,0.0));
#2589=DIRECTION('',(-0.0,1.0,0.0));
#2590=DIRECTION('',(1.0,0.0,0.0));
#2591=SURFACE_STYLE_FILL_AREA(#3732);
#2592=ORIENTED_EDGE('',*,*,#3535,.T.);
#2593=ORIENTED_EDGE('',*,*,#3731,.F.);
#2594=ORIENTED_EDGE('',*,*,#3536,.T.);
#2595=ORIENTED_EDGE('',*,*,#3733,.T.);
#2596=CARTESIAN_POINT('',(-1.27,2.6875,0.0));
#2597=DIRECTION('',(-0.0,1.0,-0.0));
#2598=DIRECTION('',(1.0,0.0,0.0));
#2599=SURFACE_STYLE_FILL_AREA(#3734);
#2600=ORIENTED_EDGE('',*,*,#3530,.T.);
#2601=ORIENTED_EDGE('',*,*,#3733,.F.);
#2602=ORIENTED_EDGE('',*,*,#3532,.T.);
#2603=ORIENTED_EDGE('',*,*,#3735,.F.);
#2604=CARTESIAN_POINT('',(-1.27,2.85118232182064,0.0));
#2605=DIRECTION('',(-0.0,1.0,0.0));
#2606=DIRECTION('',(1.0,0.0,0.0));
#2607=SURFACE_STYLE_FILL_AREA(#3736);
#2608=ORIENTED_EDGE('',*,*,#3527,.T.);
#2609=ORIENTED_EDGE('',*,*,#3737,.T.);
#2610=ORIENTED_EDGE('',*,*,#3528,.T.);
#2611=CARTESIAN_POINT('',(-3.81,-1.05877132402715,0.0));
#2612=DIRECTION('',(-0.0,1.0,-0.0));
#2613=DIRECTION('',(1.0,0.0,0.0));
#2614=SURFACE_STYLE_FILL_AREA(#3738);
#2615=ORIENTED_EDGE('',*,*,#3522,.T.);
#2616=ORIENTED_EDGE('',*,*,#3737,.F.);
#2617=ORIENTED_EDGE('',*,*,#3524,.T.);
#2618=ORIENTED_EDGE('',*,*,#3518,.T.);
#2619=CARTESIAN_POINT('',(-3.81,0.468834731271415,0.0));
#2620=DIRECTION('',(-0.0,1.0,0.0));
#2621=DIRECTION('',(1.0,0.0,0.0));
#2622=SURFACE_STYLE_FILL_AREA(#3739);
#2623=ORIENTED_EDGE('',*,*,#3517,.T.);
#2624=ORIENTED_EDGE('',*,*,#3515,.T.);
#2625=ORIENTED_EDGE('',*,*,#3519,.T.);
#2626=ORIENTED_EDGE('',*,*,#3523,.F.);
#2627=CARTESIAN_POINT('',(-3.81,1.11883473127142,0.0));
#2628=DIRECTION('',(-0.0,1.0,-0.0));
#2629=DIRECTION('',(1.0,0.0,0.0));
#2630=SURFACE_STYLE_FILL_AREA(#3740);
#2631=ORIENTED_EDGE('',*,*,#3513,.T.);
#2632=ORIENTED_EDGE('',*,*,#3520,.F.);
#2633=ORIENTED_EDGE('',*,*,#3514,.T.);
#2634=ORIENTED_EDGE('',*,*,#3741,.T.);
#2635=CARTESIAN_POINT('',(-3.81,0.416538037356615,0.0));
#2636=DIRECTION('',(0.0,-1.0,-0.0));
#2637=DIRECTION('',(1.0,0.0,0.0));
#2638=SURFACE_STYLE_FILL_AREA(#3742);
#2639=ORIENTED_EDGE('',*,*,#3509,.T.);
#2640=ORIENTED_EDGE('',*,*,#3741,.F.);
#2641=ORIENTED_EDGE('',*,*,#3510,.T.);
#2642=ORIENTED_EDGE('',*,*,#3743,.T.);
#2643=CARTESIAN_POINT('',(-3.81,0.458908348459325,0.0));
#2644=DIRECTION('',(0.0,-1.0,-0.0));
#2645=DIRECTION('',(1.0,0.0,0.0));
#2646=SURFACE_STYLE_FILL_AREA(#3744);
#2647=ORIENTED_EDGE('',*,*,#3505,.T.);
#2648=ORIENTED_EDGE('',*,*,#3743,.F.);
#2649=ORIENTED_EDGE('',*,*,#3506,.T.);
#2650=ORIENTED_EDGE('',*,*,#3745,.T.);
#2651=CARTESIAN_POINT('',(-3.81,1.19487031110271,0.0));
#2652=DIRECTION('',(-0.0,1.0,-0.0));
#2653=DIRECTION('',(1.0,0.0,0.0));
#2654=SURFACE_STYLE_FILL_AREA(#3746);
#2655=ORIENTED_EDGE('',*,*,#3501,.T.);
#2656=ORIENTED_EDGE('',*,*,#3745,.F.);
#2657=ORIENTED_EDGE('',*,*,#3502,.T.);
#2658=ORIENTED_EDGE('',*,*,#3747,.T.);
#2659=CARTESIAN_POINT('',(-3.81,2.13359259966289,0.0));
#2660=DIRECTION('',(-0.0,1.0,0.0));
#2661=DIRECTION('',(1.0,0.0,0.0));
#2662=SURFACE_STYLE_FILL_AREA(#3748);
#2663=ORIENTED_EDGE('',*,*,#3496,.T.);
#2664=ORIENTED_EDGE('',*,*,#3747,.F.);
#2665=ORIENTED_EDGE('',*,*,#3498,.T.);
#2666=ORIENTED_EDGE('',*,*,#3749,.T.);
#2667=CARTESIAN_POINT('',(-3.81,2.43359259966289,0.0));
#2668=DIRECTION('',(-0.0,1.0,-0.0));
#2669=DIRECTION('',(1.0,0.0,0.0));
#2670=SURFACE_STYLE_FILL_AREA(#3750);
#2671=ORIENTED_EDGE('',*,*,#3494,.T.);
#2672=ORIENTED_EDGE('',*,*,#3751,.T.);
#2673=ORIENTED_EDGE('',*,*,#3497,.F.);
#2674=ORIENTED_EDGE('',*,*,#3749,.F.);
#2675=CARTESIAN_POINT('',(-3.295,2.505,0.0));
#2676=DIRECTION('',(-0.0,-1.0,-0.0));
#2677=DIRECTION('',(-1.0,0.0,0.0));
#2678=SURFACE_STYLE_FILL_AREA(#3752);
#2679=ORIENTED_EDGE('',*,*,#3492,.T.);
#2680=ORIENTED_EDGE('',*,*,#3751,.F.);
#2681=ORIENTED_EDGE('',*,*,#3493,.T.);
#2682=ORIENTED_EDGE('',*,*,#3753,.T.);
#2683=CARTESIAN_POINT('',(-3.81,2.54,0.0));
#2684=DIRECTION('',(-0.0,1.0,0.0));
#2685=DIRECTION('',(1.0,0.0,0.0));
#2686=SURFACE_STYLE_FILL_AREA(#3754);
#2687=ORIENTED_EDGE('',*,*,#3488,.T.);
#2688=ORIENTED_EDGE('',*,*,#3753,.F.);
#2689=ORIENTED_EDGE('',*,*,#3489,.T.);
#2690=ORIENTED_EDGE('',*,*,#3755,.T.);
#2691=CARTESIAN_POINT('',(-3.81,2.6875,0.0));
#2692=DIRECTION('',(-0.0,1.0,-0.0));
#2693=DIRECTION('',(1.0,0.0,0.0));
#2694=SURFACE_STYLE_FILL_AREA(#3756);
#2695=ORIENTED_EDGE('',*,*,#3483,.T.);
#2696=ORIENTED_EDGE('',*,*,#3755,.F.);
#2697=ORIENTED_EDGE('',*,*,#3485,.T.);
#2698=ORIENTED_EDGE('',*,*,#3757,.F.);
#2699=CARTESIAN_POINT('',(-3.81,2.85118232182064,0.0));
#2700=DIRECTION('',(-0.0,1.0,0.0));
#2701=DIRECTION('',(1.0,0.0,0.0));
#2702=SURFACE_STYLE_FILL_AREA(#3758);
#2703=ORIENTED_EDGE('',*,*,#3479,.T.);
#2704=ORIENTED_EDGE('',*,*,#3759,.F.);
#2705=ORIENTED_EDGE('',*,*,#3480,.T.);
#2706=ORIENTED_EDGE('',*,*,#3760,.T.);
#2707=CARTESIAN_POINT('',(3.81,-0.15361215932168,0.0));
#2708=DIRECTION('',(-0.0,1.0,0.0));
#2709=DIRECTION('',(1.0,0.0,0.0));
#2710=SURFACE_STYLE_FILL_AREA(#3761);
#2711=ORIENTED_EDGE('',*,*,#3474,.T.);
#2712=ORIENTED_EDGE('',*,*,#3762,.F.);
#2713=ORIENTED_EDGE('',*,*,#3476,.T.);
#2714=ORIENTED_EDGE('',*,*,#3763,.F.);
#2715=CARTESIAN_POINT('',(3.81,2.4055,0.0));
#2716=DIRECTION('',(-0.0,1.0,0.0));
#2717=DIRECTION('',(1.0,0.0,0.0));
#2718=SURFACE_STYLE_FILL_AREA(#3764);
#2719=ORIENTED_EDGE('',*,*,#3470,.F.);
#2720=ORIENTED_EDGE('',*,*,#3469,.F.);
#2721=ORIENTED_EDGE('',*,*,#3765,.F.);
#2722=CARTESIAN_POINT('',(3.8125,-4.57,0.0));
#2723=DIRECTION('',(1.77635683940029E-13,-1.0,0.0));
#2724=DIRECTION('',(-1.0,-1.77635683940029E-13,0.0));
#2725=SURFACE_STYLE_FILL_AREA(#3766);
#2726=ORIENTED_EDGE('',*,*,#3468,.T.);
#2727=ORIENTED_EDGE('',*,*,#3767,.F.);
#2728=ORIENTED_EDGE('',*,*,#3464,.F.);
#2729=ORIENTED_EDGE('',*,*,#3471,.T.);
#2730=ORIENTED_EDGE('',*,*,#3765,.T.);
#2731=CARTESIAN_POINT('',(3.81,-4.325,0.0));
#2732=DIRECTION('',(0.0,1.0,0.0));
#2733=DIRECTION('',(0.0,0.0,1.0));
#2734=SURFACE_STYLE_FILL_AREA(#3768);
#2735=ORIENTED_EDGE('',*,*,#3462,.T.);
#2736=ORIENTED_EDGE('',*,*,#3769,.F.);
#2737=ORIENTED_EDGE('',*,*,#3458,.F.);
#2738=ORIENTED_EDGE('',*,*,#3465,.T.);
#2739=ORIENTED_EDGE('',*,*,#3767,.T.);
#2740=ORIENTED_EDGE('',*,*,#3472,.T.);
#2741=CARTESIAN_POINT('',(3.81,-2.9375,0.0));
#2742=DIRECTION('',(-0.0,1.0,0.0));
#2743=DIRECTION('',(1.0,0.0,0.0));
#2744=SURFACE_STYLE_FILL_AREA(#3770);
#2745=ORIENTED_EDGE('',*,*,#3456,.T.);
#2746=ORIENTED_EDGE('',*,*,#3771,.F.);
#2747=ORIENTED_EDGE('',*,*,#3772,.F.);
#2748=ORIENTED_EDGE('',*,*,#3459,.T.);
#2749=ORIENTED_EDGE('',*,*,#3769,.T.);
#2750=ORIENTED_EDGE('',*,*,#3466,.T.);
#2751=CARTESIAN_POINT('',(3.81,-1.55,0.0));
#2752=DIRECTION('',(0.0,1.0,0.0));
#2753=DIRECTION('',(0.0,0.0,1.0));
#2754=SURFACE_STYLE_FILL_AREA(#3773);
#2755=ORIENTED_EDGE('',*,*,#3452,.F.);
#2756=ORIENTED_EDGE('',*,*,#3774,.F.);
#2757=ORIENTED_EDGE('',*,*,#3771,.T.);
#2758=ORIENTED_EDGE('',*,*,#3460,.T.);
#2759=ORIENTED_EDGE('',*,*,#3772,.T.);
#2760=CARTESIAN_POINT('',(4.2425,-1.4,0.0));
#2761=DIRECTION('',(-1.3664283380002E-14,-1.0,-0.0));
#2762=DIRECTION('',(-1.0,1.3664283380002E-14,0.0));
#2763=SURFACE_STYLE_FILL_AREA(#3775);
#2764=ORIENTED_EDGE('',*,*,#3451,.T.);
#2765=ORIENTED_EDGE('',*,*,#3760,.F.);
#2766=ORIENTED_EDGE('',*,*,#3453,.T.);
#2767=ORIENTED_EDGE('',*,*,#3774,.T.);
#2768=CARTESIAN_POINT('',(3.81,-1.3,0.0));
#2769=DIRECTION('',(-0.0,1.0,-0.0));
#2770=DIRECTION('',(1.0,0.0,0.0));
#2771=SURFACE_STYLE_FILL_AREA(#3776);
#2772=ORIENTED_EDGE('',*,*,#3625,.T.);
#2773=ORIENTED_EDGE('',*,*,#3691,.T.);
#2774=ORIENTED_EDGE('',*,*,#3477,.T.);
#2775=ORIENTED_EDGE('',*,*,#3762,.T.);
#2776=CARTESIAN_POINT('',(4.2675,2.801,0.0));
#2777=DIRECTION('',(-0.0,1.0,0.0));
#2778=DIRECTION('',(1.0,0.0,0.0));
#2779=SURFACE_STYLE_FILL_AREA(#3777);
#2780=ORIENTED_EDGE('',*,*,#3447,.T.);
#2781=ORIENTED_EDGE('',*,*,#3778,.F.);
#2782=ORIENTED_EDGE('',*,*,#3448,.T.);
#2783=ORIENTED_EDGE('',*,*,#3779,.T.);
#2784=CARTESIAN_POINT('',(1.27,-0.15361215932168,0.0));
#2785=DIRECTION('',(-0.0,1.0,0.0));
#2786=DIRECTION('',(1.0,0.0,0.0));
#2787=SURFACE_STYLE_FILL_AREA(#3780);
#2788=ORIENTED_EDGE('',*,*,#3442,.T.);
#2789=ORIENTED_EDGE('',*,*,#3781,.F.);
#2790=ORIENTED_EDGE('',*,*,#3444,.T.);
#2791=ORIENTED_EDGE('',*,*,#3782,.F.);
#2792=CARTESIAN_POINT('',(1.27,2.4055,0.0));
#2793=DIRECTION('',(-0.0,1.0,0.0));
#2794=DIRECTION('',(1.0,0.0,0.0));
#2795=SURFACE_STYLE_FILL_AREA(#3783);
#2796=ORIENTED_EDGE('',*,*,#3438,.F.);
#2797=ORIENTED_EDGE('',*,*,#3437,.F.);
#2798=ORIENTED_EDGE('',*,*,#3784,.F.);
#2799=CARTESIAN_POINT('',(1.2725,-4.57,0.0));
#2800=DIRECTION('',(1.77635683940029E-13,-1.0,0.0));
#2801=DIRECTION('',(-1.0,-1.77635683940029E-13,0.0));
#2802=SURFACE_STYLE_FILL_AREA(#3785);
#2803=ORIENTED_EDGE('',*,*,#3436,.T.);
#2804=ORIENTED_EDGE('',*,*,#3786,.F.);
#2805=ORIENTED_EDGE('',*,*,#3432,.F.);
#2806=ORIENTED_EDGE('',*,*,#3439,.T.);
#2807=ORIENTED_EDGE('',*,*,#3784,.T.);
#2808=CARTESIAN_POINT('',(1.27,-4.325,0.0));
#2809=DIRECTION('',(0.0,1.0,0.0));
#2810=DIRECTION('',(0.0,0.0,1.0));
#2811=SURFACE_STYLE_FILL_AREA(#3787);
#2812=ORIENTED_EDGE('',*,*,#3430,.T.);
#2813=ORIENTED_EDGE('',*,*,#3788,.F.);
#2814=ORIENTED_EDGE('',*,*,#3426,.F.);
#2815=ORIENTED_EDGE('',*,*,#3433,.T.);
#2816=ORIENTED_EDGE('',*,*,#3786,.T.);
#2817=ORIENTED_EDGE('',*,*,#3440,.T.);
#2818=CARTESIAN_POINT('',(1.27,-2.9375,0.0));
#2819=DIRECTION('',(-0.0,1.0,0.0));
#2820=DIRECTION('',(1.0,0.0,0.0));
#2821=SURFACE_STYLE_FILL_AREA(#3789);
#2822=ORIENTED_EDGE('',*,*,#3424,.T.);
#2823=ORIENTED_EDGE('',*,*,#3790,.F.);
#2824=ORIENTED_EDGE('',*,*,#3791,.F.);
#2825=ORIENTED_EDGE('',*,*,#3427,.T.);
#2826=ORIENTED_EDGE('',*,*,#3788,.T.);
#2827=ORIENTED_EDGE('',*,*,#3434,.T.);
#2828=CARTESIAN_POINT('',(1.27,-1.55,0.0));
#2829=DIRECTION('',(0.0,1.0,0.0));
#2830=DIRECTION('',(0.0,0.0,1.0));
#2831=SURFACE_STYLE_FILL_AREA(#3792);
#2832=ORIENTED_EDGE('',*,*,#3420,.F.);
#2833=ORIENTED_EDGE('',*,*,#3793,.F.);
#2834=ORIENTED_EDGE('',*,*,#3790,.T.);
#2835=ORIENTED_EDGE('',*,*,#3428,.T.);
#2836=ORIENTED_EDGE('',*,*,#3791,.T.);
#2837=CARTESIAN_POINT('',(1.7025,-1.4,0.0));
#2838=DIRECTION('',(-1.3664283380002E-14,-1.0,-0.0));
#2839=DIRECTION('',(-1.0,1.3664283380002E-14,0.0));
#2840=SURFACE_STYLE_FILL_AREA(#3794);
#2841=ORIENTED_EDGE('',*,*,#3419,.T.);
#2842=ORIENTED_EDGE('',*,*,#3779,.F.);
#2843=ORIENTED_EDGE('',*,*,#3421,.T.);
#2844=ORIENTED_EDGE('',*,*,#3793,.T.);
#2845=CARTESIAN_POINT('',(1.27,-1.3,0.0));
#2846=DIRECTION('',(-0.0,1.0,-0.0));
#2847=DIRECTION('',(1.0,0.0,0.0));
#2848=SURFACE_STYLE_FILL_AREA(#3795);
#2849=ORIENTED_EDGE('',*,*,#3578,.T.);
#2850=ORIENTED_EDGE('',*,*,#3713,.T.);
#2851=ORIENTED_EDGE('',*,*,#3445,.T.);
#2852=ORIENTED_EDGE('',*,*,#3781,.T.);
#2853=CARTESIAN_POINT('',(1.7275,2.801,0.0));
#2854=DIRECTION('',(-0.0,1.0,0.0));
#2855=DIRECTION('',(1.0,0.0,0.0));
#2856=SURFACE_STYLE_FILL_AREA(#3796);
#2857=ORIENTED_EDGE('',*,*,#3415,.T.);
#2858=ORIENTED_EDGE('',*,*,#3797,.F.);
#2859=ORIENTED_EDGE('',*,*,#3416,.T.);
#2860=ORIENTED_EDGE('',*,*,#3798,.T.);
#2861=CARTESIAN_POINT('',(-1.27,-0.15361215932168,0.0));
#2862=DIRECTION('',(-0.0,1.0,0.0));
#2863=DIRECTION('',(1.0,0.0,0.0));
#2864=SURFACE_STYLE_FILL_AREA(#3799);
#2865=ORIENTED_EDGE('',*,*,#3410,.T.);
#2866=ORIENTED_EDGE('',*,*,#3800,.F.);
#2867=ORIENTED_EDGE('',*,*,#3412,.T.);
#2868=ORIENTED_EDGE('',*,*,#3801,.F.);
#2869=CARTESIAN_POINT('',(-1.27,2.4055,0.0));
#2870=DIRECTION('',(-0.0,1.0,0.0));
#2871=DIRECTION('',(1.0,0.0,0.0));
#2872=SURFACE_STYLE_FILL_AREA(#3802);
#2873=ORIENTED_EDGE('',*,*,#3406,.F.);
#2874=ORIENTED_EDGE('',*,*,#3405,.F.);
#2875=ORIENTED_EDGE('',*,*,#3803,.F.);
#2876=CARTESIAN_POINT('',(-1.2675,-4.57,0.0));
#2877=DIRECTION('',(1.77635683940029E-13,-1.0,0.0));
#2878=DIRECTION('',(-1.0,-1.77635683940029E-13,0.0));
#2879=SURFACE_STYLE_FILL_AREA(#3804);
#2880=ORIENTED_EDGE('',*,*,#3404,.T.);
#2881=ORIENTED_EDGE('',*,*,#3805,.F.);
#2882=ORIENTED_EDGE('',*,*,#3400,.F.);
#2883=ORIENTED_EDGE('',*,*,#3407,.T.);
#2884=ORIENTED_EDGE('',*,*,#3803,.T.);
#2885=CARTESIAN_POINT('',(-1.27,-4.325,0.0));
#2886=DIRECTION('',(0.0,1.0,0.0));
#2887=DIRECTION('',(0.0,0.0,1.0));
#2888=SURFACE_STYLE_FILL_AREA(#3806);
#2889=ORIENTED_EDGE('',*,*,#3398,.T.);
#2890=ORIENTED_EDGE('',*,*,#3807,.F.);
#2891=ORIENTED_EDGE('',*,*,#3394,.F.);
#2892=ORIENTED_EDGE('',*,*,#3401,.T.);
#2893=ORIENTED_EDGE('',*,*,#3805,.T.);
#2894=ORIENTED_EDGE('',*,*,#3408,.T.);
#2895=CARTESIAN_POINT('',(-1.27,-2.9375,0.0));
#2896=DIRECTION('',(-0.0,1.0,0.0));
#2897=DIRECTION('',(1.0,0.0,0.0));
#2898=SURFACE_STYLE_FILL_AREA(#3808);
#2899=ORIENTED_EDGE('',*,*,#3392,.T.);
#2900=ORIENTED_EDGE('',*,*,#3809,.F.);
#2901=ORIENTED_EDGE('',*,*,#3810,.F.);
#2902=ORIENTED_EDGE('',*,*,#3395,.T.);
#2903=ORIENTED_EDGE('',*,*,#3807,.T.);
#2904=ORIENTED_EDGE('',*,*,#3402,.T.);
#2905=CARTESIAN_POINT('',(-1.27,-1.55,0.0));
#2906=DIRECTION('',(0.0,1.0,0.0));
#2907=DIRECTION('',(0.0,0.0,1.0));
#2908=SURFACE_STYLE_FILL_AREA(#3811);
#2909=ORIENTED_EDGE('',*,*,#3388,.F.);
#2910=ORIENTED_EDGE('',*,*,#3812,.F.);
#2911=ORIENTED_EDGE('',*,*,#3809,.T.);
#2912=ORIENTED_EDGE('',*,*,#3396,.T.);
#2913=ORIENTED_EDGE('',*,*,#3810,.T.);
#2914=CARTESIAN_POINT('',(-0.8375,-1.4,0.0));
#2915=DIRECTION('',(-1.3664283380002E-14,-1.0,-0.0));
#2916=DIRECTION('',(-1.0,1.3664283380002E-14,0.0));
#2917=SURFACE_STYLE_FILL_AREA(#3813);
#2918=ORIENTED_EDGE('',*,*,#3387,.T.);
#2919=ORIENTED_EDGE('',*,*,#3798,.F.);
#2920=ORIENTED_EDGE('',*,*,#3389,.T.);
#2921=ORIENTED_EDGE('',*,*,#3812,.T.);
#2922=CARTESIAN_POINT('',(-1.27,-1.3,0.0));
#2923=DIRECTION('',(-0.0,1.0,-0.0));
#2924=DIRECTION('',(1.0,0.0,0.0));
#2925=SURFACE_STYLE_FILL_AREA(#3814);
#2926=ORIENTED_EDGE('',*,*,#3531,.T.);
#2927=ORIENTED_EDGE('',*,*,#3735,.T.);
#2928=ORIENTED_EDGE('',*,*,#3413,.T.);
#2929=ORIENTED_EDGE('',*,*,#3800,.T.);
#2930=CARTESIAN_POINT('',(-0.8125,2.801,0.0));
#2931=DIRECTION('',(-0.0,1.0,0.0));
#2932=DIRECTION('',(1.0,0.0,0.0));
#2933=SURFACE_STYLE_FILL_AREA(#3815);
#2934=ORIENTED_EDGE('',*,*,#3383,.T.);
#2935=ORIENTED_EDGE('',*,*,#3816,.F.);
#2936=ORIENTED_EDGE('',*,*,#3384,.T.);
#2937=ORIENTED_EDGE('',*,*,#3817,.T.);
#2938=CARTESIAN_POINT('',(-3.81,-0.15361215932168,0.0));
#2939=DIRECTION('',(-0.0,1.0,0.0));
#2940=DIRECTION('',(1.0,0.0,0.0));
#2941=SURFACE_STYLE_FILL_AREA(#3818);
#2942=ORIENTED_EDGE('',*,*,#3378,.T.);
#2943=ORIENTED_EDGE('',*,*,#3819,.F.);
#2944=ORIENTED_EDGE('',*,*,#3380,.T.);
#2945=ORIENTED_EDGE('',*,*,#3820,.F.);
#2946=CARTESIAN_POINT('',(-3.81,2.4055,0.0));
#2947=DIRECTION('',(-0.0,1.0,0.0));
#2948=DIRECTION('',(1.0,0.0,0.0));
#2949=SURFACE_STYLE_FILL_AREA(#3821);
#2950=ORIENTED_EDGE('',*,*,#3374,.F.);
#2951=ORIENTED_EDGE('',*,*,#3373,.F.);
#2952=ORIENTED_EDGE('',*,*,#3822,.F.);
#2953=CARTESIAN_POINT('',(-3.8075,-4.57,0.0));
#2954=DIRECTION('',(1.77635683940029E-13,-1.0,0.0));
#2955=DIRECTION('',(-1.0,-1.77635683940029E-13,0.0));
#2956=SURFACE_STYLE_FILL_AREA(#3823);
#2957=ORIENTED_EDGE('',*,*,#3372,.T.);
#2958=ORIENTED_EDGE('',*,*,#3824,.F.);
#2959=ORIENTED_EDGE('',*,*,#3368,.F.);
#2960=ORIENTED_EDGE('',*,*,#3375,.T.);
#2961=ORIENTED_EDGE('',*,*,#3822,.T.);
#2962=CARTESIAN_POINT('',(-3.81,-4.325,0.0));
#2963=DIRECTION('',(0.0,1.0,0.0));
#2964=DIRECTION('',(0.0,0.0,1.0));
#2965=SURFACE_STYLE_FILL_AREA(#3825);
#2966=ORIENTED_EDGE('',*,*,#3366,.T.);
#2967=ORIENTED_EDGE('',*,*,#3826,.F.);
#2968=ORIENTED_EDGE('',*,*,#3362,.F.);
#2969=ORIENTED_EDGE('',*,*,#3369,.T.);
#2970=ORIENTED_EDGE('',*,*,#3824,.T.);
#2971=ORIENTED_EDGE('',*,*,#3376,.T.);
#2972=CARTESIAN_POINT('',(-3.81,-2.9375,0.0));
#2973=DIRECTION('',(-0.0,1.0,0.0));
#2974=DIRECTION('',(1.0,0.0,0.0));
#2975=SURFACE_STYLE_FILL_AREA(#3827);
#2976=ORIENTED_EDGE('',*,*,#3360,.T.);
#2977=ORIENTED_EDGE('',*,*,#3828,.F.);
#2978=ORIENTED_EDGE('',*,*,#3829,.F.);
#2979=ORIENTED_EDGE('',*,*,#3363,.T.);
#2980=ORIENTED_EDGE('',*,*,#3826,.T.);
#2981=ORIENTED_EDGE('',*,*,#3370,.T.);
#2982=CARTESIAN_POINT('',(-3.81,-1.55,0.0));
#2983=DIRECTION('',(0.0,1.0,0.0));
#2984=DIRECTION('',(0.0,0.0,1.0));
#2985=SURFACE_STYLE_FILL_AREA(#3830);
#2986=ORIENTED_EDGE('',*,*,#3356,.F.);
#2987=ORIENTED_EDGE('',*,*,#3831,.F.);
#2988=ORIENTED_EDGE('',*,*,#3828,.T.);
#2989=ORIENTED_EDGE('',*,*,#3364,.T.);
#2990=ORIENTED_EDGE('',*,*,#3829,.T.);
#2991=CARTESIAN_POINT('',(-3.3775,-1.4,0.0));
#2992=DIRECTION('',(-1.3664283380002E-14,-1.0,-0.0));
#2993=DIRECTION('',(-1.0,1.3664283380002E-14,0.0));
#2994=SURFACE_STYLE_FILL_AREA(#3832);
#2995=ORIENTED_EDGE('',*,*,#3355,.T.);
#2996=ORIENTED_EDGE('',*,*,#3817,.F.);
#2997=ORIENTED_EDGE('',*,*,#3357,.T.);
#2998=ORIENTED_EDGE('',*,*,#3831,.T.);
#2999=CARTESIAN_POINT('',(-3.81,-1.3,0.0));
#3000=DIRECTION('',(-0.0,1.0,-0.0));
#3001=DIRECTION('',(1.0,0.0,0.0));
#3002=SURFACE_STYLE_FILL_AREA(#3833);
#3003=ORIENTED_EDGE('',*,*,#3484,.T.);
#3004=ORIENTED_EDGE('',*,*,#3757,.T.);
#3005=ORIENTED_EDGE('',*,*,#3381,.T.);
#3006=ORIENTED_EDGE('',*,*,#3819,.T.);
#3007=CARTESIAN_POINT('',(-3.3525,2.801,0.0));
#3008=DIRECTION('',(-0.0,1.0,0.0));
#3009=DIRECTION('',(1.0,0.0,0.0));
#3010=SURFACE_STYLE_FILL_AREA(#3834);
#3011=ORIENTED_EDGE('',*,*,#3835,.T.);
#3012=ORIENTED_EDGE('',*,*,#3836,.T.);
#3013=ORIENTED_EDGE('',*,*,#3837,.F.);
#3014=ORIENTED_EDGE('',*,*,#3838,.T.);
#3015=CARTESIAN_POINT('',(2.49420283563409,5.32703763912734E-17,-0.87));
#3016=DIRECTION('',(-4.51682600769318E-16,6.12303176911189E-17,-1.0));
#3017=DIRECTION('',(-1.0,-2.76566691406561E-32,4.51682600769318E-16));
#3018=SURFACE_STYLE_FILL_AREA(#3839);
#3019=ORIENTED_EDGE('',*,*,#3840,.T.);
#3020=ORIENTED_EDGE('',*,*,#3841,.F.);
#3021=ORIENTED_EDGE('',*,*,#3842,.F.);
#3022=ORIENTED_EDGE('',*,*,#3843,.T.);
#3023=CARTESIAN_POINT('',(3.91,7.7762503467721E-17,-1.27));
#3024=DIRECTION('',(0.0,6.12303176911189E-17,-1.0));
#3025=DIRECTION('',(-1.0,0.0,0.0));
#3026=SURFACE_STYLE_FILL_AREA(#3844);
#3027=ORIENTED_EDGE('',*,*,#3845,.T.);
#3028=ORIENTED_EDGE('',*,*,#3846,.F.);
#3029=ORIENTED_EDGE('',*,*,#3847,.F.);
#3030=ORIENTED_EDGE('',*,*,#3841,.T.);
#3031=CARTESIAN_POINT('',(4.986738468369,6.55164399294972E-17,-1.07));
#3032=DIRECTION('',(0.906307787036651,2.58770504284513E-17,-0.422618261740696));
#3033=DIRECTION('',(-0.422618261740696,5.54935137261891E-17,-0.906307787036652));
#3034=SURFACE_STYLE_FILL_AREA(#3848);
#3035=ORIENTED_EDGE('',*,*,#3849,.T.);
#3036=ORIENTED_EDGE('',*,*,#3850,.F.);
#3037=ORIENTED_EDGE('',*,*,#3851,.F.);
#3038=ORIENTED_EDGE('',*,*,#3846,.T.);
#3039=CARTESIAN_POINT('',(5.08,0.0,0.0));
#3040=DIRECTION('',(1.0,0.0,0.0));
#3041=DIRECTION('',(0.0,6.12303176911189E-17,-1.0));
#3042=SURFACE_STYLE_FILL_AREA(#3852);
#3043=ORIENTED_EDGE('',*,*,#3853,.T.);
#3044=ORIENTED_EDGE('',*,*,#3854,.F.);
#3045=ORIENTED_EDGE('',*,*,#3855,.F.);
#3046=ORIENTED_EDGE('',*,*,#3850,.T.);
#3047=CARTESIAN_POINT('',(4.986738468369,-6.55164399294972E-17,1.07));
#3048=DIRECTION('',(0.906307787036652,-2.58770504284512E-17,0.422618261740696));
#3049=DIRECTION('',(0.422618261740696,5.54935137261891E-17,-0.906307787036652));
#3050=SURFACE_STYLE_FILL_AREA(#3856);
#3051=ORIENTED_EDGE('',*,*,#3857,.T.);
#3052=ORIENTED_EDGE('',*,*,#3858,.F.);
#3053=ORIENTED_EDGE('',*,*,#3859,.F.);
#3054=ORIENTED_EDGE('',*,*,#3854,.T.);
#3055=CARTESIAN_POINT('',(3.91,-7.7762503467721E-17,1.27));
#3056=DIRECTION('',(0.0,-6.12303176911189E-17,1.0));
#3057=DIRECTION('',(1.0,0.0,0.0));
#3058=SURFACE_STYLE_FILL_AREA(#3860);
#3059=ORIENTED_EDGE('',*,*,#3861,.T.);
#3060=ORIENTED_EDGE('',*,*,#3862,.F.);
#3061=ORIENTED_EDGE('',*,*,#3863,.F.);
#3062=ORIENTED_EDGE('',*,*,#3858,.T.);
#3063=CARTESIAN_POINT('',(2.833261531631,-6.55164399294972E-17,1.07));
#3064=DIRECTION('',(-0.906307787036648,-2.58770504284517E-17,0.422618261740703));
#3065=DIRECTION('',(0.422618261740703,-5.54935137261889E-17,0.906307787036648));
#3066=SURFACE_STYLE_FILL_AREA(#3864);
#3067=ORIENTED_EDGE('',*,*,#3865,.F.);
#3068=ORIENTED_EDGE('',*,*,#3866,.F.);
#3069=ORIENTED_EDGE('',*,*,#3862,.T.);
#3070=ORIENTED_EDGE('',*,*,#3867,.T.);
#3071=CARTESIAN_POINT('',(2.49420283563409,-5.32703763912734E-17,0.87));
#3072=DIRECTION('',(0.0,-6.12303176911189E-17,1.0));
#3073=DIRECTION('',(1.0,0.0,0.0));
#3074=SURFACE_STYLE_FILL_AREA(#3868);
#3075=ORIENTED_EDGE('',*,*,#3869,.T.);
#3076=ORIENTED_EDGE('',*,*,#3843,.F.);
#3077=ORIENTED_EDGE('',*,*,#3870,.F.);
#3078=ORIENTED_EDGE('',*,*,#3837,.T.);
#3079=CARTESIAN_POINT('',(2.833261531631,6.55164399294972E-17,-1.07));
#3080=DIRECTION('',(-0.906307787036648,2.58770504284517E-17,-0.422618261740703));
#3081=DIRECTION('',(-0.422618261740703,-5.54935137261889E-17,0.906307787036648));
#3082=SURFACE_STYLE_FILL_AREA(#3871);
#3083=ORIENTED_EDGE('',*,*,#3475,.T.);
#3084=ORIENTED_EDGE('',*,*,#3763,.T.);
#3085=ORIENTED_EDGE('',*,*,#3443,.T.);
#3086=ORIENTED_EDGE('',*,*,#3782,.T.);
#3087=ORIENTED_EDGE('',*,*,#3411,.T.);
#3088=ORIENTED_EDGE('',*,*,#3801,.T.);
#3089=ORIENTED_EDGE('',*,*,#3379,.T.);
#3090=ORIENTED_EDGE('',*,*,#3820,.T.);
#3091=ORIENTED_EDGE('',*,*,#3872,.F.);
#3092=ORIENTED_EDGE('',*,*,#3867,.F.);
#3093=ORIENTED_EDGE('',*,*,#3861,.F.);
#3094=ORIENTED_EDGE('',*,*,#3857,.F.);
#3095=ORIENTED_EDGE('',*,*,#3853,.F.);
#3096=ORIENTED_EDGE('',*,*,#3849,.F.);
#3097=ORIENTED_EDGE('',*,*,#3845,.F.);
#3098=ORIENTED_EDGE('',*,*,#3840,.F.);
#3099=ORIENTED_EDGE('',*,*,#3869,.F.);
#3100=ORIENTED_EDGE('',*,*,#3836,.F.);
#3101=ORIENTED_EDGE('',*,*,#3873,.F.);
#3102=ORIENTED_EDGE('',*,*,#3874,.F.);
#3103=ORIENTED_EDGE('',*,*,#3875,.F.);
#3104=ORIENTED_EDGE('',*,*,#3876,.F.);
#3105=ORIENTED_EDGE('',*,*,#3877,.F.);
#3106=ORIENTED_EDGE('',*,*,#3878,.F.);
#3107=ORIENTED_EDGE('',*,*,#3879,.F.);
#3108=ORIENTED_EDGE('',*,*,#3880,.F.);
#3109=ORIENTED_EDGE('',*,*,#3881,.F.);
#3110=ORIENTED_EDGE('',*,*,#3882,.F.);
#3111=ORIENTED_EDGE('',*,*,#3883,.F.);
#3112=ORIENTED_EDGE('',*,*,#3884,.F.);
#3113=ORIENTED_EDGE('',*,*,#3885,.F.);
#3114=ORIENTED_EDGE('',*,*,#3886,.F.);
#3115=ORIENTED_EDGE('',*,*,#3887,.F.);
#3116=ORIENTED_EDGE('',*,*,#3888,.F.);
#3117=ORIENTED_EDGE('',*,*,#3889,.F.);
#3118=ORIENTED_EDGE('',*,*,#3890,.F.);
#3119=ORIENTED_EDGE('',*,*,#3891,.F.);
#3120=ORIENTED_EDGE('',*,*,#3892,.F.);
#3121=ORIENTED_EDGE('',*,*,#3893,.F.);
#3122=ORIENTED_EDGE('',*,*,#3894,.F.);
#3123=CARTESIAN_POINT('',(-3.91,2.8,1.71444889535133E-16));
#3124=DIRECTION('',(-0.0,1.0,6.12303176911189E-17));
#3125=DIRECTION('',(1.0,0.0,0.0));
#3126=SURFACE_STYLE_FILL_AREA(#3895);
#3127=ORIENTED_EDGE('',*,*,#3896,.T.);
#3128=ORIENTED_EDGE('',*,*,#3876,.T.);
#3129=ORIENTED_EDGE('',*,*,#3897,.F.);
#3130=ORIENTED_EDGE('',*,*,#3898,.T.);
#3131=CARTESIAN_POINT('',(-0.0542669011420935,5.32703763912734E-17,-0.87));
#3132=DIRECTION('',(0.0,6.12303176911189E-17,-1.0));
#3133=DIRECTION('',(-1.0,0.0,0.0));
#3134=SURFACE_STYLE_FILL_AREA(#3899);
#3135=ORIENTED_EDGE('',*,*,#3893,.T.);
#3136=ORIENTED_EDGE('',*,*,#3900,.F.);
#3137=ORIENTED_EDGE('',*,*,#3901,.T.);
#3138=ORIENTED_EDGE('',*,*,#3902,.T.);
#3139=CARTESIAN_POINT('',(0.293261531630999,-6.55164399294972E-17,1.07));
#3140=DIRECTION('',(-0.906307787036648,-2.58770504284517E-17,0.422618261740703));
#3141=DIRECTION('',(0.422618261740703,-5.54935137261889E-17,0.906307787036648));
#3142=SURFACE_STYLE_FILL_AREA(#3903);
#3143=ORIENTED_EDGE('',*,*,#3904,.F.);
#3144=ORIENTED_EDGE('',*,*,#3905,.F.);
#3145=ORIENTED_EDGE('',*,*,#3900,.T.);
#3146=ORIENTED_EDGE('',*,*,#3892,.T.);
#3147=CARTESIAN_POINT('',(-0.0542669011420935,-5.32703763912734E-17,0.87));
#3148=DIRECTION('',(0.0,-6.12303176911189E-17,1.0));
#3149=DIRECTION('',(1.0,0.0,0.0));
#3150=SURFACE_STYLE_FILL_AREA(#3906);
#3151=ORIENTED_EDGE('',*,*,#3875,.T.);
#3152=ORIENTED_EDGE('',*,*,#3907,.F.);
#3153=ORIENTED_EDGE('',*,*,#3908,.T.);
#3154=ORIENTED_EDGE('',*,*,#3897,.T.);
#3155=CARTESIAN_POINT('',(0.293261531630999,6.55164399294972E-17,-1.07));
#3156=DIRECTION('',(-0.906307787036648,2.58770504284517E-17,-0.422618261740703));
#3157=DIRECTION('',(-0.422618261740703,-5.54935137261889E-17,0.906307787036648));
#3158=SURFACE_STYLE_FILL_AREA(#3909);
#3159=ORIENTED_EDGE('',*,*,#3874,.T.);
#3160=ORIENTED_EDGE('',*,*,#3910,.F.);
#3161=ORIENTED_EDGE('',*,*,#3911,.T.);
#3162=ORIENTED_EDGE('',*,*,#3907,.T.);
#3163=CARTESIAN_POINT('',(1.27,7.7762503467721E-17,-1.27));
#3164=DIRECTION('',(0.0,6.12303176911189E-17,-1.0));
#3165=DIRECTION('',(-1.0,0.0,0.0));
#3166=SURFACE_STYLE_FILL_AREA(#3912);
#3167=ORIENTED_EDGE('',*,*,#3873,.T.);
#3168=ORIENTED_EDGE('',*,*,#3835,.F.);
#3169=ORIENTED_EDGE('',*,*,#3913,.T.);
#3170=ORIENTED_EDGE('',*,*,#3910,.T.);
#3171=CARTESIAN_POINT('',(2.246738468369,6.55164399294972E-17,-1.07));
#3172=DIRECTION('',(0.906307787036648,2.58770504284517E-17,-0.422618261740703));
#3173=DIRECTION('',(-0.422618261740703,5.54935137261889E-17,-0.906307787036648));
#3174=SURFACE_STYLE_FILL_AREA(#3914);
#3175=ORIENTED_EDGE('',*,*,#3872,.T.);
#3176=ORIENTED_EDGE('',*,*,#3915,.F.);
#3177=ORIENTED_EDGE('',*,*,#3916,.T.);
#3178=ORIENTED_EDGE('',*,*,#3865,.T.);
#3179=CARTESIAN_POINT('',(2.246738468369,-6.55164399294972E-17,1.07));
#3180=DIRECTION('',(0.906307787036648,-2.58770504284517E-17,0.422618261740703));
#3181=DIRECTION('',(0.422618261740703,5.54935137261889E-17,-0.906307787036648));
#3182=SURFACE_STYLE_FILL_AREA(#3917);
#3183=ORIENTED_EDGE('',*,*,#3894,.T.);
#3184=ORIENTED_EDGE('',*,*,#3902,.F.);
#3185=ORIENTED_EDGE('',*,*,#3918,.T.);
#3186=ORIENTED_EDGE('',*,*,#3915,.T.);
#3187=CARTESIAN_POINT('',(1.27,-7.7762503467721E-17,1.27));
#3188=DIRECTION('',(0.0,-6.12303176911189E-17,1.0));
#3189=DIRECTION('',(1.0,0.0,0.0));
#3190=SURFACE_STYLE_FILL_AREA(#3919);
#3191=ORIENTED_EDGE('',*,*,#3920,.T.);
#3192=ORIENTED_EDGE('',*,*,#3880,.T.);
#3193=ORIENTED_EDGE('',*,*,#3921,.F.);
#3194=ORIENTED_EDGE('',*,*,#3922,.T.);
#3195=CARTESIAN_POINT('',(-2.59426690114209,5.32703763912734E-17,-0.87));
#3196=DIRECTION('',(0.0,6.12303176911189E-17,-1.0));
#3197=DIRECTION('',(-1.0,0.0,0.0));
#3198=SURFACE_STYLE_FILL_AREA(#3923);
#3199=ORIENTED_EDGE('',*,*,#3889,.T.);
#3200=ORIENTED_EDGE('',*,*,#3924,.F.);
#3201=ORIENTED_EDGE('',*,*,#3925,.T.);
#3202=ORIENTED_EDGE('',*,*,#3926,.T.);
#3203=CARTESIAN_POINT('',(-2.246738468369,-6.55164399294972E-17,1.07));
#3204=DIRECTION('',(-0.906307787036648,-2.58770504284517E-17,0.422618261740703));
#3205=DIRECTION('',(0.422618261740703,-5.54935137261889E-17,0.906307787036648));
#3206=SURFACE_STYLE_FILL_AREA(#3927);
#3207=ORIENTED_EDGE('',*,*,#3928,.F.);
#3208=ORIENTED_EDGE('',*,*,#3929,.F.);
#3209=ORIENTED_EDGE('',*,*,#3924,.T.);
#3210=ORIENTED_EDGE('',*,*,#3888,.T.);
#3211=CARTESIAN_POINT('',(-2.59426690114209,-5.32703763912734E-17,0.87));
#3212=DIRECTION('',(0.0,-6.12303176911189E-17,1.0));
#3213=DIRECTION('',(1.0,0.0,0.0));
#3214=SURFACE_STYLE_FILL_AREA(#3930);
#3215=ORIENTED_EDGE('',*,*,#3879,.T.);
#3216=ORIENTED_EDGE('',*,*,#3931,.F.);
#3217=ORIENTED_EDGE('',*,*,#3932,.T.);
#3218=ORIENTED_EDGE('',*,*,#3921,.T.);
#3219=CARTESIAN_POINT('',(-2.246738468369,6.55164399294972E-17,-1.07));
#3220=DIRECTION('',(-0.906307787036648,2.58770504284517E-17,-0.422618261740703));
#3221=DIRECTION('',(-0.422618261740703,-5.54935137261889E-17,0.906307787036648));
#3222=SURFACE_STYLE_FILL_AREA(#3933);
#3223=ORIENTED_EDGE('',*,*,#3878,.T.);
#3224=ORIENTED_EDGE('',*,*,#3934,.F.);
#3225=ORIENTED_EDGE('',*,*,#3935,.T.);
#3226=ORIENTED_EDGE('',*,*,#3931,.T.);
#3227=CARTESIAN_POINT('',(-1.27,7.7762503467721E-17,-1.27));
#3228=DIRECTION('',(0.0,6.12303176911189E-17,-1.0));
#3229=DIRECTION('',(-1.0,0.0,0.0));
#3230=SURFACE_STYLE_FILL_AREA(#3936);
#3231=ORIENTED_EDGE('',*,*,#3877,.T.);
#3232=ORIENTED_EDGE('',*,*,#3896,.F.);
#3233=ORIENTED_EDGE('',*,*,#3937,.T.);
#3234=ORIENTED_EDGE('',*,*,#3934,.T.);
#3235=CARTESIAN_POINT('',(-0.293261531631002,6.55164399294972E-17,-1.07));
#3236=DIRECTION('',(0.906307787036648,2.58770504284517E-17,-0.422618261740703));
#3237=DIRECTION('',(-0.422618261740703,5.54935137261889E-17,-0.906307787036648));
#3238=SURFACE_STYLE_FILL_AREA(#3938);
#3239=ORIENTED_EDGE('',*,*,#3891,.T.);
#3240=ORIENTED_EDGE('',*,*,#3939,.F.);
#3241=ORIENTED_EDGE('',*,*,#3940,.T.);
#3242=ORIENTED_EDGE('',*,*,#3904,.T.);
#3243=CARTESIAN_POINT('',(-0.293261531631002,-6.55164399294972E-17,1.07));
#3244=DIRECTION('',(0.906307787036648,-2.58770504284517E-17,0.422618261740703));
#3245=DIRECTION('',(0.422618261740703,5.54935137261889E-17,-0.906307787036648));
#3246=SURFACE_STYLE_FILL_AREA(#3941);
#3247=ORIENTED_EDGE('',*,*,#3890,.T.);
#3248=ORIENTED_EDGE('',*,*,#3926,.F.);
#3249=ORIENTED_EDGE('',*,*,#3942,.T.);
#3250=ORIENTED_EDGE('',*,*,#3939,.T.);
#3251=CARTESIAN_POINT('',(-1.27,-7.7762503467721E-17,1.27));
#3252=DIRECTION('',(0.0,-6.12303176911189E-17,1.0));
#3253=DIRECTION('',(1.0,0.0,0.0));
#3254=SURFACE_STYLE_FILL_AREA(#3943);
#3255=ORIENTED_EDGE('',*,*,#3885,.T.);
#3256=ORIENTED_EDGE('',*,*,#3944,.F.);
#3257=ORIENTED_EDGE('',*,*,#3945,.F.);
#3258=ORIENTED_EDGE('',*,*,#3946,.T.);
#3259=CARTESIAN_POINT('',(-4.986738468369,-6.55164399294972E-17,1.07));
#3260=DIRECTION('',(-0.90630778703665,-2.58770504284514E-17,0.422618261740699));
#3261=DIRECTION('',(0.422618261740699,-5.5493513726189E-17,0.90630778703665));
#3262=SURFACE_STYLE_FILL_AREA(#3947);
#3263=ORIENTED_EDGE('',*,*,#3884,.T.);
#3264=ORIENTED_EDGE('',*,*,#3948,.F.);
#3265=ORIENTED_EDGE('',*,*,#3949,.F.);
#3266=ORIENTED_EDGE('',*,*,#3944,.T.);
#3267=CARTESIAN_POINT('',(-5.08,6.79793085057932E-33,-1.11022302462516E-16));
#3268=DIRECTION('',(-1.0,0.0,0.0));
#3269=DIRECTION('',(0.0,-6.12303176911189E-17,1.0));
#3270=SURFACE_STYLE_FILL_AREA(#3950);
#3271=ORIENTED_EDGE('',*,*,#3883,.T.);
#3272=ORIENTED_EDGE('',*,*,#3951,.F.);
#3273=ORIENTED_EDGE('',*,*,#3952,.F.);
#3274=ORIENTED_EDGE('',*,*,#3948,.T.);
#3275=CARTESIAN_POINT('',(-4.986738468369,6.55164399294972E-17,-1.07));
#3276=DIRECTION('',(-0.90630778703665,2.58770504284515E-17,-0.422618261740699));
#3277=DIRECTION('',(-0.422618261740699,-5.5493513726189E-17,0.90630778703665));
#3278=SURFACE_STYLE_FILL_AREA(#3953);
#3279=ORIENTED_EDGE('',*,*,#3882,.T.);
#3280=ORIENTED_EDGE('',*,*,#3954,.F.);
#3281=ORIENTED_EDGE('',*,*,#3955,.F.);
#3282=ORIENTED_EDGE('',*,*,#3951,.T.);
#3283=CARTESIAN_POINT('',(-3.91,7.7762503467721E-17,-1.27));
#3284=DIRECTION('',(0.0,6.12303176911189E-17,-1.0));
#3285=DIRECTION('',(-1.0,0.0,0.0));
#3286=SURFACE_STYLE_FILL_AREA(#3956);
#3287=ORIENTED_EDGE('',*,*,#3881,.T.);
#3288=ORIENTED_EDGE('',*,*,#3920,.F.);
#3289=ORIENTED_EDGE('',*,*,#3957,.F.);
#3290=ORIENTED_EDGE('',*,*,#3954,.T.);
#3291=CARTESIAN_POINT('',(-2.833261531631,6.55164399294972E-17,-1.07));
#3292=DIRECTION('',(0.906307787036648,2.58770504284517E-17,-0.422618261740703));
#3293=DIRECTION('',(-0.422618261740703,5.54935137261889E-17,-0.906307787036648));
#3294=SURFACE_STYLE_FILL_AREA(#3958);
#3295=ORIENTED_EDGE('',*,*,#3887,.T.);
#3296=ORIENTED_EDGE('',*,*,#3959,.F.);
#3297=ORIENTED_EDGE('',*,*,#3960,.F.);
#3298=ORIENTED_EDGE('',*,*,#3928,.T.);
#3299=CARTESIAN_POINT('',(-2.833261531631,-6.55164399294972E-17,1.07));
#3300=DIRECTION('',(0.906307787036648,-2.58770504284517E-17,0.422618261740703));
#3301=DIRECTION('',(0.422618261740703,5.54935137261889E-17,-0.906307787036648));
#3302=SURFACE_STYLE_FILL_AREA(#3961);
#3303=ORIENTED_EDGE('',*,*,#3886,.T.);
#3304=ORIENTED_EDGE('',*,*,#3946,.F.);
#3305=ORIENTED_EDGE('',*,*,#3962,.F.);
#3306=ORIENTED_EDGE('',*,*,#3959,.T.);
#3307=CARTESIAN_POINT('',(-3.91,-7.7762503467721E-17,1.27));
#3308=DIRECTION('',(0.0,-6.12303176911189E-17,1.0));
#3309=DIRECTION('',(1.0,0.0,0.0));
#3310=SURFACE_STYLE_FILL_AREA(#3963);
#3311=ORIENTED_EDGE('',*,*,#3759,.T.);
#3312=ORIENTED_EDGE('',*,*,#3481,.T.);
#3313=ORIENTED_EDGE('',*,*,#3778,.T.);
#3314=ORIENTED_EDGE('',*,*,#3449,.T.);
#3315=ORIENTED_EDGE('',*,*,#3797,.T.);
#3316=ORIENTED_EDGE('',*,*,#3417,.T.);
#3317=ORIENTED_EDGE('',*,*,#3816,.T.);
#3318=ORIENTED_EDGE('',*,*,#3385,.T.);
#3319=ORIENTED_EDGE('',*,*,#3913,.F.);
#3320=ORIENTED_EDGE('',*,*,#3838,.F.);
#3321=ORIENTED_EDGE('',*,*,#3870,.T.);
#3322=ORIENTED_EDGE('',*,*,#3842,.T.);
#3323=ORIENTED_EDGE('',*,*,#3847,.T.);
#3324=ORIENTED_EDGE('',*,*,#3851,.T.);
#3325=ORIENTED_EDGE('',*,*,#3855,.T.);
#3326=ORIENTED_EDGE('',*,*,#3859,.T.);
#3327=ORIENTED_EDGE('',*,*,#3863,.T.);
#3328=ORIENTED_EDGE('',*,*,#3866,.T.);
#3329=ORIENTED_EDGE('',*,*,#3916,.F.);
#3330=ORIENTED_EDGE('',*,*,#3918,.F.);
#3331=ORIENTED_EDGE('',*,*,#3901,.F.);
#3332=ORIENTED_EDGE('',*,*,#3905,.T.);
#3333=ORIENTED_EDGE('',*,*,#3940,.F.);
#3334=ORIENTED_EDGE('',*,*,#3942,.F.);
#3335=ORIENTED_EDGE('',*,*,#3925,.F.);
#3336=ORIENTED_EDGE('',*,*,#3929,.T.);
#3337=ORIENTED_EDGE('',*,*,#3960,.T.);
#3338=ORIENTED_EDGE('',*,*,#3962,.T.);
#3339=ORIENTED_EDGE('',*,*,#3945,.T.);
#3340=ORIENTED_EDGE('',*,*,#3949,.T.);
#3341=ORIENTED_EDGE('',*,*,#3952,.T.);
#3342=ORIENTED_EDGE('',*,*,#3955,.T.);
#3343=ORIENTED_EDGE('',*,*,#3957,.T.);
#3344=ORIENTED_EDGE('',*,*,#3922,.F.);
#3345=ORIENTED_EDGE('',*,*,#3932,.F.);
#3346=ORIENTED_EDGE('',*,*,#3935,.F.);
#3347=ORIENTED_EDGE('',*,*,#3937,.F.);
#3348=ORIENTED_EDGE('',*,*,#3898,.F.);
#3349=ORIENTED_EDGE('',*,*,#3908,.F.);
#3350=ORIENTED_EDGE('',*,*,#3911,.F.);
#3351=CARTESIAN_POINT('',(-3.91,0.0,0.0));
#3352=DIRECTION('',(-0.0,1.0,6.12303176911189E-17));
#3353=DIRECTION('',(1.0,0.0,0.0));
#3354=FILL_AREA_STYLE('',(#3964));
#3355=EDGE_CURVE('',#3965,#3966,#3967,.T.);
#3356=EDGE_CURVE('',#3965,#3968,#3969,.T.);
#3357=EDGE_CURVE('',#3970,#3968,#3971,.T.);
#3358=EDGE_CURVE('',#3966,#3970,#3972,.T.);
#3359=FILL_AREA_STYLE('',(#3973));
#3360=EDGE_CURVE('',#3974,#3975,#3976,.T.);
#3361=EDGE_CURVE('',#3974,#3977,#3978,.T.);
#3362=EDGE_CURVE('',#3977,#3979,#3980,.T.);
#3363=EDGE_CURVE('',#3981,#3979,#3982,.T.);
#3364=EDGE_CURVE('',#3975,#3981,#3983,.T.);
#3365=FILL_AREA_STYLE('',(#3984));
#3366=EDGE_CURVE('',#3985,#3986,#3987,.T.);
#3367=EDGE_CURVE('',#3985,#3988,#3989,.T.);
#3368=EDGE_CURVE('',#3988,#3990,#3991,.T.);
#3369=EDGE_CURVE('',#3977,#3990,#3992,.T.);
#3370=EDGE_CURVE('',#3986,#3974,#3993,.T.);
#3371=FILL_AREA_STYLE('',(#3994));
#3372=EDGE_CURVE('',#3995,#3996,#3997,.T.);
#3373=EDGE_CURVE('',#3995,#3998,#3999,.T.);
#3374=EDGE_CURVE('',#3998,#4000,#4001,.T.);
#3375=EDGE_CURVE('',#3988,#4000,#4002,.T.);
#3376=EDGE_CURVE('',#3996,#3985,#4003,.T.);
#3377=FILL_AREA_STYLE('',(#4004));
#3378=EDGE_CURVE('',#4005,#4006,#4007,.T.);
#3379=EDGE_CURVE('',#4008,#4005,#4009,.T.);
#3380=EDGE_CURVE('',#4010,#4008,#4011,.T.);
#3381=EDGE_CURVE('',#4006,#4010,#4012,.T.);
#3382=FILL_AREA_STYLE('',(#4013));
#3383=EDGE_CURVE('',#3966,#4014,#4015,.T.);
#3384=EDGE_CURVE('',#4016,#3970,#4017,.T.);
#3385=EDGE_CURVE('',#4014,#4016,#4018,.T.);
#3386=FILL_AREA_STYLE('',(#4019));
#3387=EDGE_CURVE('',#4020,#4021,#4022,.T.);
#3388=EDGE_CURVE('',#4020,#4023,#4024,.T.);
#3389=EDGE_CURVE('',#4025,#4023,#4026,.T.);
#3390=EDGE_CURVE('',#4021,#4025,#4027,.T.);
#3391=FILL_AREA_STYLE('',(#4028));
#3392=EDGE_CURVE('',#4029,#4030,#4031,.T.);
#3393=EDGE_CURVE('',#4029,#4032,#4033,.T.);
#3394=EDGE_CURVE('',#4032,#4034,#4035,.T.);
#3395=EDGE_CURVE('',#4036,#4034,#4037,.T.);
#3396=EDGE_CURVE('',#4030,#4036,#4038,.T.);
#3397=FILL_AREA_STYLE('',(#4039));
#3398=EDGE_CURVE('',#4040,#4041,#4042,.T.);
#3399=EDGE_CURVE('',#4040,#4043,#4044,.T.);
#3400=EDGE_CURVE('',#4043,#4045,#4046,.T.);
#3401=EDGE_CURVE('',#4032,#4045,#4047,.T.);
#3402=EDGE_CURVE('',#4041,#4029,#4048,.T.);
#3403=FILL_AREA_STYLE('',(#4049));
#3404=EDGE_CURVE('',#4050,#4051,#4052,.T.);
#3405=EDGE_CURVE('',#4050,#4053,#4054,.T.);
#3406=EDGE_CURVE('',#4053,#4055,#4056,.T.);
#3407=EDGE_CURVE('',#4043,#4055,#4057,.T.);
#3408=EDGE_CURVE('',#4051,#4040,#4058,.T.);
#3409=FILL_AREA_STYLE('',(#4059));
#3410=EDGE_CURVE('',#4060,#4061,#4062,.T.);
#3411=EDGE_CURVE('',#4063,#4060,#4064,.T.);
#3412=EDGE_CURVE('',#4065,#4063,#4066,.T.);
#3413=EDGE_CURVE('',#4061,#4065,#4067,.T.);
#3414=FILL_AREA_STYLE('',(#4068));
#3415=EDGE_CURVE('',#4021,#4069,#4070,.T.);
#3416=EDGE_CURVE('',#4071,#4025,#4072,.T.);
#3417=EDGE_CURVE('',#4069,#4071,#4073,.T.);
#3418=FILL_AREA_STYLE('',(#4074));
#3419=EDGE_CURVE('',#4075,#4076,#4077,.T.);
#3420=EDGE_CURVE('',#4075,#4078,#4079,.T.);
#3421=EDGE_CURVE('',#4080,#4078,#4081,.T.);
#3422=EDGE_CURVE('',#4076,#4080,#4082,.T.);
#3423=FILL_AREA_STYLE('',(#4083));
#3424=EDGE_CURVE('',#4084,#4085,#4086,.T.);
#3425=EDGE_CURVE('',#4084,#4087,#4088,.T.);
#3426=EDGE_CURVE('',#4087,#4089,#4090,.T.);
#3427=EDGE_CURVE('',#4091,#4089,#4092,.T.);
#3428=EDGE_CURVE('',#4085,#4091,#4093,.T.);
#3429=FILL_AREA_STYLE('',(#4094));
#3430=EDGE_CURVE('',#4095,#4096,#4097,.T.);
#3431=EDGE_CURVE('',#4095,#4098,#4099,.T.);
#3432=EDGE_CURVE('',#4098,#4100,#4101,.T.);
#3433=EDGE_CURVE('',#4087,#4100,#4102,.T.);
#3434=EDGE_CURVE('',#4096,#4084,#4103,.T.);
#3435=FILL_AREA_STYLE('',(#4104));
#3436=EDGE_CURVE('',#4105,#4106,#4107,.T.);
#3437=EDGE_CURVE('',#4105,#4108,#4109,.T.);
#3438=EDGE_CURVE('',#4108,#4110,#4111,.T.);
#3439=EDGE_CURVE('',#4098,#4110,#4112,.T.);
#3440=EDGE_CURVE('',#4106,#4095,#4113,.T.);
#3441=FILL_AREA_STYLE('',(#4114));
#3442=EDGE_CURVE('',#4115,#4116,#4117,.T.);
#3443=EDGE_CURVE('',#4118,#4115,#4119,.T.);
#3444=EDGE_CURVE('',#4120,#4118,#4121,.T.);
#3445=EDGE_CURVE('',#4116,#4120,#4122,.T.);
#3446=FILL_AREA_STYLE('',(#4123));
#3447=EDGE_CURVE('',#4076,#4124,#4125,.T.);
#3448=EDGE_CURVE('',#4126,#4080,#4127,.T.);
#3449=EDGE_CURVE('',#4124,#4126,#4128,.T.);
#3450=FILL_AREA_STYLE('',(#4129));
#3451=EDGE_CURVE('',#4130,#4131,#4132,.T.);
#3452=EDGE_CURVE('',#4130,#4133,#4134,.T.);
#3453=EDGE_CURVE('',#4135,#4133,#4136,.T.);
#3454=EDGE_CURVE('',#4131,#4135,#4137,.T.);
#3455=FILL_AREA_STYLE('',(#4138));
#3456=EDGE_CURVE('',#4139,#4140,#4141,.T.);
#3457=EDGE_CURVE('',#4139,#4142,#4143,.T.);
#3458=EDGE_CURVE('',#4142,#4144,#4145,.T.);
#3459=EDGE_CURVE('',#4146,#4144,#4147,.T.);
#3460=EDGE_CURVE('',#4140,#4146,#4148,.T.);
#3461=FILL_AREA_STYLE('',(#4149));
#3462=EDGE_CURVE('',#4150,#4151,#4152,.T.);
#3463=EDGE_CURVE('',#4150,#4153,#4154,.T.);
#3464=EDGE_CURVE('',#4153,#4155,#4156,.T.);
#3465=EDGE_CURVE('',#4142,#4155,#4157,.T.);
#3466=EDGE_CURVE('',#4151,#4139,#4158,.T.);
#3467=FILL_AREA_STYLE('',(#4159));
#3468=EDGE_CURVE('',#4160,#4161,#4162,.T.);
#3469=EDGE_CURVE('',#4160,#4163,#4164,.T.);
#3470=EDGE_CURVE('',#4163,#4165,#4166,.T.);
#3471=EDGE_CURVE('',#4153,#4165,#4167,.T.);
#3472=EDGE_CURVE('',#4161,#4150,#4168,.T.);
#3473=FILL_AREA_STYLE('',(#4169));
#3474=EDGE_CURVE('',#4170,#4171,#4172,.T.);
#3475=EDGE_CURVE('',#4173,#4170,#4174,.T.);
#3476=EDGE_CURVE('',#4175,#4173,#4176,.T.);
#3477=EDGE_CURVE('',#4171,#4175,#4177,.T.);
#3478=FILL_AREA_STYLE('',(#4178));
#3479=EDGE_CURVE('',#4131,#4179,#4180,.T.);
#3480=EDGE_CURVE('',#4181,#4135,#4182,.T.);
#3481=EDGE_CURVE('',#4179,#4181,#4183,.T.);
#3482=FILL_AREA_STYLE('',(#4184));
#3483=EDGE_CURVE('',#4185,#4186,#4187,.T.);
#3484=EDGE_CURVE('',#4188,#4185,#4189,.T.);
#3485=EDGE_CURVE('',#4190,#4188,#4191,.T.);
#3486=EDGE_CURVE('',#4186,#4190,#4192,.T.);
#3487=FILL_AREA_STYLE('',(#4193));
#3488=EDGE_CURVE('',#4186,#4194,#4195,.T.);
#3489=EDGE_CURVE('',#4196,#4190,#4197,.T.);
#3490=EDGE_CURVE('',#4194,#4196,#4198,.T.);
#3491=FILL_AREA_STYLE('',(#4199));
#3492=EDGE_CURVE('',#4194,#4200,#4201,.T.);
#3493=EDGE_CURVE('',#4202,#4196,#4203,.T.);
#3494=EDGE_CURVE('',#4200,#4202,#4204,.T.);
#3495=FILL_AREA_STYLE('',(#4205));
#3496=EDGE_CURVE('',#4206,#4207,#4208,.T.);
#3497=EDGE_CURVE('',#4206,#4209,#4210,.T.);
#3498=EDGE_CURVE('',#4211,#4209,#4212,.T.);
#3499=EDGE_CURVE('',#4207,#4211,#4213,.T.);
#3500=FILL_AREA_STYLE('',(#4214));
#3501=EDGE_CURVE('',#4207,#4215,#4216,.T.);
#3502=EDGE_CURVE('',#4217,#4211,#4218,.T.);
#3503=EDGE_CURVE('',#4215,#4217,#4219,.T.);
#3504=FILL_AREA_STYLE('',(#4220));
#3505=EDGE_CURVE('',#4215,#4221,#4222,.T.);
#3506=EDGE_CURVE('',#4223,#4217,#4224,.T.);
#3507=EDGE_CURVE('',#4221,#4223,#4225,.T.);
#3508=FILL_AREA_STYLE('',(#4226));
#3509=EDGE_CURVE('',#4221,#4227,#4228,.T.);
#3510=EDGE_CURVE('',#4229,#4223,#4230,.T.);
#3511=EDGE_CURVE('',#4227,#4229,#4231,.T.);
#3512=FILL_AREA_STYLE('',(#4232));
#3513=EDGE_CURVE('',#4227,#4233,#4234,.T.);
#3514=EDGE_CURVE('',#4235,#4229,#4236,.T.);
#3515=EDGE_CURVE('',#4233,#4235,#4237,.T.);
#3516=FILL_AREA_STYLE('',(#4238));
#3517=EDGE_CURVE('',#4239,#4233,#4240,.T.);
#3518=EDGE_CURVE('',#4241,#4239,#4242,.T.);
#3519=EDGE_CURVE('',#4235,#4241,#4243,.T.);
#3520=EDGE_CURVE('',#4235,#4233,#4244,.T.);
#3521=FILL_AREA_STYLE('',(#4245));
#3522=EDGE_CURVE('',#4239,#4246,#4247,.T.);
#3523=EDGE_CURVE('',#4239,#4241,#4248,.T.);
#3524=EDGE_CURVE('',#4249,#4241,#4250,.T.);
#3525=EDGE_CURVE('',#4246,#4249,#4251,.T.);
#3526=FILL_AREA_STYLE('',(#4252));
#3527=EDGE_CURVE('',#4253,#4249,#4254,.T.);
#3528=EDGE_CURVE('',#4246,#4253,#4255,.T.);
#3529=FILL_AREA_STYLE('',(#4256));
#3530=EDGE_CURVE('',#4257,#4258,#4259,.T.);
#3531=EDGE_CURVE('',#4260,#4257,#4261,.T.);
#3532=EDGE_CURVE('',#4262,#4260,#4263,.T.);
#3533=EDGE_CURVE('',#4258,#4262,#4264,.T.);
#3534=FILL_AREA_STYLE('',(#4265));
#3535=EDGE_CURVE('',#4258,#4266,#4267,.T.);
#3536=EDGE_CURVE('',#4268,#4262,#4269,.T.);
#3537=EDGE_CURVE('',#4266,#4268,#4270,.T.);
#3538=FILL_AREA_STYLE('',(#4271));
#3539=EDGE_CURVE('',#4266,#4272,#4273,.T.);
#3540=EDGE_CURVE('',#4274,#4268,#4275,.T.);
#3541=EDGE_CURVE('',#4272,#4274,#4276,.T.);
#3542=FILL_AREA_STYLE('',(#4277));
#3543=EDGE_CURVE('',#4278,#4279,#4280,.T.);
#3544=EDGE_CURVE('',#4278,#4281,#4282,.T.);
#3545=EDGE_CURVE('',#4283,#4281,#4284,.T.);
#3546=EDGE_CURVE('',#4279,#4283,#4285,.T.);
#3547=FILL_AREA_STYLE('',(#4286));
#3548=EDGE_CURVE('',#4279,#4287,#4288,.T.);
#3549=EDGE_CURVE('',#4289,#4283,#4290,.T.);
#3550=EDGE_CURVE('',#4287,#4289,#4291,.T.);
#3551=FILL_AREA_STYLE('',(#4292));
#3552=EDGE_CURVE('',#4287,#4293,#4294,.T.);
#3553=EDGE_CURVE('',#4295,#4289,#4296,.T.);
#3554=EDGE_CURVE('',#4293,#4295,#4297,.T.);
#3555=FILL_AREA_STYLE('',(#4298));
#3556=EDGE_CURVE('',#4293,#4299,#4300,.T.);
#3557=EDGE_CURVE('',#4301,#4295,#4302,.T.);
#3558=EDGE_CURVE('',#4299,#4301,#4303,.T.);
#3559=FILL_AREA_STYLE('',(#4304));
#3560=EDGE_CURVE('',#4299,#4305,#4306,.T.);
#3561=EDGE_CURVE('',#4307,#4301,#4308,.T.);
#3562=EDGE_CURVE('',#4305,#4307,#4309,.T.);
#3563=FILL_AREA_STYLE('',(#4310));
#3564=EDGE_CURVE('',#4311,#4305,#4312,.T.);
#3565=EDGE_CURVE('',#4313,#4311,#4314,.T.);
#3566=EDGE_CURVE('',#4307,#4313,#4315,.T.);
#3567=EDGE_CURVE('',#4307,#4305,#4316,.T.);
#3568=FILL_AREA_STYLE('',(#4317));
#3569=EDGE_CURVE('',#4311,#4318,#4319,.T.);
#3570=EDGE_CURVE('',#4311,#4313,#4320,.T.);
#3571=EDGE_CURVE('',#4321,#4313,#4322,.T.);
#3572=EDGE_CURVE('',#4318,#4321,#4323,.T.);
#3573=FILL_AREA_STYLE('',(#4324));
#3574=EDGE_CURVE('',#4325,#4321,#4326,.T.);
#3575=EDGE_CURVE('',#4318,#4325,#4327,.T.);
#3576=FILL_AREA_STYLE('',(#4328));
#3577=EDGE_CURVE('',#4329,#4330,#4331,.T.);
#3578=EDGE_CURVE('',#4332,#4329,#4333,.T.);
#3579=EDGE_CURVE('',#4334,#4332,#4335,.T.);
#3580=EDGE_CURVE('',#4330,#4334,#4336,.T.);
#3581=FILL_AREA_STYLE('',(#4337));
#3582=EDGE_CURVE('',#4330,#4338,#4339,.T.);
#3583=EDGE_CURVE('',#4340,#4334,#4341,.T.);
#3584=EDGE_CURVE('',#4338,#4340,#4342,.T.);
#3585=FILL_AREA_STYLE('',(#4343));
#3586=EDGE_CURVE('',#4338,#4344,#4345,.T.);
#3587=EDGE_CURVE('',#4346,#4340,#4347,.T.);
#3588=EDGE_CURVE('',#4344,#4346,#4348,.T.);
#3589=FILL_AREA_STYLE('',(#4349));
#3590=EDGE_CURVE('',#4350,#4351,#4352,.T.);
#3591=EDGE_CURVE('',#4350,#4353,#4354,.T.);
#3592=EDGE_CURVE('',#4355,#4353,#4356,.T.);
#3593=EDGE_CURVE('',#4351,#4355,#4357,.T.);
#3594=FILL_AREA_STYLE('',(#4358));
#3595=EDGE_CURVE('',#4351,#4359,#4360,.T.);
#3596=EDGE_CURVE('',#4361,#4355,#4362,.T.);
#3597=EDGE_CURVE('',#4359,#4361,#4363,.T.);
#3598=FILL_AREA_STYLE('',(#4364));
#3599=EDGE_CURVE('',#4359,#4365,#4366,.T.);
#3600=EDGE_CURVE('',#4367,#4361,#4368,.T.);
#3601=EDGE_CURVE('',#4365,#4367,#4369,.T.);
#3602=FILL_AREA_STYLE('',(#4370));
#3603=EDGE_CURVE('',#4365,#4371,#4372,.T.);
#3604=EDGE_CURVE('',#4373,#4367,#4374,.T.);
#3605=EDGE_CURVE('',#4371,#4373,#4375,.T.);
#3606=FILL_AREA_STYLE('',(#4376));
#3607=EDGE_CURVE('',#4371,#4377,#4378,.T.);
#3608=EDGE_CURVE('',#4379,#4373,#4380,.T.);
#3609=EDGE_CURVE('',#4377,#4379,#4381,.T.);
#3610=FILL_AREA_STYLE('',(#4382));
#3611=EDGE_CURVE('',#4383,#4377,#4384,.T.);
#3612=EDGE_CURVE('',#4385,#4383,#4386,.T.);
#3613=EDGE_CURVE('',#4379,#4385,#4387,.T.);
#3614=EDGE_CURVE('',#4379,#4377,#4388,.T.);
#3615=FILL_AREA_STYLE('',(#4389));
#3616=EDGE_CURVE('',#4383,#4390,#4391,.T.);
#3617=EDGE_CURVE('',#4383,#4385,#4392,.T.);
#3618=EDGE_CURVE('',#4393,#4385,#4394,.T.);
#3619=EDGE_CURVE('',#4390,#4393,#4395,.T.);
#3620=FILL_AREA_STYLE('',(#4396));
#3621=EDGE_CURVE('',#4397,#4393,#4398,.T.);
#3622=EDGE_CURVE('',#4390,#4397,#4399,.T.);
#3623=FILL_AREA_STYLE('',(#4400));
#3624=EDGE_CURVE('',#4401,#4402,#4403,.T.);
#3625=EDGE_CURVE('',#4404,#4401,#4405,.T.);
#3626=EDGE_CURVE('',#4406,#4404,#4407,.T.);
#3627=EDGE_CURVE('',#4402,#4406,#4408,.T.);
#3628=FILL_AREA_STYLE('',(#4409));
#3629=EDGE_CURVE('',#4402,#4410,#4411,.T.);
#3630=EDGE_CURVE('',#4412,#4406,#4413,.T.);
#3631=EDGE_CURVE('',#4410,#4412,#4414,.T.);
#3632=FILL_AREA_STYLE('',(#4415));
#3633=EDGE_CURVE('',#4410,#4416,#4417,.T.);
#3634=EDGE_CURVE('',#4418,#4412,#4419,.T.);
#3635=EDGE_CURVE('',#4416,#4418,#4420,.T.);
#3636=FILL_AREA_STYLE('',(#4421));
#3637=EDGE_CURVE('',#4422,#4423,#4424,.T.);
#3638=EDGE_CURVE('',#4422,#4425,#4426,.T.);
#3639=EDGE_CURVE('',#4427,#4425,#4428,.T.);
#3640=EDGE_CURVE('',#4423,#4427,#4429,.T.);
#3641=FILL_AREA_STYLE('',(#4430));
#3642=EDGE_CURVE('',#4423,#4431,#4432,.T.);
#3643=EDGE_CURVE('',#4433,#4427,#4434,.T.);
#3644=EDGE_CURVE('',#4431,#4433,#4435,.T.);
#3645=FILL_AREA_STYLE('',(#4436));
#3646=EDGE_CURVE('',#4431,#4437,#4438,.T.);
#3647=EDGE_CURVE('',#4439,#4433,#4440,.T.);
#3648=EDGE_CURVE('',#4437,#4439,#4441,.T.);
#3649=FILL_AREA_STYLE('',(#4442));
#3650=EDGE_CURVE('',#4437,#4443,#4444,.T.);
#3651=EDGE_CURVE('',#4445,#4439,#4446,.T.);
#3652=EDGE_CURVE('',#4443,#4445,#4447,.T.);
#3653=FILL_AREA_STYLE('',(#4448));
#3654=EDGE_CURVE('',#4443,#4449,#4450,.T.);
#3655=EDGE_CURVE('',#4451,#4445,#4452,.T.);
#3656=EDGE_CURVE('',#4449,#4451,#4453,.T.);
#3657=FILL_AREA_STYLE('',(#4454));
#3658=EDGE_CURVE('',#4455,#4449,#4456,.T.);
#3659=EDGE_CURVE('',#4457,#4455,#4458,.T.);
#3660=EDGE_CURVE('',#4451,#4457,#4459,.T.);
#3661=EDGE_CURVE('',#4451,#4449,#4460,.T.);
#3662=FILL_AREA_STYLE('',(#4461));
#3663=EDGE_CURVE('',#4455,#4462,#4463,.T.);
#3664=EDGE_CURVE('',#4455,#4457,#4464,.T.);
#3665=EDGE_CURVE('',#4465,#4457,#4466,.T.);
#3666=EDGE_CURVE('',#4462,#4465,#4467,.T.);
#3667=FILL_AREA_STYLE('',(#4468));
#3668=EDGE_CURVE('',#4469,#4465,#4470,.T.);
#3669=EDGE_CURVE('',#4462,#4469,#4471,.T.);
#3670=FILL_AREA_STYLE('',(#4472));
#3671=EDGE_CURVE('',#4465,#4462,#4473,.T.);
#3672=FILL_AREA_STYLE('',(#4474));
#3673=FILL_AREA_STYLE('',(#4475));
#3674=FILL_AREA_STYLE('',(#4476));
#3675=EDGE_CURVE('',#4445,#4443,#4477,.T.);
#3676=FILL_AREA_STYLE('',(#4478));
#3677=EDGE_CURVE('',#4439,#4437,#4479,.T.);
#3678=FILL_AREA_STYLE('',(#4480));
#3679=EDGE_CURVE('',#4433,#4431,#4481,.T.);
#3680=FILL_AREA_STYLE('',(#4482));
#3681=EDGE_CURVE('',#4427,#4423,#4483,.T.);
#3682=FILL_AREA_STYLE('',(#4484));
#3683=EDGE_CURVE('',#4425,#4422,#4485,.T.);
#3684=FILL_AREA_STYLE('',(#4486));
#3685=EDGE_CURVE('',#4418,#4416,#4487,.T.);
#3686=FILL_AREA_STYLE('',(#4488));
#3687=EDGE_CURVE('',#4412,#4410,#4489,.T.);
#3688=FILL_AREA_STYLE('',(#4490));
#3689=EDGE_CURVE('',#4406,#4402,#4491,.T.);
#3690=FILL_AREA_STYLE('',(#4492));
#3691=EDGE_CURVE('',#4401,#4404,#4493,.T.);
#3692=FILL_AREA_STYLE('',(#4494));
#3693=EDGE_CURVE('',#4393,#4390,#4495,.T.);
#3694=FILL_AREA_STYLE('',(#4496));
#3695=FILL_AREA_STYLE('',(#4497));
#3696=FILL_AREA_STYLE('',(#4498));
#3697=EDGE_CURVE('',#4373,#4371,#4499,.T.);
#3698=FILL_AREA_STYLE('',(#4500));
#3699=EDGE_CURVE('',#4367,#4365,#4501,.T.);
#3700=FILL_AREA_STYLE('',(#4502));
#3701=EDGE_CURVE('',#4361,#4359,#4503,.T.);
#3702=FILL_AREA_STYLE('',(#4504));
#3703=EDGE_CURVE('',#4355,#4351,#4505,.T.);
#3704=FILL_AREA_STYLE('',(#4506));
#3705=EDGE_CURVE('',#4353,#4350,#4507,.T.);
#3706=FILL_AREA_STYLE('',(#4508));
#3707=EDGE_CURVE('',#4346,#4344,#4509,.T.);
#3708=FILL_AREA_STYLE('',(#4510));
#3709=EDGE_CURVE('',#4340,#4338,#4511,.T.);
#3710=FILL_AREA_STYLE('',(#4512));
#3711=EDGE_CURVE('',#4334,#4330,#4513,.T.);
#3712=FILL_AREA_STYLE('',(#4514));
#3713=EDGE_CURVE('',#4329,#4332,#4515,.T.);
#3714=FILL_AREA_STYLE('',(#4516));
#3715=EDGE_CURVE('',#4321,#4318,#4517,.T.);
#3716=FILL_AREA_STYLE('',(#4518));
#3717=FILL_AREA_STYLE('',(#4519));
#3718=FILL_AREA_STYLE('',(#4520));
#3719=EDGE_CURVE('',#4301,#4299,#4521,.T.);
#3720=FILL_AREA_STYLE('',(#4522));
#3721=EDGE_CURVE('',#4295,#4293,#4523,.T.);
#3722=FILL_AREA_STYLE('',(#4524));
#3723=EDGE_CURVE('',#4289,#4287,#4525,.T.);
#3724=FILL_AREA_STYLE('',(#4526));
#3725=EDGE_CURVE('',#4283,#4279,#4527,.T.);
#3726=FILL_AREA_STYLE('',(#4528));
#3727=EDGE_CURVE('',#4281,#4278,#4529,.T.);
#3728=FILL_AREA_STYLE('',(#4530));
#3729=EDGE_CURVE('',#4274,#4272,#4531,.T.);
#3730=FILL_AREA_STYLE('',(#4532));
#3731=EDGE_CURVE('',#4268,#4266,#4533,.T.);
#3732=FILL_AREA_STYLE('',(#4534));
#3733=EDGE_CURVE('',#4262,#4258,#4535,.T.);
#3734=FILL_AREA_STYLE('',(#4536));
#3735=EDGE_CURVE('',#4257,#4260,#4537,.T.);
#3736=FILL_AREA_STYLE('',(#4538));
#3737=EDGE_CURVE('',#4249,#4246,#4539,.T.);
#3738=FILL_AREA_STYLE('',(#4540));
#3739=FILL_AREA_STYLE('',(#4541));
#3740=FILL_AREA_STYLE('',(#4542));
#3741=EDGE_CURVE('',#4229,#4227,#4543,.T.);
#3742=FILL_AREA_STYLE('',(#4544));
#3743=EDGE_CURVE('',#4223,#4221,#4545,.T.);
#3744=FILL_AREA_STYLE('',(#4546));
#3745=EDGE_CURVE('',#4217,#4215,#4547,.T.);
#3746=FILL_AREA_STYLE('',(#4548));
#3747=EDGE_CURVE('',#4211,#4207,#4549,.T.);
#3748=FILL_AREA_STYLE('',(#4550));
#3749=EDGE_CURVE('',#4209,#4206,#4551,.T.);
#3750=FILL_AREA_STYLE('',(#4552));
#3751=EDGE_CURVE('',#4202,#4200,#4553,.T.);
#3752=FILL_AREA_STYLE('',(#4554));
#3753=EDGE_CURVE('',#4196,#4194,#4555,.T.);
#3754=FILL_AREA_STYLE('',(#4556));
#3755=EDGE_CURVE('',#4190,#4186,#4557,.T.);
#3756=FILL_AREA_STYLE('',(#4558));
#3757=EDGE_CURVE('',#4185,#4188,#4559,.T.);
#3758=FILL_AREA_STYLE('',(#4560));
#3759=EDGE_CURVE('',#4181,#4179,#4561,.T.);
#3760=EDGE_CURVE('',#4135,#4131,#4562,.T.);
#3761=FILL_AREA_STYLE('',(#4563));
#3762=EDGE_CURVE('',#4175,#4171,#4564,.T.);
#3763=EDGE_CURVE('',#4170,#4173,#4565,.T.);
#3764=FILL_AREA_STYLE('',(#4566));
#3765=EDGE_CURVE('',#4165,#4160,#4567,.T.);
#3766=FILL_AREA_STYLE('',(#4568));
#3767=EDGE_CURVE('',#4155,#4161,#4569,.T.);
#3768=FILL_AREA_STYLE('',(#4570));
#3769=EDGE_CURVE('',#4144,#4151,#4571,.T.);
#3770=FILL_AREA_STYLE('',(#4572));
#3771=EDGE_CURVE('',#4573,#4140,#4574,.T.);
#3772=EDGE_CURVE('',#4146,#4573,#4575,.T.);
#3773=FILL_AREA_STYLE('',(#4576));
#3774=EDGE_CURVE('',#4133,#4130,#4577,.T.);
#3775=FILL_AREA_STYLE('',(#4578));
#3776=FILL_AREA_STYLE('',(#4579));
#3777=FILL_AREA_STYLE('',(#4580));
#3778=EDGE_CURVE('',#4126,#4124,#4581,.T.);
#3779=EDGE_CURVE('',#4080,#4076,#4582,.T.);
#3780=FILL_AREA_STYLE('',(#4583));
#3781=EDGE_CURVE('',#4120,#4116,#4584,.T.);
#3782=EDGE_CURVE('',#4115,#4118,#4585,.T.);
#3783=FILL_AREA_STYLE('',(#4586));
#3784=EDGE_CURVE('',#4110,#4105,#4587,.T.);
#3785=FILL_AREA_STYLE('',(#4588));
#3786=EDGE_CURVE('',#4100,#4106,#4589,.T.);
#3787=FILL_AREA_STYLE('',(#4590));
#3788=EDGE_CURVE('',#4089,#4096,#4591,.T.);
#3789=FILL_AREA_STYLE('',(#4592));
#3790=EDGE_CURVE('',#4593,#4085,#4594,.T.);
#3791=EDGE_CURVE('',#4091,#4593,#4595,.T.);
#3792=FILL_AREA_STYLE('',(#4596));
#3793=EDGE_CURVE('',#4078,#4075,#4597,.T.);
#3794=FILL_AREA_STYLE('',(#4598));
#3795=FILL_AREA_STYLE('',(#4599));
#3796=FILL_AREA_STYLE('',(#4600));
#3797=EDGE_CURVE('',#4071,#4069,#4601,.T.);
#3798=EDGE_CURVE('',#4025,#4021,#4602,.T.);
#3799=FILL_AREA_STYLE('',(#4603));
#3800=EDGE_CURVE('',#4065,#4061,#4604,.T.);
#3801=EDGE_CURVE('',#4060,#4063,#4605,.T.);
#3802=FILL_AREA_STYLE('',(#4606));
#3803=EDGE_CURVE('',#4055,#4050,#4607,.T.);
#3804=FILL_AREA_STYLE('',(#4608));
#3805=EDGE_CURVE('',#4045,#4051,#4609,.T.);
#3806=FILL_AREA_STYLE('',(#4610));
#3807=EDGE_CURVE('',#4034,#4041,#4611,.T.);
#3808=FILL_AREA_STYLE('',(#4612));
#3809=EDGE_CURVE('',#4613,#4030,#4614,.T.);
#3810=EDGE_CURVE('',#4036,#4613,#4615,.T.);
#3811=FILL_AREA_STYLE('',(#4616));
#3812=EDGE_CURVE('',#4023,#4020,#4617,.T.);
#3813=FILL_AREA_STYLE('',(#4618));
#3814=FILL_AREA_STYLE('',(#4619));
#3815=FILL_AREA_STYLE('',(#4620));
#3816=EDGE_CURVE('',#4016,#4014,#4621,.T.);
#3817=EDGE_CURVE('',#3970,#3966,#4622,.T.);
#3818=FILL_AREA_STYLE('',(#4623));
#3819=EDGE_CURVE('',#4010,#4006,#4624,.T.);
#3820=EDGE_CURVE('',#4005,#4008,#4625,.T.);
#3821=FILL_AREA_STYLE('',(#4626));
#3822=EDGE_CURVE('',#4000,#3995,#4627,.T.);
#3823=FILL_AREA_STYLE('',(#4628));
#3824=EDGE_CURVE('',#3990,#3996,#4629,.T.);
#3825=FILL_AREA_STYLE('',(#4630));
#3826=EDGE_CURVE('',#3979,#3986,#4631,.T.);
#3827=FILL_AREA_STYLE('',(#4632));
#3828=EDGE_CURVE('',#4633,#3975,#4634,.T.);
#3829=EDGE_CURVE('',#3981,#4633,#4635,.T.);
#3830=FILL_AREA_STYLE('',(#4636));
#3831=EDGE_CURVE('',#3968,#3965,#4637,.T.);
#3832=FILL_AREA_STYLE('',(#4638));
#3833=FILL_AREA_STYLE('',(#4639));
#3834=FILL_AREA_STYLE('',(#4640));
#3835=EDGE_CURVE('',#4641,#4642,#4643,.T.);
#3836=EDGE_CURVE('',#4642,#4644,#4645,.T.);
#3837=EDGE_CURVE('',#4646,#4644,#4647,.T.);
#3838=EDGE_CURVE('',#4646,#4641,#4648,.T.);
#3839=FILL_AREA_STYLE('',(#4649));
#3840=EDGE_CURVE('',#4650,#4651,#4652,.T.);
#3841=EDGE_CURVE('',#4653,#4651,#4654,.T.);
#3842=EDGE_CURVE('',#4655,#4653,#4656,.T.);
#3843=EDGE_CURVE('',#4655,#4650,#4657,.T.);
#3844=FILL_AREA_STYLE('',(#4658));
#3845=EDGE_CURVE('',#4651,#4659,#4660,.T.);
#3846=EDGE_CURVE('',#4661,#4659,#4662,.T.);
#3847=EDGE_CURVE('',#4653,#4661,#4663,.T.);
#3848=FILL_AREA_STYLE('',(#4664));
#3849=EDGE_CURVE('',#4659,#4665,#4666,.T.);
#3850=EDGE_CURVE('',#4667,#4665,#4668,.T.);
#3851=EDGE_CURVE('',#4661,#4667,#4669,.T.);
#3852=FILL_AREA_STYLE('',(#4670));
#3853=EDGE_CURVE('',#4665,#4671,#4672,.T.);
#3854=EDGE_CURVE('',#4673,#4671,#4674,.T.);
#3855=EDGE_CURVE('',#4667,#4673,#4675,.T.);
#3856=FILL_AREA_STYLE('',(#4676));
#3857=EDGE_CURVE('',#4671,#4677,#4678,.T.);
#3858=EDGE_CURVE('',#4679,#4677,#4680,.T.);
#3859=EDGE_CURVE('',#4673,#4679,#4681,.T.);
#3860=FILL_AREA_STYLE('',(#4682));
#3861=EDGE_CURVE('',#4677,#4683,#4684,.T.);
#3862=EDGE_CURVE('',#4685,#4683,#4686,.T.);
#3863=EDGE_CURVE('',#4679,#4685,#4687,.T.);
#3864=FILL_AREA_STYLE('',(#4688));
#3865=EDGE_CURVE('',#4689,#4690,#4691,.T.);
#3866=EDGE_CURVE('',#4685,#4689,#4692,.T.);
#3867=EDGE_CURVE('',#4683,#4690,#4693,.T.);
#3868=FILL_AREA_STYLE('',(#4694));
#3869=EDGE_CURVE('',#4644,#4650,#4695,.T.);
#3870=EDGE_CURVE('',#4646,#4655,#4696,.T.);
#3871=FILL_AREA_STYLE('',(#4697));
#3872=EDGE_CURVE('',#4690,#4698,#4699,.T.);
#3873=EDGE_CURVE('',#4700,#4642,#4701,.T.);
#3874=EDGE_CURVE('',#4702,#4700,#4703,.T.);
#3875=EDGE_CURVE('',#4704,#4702,#4705,.T.);
#3876=EDGE_CURVE('',#4706,#4704,#4707,.T.);
#3877=EDGE_CURVE('',#4708,#4706,#4709,.T.);
#3878=EDGE_CURVE('',#4710,#4708,#4711,.T.);
#3879=EDGE_CURVE('',#4712,#4710,#4713,.T.);
#3880=EDGE_CURVE('',#4714,#4712,#4715,.T.);
#3881=EDGE_CURVE('',#4716,#4714,#4717,.T.);
#3882=EDGE_CURVE('',#4718,#4716,#4719,.T.);
#3883=EDGE_CURVE('',#4720,#4718,#4721,.T.);
#3884=EDGE_CURVE('',#4722,#4720,#4723,.T.);
#3885=EDGE_CURVE('',#4724,#4722,#4725,.T.);
#3886=EDGE_CURVE('',#4726,#4724,#4727,.T.);
#3887=EDGE_CURVE('',#4728,#4726,#4729,.T.);
#3888=EDGE_CURVE('',#4730,#4728,#4731,.T.);
#3889=EDGE_CURVE('',#4732,#4730,#4733,.T.);
#3890=EDGE_CURVE('',#4734,#4732,#4735,.T.);
#3891=EDGE_CURVE('',#4736,#4734,#4737,.T.);
#3892=EDGE_CURVE('',#4738,#4736,#4739,.T.);
#3893=EDGE_CURVE('',#4740,#4738,#4741,.T.);
#3894=EDGE_CURVE('',#4698,#4740,#4742,.T.);
#3895=FILL_AREA_STYLE('',(#4743));
#3896=EDGE_CURVE('',#4744,#4706,#4745,.T.);
#3897=EDGE_CURVE('',#4746,#4704,#4747,.T.);
#3898=EDGE_CURVE('',#4746,#4744,#4748,.T.);
#3899=FILL_AREA_STYLE('',(#4749));
#3900=EDGE_CURVE('',#4750,#4738,#4751,.T.);
#3901=EDGE_CURVE('',#4750,#4752,#4753,.T.);
#3902=EDGE_CURVE('',#4752,#4740,#4754,.T.);
#3903=FILL_AREA_STYLE('',(#4755));
#3904=EDGE_CURVE('',#4756,#4736,#4757,.T.);
#3905=EDGE_CURVE('',#4750,#4756,#4758,.T.);
#3906=FILL_AREA_STYLE('',(#4759));
#3907=EDGE_CURVE('',#4760,#4702,#4761,.T.);
#3908=EDGE_CURVE('',#4760,#4746,#4762,.T.);
#3909=FILL_AREA_STYLE('',(#4763));
#3910=EDGE_CURVE('',#4764,#4700,#4765,.T.);
#3911=EDGE_CURVE('',#4764,#4760,#4766,.T.);
#3912=FILL_AREA_STYLE('',(#4767));
#3913=EDGE_CURVE('',#4641,#4764,#4768,.T.);
#3914=FILL_AREA_STYLE('',(#4769));
#3915=EDGE_CURVE('',#4770,#4698,#4771,.T.);
#3916=EDGE_CURVE('',#4770,#4689,#4772,.T.);
#3917=FILL_AREA_STYLE('',(#4773));
#3918=EDGE_CURVE('',#4752,#4770,#4774,.T.);
#3919=FILL_AREA_STYLE('',(#4775));
#3920=EDGE_CURVE('',#4776,#4714,#4777,.T.);
#3921=EDGE_CURVE('',#4778,#4712,#4779,.T.);
#3922=EDGE_CURVE('',#4778,#4776,#4780,.T.);
#3923=FILL_AREA_STYLE('',(#4781));
#3924=EDGE_CURVE('',#4782,#4730,#4783,.T.);
#3925=EDGE_CURVE('',#4782,#4784,#4785,.T.);
#3926=EDGE_CURVE('',#4784,#4732,#4786,.T.);
#3927=FILL_AREA_STYLE('',(#4787));
#3928=EDGE_CURVE('',#4788,#4728,#4789,.T.);
#3929=EDGE_CURVE('',#4782,#4788,#4790,.T.);
#3930=FILL_AREA_STYLE('',(#4791));
#3931=EDGE_CURVE('',#4792,#4710,#4793,.T.);
#3932=EDGE_CURVE('',#4792,#4778,#4794,.T.);
#3933=FILL_AREA_STYLE('',(#4795));
#3934=EDGE_CURVE('',#4796,#4708,#4797,.T.);
#3935=EDGE_CURVE('',#4796,#4792,#4798,.T.);
#3936=FILL_AREA_STYLE('',(#4799));
#3937=EDGE_CURVE('',#4744,#4796,#4800,.T.);
#3938=FILL_AREA_STYLE('',(#4801));
#3939=EDGE_CURVE('',#4802,#4734,#4803,.T.);
#3940=EDGE_CURVE('',#4802,#4756,#4804,.T.);
#3941=FILL_AREA_STYLE('',(#4805));
#3942=EDGE_CURVE('',#4784,#4802,#4806,.T.);
#3943=FILL_AREA_STYLE('',(#4807));
#3944=EDGE_CURVE('',#4808,#4722,#4809,.T.);
#3945=EDGE_CURVE('',#4810,#4808,#4811,.T.);
#3946=EDGE_CURVE('',#4810,#4724,#4812,.T.);
#3947=FILL_AREA_STYLE('',(#4813));
#3948=EDGE_CURVE('',#4814,#4720,#4815,.T.);
#3949=EDGE_CURVE('',#4808,#4814,#4816,.T.);
#3950=FILL_AREA_STYLE('',(#4817));
#3951=EDGE_CURVE('',#4818,#4718,#4819,.T.);
#3952=EDGE_CURVE('',#4814,#4818,#4820,.T.);
#3953=FILL_AREA_STYLE('',(#4821));
#3954=EDGE_CURVE('',#4822,#4716,#4823,.T.);
#3955=EDGE_CURVE('',#4818,#4822,#4824,.T.);
#3956=FILL_AREA_STYLE('',(#4825));
#3957=EDGE_CURVE('',#4822,#4776,#4826,.T.);
#3958=FILL_AREA_STYLE('',(#4827));
#3959=EDGE_CURVE('',#4828,#4726,#4829,.T.);
#3960=EDGE_CURVE('',#4788,#4828,#4830,.T.);
#3961=FILL_AREA_STYLE('',(#4831));
#3962=EDGE_CURVE('',#4828,#4810,#4832,.T.);
#3963=FILL_AREA_STYLE('',(#4833));
#3964=FILL_AREA_STYLE_COLOUR('',#4834);
#3965=VERTEX_POINT('',#4835);
#3966=VERTEX_POINT('',#4836);
#3967=LINE('',#4837,#4838);
#3968=VERTEX_POINT('',#4839);
#3969=CIRCLE('',#4840,0.465);
#3970=VERTEX_POINT('',#4841);
#3971=LINE('',#4842,#4843);
#3972=CIRCLE('',#4844,0.665);
#3973=FILL_AREA_STYLE_COLOUR('',#4845);
#3974=VERTEX_POINT('',#4846);
#3975=VERTEX_POINT('',#4847);
#3976=CIRCLE('',#4848,0.149999999999999);
#3977=VERTEX_POINT('',#4849);
#3978=CIRCLE('',#4850,0.25);
#3979=VERTEX_POINT('',#4851);
#3980=CIRCLE('',#4852,0.25);
#3981=VERTEX_POINT('',#4853);
#3982=CIRCLE('',#4854,0.149999999999999);
#3983=CIRCLE('',#4855,0.4);
#3984=FILL_AREA_STYLE_COLOUR('',#4856);
#3985=VERTEX_POINT('',#4857);
#3986=VERTEX_POINT('',#4858);
#3987=LINE('',#4859,#4860);
#3988=VERTEX_POINT('',#4861);
#3989=CIRCLE('',#4862,0.249999999999999);
#3990=VERTEX_POINT('',#4863);
#3991=CIRCLE('',#4864,0.249999999999999);
#3992=LINE('',#4865,#4866);
#3993=CIRCLE('',#4867,0.25);
#3994=FILL_AREA_STYLE_COLOUR('',#4868);
#3995=VERTEX_POINT('',#4869);
#3996=VERTEX_POINT('',#4870);
#3997=CIRCLE('',#4871,0.245000000000001);
#3998=VERTEX_POINT('',#4872);
#3999=CIRCLE('',#4873,0.00499999999999989);
#4000=VERTEX_POINT('',#4874);
#4001=CIRCLE('',#4875,0.00499999999999989);
#4002=CIRCLE('',#4876,0.245000000000001);
#4003=CIRCLE('',#4877,0.249999999999999);
#4004=FILL_AREA_STYLE_COLOUR('',#4878);
#4005=VERTEX_POINT('',#4879);
#4006=VERTEX_POINT('',#4880);
#4007=LINE('',#4881,#4882);
#4008=VERTEX_POINT('',#4883);
#4009=CIRCLE('',#4884,0.915);
#4010=VERTEX_POINT('',#4885);
#4011=LINE('',#4886,#4887);
#4012=CIRCLE('',#4888,0.915);
#4013=FILL_AREA_STYLE_COLOUR('',#4889);
#4014=VERTEX_POINT('',#4890);
#4015=LINE('',#4891,#4892);
#4016=VERTEX_POINT('',#4893);
#4017=LINE('',#4894,#4895);
#4018=CIRCLE('',#4896,0.665);
#4019=FILL_AREA_STYLE_COLOUR('',#4897);
#4020=VERTEX_POINT('',#4898);
#4021=VERTEX_POINT('',#4899);
#4022=LINE('',#4900,#4901);
#4023=VERTEX_POINT('',#4902);
#4024=CIRCLE('',#4903,0.465);
#4025=VERTEX_POINT('',#4904);
#4026=LINE('',#4905,#4906);
#4027=CIRCLE('',#4907,0.665);
#4028=FILL_AREA_STYLE_COLOUR('',#4908);
#4029=VERTEX_POINT('',#4909);
#4030=VERTEX_POINT('',#4910);
#4031=CIRCLE('',#4911,0.149999999999999);
#4032=VERTEX_POINT('',#4912);
#4033=CIRCLE('',#4913,0.25);
#4034=VERTEX_POINT('',#4914);
#4035=CIRCLE('',#4915,0.25);
#4036=VERTEX_POINT('',#4916);
#4037=CIRCLE('',#4917,0.149999999999999);
#4038=CIRCLE('',#4918,0.4);
#4039=FILL_AREA_STYLE_COLOUR('',#4919);
#4040=VERTEX_POINT('',#4920);
#4041=VERTEX_POINT('',#4921);
#4042=LINE('',#4922,#4923);
#4043=VERTEX_POINT('',#4924);
#4044=CIRCLE('',#4925,0.249999999999999);
#4045=VERTEX_POINT('',#4926);
#4046=CIRCLE('',#4927,0.249999999999999);
#4047=LINE('',#4928,#4929);
#4048=CIRCLE('',#4930,0.25);
#4049=FILL_AREA_STYLE_COLOUR('',#4931);
#4050=VERTEX_POINT('',#4932);
#4051=VERTEX_POINT('',#4933);
#4052=CIRCLE('',#4934,0.245000000000001);
#4053=VERTEX_POINT('',#4935);
#4054=CIRCLE('',#4936,0.00499999999999989);
#4055=VERTEX_POINT('',#4937);
#4056=CIRCLE('',#4938,0.00499999999999989);
#4057=CIRCLE('',#4939,0.245000000000001);
#4058=CIRCLE('',#4940,0.249999999999999);
#4059=FILL_AREA_STYLE_COLOUR('',#4941);
#4060=VERTEX_POINT('',#4942);
#4061=VERTEX_POINT('',#4943);
#4062=LINE('',#4944,#4945);
#4063=VERTEX_POINT('',#4946);
#4064=CIRCLE('',#4947,0.915);
#4065=VERTEX_POINT('',#4948);
#4066=LINE('',#4949,#4950);
#4067=CIRCLE('',#4951,0.915);
#4068=FILL_AREA_STYLE_COLOUR('',#4952);
#4069=VERTEX_POINT('',#4953);
#4070=LINE('',#4954,#4955);
#4071=VERTEX_POINT('',#4956);
#4072=LINE('',#4957,#4958);
#4073=CIRCLE('',#4959,0.665);
#4074=FILL_AREA_STYLE_COLOUR('',#4960);
#4075=VERTEX_POINT('',#4961);
#4076=VERTEX_POINT('',#4962);
#4077=LINE('',#4963,#4964);
#4078=VERTEX_POINT('',#4965);
#4079=CIRCLE('',#4966,0.465);
#4080=VERTEX_POINT('',#4967);
#4081=LINE('',#4968,#4969);
#4082=CIRCLE('',#4970,0.665);
#4083=FILL_AREA_STYLE_COLOUR('',#4971);
#4084=VERTEX_POINT('',#4972);
#4085=VERTEX_POINT('',#4973);
#4086=CIRCLE('',#4974,0.149999999999999);
#4087=VERTEX_POINT('',#4975);
#4088=CIRCLE('',#4976,0.25);
#4089=VERTEX_POINT('',#4977);
#4090=CIRCLE('',#4978,0.25);
#4091=VERTEX_POINT('',#4979);
#4092=CIRCLE('',#4980,0.149999999999999);
#4093=CIRCLE('',#4981,0.4);
#4094=FILL_AREA_STYLE_COLOUR('',#4982);
#4095=VERTEX_POINT('',#4983);
#4096=VERTEX_POINT('',#4984);
#4097=LINE('',#4985,#4986);
#4098=VERTEX_POINT('',#4987);
#4099=CIRCLE('',#4988,0.249999999999999);
#4100=VERTEX_POINT('',#4989);
#4101=CIRCLE('',#4990,0.249999999999999);
#4102=LINE('',#4991,#4992);
#4103=CIRCLE('',#4993,0.25);
#4104=FILL_AREA_STYLE_COLOUR('',#4994);
#4105=VERTEX_POINT('',#4995);
#4106=VERTEX_POINT('',#4996);
#4107=CIRCLE('',#4997,0.245000000000001);
#4108=VERTEX_POINT('',#4998);
#4109=CIRCLE('',#4999,0.00499999999999989);
#4110=VERTEX_POINT('',#5000);
#4111=CIRCLE('',#5001,0.00499999999999989);
#4112=CIRCLE('',#5002,0.245000000000001);
#4113=CIRCLE('',#5003,0.249999999999999);
#4114=FILL_AREA_STYLE_COLOUR('',#5004);
#4115=VERTEX_POINT('',#5005);
#4116=VERTEX_POINT('',#5006);
#4117=LINE('',#5007,#5008);
#4118=VERTEX_POINT('',#5009);
#4119=CIRCLE('',#5010,0.915);
#4120=VERTEX_POINT('',#5011);
#4121=LINE('',#5012,#5013);
#4122=CIRCLE('',#5014,0.915);
#4123=FILL_AREA_STYLE_COLOUR('',#5015);
#4124=VERTEX_POINT('',#5016);
#4125=LINE('',#5017,#5018);
#4126=VERTEX_POINT('',#5019);
#4127=LINE('',#5020,#5021);
#4128=CIRCLE('',#5022,0.665);
#4129=FILL_AREA_STYLE_COLOUR('',#5023);
#4130=VERTEX_POINT('',#5024);
#4131=VERTEX_POINT('',#5025);
#4132=LINE('',#5026,#5027);
#4133=VERTEX_POINT('',#5028);
#4134=CIRCLE('',#5029,0.465);
#4135=VERTEX_POINT('',#5030);
#4136=LINE('',#5031,#5032);
#4137=CIRCLE('',#5033,0.665);
#4138=FILL_AREA_STYLE_COLOUR('',#5034);
#4139=VERTEX_POINT('',#5035);
#4140=VERTEX_POINT('',#5036);
#4141=CIRCLE('',#5037,0.149999999999999);
#4142=VERTEX_POINT('',#5038);
#4143=CIRCLE('',#5039,0.25);
#4144=VERTEX_POINT('',#5040);
#4145=CIRCLE('',#5041,0.25);
#4146=VERTEX_POINT('',#5042);
#4147=CIRCLE('',#5043,0.149999999999999);
#4148=CIRCLE('',#5044,0.4);
#4149=FILL_AREA_STYLE_COLOUR('',#5045);
#4150=VERTEX_POINT('',#5046);
#4151=VERTEX_POINT('',#5047);
#4152=LINE('',#5048,#5049);
#4153=VERTEX_POINT('',#5050);
#4154=CIRCLE('',#5051,0.249999999999999);
#4155=VERTEX_POINT('',#5052);
#4156=CIRCLE('',#5053,0.249999999999999);
#4157=LINE('',#5054,#5055);
#4158=CIRCLE('',#5056,0.25);
#4159=FILL_AREA_STYLE_COLOUR('',#5057);
#4160=VERTEX_POINT('',#5058);
#4161=VERTEX_POINT('',#5059);
#4162=CIRCLE('',#5060,0.245000000000001);
#4163=VERTEX_POINT('',#5061);
#4164=CIRCLE('',#5062,0.00499999999999989);
#4165=VERTEX_POINT('',#5063);
#4166=CIRCLE('',#5064,0.00499999999999989);
#4167=CIRCLE('',#5065,0.245000000000001);
#4168=CIRCLE('',#5066,0.249999999999999);
#4169=FILL_AREA_STYLE_COLOUR('',#5067);
#4170=VERTEX_POINT('',#5068);
#4171=VERTEX_POINT('',#5069);
#4172=LINE('',#5070,#5071);
#4173=VERTEX_POINT('',#5072);
#4174=CIRCLE('',#5073,0.915);
#4175=VERTEX_POINT('',#5074);
#4176=LINE('',#5075,#5076);
#4177=CIRCLE('',#5077,0.915);
#4178=FILL_AREA_STYLE_COLOUR('',#5078);
#4179=VERTEX_POINT('',#5079);
#4180=LINE('',#5080,#5081);
#4181=VERTEX_POINT('',#5082);
#4182=LINE('',#5083,#5084);
#4183=CIRCLE('',#5085,0.665);
#4184=FILL_AREA_STYLE_COLOUR('',#5086);
#4185=VERTEX_POINT('',#5087);
#4186=VERTEX_POINT('',#5088);
#4187=LINE('',#5089,#5090);
#4188=VERTEX_POINT('',#5091);
#4189=CIRCLE('',#5092,0.775);
#4190=VERTEX_POINT('',#5093);
#4191=LINE('',#5094,#5095);
#4192=CIRCLE('',#5096,0.775);
#4193=FILL_AREA_STYLE_COLOUR('',#5097);
#4194=VERTEX_POINT('',#5098);
#4195=LINE('',#5099,#5100);
#4196=VERTEX_POINT('',#5101);
#4197=LINE('',#5102,#5103);
#4198=CIRCLE('',#5104,0.55);
#4199=FILL_AREA_STYLE_COLOUR('',#5105);
#4200=VERTEX_POINT('',#5106);
#4201=LINE('',#5107,#5108);
#4202=VERTEX_POINT('',#5109);
#4203=LINE('',#5110,#5111);
#4204=CIRCLE('',#5112,0.55);
#4205=FILL_AREA_STYLE_COLOUR('',#5113);
#4206=VERTEX_POINT('',#5114);
#4207=VERTEX_POINT('',#5115);
#4208=LINE('',#5116,#5117);
#4209=VERTEX_POINT('',#5118);
#4210=CIRCLE('',#5119,0.48);
#4211=VERTEX_POINT('',#5120);
#4212=LINE('',#5121,#5122);
#4213=CIRCLE('',#5123,0.38);
#4214=FILL_AREA_STYLE_COLOUR('',#5124);
#4215=VERTEX_POINT('',#5125);
#4216=LINE('',#5126,#5127);
#4217=VERTEX_POINT('',#5128);
#4218=LINE('',#5129,#5130);
#4219=CIRCLE('',#5131,0.38);
#4220=FILL_AREA_STYLE_COLOUR('',#5132);
#4221=VERTEX_POINT('',#5133);
#4222=LINE('',#5134,#5135);
#4223=VERTEX_POINT('',#5136);
#4224=LINE('',#5137,#5138);
#4225=CIRCLE('',#5139,0.11009057040081);
#4226=FILL_AREA_STYLE_COLOUR('',#5140);
#4227=VERTEX_POINT('',#5141);
#4228=LINE('',#5142,#5143);
#4229=VERTEX_POINT('',#5144);
#4230=LINE('',#5145,#5146);
#4231=CIRCLE('',#5147,0.11329470159952);
#4232=FILL_AREA_STYLE_COLOUR('',#5148);
#4233=VERTEX_POINT('',#5149);
#4234=LINE('',#5150,#5151);
#4235=VERTEX_POINT('',#5152);
#4236=LINE('',#5153,#5154);
#4237=CIRCLE('',#5155,0.27658089128535);
#4238=FILL_AREA_STYLE_COLOUR('',#5156);
#4239=VERTEX_POINT('',#5157);
#4240=LINE('',#5158,#5159);
#4241=VERTEX_POINT('',#5160);
#4242=CIRCLE('',#5161,0.55);
#4243=LINE('',#5162,#5163);
#4244=CIRCLE('',#5164,0.27658089128535);
#4245=FILL_AREA_STYLE_COLOUR('',#5165);
#4246=VERTEX_POINT('',#5166);
#4247=LINE('',#5167,#5168);
#4248=CIRCLE('',#5169,0.55);
#4249=VERTEX_POINT('',#5170);
#4250=LINE('',#5171,#5172);
#4251=CIRCLE('',#5173,0.55);
#4252=FILL_AREA_STYLE_COLOUR('',#5174);
#4253=VERTEX_POINT('',#5175);
#4254=LINE('',#5176,#5177);
#4255=LINE('',#5178,#5179);
#4256=FILL_AREA_STYLE_COLOUR('',#5180);
#4257=VERTEX_POINT('',#5181);
#4258=VERTEX_POINT('',#5182);
#4259=LINE('',#5183,#5184);
#4260=VERTEX_POINT('',#5185);
#4261=CIRCLE('',#5186,0.775);
#4262=VERTEX_POINT('',#5187);
#4263=LINE('',#5188,#5189);
#4264=CIRCLE('',#5190,0.775);
#4265=FILL_AREA_STYLE_COLOUR('',#5191);
#4266=VERTEX_POINT('',#5192);
#4267=LINE('',#5193,#5194);
#4268=VERTEX_POINT('',#5195);
#4269=LINE('',#5196,#5197);
#4270=CIRCLE('',#5198,0.55);
#4271=FILL_AREA_STYLE_COLOUR('',#5199);
#4272=VERTEX_POINT('',#5200);
#4273=LINE('',#5201,#5202);
#4274=VERTEX_POINT('',#5203);
#4275=LINE('',#5204,#5205);
#4276=CIRCLE('',#5206,0.55);
#4277=FILL_AREA_STYLE_COLOUR('',#5207);
#4278=VERTEX_POINT('',#5208);
#4279=VERTEX_POINT('',#5209);
#4280=LINE('',#5210,#5211);
#4281=VERTEX_POINT('',#5212);
#4282=CIRCLE('',#5213,0.48);
#4283=VERTEX_POINT('',#5214);
#4284=LINE('',#5215,#5216);
#4285=CIRCLE('',#5217,0.38);
#4286=FILL_AREA_STYLE_COLOUR('',#5218);
#4287=VERTEX_POINT('',#5219);
#4288=LINE('',#5220,#5221);
#4289=VERTEX_POINT('',#5222);
#4290=LINE('',#5223,#5224);
#4291=CIRCLE('',#5225,0.38);
#4292=FILL_AREA_STYLE_COLOUR('',#5226);
#4293=VERTEX_POINT('',#5227);
#4294=LINE('',#5228,#5229);
#4295=VERTEX_POINT('',#5230);
#4296=LINE('',#5231,#5232);
#4297=CIRCLE('',#5233,0.11009057040081);
#4298=FILL_AREA_STYLE_COLOUR('',#5234);
#4299=VERTEX_POINT('',#5235);
#4300=LINE('',#5236,#5237);
#4301=VERTEX_POINT('',#5238);
#4302=LINE('',#5239,#5240);
#4303=CIRCLE('',#5241,0.11329470159952);
#4304=FILL_AREA_STYLE_COLOUR('',#5242);
#4305=VERTEX_POINT('',#5243);
#4306=LINE('',#5244,#5245);
#4307=VERTEX_POINT('',#5246);
#4308=LINE('',#5247,#5248);
#4309=CIRCLE('',#5249,0.27658089128535);
#4310=FILL_AREA_STYLE_COLOUR('',#5250);
#4311=VERTEX_POINT('',#5251);
#4312=LINE('',#5252,#5253);
#4313=VERTEX_POINT('',#5254);
#4314=CIRCLE('',#5255,0.55);
#4315=LINE('',#5256,#5257);
#4316=CIRCLE('',#5258,0.27658089128535);
#4317=FILL_AREA_STYLE_COLOUR('',#5259);
#4318=VERTEX_POINT('',#5260);
#4319=LINE('',#5261,#5262);
#4320=CIRCLE('',#5263,0.55);
#4321=VERTEX_POINT('',#5264);
#4322=LINE('',#5265,#5266);
#4323=CIRCLE('',#5267,0.55);
#4324=FILL_AREA_STYLE_COLOUR('',#5268);
#4325=VERTEX_POINT('',#5269);
#4326=LINE('',#5270,#5271);
#4327=LINE('',#5272,#5273);
#4328=FILL_AREA_STYLE_COLOUR('',#5274);
#4329=VERTEX_POINT('',#5275);
#4330=VERTEX_POINT('',#5276);
#4331=LINE('',#5277,#5278);
#4332=VERTEX_POINT('',#5279);
#4333=CIRCLE('',#5280,0.775);
#4334=VERTEX_POINT('',#5281);
#4335=LINE('',#5282,#5283);
#4336=CIRCLE('',#5284,0.775);
#4337=FILL_AREA_STYLE_COLOUR('',#5285);
#4338=VERTEX_POINT('',#5286);
#4339=LINE('',#5287,#5288);
#4340=VERTEX_POINT('',#5289);
#4341=LINE('',#5290,#5291);
#4342=CIRCLE('',#5292,0.55);
#4343=FILL_AREA_STYLE_COLOUR('',#5293);
#4344=VERTEX_POINT('',#5294);
#4345=LINE('',#5295,#5296);
#4346=VERTEX_POINT('',#5297);
#4347=LINE('',#5298,#5299);
#4348=CIRCLE('',#5300,0.55);
#4349=FILL_AREA_STYLE_COLOUR('',#5301);
#4350=VERTEX_POINT('',#5302);
#4351=VERTEX_POINT('',#5303);
#4352=LINE('',#5304,#5305);
#4353=VERTEX_POINT('',#5306);
#4354=CIRCLE('',#5307,0.48);
#4355=VERTEX_POINT('',#5308);
#4356=LINE('',#5309,#5310);
#4357=CIRCLE('',#5311,0.38);
#4358=FILL_AREA_STYLE_COLOUR('',#5312);
#4359=VERTEX_POINT('',#5313);
#4360=LINE('',#5314,#5315);
#4361=VERTEX_POINT('',#5316);
#4362=LINE('',#5317,#5318);
#4363=CIRCLE('',#5319,0.38);
#4364=FILL_AREA_STYLE_COLOUR('',#5320);
#4365=VERTEX_POINT('',#5321);
#4366=LINE('',#5322,#5323);
#4367=VERTEX_POINT('',#5324);
#4368=LINE('',#5325,#5326);
#4369=CIRCLE('',#5327,0.11009057040081);
#4370=FILL_AREA_STYLE_COLOUR('',#5328);
#4371=VERTEX_POINT('',#5329);
#4372=LINE('',#5330,#5331);
#4373=VERTEX_POINT('',#5332);
#4374=LINE('',#5333,#5334);
#4375=CIRCLE('',#5335,0.11329470159952);
#4376=FILL_AREA_STYLE_COLOUR('',#5336);
#4377=VERTEX_POINT('',#5337);
#4378=LINE('',#5338,#5339);
#4379=VERTEX_POINT('',#5340);
#4380=LINE('',#5341,#5342);
#4381=CIRCLE('',#5343,0.27658089128535);
#4382=FILL_AREA_STYLE_COLOUR('',#5344);
#4383=VERTEX_POINT('',#5345);
#4384=LINE('',#5346,#5347);
#4385=VERTEX_POINT('',#5348);
#4386=CIRCLE('',#5349,0.55);
#4387=LINE('',#5350,#5351);
#4388=CIRCLE('',#5352,0.27658089128535);
#4389=FILL_AREA_STYLE_COLOUR('',#5353);
#4390=VERTEX_POINT('',#5354);
#4391=LINE('',#5355,#5356);
#4392=CIRCLE('',#5357,0.55);
#4393=VERTEX_POINT('',#5358);
#4394=LINE('',#5359,#5360);
#4395=CIRCLE('',#5361,0.55);
#4396=FILL_AREA_STYLE_COLOUR('',#5362);
#4397=VERTEX_POINT('',#5363);
#4398=LINE('',#5364,#5365);
#4399=LINE('',#5366,#5367);
#4400=FILL_AREA_STYLE_COLOUR('',#5368);
#4401=VERTEX_POINT('',#5369);
#4402=VERTEX_POINT('',#5370);
#4403=LINE('',#5371,#5372);
#4404=VERTEX_POINT('',#5373);
#4405=CIRCLE('',#5374,0.775);
#4406=VERTEX_POINT('',#5375);
#4407=LINE('',#5376,#5377);
#4408=CIRCLE('',#5378,0.775);
#4409=FILL_AREA_STYLE_COLOUR('',#5379);
#4410=VERTEX_POINT('',#5380);
#4411=LINE('',#5381,#5382);
#4412=VERTEX_POINT('',#5383);
#4413=LINE('',#5384,#5385);
#4414=CIRCLE('',#5386,0.55);
#4415=FILL_AREA_STYLE_COLOUR('',#5387);
#4416=VERTEX_POINT('',#5388);
#4417=LINE('',#5389,#5390);
#4418=VERTEX_POINT('',#5391);
#4419=LINE('',#5392,#5393);
#4420=CIRCLE('',#5394,0.55);
#4421=FILL_AREA_STYLE_COLOUR('',#5395);
#4422=VERTEX_POINT('',#5396);
#4423=VERTEX_POINT('',#5397);
#4424=LINE('',#5398,#5399);
#4425=VERTEX_POINT('',#5400);
#4426=CIRCLE('',#5401,0.48);
#4427=VERTEX_POINT('',#5402);
#4428=LINE('',#5403,#5404);
#4429=CIRCLE('',#5405,0.38);
#4430=FILL_AREA_STYLE_COLOUR('',#5406);
#4431=VERTEX_POINT('',#5407);
#4432=LINE('',#5408,#5409);
#4433=VERTEX_POINT('',#5410);
#4434=LINE('',#5411,#5412);
#4435=CIRCLE('',#5413,0.38);
#4436=FILL_AREA_STYLE_COLOUR('',#5414);
#4437=VERTEX_POINT('',#5415);
#4438=LINE('',#5416,#5417);
#4439=VERTEX_POINT('',#5418);
#4440=LINE('',#5419,#5420);
#4441=CIRCLE('',#5421,0.11009057040081);
#4442=FILL_AREA_STYLE_COLOUR('',#5422);
#4443=VERTEX_POINT('',#5423);
#4444=LINE('',#5424,#5425);
#4445=VERTEX_POINT('',#5426);
#4446=LINE('',#5427,#5428);
#4447=CIRCLE('',#5429,0.11329470159952);
#4448=FILL_AREA_STYLE_COLOUR('',#5430);
#4449=VERTEX_POINT('',#5431);
#4450=LINE('',#5432,#5433);
#4451=VERTEX_POINT('',#5434);
#4452=LINE('',#5435,#5436);
#4453=CIRCLE('',#5437,0.27658089128535);
#4454=FILL_AREA_STYLE_COLOUR('',#5438);
#4455=VERTEX_POINT('',#5439);
#4456=LINE('',#5440,#5441);
#4457=VERTEX_POINT('',#5442);
#4458=CIRCLE('',#5443,0.55);
#4459=LINE('',#5444,#5445);
#4460=CIRCLE('',#5446,0.27658089128535);
#4461=FILL_AREA_STYLE_COLOUR('',#5447);
#4462=VERTEX_POINT('',#5448);
#4463=LINE('',#5449,#5450);
#4464=CIRCLE('',#5451,0.55);
#4465=VERTEX_POINT('',#5452);
#4466=LINE('',#5453,#5454);
#4467=CIRCLE('',#5455,0.55);
#4468=FILL_AREA_STYLE_COLOUR('',#5456);
#4469=VERTEX_POINT('',#5457);
#4470=LINE('',#5458,#5459);
#4471=LINE('',#5460,#5461);
#4472=FILL_AREA_STYLE_COLOUR('',#5462);
#4473=CIRCLE('',#5463,0.55);
#4474=FILL_AREA_STYLE_COLOUR('',#5464);
#4475=FILL_AREA_STYLE_COLOUR('',#5465);
#4476=FILL_AREA_STYLE_COLOUR('',#5466);
#4477=CIRCLE('',#5467,0.11329470159952);
#4478=FILL_AREA_STYLE_COLOUR('',#5468);
#4479=CIRCLE('',#5469,0.11009057040081);
#4480=FILL_AREA_STYLE_COLOUR('',#5470);
#4481=CIRCLE('',#5471,0.38);
#4482=FILL_AREA_STYLE_COLOUR('',#5472);
#4483=CIRCLE('',#5473,0.38);
#4484=FILL_AREA_STYLE_COLOUR('',#5474);
#4485=CIRCLE('',#5475,0.48);
#4486=FILL_AREA_STYLE_COLOUR('',#5476);
#4487=CIRCLE('',#5477,0.55);
#4488=FILL_AREA_STYLE_COLOUR('',#5478);
#4489=CIRCLE('',#5479,0.55);
#4490=FILL_AREA_STYLE_COLOUR('',#5480);
#4491=CIRCLE('',#5481,0.775);
#4492=FILL_AREA_STYLE_COLOUR('',#5482);
#4493=CIRCLE('',#5483,0.775);
#4494=FILL_AREA_STYLE_COLOUR('',#5484);
#4495=CIRCLE('',#5485,0.55);
#4496=FILL_AREA_STYLE_COLOUR('',#5486);
#4497=FILL_AREA_STYLE_COLOUR('',#5487);
#4498=FILL_AREA_STYLE_COLOUR('',#5488);
#4499=CIRCLE('',#5489,0.11329470159952);
#4500=FILL_AREA_STYLE_COLOUR('',#5490);
#4501=CIRCLE('',#5491,0.11009057040081);
#4502=FILL_AREA_STYLE_COLOUR('',#5492);
#4503=CIRCLE('',#5493,0.38);
#4504=FILL_AREA_STYLE_COLOUR('',#5494);
#4505=CIRCLE('',#5495,0.38);
#4506=FILL_AREA_STYLE_COLOUR('',#5496);
#4507=CIRCLE('',#5497,0.48);
#4508=FILL_AREA_STYLE_COLOUR('',#5498);
#4509=CIRCLE('',#5499,0.55);
#4510=FILL_AREA_STYLE_COLOUR('',#5500);
#4511=CIRCLE('',#5501,0.55);
#4512=FILL_AREA_STYLE_COLOUR('',#5502);
#4513=CIRCLE('',#5503,0.775);
#4514=FILL_AREA_STYLE_COLOUR('',#5504);
#4515=CIRCLE('',#5505,0.775);
#4516=FILL_AREA_STYLE_COLOUR('',#5506);
#4517=CIRCLE('',#5507,0.55);
#4518=FILL_AREA_STYLE_COLOUR('',#5508);
#4519=FILL_AREA_STYLE_COLOUR('',#5509);
#4520=FILL_AREA_STYLE_COLOUR('',#5510);
#4521=CIRCLE('',#5511,0.11329470159952);
#4522=FILL_AREA_STYLE_COLOUR('',#5512);
#4523=CIRCLE('',#5513,0.11009057040081);
#4524=FILL_AREA_STYLE_COLOUR('',#5514);
#4525=CIRCLE('',#5515,0.38);
#4526=FILL_AREA_STYLE_COLOUR('',#5516);
#4527=CIRCLE('',#5517,0.38);
#4528=FILL_AREA_STYLE_COLOUR('',#5518);
#4529=CIRCLE('',#5519,0.48);
#4530=FILL_AREA_STYLE_COLOUR('',#5520);
#4531=CIRCLE('',#5521,0.55);
#4532=FILL_AREA_STYLE_COLOUR('',#5522);
#4533=CIRCLE('',#5523,0.55);
#4534=FILL_AREA_STYLE_COLOUR('',#5524);
#4535=CIRCLE('',#5525,0.775);
#4536=FILL_AREA_STYLE_COLOUR('',#5526);
#4537=CIRCLE('',#5527,0.775);
#4538=FILL_AREA_STYLE_COLOUR('',#5528);
#4539=CIRCLE('',#5529,0.55);
#4540=FILL_AREA_STYLE_COLOUR('',#5530);
#4541=FILL_AREA_STYLE_COLOUR('',#5531);
#4542=FILL_AREA_STYLE_COLOUR('',#5532);
#4543=CIRCLE('',#5533,0.11329470159952);
#4544=FILL_AREA_STYLE_COLOUR('',#5534);
#4545=CIRCLE('',#5535,0.11009057040081);
#4546=FILL_AREA_STYLE_COLOUR('',#5536);
#4547=CIRCLE('',#5537,0.38);
#4548=FILL_AREA_STYLE_COLOUR('',#5538);
#4549=CIRCLE('',#5539,0.38);
#4550=FILL_AREA_STYLE_COLOUR('',#5540);
#4551=CIRCLE('',#5541,0.48);
#4552=FILL_AREA_STYLE_COLOUR('',#5542);
#4553=CIRCLE('',#5543,0.55);
#4554=FILL_AREA_STYLE_COLOUR('',#5544);
#4555=CIRCLE('',#5545,0.55);
#4556=FILL_AREA_STYLE_COLOUR('',#5546);
#4557=CIRCLE('',#5547,0.775);
#4558=FILL_AREA_STYLE_COLOUR('',#5548);
#4559=CIRCLE('',#5549,0.775);
#4560=FILL_AREA_STYLE_COLOUR('',#5550);
#4561=CIRCLE('',#5551,0.665);
#4562=CIRCLE('',#5552,0.665);
#4563=FILL_AREA_STYLE_COLOUR('',#5553);
#4564=CIRCLE('',#5554,0.915);
#4565=CIRCLE('',#5555,0.915);
#4566=FILL_AREA_STYLE_COLOUR('',#5556);
#4567=CIRCLE('',#5557,0.00499999999999989);
#4568=FILL_AREA_STYLE_COLOUR('',#5558);
#4569=CIRCLE('',#5559,0.249999999999999);
#4570=FILL_AREA_STYLE_COLOUR('',#5560);
#4571=CIRCLE('',#5561,0.25);
#4572=FILL_AREA_STYLE_COLOUR('',#5562);
#4573=VERTEX_POINT('',#5563);
#4574=CIRCLE('',#5564,0.4);
#4575=CIRCLE('',#5565,0.4);
#4576=FILL_AREA_STYLE_COLOUR('',#5566);
#4577=CIRCLE('',#5567,0.465);
#4578=FILL_AREA_STYLE_COLOUR('',#5568);
#4579=FILL_AREA_STYLE_COLOUR('',#5569);
#4580=FILL_AREA_STYLE_COLOUR('',#5570);
#4581=CIRCLE('',#5571,0.665);
#4582=CIRCLE('',#5572,0.665);
#4583=FILL_AREA_STYLE_COLOUR('',#5573);
#4584=CIRCLE('',#5574,0.915);
#4585=CIRCLE('',#5575,0.915);
#4586=FILL_AREA_STYLE_COLOUR('',#5576);
#4587=CIRCLE('',#5577,0.00499999999999989);
#4588=FILL_AREA_STYLE_COLOUR('',#5578);
#4589=CIRCLE('',#5579,0.249999999999999);
#4590=FILL_AREA_STYLE_COLOUR('',#5580);
#4591=CIRCLE('',#5581,0.25);
#4592=FILL_AREA_STYLE_COLOUR('',#5582);
#4593=VERTEX_POINT('',#5583);
#4594=CIRCLE('',#5584,0.4);
#4595=CIRCLE('',#5585,0.4);
#4596=FILL_AREA_STYLE_COLOUR('',#5586);
#4597=CIRCLE('',#5587,0.465);
#4598=FILL_AREA_STYLE_COLOUR('',#5588);
#4599=FILL_AREA_STYLE_COLOUR('',#5589);
#4600=FILL_AREA_STYLE_COLOUR('',#5590);
#4601=CIRCLE('',#5591,0.665);
#4602=CIRCLE('',#5592,0.665);
#4603=FILL_AREA_STYLE_COLOUR('',#5593);
#4604=CIRCLE('',#5594,0.915);
#4605=CIRCLE('',#5595,0.915);
#4606=FILL_AREA_STYLE_COLOUR('',#5596);
#4607=CIRCLE('',#5597,0.00499999999999989);
#4608=FILL_AREA_STYLE_COLOUR('',#5598);
#4609=CIRCLE('',#5599,0.249999999999999);
#4610=FILL_AREA_STYLE_COLOUR('',#5600);
#4611=CIRCLE('',#5601,0.25);
#4612=FILL_AREA_STYLE_COLOUR('',#5602);
#4613=VERTEX_POINT('',#5603);
#4614=CIRCLE('',#5604,0.4);
#4615=CIRCLE('',#5605,0.4);
#4616=FILL_AREA_STYLE_COLOUR('',#5606);
#4617=CIRCLE('',#5607,0.465);
#4618=FILL_AREA_STYLE_COLOUR('',#5608);
#4619=FILL_AREA_STYLE_COLOUR('',#5609);
#4620=FILL_AREA_STYLE_COLOUR('',#5610);
#4621=CIRCLE('',#5611,0.665);
#4622=CIRCLE('',#5612,0.665);
#4623=FILL_AREA_STYLE_COLOUR('',#5613);
#4624=CIRCLE('',#5614,0.915);
#4625=CIRCLE('',#5615,0.915);
#4626=FILL_AREA_STYLE_COLOUR('',#5616);
#4627=CIRCLE('',#5617,0.00499999999999989);
#4628=FILL_AREA_STYLE_COLOUR('',#5618);
#4629=CIRCLE('',#5619,0.249999999999999);
#4630=FILL_AREA_STYLE_COLOUR('',#5620);
#4631=CIRCLE('',#5621,0.25);
#4632=FILL_AREA_STYLE_COLOUR('',#5622);
#4633=VERTEX_POINT('',#5623);
#4634=CIRCLE('',#5624,0.4);
#4635=CIRCLE('',#5625,0.4);
#4636=FILL_AREA_STYLE_COLOUR('',#5626);
#4637=CIRCLE('',#5627,0.465);
#4638=FILL_AREA_STYLE_COLOUR('',#5628);
#4639=FILL_AREA_STYLE_COLOUR('',#5629);
#4640=FILL_AREA_STYLE_COLOUR('',#5630);
#4641=VERTEX_POINT('',#5631);
#4642=VERTEX_POINT('',#5632);
#4643=LINE('',#5633,#5634);
#4644=VERTEX_POINT('',#5635);
#4645=LINE('',#5636,#5637);
#4646=VERTEX_POINT('',#5638);
#4647=LINE('',#5639,#5640);
#4648=LINE('',#5641,#5642);
#4649=FILL_AREA_STYLE_COLOUR('',#5643);
#4650=VERTEX_POINT('',#5644);
#4651=VERTEX_POINT('',#5645);
#4652=LINE('',#5646,#5647);
#4653=VERTEX_POINT('',#5648);
#4654=LINE('',#5649,#5650);
#4655=VERTEX_POINT('',#5651);
#4656=LINE('',#5652,#5653);
#4657=LINE('',#5654,#5655);
#4658=FILL_AREA_STYLE_COLOUR('',#5656);
#4659=VERTEX_POINT('',#5657);
#4660=LINE('',#5658,#5659);
#4661=VERTEX_POINT('',#5660);
#4662=LINE('',#5661,#5662);
#4663=LINE('',#5663,#5664);
#4664=FILL_AREA_STYLE_COLOUR('',#5665);
#4665=VERTEX_POINT('',#5666);
#4666=LINE('',#5667,#5668);
#4667=VERTEX_POINT('',#5669);
#4668=LINE('',#5670,#5671);
#4669=LINE('',#5672,#5673);
#4670=FILL_AREA_STYLE_COLOUR('',#5674);
#4671=VERTEX_POINT('',#5675);
#4672=LINE('',#5676,#5677);
#4673=VERTEX_POINT('',#5678);
#4674=LINE('',#5679,#5680);
#4675=LINE('',#5681,#5682);
#4676=FILL_AREA_STYLE_COLOUR('',#5683);
#4677=VERTEX_POINT('',#5684);
#4678=LINE('',#5685,#5686);
#4679=VERTEX_POINT('',#5687);
#4680=LINE('',#5688,#5689);
#4681=LINE('',#5690,#5691);
#4682=FILL_AREA_STYLE_COLOUR('',#5692);
#4683=VERTEX_POINT('',#5693);
#4684=LINE('',#5694,#5695);
#4685=VERTEX_POINT('',#5696);
#4686=LINE('',#5697,#5698);
#4687=LINE('',#5699,#5700);
#4688=FILL_AREA_STYLE_COLOUR('',#5701);
#4689=VERTEX_POINT('',#5702);
#4690=VERTEX_POINT('',#5703);
#4691=LINE('',#5704,#5705);
#4692=LINE('',#5706,#5707);
#4693=LINE('',#5708,#5709);
#4694=FILL_AREA_STYLE_COLOUR('',#5710);
#4695=LINE('',#5711,#5712);
#4696=LINE('',#5713,#5714);
#4697=FILL_AREA_STYLE_COLOUR('',#5715);
#4698=VERTEX_POINT('',#5716);
#4699=LINE('',#5717,#5718);
#4700=VERTEX_POINT('',#5719);
#4701=LINE('',#5720,#5721);
#4702=VERTEX_POINT('',#5722);
#4703=LINE('',#5723,#5724);
#4704=VERTEX_POINT('',#5725);
#4705=LINE('',#5726,#5727);
#4706=VERTEX_POINT('',#5728);
#4707=LINE('',#5729,#5730);
#4708=VERTEX_POINT('',#5731);
#4709=LINE('',#5732,#5733);
#4710=VERTEX_POINT('',#5734);
#4711=LINE('',#5735,#5736);
#4712=VERTEX_POINT('',#5737);
#4713=LINE('',#5738,#5739);
#4714=VERTEX_POINT('',#5740);
#4715=LINE('',#5741,#5742);
#4716=VERTEX_POINT('',#5743);
#4717=LINE('',#5744,#5745);
#4718=VERTEX_POINT('',#5746);
#4719=LINE('',#5747,#5748);
#4720=VERTEX_POINT('',#5749);
#4721=LINE('',#5750,#5751);
#4722=VERTEX_POINT('',#5752);
#4723=LINE('',#5753,#5754);
#4724=VERTEX_POINT('',#5755);
#4725=LINE('',#5756,#5757);
#4726=VERTEX_POINT('',#5758);
#4727=LINE('',#5759,#5760);
#4728=VERTEX_POINT('',#5761);
#4729=LINE('',#5762,#5763);
#4730=VERTEX_POINT('',#5764);
#4731=LINE('',#5765,#5766);
#4732=VERTEX_POINT('',#5767);
#4733=LINE('',#5768,#5769);
#4734=VERTEX_POINT('',#5770);
#4735=LINE('',#5771,#5772);
#4736=VERTEX_POINT('',#5773);
#4737=LINE('',#5774,#5775);
#4738=VERTEX_POINT('',#5776);
#4739=LINE('',#5777,#5778);
#4740=VERTEX_POINT('',#5779);
#4741=LINE('',#5780,#5781);
#4742=LINE('',#5782,#5783);
#4743=FILL_AREA_STYLE_COLOUR('',#5784);
#4744=VERTEX_POINT('',#5785);
#4745=LINE('',#5786,#5787);
#4746=VERTEX_POINT('',#5788);
#4747=LINE('',#5789,#5790);
#4748=LINE('',#5791,#5792);
#4749=FILL_AREA_STYLE_COLOUR('',#5793);
#4750=VERTEX_POINT('',#5794);
#4751=LINE('',#5795,#5796);
#4752=VERTEX_POINT('',#5797);
#4753=LINE('',#5798,#5799);
#4754=LINE('',#5800,#5801);
#4755=FILL_AREA_STYLE_COLOUR('',#5802);
#4756=VERTEX_POINT('',#5803);
#4757=LINE('',#5804,#5805);
#4758=LINE('',#5806,#5807);
#4759=FILL_AREA_STYLE_COLOUR('',#5808);
#4760=VERTEX_POINT('',#5809);
#4761=LINE('',#5810,#5811);
#4762=LINE('',#5812,#5813);
#4763=FILL_AREA_STYLE_COLOUR('',#5814);
#4764=VERTEX_POINT('',#5815);
#4765=LINE('',#5816,#5817);
#4766=LINE('',#5818,#5819);
#4767=FILL_AREA_STYLE_COLOUR('',#5820);
#4768=LINE('',#5821,#5822);
#4769=FILL_AREA_STYLE_COLOUR('',#5823);
#4770=VERTEX_POINT('',#5824);
#4771=LINE('',#5825,#5826);
#4772=LINE('',#5827,#5828);
#4773=FILL_AREA_STYLE_COLOUR('',#5829);
#4774=LINE('',#5830,#5831);
#4775=FILL_AREA_STYLE_COLOUR('',#5832);
#4776=VERTEX_POINT('',#5833);
#4777=LINE('',#5834,#5835);
#4778=VERTEX_POINT('',#5836);
#4779=LINE('',#5837,#5838);
#4780=LINE('',#5839,#5840);
#4781=FILL_AREA_STYLE_COLOUR('',#5841);
#4782=VERTEX_POINT('',#5842);
#4783=LINE('',#5843,#5844);
#4784=VERTEX_POINT('',#5845);
#4785=LINE('',#5846,#5847);
#4786=LINE('',#5848,#5849);
#4787=FILL_AREA_STYLE_COLOUR('',#5850);
#4788=VERTEX_POINT('',#5851);
#4789=LINE('',#5852,#5853);
#4790=LINE('',#5854,#5855);
#4791=FILL_AREA_STYLE_COLOUR('',#5856);
#4792=VERTEX_POINT('',#5857);
#4793=LINE('',#5858,#5859);
#4794=LINE('',#5860,#5861);
#4795=FILL_AREA_STYLE_COLOUR('',#5862);
#4796=VERTEX_POINT('',#5863);
#4797=LINE('',#5864,#5865);
#4798=LINE('',#5866,#5867);
#4799=FILL_AREA_STYLE_COLOUR('',#5868);
#4800=LINE('',#5869,#5870);
#4801=FILL_AREA_STYLE_COLOUR('',#5871);
#4802=VERTEX_POINT('',#5872);
#4803=LINE('',#5873,#5874);
#4804=LINE('',#5875,#5876);
#4805=FILL_AREA_STYLE_COLOUR('',#5877);
#4806=LINE('',#5878,#5879);
#4807=FILL_AREA_STYLE_COLOUR('',#5880);
#4808=VERTEX_POINT('',#5881);
#4809=LINE('',#5882,#5883);
#4810=VERTEX_POINT('',#5884);
#4811=LINE('',#5885,#5886);
#4812=LINE('',#5887,#5888);
#4813=FILL_AREA_STYLE_COLOUR('',#5889);
#4814=VERTEX_POINT('',#5890);
#4815=LINE('',#5891,#5892);
#4816=LINE('',#5893,#5894);
#4817=FILL_AREA_STYLE_COLOUR('',#5895);
#4818=VERTEX_POINT('',#5896);
#4819=LINE('',#5897,#5898);
#4820=LINE('',#5899,#5900);
#4821=FILL_AREA_STYLE_COLOUR('',#5901);
#4822=VERTEX_POINT('',#5902);
#4823=LINE('',#5903,#5904);
#4824=LINE('',#5905,#5906);
#4825=FILL_AREA_STYLE_COLOUR('',#5907);
#4826=LINE('',#5908,#5909);
#4827=FILL_AREA_STYLE_COLOUR('',#5910);
#4828=VERTEX_POINT('',#5911);
#4829=LINE('',#5912,#5913);
#4830=LINE('',#5914,#5915);
#4831=FILL_AREA_STYLE_COLOUR('',#5916);
#4832=LINE('',#5917,#5918);
#4833=FILL_AREA_STYLE_COLOUR('',#5919);
#4834=COLOUR_RGB('',0.811764717102051,0.811764717102051,0.811764717102051);
#4835=CARTESIAN_POINT('',(-3.345,-1.4,0.0));
#4836=CARTESIAN_POINT('',(-3.145,-1.2,0.0));
#4837=CARTESIAN_POINT('',(-3.245,-1.3,6.91902589909643E-17));
#4838=VECTOR('',#5920,1.0);
#4839=CARTESIAN_POINT('',(-4.275,-1.4,-5.69441954527405E-17));
#4840=AXIS2_PLACEMENT_3D('',#5921,#5922,#5923);
#4841=CARTESIAN_POINT('',(-4.475,-1.2,-8.14363225291881E-17));
#4842=CARTESIAN_POINT('',(-4.375,-1.3,-6.91902589909643E-17));
#4843=VECTOR('',#5924,1.0);
#4844=AXIS2_PLACEMENT_3D('',#5925,#5926,#5927);
#4845=COLOUR_RGB('',0.811764717102051,0.811764717102051,0.811764717102051);
#4846=CARTESIAN_POINT('',(-3.81,-1.55,-0.25));
#4847=CARTESIAN_POINT('',(-3.81,-1.4,-0.4));
#4848=AXIS2_PLACEMENT_3D('',#5928,#5929,#5930);
#4849=CARTESIAN_POINT('',(-4.06,-1.55,-3.06151588455594E-17));
#4850=AXIS2_PLACEMENT_3D('',#5931,#5932,#5933);
#4851=CARTESIAN_POINT('',(-3.81,-1.55,0.25));
#4852=AXIS2_PLACEMENT_3D('',#5934,#5935,#5936);
#4853=CARTESIAN_POINT('',(-3.81,-1.4,0.4));
#4854=AXIS2_PLACEMENT_3D('',#5937,#5938,#5939);
#4855=AXIS2_PLACEMENT_3D('',#5940,#5941,#5942);
#4856=COLOUR_RGB('',0.811764717102051,0.811764717102051,0.811764717102051);
#4857=CARTESIAN_POINT('',(-3.56,-4.325,0.0));
#4858=CARTESIAN_POINT('',(-3.56,-1.55,0.0));
#4859=CARTESIAN_POINT('',(-3.56,-2.9375,3.06151588455594E-17));
#4860=VECTOR('',#5943,1.0);
#4861=CARTESIAN_POINT('',(-3.81,-4.325,-0.249999999999999));
#4862=AXIS2_PLACEMENT_3D('',#5944,#5945,#5946);
#4863=CARTESIAN_POINT('',(-4.06,-4.325,-3.06151588455593E-17));
#4864=AXIS2_PLACEMENT_3D('',#5947,#5948,#5949);
#4865=CARTESIAN_POINT('',(-4.06,-2.9375,-3.06151588455594E-17));
#4866=VECTOR('',#5950,1.0);
#4867=AXIS2_PLACEMENT_3D('',#5951,#5952,#5953);
#4868=COLOUR_RGB('',0.811764717102051,0.811764717102051,0.811764717102051);
#4869=CARTESIAN_POINT('',(-3.81,-4.57,0.00499999999999989));
#4870=CARTESIAN_POINT('',(-3.81,-4.325,0.249999999999999));
#4871=AXIS2_PLACEMENT_3D('',#5954,#5955,#5956);
#4872=CARTESIAN_POINT('',(-3.805,-4.57,0.0));
#4873=AXIS2_PLACEMENT_3D('',#5957,#5958,#5959);
#4874=CARTESIAN_POINT('',(-3.81,-4.57,-0.00499999999999989));
#4875=AXIS2_PLACEMENT_3D('',#5960,#5961,#5962);
#4876=AXIS2_PLACEMENT_3D('',#5963,#5964,#5965);
#4877=AXIS2_PLACEMENT_3D('',#5966,#5967,#5968);
#4878=COLOUR_RGB('',0.811764717102051,0.811764717102051,0.811764717102051);
#4879=CARTESIAN_POINT('',(-2.895,2.8,1.12051481374748E-16));
#4880=CARTESIAN_POINT('',(-2.895,2.801,0.0));
#4881=CARTESIAN_POINT('',(-2.895,2.8005,1.12051481374748E-16));
#4882=VECTOR('',#5969,1.0);
#4883=CARTESIAN_POINT('',(-4.725,2.8,-1.12051481374748E-16));
#4884=AXIS2_PLACEMENT_3D('',#5970,#5971,#5972);
#4885=CARTESIAN_POINT('',(-4.725,2.801,-1.12051481374748E-16));
#4886=CARTESIAN_POINT('',(-4.725,2.8005,-1.12051481374748E-16));
#4887=VECTOR('',#5973,1.0);
#4888=AXIS2_PLACEMENT_3D('',#5974,#5975,#5976);
#4889=COLOUR_RGB('',0.811764717102051,0.811764717102051,0.811764717102051);
#4890=CARTESIAN_POINT('',(-3.145,-3.86162635869201E-33,8.14363225291881E-17));
#4891=CARTESIAN_POINT('',(-3.145,-0.15361215932168,8.14363225291881E-17));
#4892=VECTOR('',#5977,1.0);
#4893=CARTESIAN_POINT('',(-4.475,-4.98637190005861E-33,8.14363225291881E-17));
#4894=CARTESIAN_POINT('',(-4.475,-0.15361215932168,-8.14363225291881E-17));
#4895=VECTOR('',#5978,1.0);
#4896=AXIS2_PLACEMENT_3D('',#5979,#5980,#5981);
#4897=COLOUR_RGB('',0.811764717102051,0.811764717102051,0.811764717102051);
#4898=CARTESIAN_POINT('',(-0.805,-1.4,0.0));
#4899=CARTESIAN_POINT('',(-0.605,-1.2,0.0));
#4900=CARTESIAN_POINT('',(-0.705,-1.3,6.91902589909643E-17));
#4901=VECTOR('',#5982,1.0);
#4902=CARTESIAN_POINT('',(-1.735,-1.4,-5.69441954527405E-17));
#4903=AXIS2_PLACEMENT_3D('',#5983,#5984,#5985);
#4904=CARTESIAN_POINT('',(-1.935,-1.2,-8.14363225291881E-17));
#4905=CARTESIAN_POINT('',(-1.835,-1.3,-6.91902589909643E-17));
#4906=VECTOR('',#5986,1.0);
#4907=AXIS2_PLACEMENT_3D('',#5987,#5988,#5989);
#4908=COLOUR_RGB('',0.811764717102051,0.811764717102051,0.811764717102051);
#4909=CARTESIAN_POINT('',(-1.27,-1.55,-0.25));
#4910=CARTESIAN_POINT('',(-1.27,-1.4,-0.4));
#4911=AXIS2_PLACEMENT_3D('',#5990,#5991,#5992);
#4912=CARTESIAN_POINT('',(-1.52,-1.55,-3.06151588455594E-17));
#4913=AXIS2_PLACEMENT_3D('',#5993,#5994,#5995);
#4914=CARTESIAN_POINT('',(-1.27,-1.55,0.25));
#4915=AXIS2_PLACEMENT_3D('',#5996,#5997,#5998);
#4916=CARTESIAN_POINT('',(-1.27,-1.4,0.4));
#4917=AXIS2_PLACEMENT_3D('',#5999,#6000,#6001);
#4918=AXIS2_PLACEMENT_3D('',#6002,#6003,#6004);
#4919=COLOUR_RGB('',0.811764717102051,0.811764717102051,0.811764717102051);
#4920=CARTESIAN_POINT('',(-1.02,-4.325,0.0));
#4921=CARTESIAN_POINT('',(-1.02,-1.55,0.0));
#4922=CARTESIAN_POINT('',(-1.02,-2.9375,3.06151588455594E-17));
#4923=VECTOR('',#6005,1.0);
#4924=CARTESIAN_POINT('',(-1.27,-4.325,-0.249999999999999));
#4925=AXIS2_PLACEMENT_3D('',#6006,#6007,#6008);
#4926=CARTESIAN_POINT('',(-1.52,-4.325,-3.06151588455593E-17));
#4927=AXIS2_PLACEMENT_3D('',#6009,#6010,#6011);
#4928=CARTESIAN_POINT('',(-1.52,-2.9375,-3.06151588455594E-17));
#4929=VECTOR('',#6012,1.0);
#4930=AXIS2_PLACEMENT_3D('',#6013,#6014,#6015);
#4931=COLOUR_RGB('',0.811764717102051,0.811764717102051,0.811764717102051);
#4932=CARTESIAN_POINT('',(-1.27,-4.57,0.00499999999999989));
#4933=CARTESIAN_POINT('',(-1.27,-4.325,0.249999999999999));
#4934=AXIS2_PLACEMENT_3D('',#6016,#6017,#6018);
#4935=CARTESIAN_POINT('',(-1.265,-4.57,0.0));
#4936=AXIS2_PLACEMENT_3D('',#6019,#6020,#6021);
#4937=CARTESIAN_POINT('',(-1.27,-4.57,-0.00499999999999989));
#4938=AXIS2_PLACEMENT_3D('',#6022,#6023,#6024);
#4939=AXIS2_PLACEMENT_3D('',#6025,#6026,#6027);
#4940=AXIS2_PLACEMENT_3D('',#6028,#6029,#6030);
#4941=COLOUR_RGB('',0.811764717102051,0.811764717102051,0.811764717102051);
#4942=CARTESIAN_POINT('',(-0.355,2.8,1.12051481374748E-16));
#4943=CARTESIAN_POINT('',(-0.355,2.801,0.0));
#4944=CARTESIAN_POINT('',(-0.355,2.8005,1.12051481374748E-16));
#4945=VECTOR('',#6031,1.0);
#4946=CARTESIAN_POINT('',(-2.185,2.8,-1.12051481374748E-16));
#4947=AXIS2_PLACEMENT_3D('',#6032,#6033,#6034);
#4948=CARTESIAN_POINT('',(-2.185,2.801,-1.12051481374748E-16));
#4949=CARTESIAN_POINT('',(-2.185,2.8005,-1.12051481374748E-16));
#4950=VECTOR('',#6035,1.0);
#4951=AXIS2_PLACEMENT_3D('',#6036,#6037,#6038);
#4952=COLOUR_RGB('',0.811764717102051,0.811764717102051,0.811764717102051);
#4953=CARTESIAN_POINT('',(-0.605,-3.861626358692E-33,8.14363225291881E-17));
#4954=CARTESIAN_POINT('',(-0.605,-0.15361215932168,8.14363225291881E-17));
#4955=VECTOR('',#6039,1.0);
#4956=CARTESIAN_POINT('',(-1.935,-4.98637190005861E-33,8.14363225291881E-17));
#4957=CARTESIAN_POINT('',(-1.935,-0.15361215932168,-8.14363225291881E-17));
#4958=VECTOR('',#6040,1.0);
#4959=AXIS2_PLACEMENT_3D('',#6041,#6042,#6043);
#4960=COLOUR_RGB('',0.811764717102051,0.811764717102051,0.811764717102051);
#4961=CARTESIAN_POINT('',(1.735,-1.4,0.0));
#4962=CARTESIAN_POINT('',(1.935,-1.2,0.0));
#4963=CARTESIAN_POINT('',(1.835,-1.3,6.91902589909643E-17));
#4964=VECTOR('',#6044,1.0);
#4965=CARTESIAN_POINT('',(0.805,-1.4,-5.69441954527405E-17));
#4966=AXIS2_PLACEMENT_3D('',#6045,#6046,#6047);
#4967=CARTESIAN_POINT('',(0.605,-1.2,-8.14363225291881E-17));
#4968=CARTESIAN_POINT('',(0.705,-1.3,-6.91902589909643E-17));
#4969=VECTOR('',#6048,1.0);
#4970=AXIS2_PLACEMENT_3D('',#6049,#6050,#6051);
#4971=COLOUR_RGB('',0.811764717102051,0.811764717102051,0.811764717102051);
#4972=CARTESIAN_POINT('',(1.27,-1.55,-0.25));
#4973=CARTESIAN_POINT('',(1.27,-1.4,-0.4));
#4974=AXIS2_PLACEMENT_3D('',#6052,#6053,#6054);
#4975=CARTESIAN_POINT('',(1.02,-1.55,-3.06151588455594E-17));
#4976=AXIS2_PLACEMENT_3D('',#6055,#6056,#6057);
#4977=CARTESIAN_POINT('',(1.27,-1.55,0.25));
#4978=AXIS2_PLACEMENT_3D('',#6058,#6059,#6060);
#4979=CARTESIAN_POINT('',(1.27,-1.4,0.4));
#4980=AXIS2_PLACEMENT_3D('',#6061,#6062,#6063);
#4981=AXIS2_PLACEMENT_3D('',#6064,#6065,#6066);
#4982=COLOUR_RGB('',0.811764717102051,0.811764717102051,0.811764717102051);
#4983=CARTESIAN_POINT('',(1.52,-4.325,0.0));
#4984=CARTESIAN_POINT('',(1.52,-1.55,0.0));
#4985=CARTESIAN_POINT('',(1.52,-2.9375,3.06151588455594E-17));
#4986=VECTOR('',#6067,1.0);
#4987=CARTESIAN_POINT('',(1.27,-4.325,-0.249999999999999));
#4988=AXIS2_PLACEMENT_3D('',#6068,#6069,#6070);
#4989=CARTESIAN_POINT('',(1.02,-4.325,-3.06151588455593E-17));
#4990=AXIS2_PLACEMENT_3D('',#6071,#6072,#6073);
#4991=CARTESIAN_POINT('',(1.02,-2.9375,-3.06151588455594E-17));
#4992=VECTOR('',#6074,1.0);
#4993=AXIS2_PLACEMENT_3D('',#6075,#6076,#6077);
#4994=COLOUR_RGB('',0.811764717102051,0.811764717102051,0.811764717102051);
#4995=CARTESIAN_POINT('',(1.27,-4.57,0.00499999999999989));
#4996=CARTESIAN_POINT('',(1.27,-4.325,0.249999999999999));
#4997=AXIS2_PLACEMENT_3D('',#6078,#6079,#6080);
#4998=CARTESIAN_POINT('',(1.275,-4.57,0.0));
#4999=AXIS2_PLACEMENT_3D('',#6081,#6082,#6083);
#5000=CARTESIAN_POINT('',(1.27,-4.57,-0.00499999999999989));
#5001=AXIS2_PLACEMENT_3D('',#6084,#6085,#6086);
#5002=AXIS2_PLACEMENT_3D('',#6087,#6088,#6089);
#5003=AXIS2_PLACEMENT_3D('',#6090,#6091,#6092);
#5004=COLOUR_RGB('',0.811764717102051,0.811764717102051,0.811764717102051);
#5005=CARTESIAN_POINT('',(2.185,2.8,1.12051481374748E-16));
#5006=CARTESIAN_POINT('',(2.185,2.801,0.0));
#5007=CARTESIAN_POINT('',(2.185,2.8005,1.12051481374748E-16));
#5008=VECTOR('',#6093,1.0);
#5009=CARTESIAN_POINT('',(0.355,2.8,-1.12051481374748E-16));
#5010=AXIS2_PLACEMENT_3D('',#6094,#6095,#6096);
#5011=CARTESIAN_POINT('',(0.355,2.801,-1.12051481374748E-16));
#5012=CARTESIAN_POINT('',(0.355,2.8005,-1.12051481374748E-16));
#5013=VECTOR('',#6097,1.0);
#5014=AXIS2_PLACEMENT_3D('',#6098,#6099,#6100);
#5015=COLOUR_RGB('',0.811764717102051,0.811764717102051,0.811764717102051);
#5016=CARTESIAN_POINT('',(1.935,-3.861626358692E-33,8.14363225291881E-17));
#5017=CARTESIAN_POINT('',(1.935,-0.15361215932168,8.14363225291881E-17));
#5018=VECTOR('',#6101,1.0);
#5019=CARTESIAN_POINT('',(0.605,-4.98637190005861E-33,8.14363225291881E-17));
#5020=CARTESIAN_POINT('',(0.605,-0.15361215932168,-8.14363225291881E-17));
#5021=VECTOR('',#6102,1.0);
#5022=AXIS2_PLACEMENT_3D('',#6103,#6104,#6105);
#5023=COLOUR_RGB('',0.811764717102051,0.811764717102051,0.811764717102051);
#5024=CARTESIAN_POINT('',(4.275,-1.4,0.0));
#5025=CARTESIAN_POINT('',(4.475,-1.2,0.0));
#5026=CARTESIAN_POINT('',(4.375,-1.3,6.91902589909643E-17));
#5027=VECTOR('',#6106,1.0);
#5028=CARTESIAN_POINT('',(3.345,-1.4,-5.69441954527405E-17));
#5029=AXIS2_PLACEMENT_3D('',#6107,#6108,#6109);
#5030=CARTESIAN_POINT('',(3.145,-1.2,-8.14363225291881E-17));
#5031=CARTESIAN_POINT('',(3.245,-1.3,-6.91902589909643E-17));
#5032=VECTOR('',#6110,1.0);
#5033=AXIS2_PLACEMENT_3D('',#6111,#6112,#6113);
#5034=COLOUR_RGB('',0.811764717102051,0.811764717102051,0.811764717102051);
#5035=CARTESIAN_POINT('',(3.81,-1.55,-0.25));
#5036=CARTESIAN_POINT('',(3.81,-1.4,-0.4));
#5037=AXIS2_PLACEMENT_3D('',#6114,#6115,#6116);
#5038=CARTESIAN_POINT('',(3.56,-1.55,-3.06151588455594E-17));
#5039=AXIS2_PLACEMENT_3D('',#6117,#6118,#6119);
#5040=CARTESIAN_POINT('',(3.81,-1.55,0.25));
#5041=AXIS2_PLACEMENT_3D('',#6120,#6121,#6122);
#5042=CARTESIAN_POINT('',(3.81,-1.4,0.4));
#5043=AXIS2_PLACEMENT_3D('',#6123,#6124,#6125);
#5044=AXIS2_PLACEMENT_3D('',#6126,#6127,#6128);
#5045=COLOUR_RGB('',0.811764717102051,0.811764717102051,0.811764717102051);
#5046=CARTESIAN_POINT('',(4.06,-4.325,0.0));
#5047=CARTESIAN_POINT('',(4.06,-1.55,0.0));
#5048=CARTESIAN_POINT('',(4.06,-2.9375,3.06151588455594E-17));
#5049=VECTOR('',#6129,1.0);
#5050=CARTESIAN_POINT('',(3.81,-4.325,-0.249999999999999));
#5051=AXIS2_PLACEMENT_3D('',#6130,#6131,#6132);
#5052=CARTESIAN_POINT('',(3.56,-4.325,-3.06151588455593E-17));
#5053=AXIS2_PLACEMENT_3D('',#6133,#6134,#6135);
#5054=CARTESIAN_POINT('',(3.56,-2.9375,-3.06151588455594E-17));
#5055=VECTOR('',#6136,1.0);
#5056=AXIS2_PLACEMENT_3D('',#6137,#6138,#6139);
#5057=COLOUR_RGB('',0.811764717102051,0.811764717102051,0.811764717102051);
#5058=CARTESIAN_POINT('',(3.81,-4.57,0.00499999999999989));
#5059=CARTESIAN_POINT('',(3.81,-4.325,0.249999999999999));
#5060=AXIS2_PLACEMENT_3D('',#6140,#6141,#6142);
#5061=CARTESIAN_POINT('',(3.815,-4.57,0.0));
#5062=AXIS2_PLACEMENT_3D('',#6143,#6144,#6145);
#5063=CARTESIAN_POINT('',(3.81,-4.57,-0.00499999999999989));
#5064=AXIS2_PLACEMENT_3D('',#6146,#6147,#6148);
#5065=AXIS2_PLACEMENT_3D('',#6149,#6150,#6151);
#5066=AXIS2_PLACEMENT_3D('',#6152,#6153,#6154);
#5067=COLOUR_RGB('',0.811764717102051,0.811764717102051,0.811764717102051);
#5068=CARTESIAN_POINT('',(4.725,2.8,1.12051481374748E-16));
#5069=CARTESIAN_POINT('',(4.725,2.801,0.0));
#5070=CARTESIAN_POINT('',(4.725,2.8005,1.12051481374748E-16));
#5071=VECTOR('',#6155,1.0);
#5072=CARTESIAN_POINT('',(2.895,2.8,-1.12051481374748E-16));
#5073=AXIS2_PLACEMENT_3D('',#6156,#6157,#6158);
#5074=CARTESIAN_POINT('',(2.895,2.801,-1.12051481374748E-16));
#5075=CARTESIAN_POINT('',(2.895,2.8005,-1.12051481374748E-16));
#5076=VECTOR('',#6159,1.0);
#5077=AXIS2_PLACEMENT_3D('',#6160,#6161,#6162);
#5078=COLOUR_RGB('',0.811764717102051,0.811764717102051,0.811764717102051);
#5079=CARTESIAN_POINT('',(4.475,-3.86162635869201E-33,8.14363225291881E-17));
#5080=CARTESIAN_POINT('',(4.475,-0.15361215932168,8.14363225291881E-17));
#5081=VECTOR('',#6163,1.0);
#5082=CARTESIAN_POINT('',(3.145,-4.98637190005861E-33,8.14363225291881E-17));
#5083=CARTESIAN_POINT('',(3.145,-0.15361215932168,-8.14363225291881E-17));
#5084=VECTOR('',#6164,1.0);
#5085=AXIS2_PLACEMENT_3D('',#6165,#6166,#6167);
#5086=COLOUR_RGB('',0.811764717102051,0.811764717102051,0.811764717102051);
#5087=CARTESIAN_POINT('',(-3.035,2.801,9.49069924212342E-17));
#5088=CARTESIAN_POINT('',(-3.035,2.8,0.0));
#5089=CARTESIAN_POINT('',(-3.035,2.8005,9.49069924212342E-17));
#5090=VECTOR('',#6168,1.0);
#5091=CARTESIAN_POINT('',(-4.585,2.801,-9.49069924212342E-17));
#5092=AXIS2_PLACEMENT_3D('',#6169,#6170,#6171);
#5093=CARTESIAN_POINT('',(-4.585,2.8,-9.49069924212342E-17));
#5094=CARTESIAN_POINT('',(-4.585,2.8005,-9.49069924212342E-17));
#5095=VECTOR('',#6172,1.0);
#5096=AXIS2_PLACEMENT_3D('',#6173,#6174,#6175);
#5097=COLOUR_RGB('',0.811764717102051,0.811764717102051,0.811764717102051);
#5098=CARTESIAN_POINT('',(-3.26,2.575,0.0));
#5099=CARTESIAN_POINT('',(-3.1475,2.6875,8.11301709407325E-17));
#5100=VECTOR('',#6176,1.0);
#5101=CARTESIAN_POINT('',(-4.36,2.575,-6.73533494602308E-17));
#5102=CARTESIAN_POINT('',(-4.4725,2.6875,-8.11301709407325E-17));
#5103=VECTOR('',#6177,1.0);
#5104=AXIS2_PLACEMENT_3D('',#6178,#6179,#6180);
#5105=COLOUR_RGB('',0.811764717102051,0.811764717102051,0.811764717102051);
#5106=CARTESIAN_POINT('',(-3.26,2.505,0.0));
#5107=CARTESIAN_POINT('',(-3.26,2.54,6.73533494602308E-17));
#5108=VECTOR('',#6181,1.0);
#5109=CARTESIAN_POINT('',(-4.36,2.505,-6.73533494602308E-17));
#5110=CARTESIAN_POINT('',(-4.36,2.54,-6.73533494602308E-17));
#5111=VECTOR('',#6182,1.0);
#5112=AXIS2_PLACEMENT_3D('',#6183,#6184,#6185);
#5113=COLOUR_RGB('',0.811764717102051,0.811764717102051,0.811764717102051);
#5114=CARTESIAN_POINT('',(-3.33,2.505,0.0));
#5115=CARTESIAN_POINT('',(-3.43,2.36218519932579,0.0));
#5116=CARTESIAN_POINT('',(-3.38,2.43359259966289,5.26580732143622E-17));
#5117=VECTOR('',#6186,1.0);
#5118=CARTESIAN_POINT('',(-4.29,2.505,-5.87811049834741E-17));
#5119=AXIS2_PLACEMENT_3D('',#6187,#6188,#6189);
#5120=CARTESIAN_POINT('',(-4.19,2.36218519932579,-4.65350414452504E-17));
#5121=CARTESIAN_POINT('',(-4.24,2.43359259966289,-5.26580732143622E-17));
#5122=VECTOR('',#6190,1.0);
#5123=AXIS2_PLACEMENT_3D('',#6191,#6192,#6193);
#5124=COLOUR_RGB('',0.811764717102051,0.811764717102051,0.811764717102051);
#5125=CARTESIAN_POINT('',(-3.43,1.905,0.0));
#5126=CARTESIAN_POINT('',(-3.43,2.13359259966289,4.65350414452504E-17));
#5127=VECTOR('',#6194,1.0);
#5128=CARTESIAN_POINT('',(-4.19,1.905,-4.65350414452503E-17));
#5129=CARTESIAN_POINT('',(-4.19,2.13359259966289,-4.65350414452504E-17));
#5130=VECTOR('',#6195,1.0);
#5131=AXIS2_PLACEMENT_3D('',#6196,#6197,#6198);
#5132=COLOUR_RGB('',0.811764717102051,0.811764717102051,0.811764717102051);
#5133=CARTESIAN_POINT('',(-3.69990942959919,0.48474062220542,0.0));
#5134=CARTESIAN_POINT('',(-3.5649547147996,1.19487031110271,3.00084013230632E-17));
#5135=VECTOR('',#6199,1.0);
#5136=CARTESIAN_POINT('',(-3.92009057040081,0.48474062220542,-1.34817612008762E-17));
#5137=CARTESIAN_POINT('',(-4.05504528520041,1.19487031110271,-3.00084013230632E-17));
#5138=VECTOR('',#6200,1.0);
#5139=AXIS2_PLACEMENT_3D('',#6201,#6202,#6203);
#5140=COLOUR_RGB('',0.811764717102051,0.811764717102051,0.811764717102051);
#5141=CARTESIAN_POINT('',(-3.69670529840048,0.43307607471323,0.0));
#5142=CARTESIAN_POINT('',(-3.69830736399983,0.458908348459325,1.36779511720972E-17));
#5143=VECTOR('',#6204,1.0);
#5144=CARTESIAN_POINT('',(-3.92329470159952,0.43307607471323,-1.38741411433182E-17));
#5145=CARTESIAN_POINT('',(-3.92169263600017,0.458908348459325,-1.36779511720972E-17));
#5146=VECTOR('',#6205,1.0);
#5147=AXIS2_PLACEMENT_3D('',#6206,#6207,#6208);
#5148=COLOUR_RGB('',0.811764717102051,0.811764717102051,0.811764717102051);
#5149=CARTESIAN_POINT('',(-3.53341910871465,0.4,0.0));
#5150=CARTESIAN_POINT('',(-3.61506220355757,0.416538037356615,2.3872206412354E-17));
#5151=VECTOR('',#6209,1.0);
#5152=CARTESIAN_POINT('',(-4.08658089128535,0.4,-3.38702716813896E-17));
#5153=CARTESIAN_POINT('',(-4.00493779644244,0.416538037356615,-2.38722064123539E-17));
#5154=VECTOR('',#6210,1.0);
#5155=AXIS2_PLACEMENT_3D('',#6211,#6212,#6213);
#5156=COLOUR_RGB('',0.811764717102051,0.811764717102051,0.811764717102051);
#5157=CARTESIAN_POINT('',(-3.26,1.83766946254283,0.0));
#5158=CARTESIAN_POINT('',(-3.39670955435732,1.11883473127142,5.06118105708102E-17));
#5159=VECTOR('',#6214,1.0);
#5160=CARTESIAN_POINT('',(-4.36,1.83766946254283,-6.73533494602308E-17));
#5161=AXIS2_PLACEMENT_3D('',#6215,#6216,#6217);
#5162=CARTESIAN_POINT('',(-4.22329044564268,1.11883473127142,-5.06118105708102E-17));
#5163=VECTOR('',#6218,1.0);
#5164=AXIS2_PLACEMENT_3D('',#6219,#6220,#6221);
#5165=COLOUR_RGB('',0.811764717102051,0.811764717102051,0.811764717102051);
#5166=CARTESIAN_POINT('',(-3.26,-0.9,0.0));
#5167=CARTESIAN_POINT('',(-3.26,0.468834731271415,6.73533494602308E-17));
#5168=VECTOR('',#6222,1.0);
#5169=AXIS2_PLACEMENT_3D('',#6223,#6224,#6225);
#5170=CARTESIAN_POINT('',(-4.36,-0.9,-6.73533494602308E-17));
#5171=CARTESIAN_POINT('',(-4.36,0.468834731271415,-6.73533494602308E-17));
#5172=VECTOR('',#6226,1.0);
#5173=AXIS2_PLACEMENT_3D('',#6227,#6228,#6229);
#5174=COLOUR_RGB('',0.811764717102051,0.811764717102051,0.811764717102051);
#5175=CARTESIAN_POINT('',(-3.81,-1.2175426480543,0.0));
#5176=CARTESIAN_POINT('',(-4.085,-1.05877132402715,-3.36766747301154E-17));
#5177=VECTOR('',#6230,1.0);
#5178=CARTESIAN_POINT('',(-3.535,-1.05877132402715,3.36766747301154E-17));
#5179=VECTOR('',#6231,1.0);
#5180=COLOUR_RGB('',0.811764717102051,0.811764717102051,0.811764717102051);
#5181=CARTESIAN_POINT('',(-0.495,2.801,9.49069924212342E-17));
#5182=CARTESIAN_POINT('',(-0.495,2.8,0.0));
#5183=CARTESIAN_POINT('',(-0.495,2.8005,9.49069924212342E-17));
#5184=VECTOR('',#6232,1.0);
#5185=CARTESIAN_POINT('',(-2.045,2.801,-9.49069924212342E-17));
#5186=AXIS2_PLACEMENT_3D('',#6233,#6234,#6235);
#5187=CARTESIAN_POINT('',(-2.045,2.8,-9.49069924212342E-17));
#5188=CARTESIAN_POINT('',(-2.045,2.8005,-9.49069924212342E-17));
#5189=VECTOR('',#6236,1.0);
#5190=AXIS2_PLACEMENT_3D('',#6237,#6238,#6239);
#5191=COLOUR_RGB('',0.811764717102051,0.811764717102051,0.811764717102051);
#5192=CARTESIAN_POINT('',(-0.72,2.575,0.0));
#5193=CARTESIAN_POINT('',(-0.6075,2.6875,8.11301709407325E-17));
#5194=VECTOR('',#6240,1.0);
#5195=CARTESIAN_POINT('',(-1.82,2.575,-6.73533494602308E-17));
#5196=CARTESIAN_POINT('',(-1.9325,2.6875,-8.11301709407325E-17));
#5197=VECTOR('',#6241,1.0);
#5198=AXIS2_PLACEMENT_3D('',#6242,#6243,#6244);
#5199=COLOUR_RGB('',0.811764717102051,0.811764717102051,0.811764717102051);
#5200=CARTESIAN_POINT('',(-0.72,2.505,0.0));
#5201=CARTESIAN_POINT('',(-0.72,2.54,6.73533494602308E-17));
#5202=VECTOR('',#6245,1.0);
#5203=CARTESIAN_POINT('',(-1.82,2.505,-6.73533494602308E-17));
#5204=CARTESIAN_POINT('',(-1.82,2.54,-6.73533494602308E-17));
#5205=VECTOR('',#6246,1.0);
#5206=AXIS2_PLACEMENT_3D('',#6247,#6248,#6249);
#5207=COLOUR_RGB('',0.811764717102051,0.811764717102051,0.811764717102051);
#5208=CARTESIAN_POINT('',(-0.79,2.505,0.0));
#5209=CARTESIAN_POINT('',(-0.89,2.36218519932579,0.0));
#5210=CARTESIAN_POINT('',(-0.84,2.43359259966289,5.26580732143622E-17));
#5211=VECTOR('',#6250,1.0);
#5212=CARTESIAN_POINT('',(-1.75,2.505,-5.87811049834741E-17));
#5213=AXIS2_PLACEMENT_3D('',#6251,#6252,#6253);
#5214=CARTESIAN_POINT('',(-1.65,2.36218519932579,-4.65350414452503E-17));
#5215=CARTESIAN_POINT('',(-1.7,2.43359259966289,-5.26580732143622E-17));
#5216=VECTOR('',#6254,1.0);
#5217=AXIS2_PLACEMENT_3D('',#6255,#6256,#6257);
#5218=COLOUR_RGB('',0.811764717102051,0.811764717102051,0.811764717102051);
#5219=CARTESIAN_POINT('',(-0.89,1.905,0.0));
#5220=CARTESIAN_POINT('',(-0.89,2.13359259966289,4.65350414452503E-17));
#5221=VECTOR('',#6258,1.0);
#5222=CARTESIAN_POINT('',(-1.65,1.905,-4.65350414452503E-17));
#5223=CARTESIAN_POINT('',(-1.65,2.13359259966289,-4.65350414452503E-17));
#5224=VECTOR('',#6259,1.0);
#5225=AXIS2_PLACEMENT_3D('',#6260,#6261,#6262);
#5226=COLOUR_RGB('',0.811764717102051,0.811764717102051,0.811764717102051);
#5227=CARTESIAN_POINT('',(-1.15990942959919,0.48474062220542,0.0));
#5228=CARTESIAN_POINT('',(-1.02495471479959,1.19487031110271,3.00084013230633E-17));
#5229=VECTOR('',#6263,1.0);
#5230=CARTESIAN_POINT('',(-1.38009057040081,0.48474062220542,-1.34817612008762E-17));
#5231=CARTESIAN_POINT('',(-1.51504528520041,1.19487031110271,-3.00084013230632E-17));
#5232=VECTOR('',#6264,1.0);
#5233=AXIS2_PLACEMENT_3D('',#6265,#6266,#6267);
#5234=COLOUR_RGB('',0.811764717102051,0.811764717102051,0.811764717102051);
#5235=CARTESIAN_POINT('',(-1.15670529840048,0.43307607471323,0.0));
#5236=CARTESIAN_POINT('',(-1.15830736399983,0.458908348459325,1.36779511720972E-17));
#5237=VECTOR('',#6268,1.0);
#5238=CARTESIAN_POINT('',(-1.38329470159952,0.43307607471323,-1.38741411433183E-17));
#5239=CARTESIAN_POINT('',(-1.38169263600017,0.458908348459325,-1.36779511720972E-17));
#5240=VECTOR('',#6269,1.0);
#5241=AXIS2_PLACEMENT_3D('',#6270,#6271,#6272);
#5242=COLOUR_RGB('',0.811764717102051,0.811764717102051,0.811764717102051);
#5243=CARTESIAN_POINT('',(-0.99341910871465,0.4,0.0));
#5244=CARTESIAN_POINT('',(-1.07506220355756,0.416538037356615,2.38722064123539E-17));
#5245=VECTOR('',#6273,1.0);
#5246=CARTESIAN_POINT('',(-1.54658089128535,0.4,-3.38702716813896E-17));
#5247=CARTESIAN_POINT('',(-1.46493779644244,0.416538037356615,-2.38722064123539E-17));
#5248=VECTOR('',#6274,1.0);
#5249=AXIS2_PLACEMENT_3D('',#6275,#6276,#6277);
#5250=COLOUR_RGB('',0.811764717102051,0.811764717102051,0.811764717102051);
#5251=CARTESIAN_POINT('',(-0.72,1.83766946254283,0.0));
#5252=CARTESIAN_POINT('',(-0.856709554357325,1.11883473127142,5.06118105708102E-17));
#5253=VECTOR('',#6278,1.0);
#5254=CARTESIAN_POINT('',(-1.82,1.83766946254283,-6.73533494602308E-17));
#5255=AXIS2_PLACEMENT_3D('',#6279,#6280,#6281);
#5256=CARTESIAN_POINT('',(-1.68329044564268,1.11883473127142,-5.06118105708102E-17));
#5257=VECTOR('',#6282,1.0);
#5258=AXIS2_PLACEMENT_3D('',#6283,#6284,#6285);
#5259=COLOUR_RGB('',0.811764717102051,0.811764717102051,0.811764717102051);
#5260=CARTESIAN_POINT('',(-0.72,-0.9,0.0));
#5261=CARTESIAN_POINT('',(-0.72,0.468834731271415,6.73533494602308E-17));
#5262=VECTOR('',#6286,1.0);
#5263=AXIS2_PLACEMENT_3D('',#6287,#6288,#6289);
#5264=CARTESIAN_POINT('',(-1.82,-0.9,-6.73533494602308E-17));
#5265=CARTESIAN_POINT('',(-1.82,0.468834731271415,-6.73533494602308E-17));
#5266=VECTOR('',#6290,1.0);
#5267=AXIS2_PLACEMENT_3D('',#6291,#6292,#6293);
#5268=COLOUR_RGB('',0.811764717102051,0.811764717102051,0.811764717102051);
#5269=CARTESIAN_POINT('',(-1.27,-1.2175426480543,0.0));
#5270=CARTESIAN_POINT('',(-1.545,-1.05877132402715,-3.36766747301154E-17));
#5271=VECTOR('',#6294,1.0);
#5272=CARTESIAN_POINT('',(-0.995,-1.05877132402715,3.36766747301154E-17));
#5273=VECTOR('',#6295,1.0);
#5274=COLOUR_RGB('',0.811764717102051,0.811764717102051,0.811764717102051);
#5275=CARTESIAN_POINT('',(2.045,2.801,9.49069924212342E-17));
#5276=CARTESIAN_POINT('',(2.045,2.8,0.0));
#5277=CARTESIAN_POINT('',(2.045,2.8005,9.49069924212342E-17));
#5278=VECTOR('',#6296,1.0);
#5279=CARTESIAN_POINT('',(0.495,2.801,-9.49069924212342E-17));
#5280=AXIS2_PLACEMENT_3D('',#6297,#6298,#6299);
#5281=CARTESIAN_POINT('',(0.495,2.8,-9.49069924212342E-17));
#5282=CARTESIAN_POINT('',(0.495,2.8005,-9.49069924212342E-17));
#5283=VECTOR('',#6300,1.0);
#5284=AXIS2_PLACEMENT_3D('',#6301,#6302,#6303);
#5285=COLOUR_RGB('',0.811764717102051,0.811764717102051,0.811764717102051);
#5286=CARTESIAN_POINT('',(1.82,2.575,0.0));
#5287=CARTESIAN_POINT('',(1.9325,2.6875,8.11301709407325E-17));
#5288=VECTOR('',#6304,1.0);
#5289=CARTESIAN_POINT('',(0.72,2.575,-6.73533494602308E-17));
#5290=CARTESIAN_POINT('',(0.6075,2.6875,-8.11301709407325E-17));
#5291=VECTOR('',#6305,1.0);
#5292=AXIS2_PLACEMENT_3D('',#6306,#6307,#6308);
#5293=COLOUR_RGB('',0.811764717102051,0.811764717102051,0.811764717102051);
#5294=CARTESIAN_POINT('',(1.82,2.505,0.0));
#5295=CARTESIAN_POINT('',(1.82,2.54,6.73533494602308E-17));
#5296=VECTOR('',#6309,1.0);
#5297=CARTESIAN_POINT('',(0.72,2.505,-6.73533494602308E-17));
#5298=CARTESIAN_POINT('',(0.72,2.54,-6.73533494602308E-17));
#5299=VECTOR('',#6310,1.0);
#5300=AXIS2_PLACEMENT_3D('',#6311,#6312,#6313);
#5301=COLOUR_RGB('',0.811764717102051,0.811764717102051,0.811764717102051);
#5302=CARTESIAN_POINT('',(1.75,2.505,0.0));
#5303=CARTESIAN_POINT('',(1.65,2.36218519932579,0.0));
#5304=CARTESIAN_POINT('',(1.7,2.43359259966289,5.26580732143622E-17));
#5305=VECTOR('',#6314,1.0);
#5306=CARTESIAN_POINT('',(0.79,2.505,-5.87811049834741E-17));
#5307=AXIS2_PLACEMENT_3D('',#6315,#6316,#6317);
#5308=CARTESIAN_POINT('',(0.89,2.36218519932579,-4.65350414452503E-17));
#5309=CARTESIAN_POINT('',(0.84,2.43359259966289,-5.26580732143622E-17));
#5310=VECTOR('',#6318,1.0);
#5311=AXIS2_PLACEMENT_3D('',#6319,#6320,#6321);
#5312=COLOUR_RGB('',0.811764717102051,0.811764717102051,0.811764717102051);
#5313=CARTESIAN_POINT('',(1.65,1.905,0.0));
#5314=CARTESIAN_POINT('',(1.65,2.13359259966289,4.65350414452503E-17));
#5315=VECTOR('',#6322,1.0);
#5316=CARTESIAN_POINT('',(0.89,1.905,-4.65350414452503E-17));
#5317=CARTESIAN_POINT('',(0.89,2.13359259966289,-4.65350414452503E-17));
#5318=VECTOR('',#6323,1.0);
#5319=AXIS2_PLACEMENT_3D('',#6324,#6325,#6326);
#5320=COLOUR_RGB('',0.811764717102051,0.811764717102051,0.811764717102051);
#5321=CARTESIAN_POINT('',(1.38009057040081,0.48474062220542,0.0));
#5322=CARTESIAN_POINT('',(1.51504528520041,1.19487031110271,3.00084013230633E-17));
#5323=VECTOR('',#6327,1.0);
#5324=CARTESIAN_POINT('',(1.15990942959919,0.48474062220542,-1.34817612008762E-17));
#5325=CARTESIAN_POINT('',(1.02495471479959,1.19487031110271,-3.00084013230632E-17));
#5326=VECTOR('',#6328,1.0);
#5327=AXIS2_PLACEMENT_3D('',#6329,#6330,#6331);
#5328=COLOUR_RGB('',0.811764717102051,0.811764717102051,0.811764717102051);
#5329=CARTESIAN_POINT('',(1.38329470159952,0.43307607471323,0.0));
#5330=CARTESIAN_POINT('',(1.38169263600017,0.458908348459325,1.36779511720972E-17));
#5331=VECTOR('',#6332,1.0);
#5332=CARTESIAN_POINT('',(1.15670529840048,0.43307607471323,-1.38741411433183E-17));
#5333=CARTESIAN_POINT('',(1.15830736399983,0.458908348459325,-1.36779511720972E-17));
#5334=VECTOR('',#6333,1.0);
#5335=AXIS2_PLACEMENT_3D('',#6334,#6335,#6336);
#5336=COLOUR_RGB('',0.811764717102051,0.811764717102051,0.811764717102051);
#5337=CARTESIAN_POINT('',(1.54658089128535,0.4,0.0));
#5338=CARTESIAN_POINT('',(1.46493779644244,0.416538037356615,2.38722064123539E-17));
#5339=VECTOR('',#6337,1.0);
#5340=CARTESIAN_POINT('',(0.99341910871465,0.4,-3.38702716813896E-17));
#5341=CARTESIAN_POINT('',(1.07506220355756,0.416538037356615,-2.38722064123539E-17));
#5342=VECTOR('',#6338,1.0);
#5343=AXIS2_PLACEMENT_3D('',#6339,#6340,#6341);
#5344=COLOUR_RGB('',0.811764717102051,0.811764717102051,0.811764717102051);
#5345=CARTESIAN_POINT('',(1.82,1.83766946254283,0.0));
#5346=CARTESIAN_POINT('',(1.68329044564268,1.11883473127142,5.06118105708102E-17));
#5347=VECTOR('',#6342,1.0);
#5348=CARTESIAN_POINT('',(0.72,1.83766946254283,-6.73533494602308E-17));
#5349=AXIS2_PLACEMENT_3D('',#6343,#6344,#6345);
#5350=CARTESIAN_POINT('',(0.856709554357325,1.11883473127142,-5.06118105708102E-17));
#5351=VECTOR('',#6346,1.0);
#5352=AXIS2_PLACEMENT_3D('',#6347,#6348,#6349);
#5353=COLOUR_RGB('',0.811764717102051,0.811764717102051,0.811764717102051);
#5354=CARTESIAN_POINT('',(1.82,-0.9,0.0));
#5355=CARTESIAN_POINT('',(1.82,0.468834731271415,6.73533494602308E-17));
#5356=VECTOR('',#6350,1.0);
#5357=AXIS2_PLACEMENT_3D('',#6351,#6352,#6353);
#5358=CARTESIAN_POINT('',(0.72,-0.9,-6.73533494602307E-17));
#5359=CARTESIAN_POINT('',(0.72,0.468834731271415,-6.73533494602308E-17));
#5360=VECTOR('',#6354,1.0);
#5361=AXIS2_PLACEMENT_3D('',#6355,#6356,#6357);
#5362=COLOUR_RGB('',0.811764717102051,0.811764717102051,0.811764717102051);
#5363=CARTESIAN_POINT('',(1.27,-1.2175426480543,0.0));
#5364=CARTESIAN_POINT('',(0.995,-1.05877132402715,-3.36766747301154E-17));
#5365=VECTOR('',#6358,1.0);
#5366=CARTESIAN_POINT('',(1.545,-1.05877132402715,3.36766747301154E-17));
#5367=VECTOR('',#6359,1.0);
#5368=COLOUR_RGB('',0.811764717102051,0.811764717102051,0.811764717102051);
#5369=CARTESIAN_POINT('',(4.585,2.801,9.49069924212342E-17));
#5370=CARTESIAN_POINT('',(4.585,2.8,0.0));
#5371=CARTESIAN_POINT('',(4.585,2.8005,9.49069924212342E-17));
#5372=VECTOR('',#6360,1.0);
#5373=CARTESIAN_POINT('',(3.035,2.801,-9.49069924212342E-17));
#5374=AXIS2_PLACEMENT_3D('',#6361,#6362,#6363);
#5375=CARTESIAN_POINT('',(3.035,2.8,-9.49069924212342E-17));
#5376=CARTESIAN_POINT('',(3.035,2.8005,-9.49069924212342E-17));
#5377=VECTOR('',#6364,1.0);
#5378=AXIS2_PLACEMENT_3D('',#6365,#6366,#6367);
#5379=COLOUR_RGB('',0.811764717102051,0.811764717102051,0.811764717102051);
#5380=CARTESIAN_POINT('',(4.36,2.575,0.0));
#5381=CARTESIAN_POINT('',(4.4725,2.6875,8.11301709407325E-17));
#5382=VECTOR('',#6368,1.0);
#5383=CARTESIAN_POINT('',(3.26,2.575,-6.73533494602308E-17));
#5384=CARTESIAN_POINT('',(3.1475,2.6875,-8.11301709407325E-17));
#5385=VECTOR('',#6369,1.0);
#5386=AXIS2_PLACEMENT_3D('',#6370,#6371,#6372);
#5387=COLOUR_RGB('',0.811764717102051,0.811764717102051,0.811764717102051);
#5388=CARTESIAN_POINT('',(4.36,2.505,0.0));
#5389=CARTESIAN_POINT('',(4.36,2.54,6.73533494602308E-17));
#5390=VECTOR('',#6373,1.0);
#5391=CARTESIAN_POINT('',(3.26,2.505,-6.73533494602308E-17));
#5392=CARTESIAN_POINT('',(3.26,2.54,-6.73533494602308E-17));
#5393=VECTOR('',#6374,1.0);
#5394=AXIS2_PLACEMENT_3D('',#6375,#6376,#6377);
#5395=COLOUR_RGB('',0.811764717102051,0.811764717102051,0.811764717102051);
#5396=CARTESIAN_POINT('',(4.29,2.505,0.0));
#5397=CARTESIAN_POINT('',(4.19,2.36218519932579,0.0));
#5398=CARTESIAN_POINT('',(4.24,2.43359259966289,5.26580732143622E-17));
#5399=VECTOR('',#6378,1.0);
#5400=CARTESIAN_POINT('',(3.33,2.505,-5.87811049834741E-17));
#5401=AXIS2_PLACEMENT_3D('',#6379,#6380,#6381);
#5402=CARTESIAN_POINT('',(3.43,2.36218519932579,-4.65350414452503E-17));
#5403=CARTESIAN_POINT('',(3.38,2.43359259966289,-5.26580732143622E-17));
#5404=VECTOR('',#6382,1.0);
#5405=AXIS2_PLACEMENT_3D('',#6383,#6384,#6385);
#5406=COLOUR_RGB('',0.811764717102051,0.811764717102051,0.811764717102051);
#5407=CARTESIAN_POINT('',(4.19,1.905,0.0));
#5408=CARTESIAN_POINT('',(4.19,2.13359259966289,4.65350414452503E-17));
#5409=VECTOR('',#6386,1.0);
#5410=CARTESIAN_POINT('',(3.43,1.905,-4.65350414452503E-17));
#5411=CARTESIAN_POINT('',(3.43,2.13359259966289,-4.65350414452503E-17));
#5412=VECTOR('',#6387,1.0);
#5413=AXIS2_PLACEMENT_3D('',#6388,#6389,#6390);
#5414=COLOUR_RGB('',0.811764717102051,0.811764717102051,0.811764717102051);
#5415=CARTESIAN_POINT('',(3.92009057040081,0.48474062220542,0.0));
#5416=CARTESIAN_POINT('',(4.05504528520041,1.19487031110271,3.00084013230632E-17));
#5417=VECTOR('',#6391,1.0);
#5418=CARTESIAN_POINT('',(3.69990942959919,0.48474062220542,-1.34817612008762E-17));
#5419=CARTESIAN_POINT('',(3.5649547147996,1.19487031110271,-3.00084013230632E-17));
#5420=VECTOR('',#6392,1.0);
#5421=AXIS2_PLACEMENT_3D('',#6393,#6394,#6395);
#5422=COLOUR_RGB('',0.811764717102051,0.811764717102051,0.811764717102051);
#5423=CARTESIAN_POINT('',(3.92329470159952,0.43307607471323,0.0));
#5424=CARTESIAN_POINT('',(3.92169263600017,0.458908348459325,1.36779511720972E-17));
#5425=VECTOR('',#6396,1.0);
#5426=CARTESIAN_POINT('',(3.69670529840048,0.43307607471323,-1.38741411433183E-17));
#5427=CARTESIAN_POINT('',(3.69830736399983,0.458908348459325,-1.36779511720972E-17));
#5428=VECTOR('',#6397,1.0);
#5429=AXIS2_PLACEMENT_3D('',#6398,#6399,#6400);
#5430=COLOUR_RGB('',0.811764717102051,0.811764717102051,0.811764717102051);
#5431=CARTESIAN_POINT('',(4.08658089128535,0.4,0.0));
#5432=CARTESIAN_POINT('',(4.00493779644244,0.416538037356615,2.38722064123539E-17));
#5433=VECTOR('',#6401,1.0);
#5434=CARTESIAN_POINT('',(3.53341910871465,0.4,-3.38702716813896E-17));
#5435=CARTESIAN_POINT('',(3.61506220355757,0.416538037356615,-2.38722064123539E-17));
#5436=VECTOR('',#6402,1.0);
#5437=AXIS2_PLACEMENT_3D('',#6403,#6404,#6405);
#5438=COLOUR_RGB('',0.811764717102051,0.811764717102051,0.811764717102051);
#5439=CARTESIAN_POINT('',(4.36,1.83766946254283,0.0));
#5440=CARTESIAN_POINT('',(4.22329044564268,1.11883473127142,5.06118105708102E-17));
#5441=VECTOR('',#6406,1.0);
#5442=CARTESIAN_POINT('',(3.26,1.83766946254283,-6.73533494602308E-17));
#5443=AXIS2_PLACEMENT_3D('',#6407,#6408,#6409);
#5444=CARTESIAN_POINT('',(3.39670955435732,1.11883473127142,-5.06118105708102E-17));
#5445=VECTOR('',#6410,1.0);
#5446=AXIS2_PLACEMENT_3D('',#6411,#6412,#6413);
#5447=COLOUR_RGB('',0.811764717102051,0.811764717102051,0.811764717102051);
#5448=CARTESIAN_POINT('',(4.36,-0.9,0.0));
#5449=CARTESIAN_POINT('',(4.36,0.468834731271415,6.73533494602308E-17));
#5450=VECTOR('',#6414,1.0);
#5451=AXIS2_PLACEMENT_3D('',#6415,#6416,#6417);
#5452=CARTESIAN_POINT('',(3.26,-0.9,-6.73533494602308E-17));
#5453=CARTESIAN_POINT('',(3.26,0.468834731271415,-6.73533494602308E-17));
#5454=VECTOR('',#6418,1.0);
#5455=AXIS2_PLACEMENT_3D('',#6419,#6420,#6421);
#5456=COLOUR_RGB('',0.811764717102051,0.811764717102051,0.811764717102051);
#5457=CARTESIAN_POINT('',(3.81,-1.2175426480543,0.0));
#5458=CARTESIAN_POINT('',(3.535,-1.05877132402715,-3.36766747301154E-17));
#5459=VECTOR('',#6422,1.0);
#5460=CARTESIAN_POINT('',(4.085,-1.05877132402715,3.36766747301154E-17));
#5461=VECTOR('',#6423,1.0);
#5462=COLOUR_RGB('',0.811764717102051,0.811764717102051,0.811764717102051);
#5463=AXIS2_PLACEMENT_3D('',#6424,#6425,#6426);
#5464=COLOUR_RGB('',0.811764717102051,0.811764717102051,0.811764717102051);
#5465=COLOUR_RGB('',0.811764717102051,0.811764717102051,0.811764717102051);
#5466=COLOUR_RGB('',0.811764717102051,0.811764717102051,0.811764717102051);
#5467=AXIS2_PLACEMENT_3D('',#6427,#6428,#6429);
#5468=COLOUR_RGB('',0.811764717102051,0.811764717102051,0.811764717102051);
#5469=AXIS2_PLACEMENT_3D('',#6430,#6431,#6432);
#5470=COLOUR_RGB('',0.811764717102051,0.811764717102051,0.811764717102051);
#5471=AXIS2_PLACEMENT_3D('',#6433,#6434,#6435);
#5472=COLOUR_RGB('',0.811764717102051,0.811764717102051,0.811764717102051);
#5473=AXIS2_PLACEMENT_3D('',#6436,#6437,#6438);
#5474=COLOUR_RGB('',0.811764717102051,0.811764717102051,0.811764717102051);
#5475=AXIS2_PLACEMENT_3D('',#6439,#6440,#6441);
#5476=COLOUR_RGB('',0.811764717102051,0.811764717102051,0.811764717102051);
#5477=AXIS2_PLACEMENT_3D('',#6442,#6443,#6444);
#5478=COLOUR_RGB('',0.811764717102051,0.811764717102051,0.811764717102051);
#5479=AXIS2_PLACEMENT_3D('',#6445,#6446,#6447);
#5480=COLOUR_RGB('',0.811764717102051,0.811764717102051,0.811764717102051);
#5481=AXIS2_PLACEMENT_3D('',#6448,#6449,#6450);
#5482=COLOUR_RGB('',0.811764717102051,0.811764717102051,0.811764717102051);
#5483=AXIS2_PLACEMENT_3D('',#6451,#6452,#6453);
#5484=COLOUR_RGB('',0.811764717102051,0.811764717102051,0.811764717102051);
#5485=AXIS2_PLACEMENT_3D('',#6454,#6455,#6456);
#5486=COLOUR_RGB('',0.811764717102051,0.811764717102051,0.811764717102051);
#5487=COLOUR_RGB('',0.811764717102051,0.811764717102051,0.811764717102051);
#5488=COLOUR_RGB('',0.811764717102051,0.811764717102051,0.811764717102051);
#5489=AXIS2_PLACEMENT_3D('',#6457,#6458,#6459);
#5490=COLOUR_RGB('',0.811764717102051,0.811764717102051,0.811764717102051);
#5491=AXIS2_PLACEMENT_3D('',#6460,#6461,#6462);
#5492=COLOUR_RGB('',0.811764717102051,0.811764717102051,0.811764717102051);
#5493=AXIS2_PLACEMENT_3D('',#6463,#6464,#6465);
#5494=COLOUR_RGB('',0.811764717102051,0.811764717102051,0.811764717102051);
#5495=AXIS2_PLACEMENT_3D('',#6466,#6467,#6468);
#5496=COLOUR_RGB('',0.811764717102051,0.811764717102051,0.811764717102051);
#5497=AXIS2_PLACEMENT_3D('',#6469,#6470,#6471);
#5498=COLOUR_RGB('',0.811764717102051,0.811764717102051,0.811764717102051);
#5499=AXIS2_PLACEMENT_3D('',#6472,#6473,#6474);
#5500=COLOUR_RGB('',0.811764717102051,0.811764717102051,0.811764717102051);
#5501=AXIS2_PLACEMENT_3D('',#6475,#6476,#6477);
#5502=COLOUR_RGB('',0.811764717102051,0.811764717102051,0.811764717102051);
#5503=AXIS2_PLACEMENT_3D('',#6478,#6479,#6480);
#5504=COLOUR_RGB('',0.811764717102051,0.811764717102051,0.811764717102051);
#5505=AXIS2_PLACEMENT_3D('',#6481,#6482,#6483);
#5506=COLOUR_RGB('',0.811764717102051,0.811764717102051,0.811764717102051);
#5507=AXIS2_PLACEMENT_3D('',#6484,#6485,#6486);
#5508=COLOUR_RGB('',0.811764717102051,0.811764717102051,0.811764717102051);
#5509=COLOUR_RGB('',0.811764717102051,0.811764717102051,0.811764717102051);
#5510=COLOUR_RGB('',0.811764717102051,0.811764717102051,0.811764717102051);
#5511=AXIS2_PLACEMENT_3D('',#6487,#6488,#6489);
#5512=COLOUR_RGB('',0.811764717102051,0.811764717102051,0.811764717102051);
#5513=AXIS2_PLACEMENT_3D('',#6490,#6491,#6492);
#5514=COLOUR_RGB('',0.811764717102051,0.811764717102051,0.811764717102051);
#5515=AXIS2_PLACEMENT_3D('',#6493,#6494,#6495);
#5516=COLOUR_RGB('',0.811764717102051,0.811764717102051,0.811764717102051);
#5517=AXIS2_PLACEMENT_3D('',#6496,#6497,#6498);
#5518=COLOUR_RGB('',0.811764717102051,0.811764717102051,0.811764717102051);
#5519=AXIS2_PLACEMENT_3D('',#6499,#6500,#6501);
#5520=COLOUR_RGB('',0.811764717102051,0.811764717102051,0.811764717102051);
#5521=AXIS2_PLACEMENT_3D('',#6502,#6503,#6504);
#5522=COLOUR_RGB('',0.811764717102051,0.811764717102051,0.811764717102051);
#5523=AXIS2_PLACEMENT_3D('',#6505,#6506,#6507);
#5524=COLOUR_RGB('',0.811764717102051,0.811764717102051,0.811764717102051);
#5525=AXIS2_PLACEMENT_3D('',#6508,#6509,#6510);
#5526=COLOUR_RGB('',0.811764717102051,0.811764717102051,0.811764717102051);
#5527=AXIS2_PLACEMENT_3D('',#6511,#6512,#6513);
#5528=COLOUR_RGB('',0.811764717102051,0.811764717102051,0.811764717102051);
#5529=AXIS2_PLACEMENT_3D('',#6514,#6515,#6516);
#5530=COLOUR_RGB('',0.811764717102051,0.811764717102051,0.811764717102051);
#5531=COLOUR_RGB('',0.811764717102051,0.811764717102051,0.811764717102051);
#5532=COLOUR_RGB('',0.811764717102051,0.811764717102051,0.811764717102051);
#5533=AXIS2_PLACEMENT_3D('',#6517,#6518,#6519);
#5534=COLOUR_RGB('',0.811764717102051,0.811764717102051,0.811764717102051);
#5535=AXIS2_PLACEMENT_3D('',#6520,#6521,#6522);
#5536=COLOUR_RGB('',0.811764717102051,0.811764717102051,0.811764717102051);
#5537=AXIS2_PLACEMENT_3D('',#6523,#6524,#6525);
#5538=COLOUR_RGB('',0.811764717102051,0.811764717102051,0.811764717102051);
#5539=AXIS2_PLACEMENT_3D('',#6526,#6527,#6528);
#5540=COLOUR_RGB('',0.811764717102051,0.811764717102051,0.811764717102051);
#5541=AXIS2_PLACEMENT_3D('',#6529,#6530,#6531);
#5542=COLOUR_RGB('',0.811764717102051,0.811764717102051,0.811764717102051);
#5543=AXIS2_PLACEMENT_3D('',#6532,#6533,#6534);
#5544=COLOUR_RGB('',0.811764717102051,0.811764717102051,0.811764717102051);
#5545=AXIS2_PLACEMENT_3D('',#6535,#6536,#6537);
#5546=COLOUR_RGB('',0.811764717102051,0.811764717102051,0.811764717102051);
#5547=AXIS2_PLACEMENT_3D('',#6538,#6539,#6540);
#5548=COLOUR_RGB('',0.811764717102051,0.811764717102051,0.811764717102051);
#5549=AXIS2_PLACEMENT_3D('',#6541,#6542,#6543);
#5550=COLOUR_RGB('',0.811764717102051,0.811764717102051,0.811764717102051);
#5551=AXIS2_PLACEMENT_3D('',#6544,#6545,#6546);
#5552=AXIS2_PLACEMENT_3D('',#6547,#6548,#6549);
#5553=COLOUR_RGB('',0.811764717102051,0.811764717102051,0.811764717102051);
#5554=AXIS2_PLACEMENT_3D('',#6550,#6551,#6552);
#5555=AXIS2_PLACEMENT_3D('',#6553,#6554,#6555);
#5556=COLOUR_RGB('',0.811764717102051,0.811764717102051,0.811764717102051);
#5557=AXIS2_PLACEMENT_3D('',#6556,#6557,#6558);
#5558=COLOUR_RGB('',0.811764717102051,0.811764717102051,0.811764717102051);
#5559=AXIS2_PLACEMENT_3D('',#6559,#6560,#6561);
#5560=COLOUR_RGB('',0.811764717102051,0.811764717102051,0.811764717102051);
#5561=AXIS2_PLACEMENT_3D('',#6562,#6563,#6564);
#5562=COLOUR_RGB('',0.811764717102051,0.811764717102051,0.811764717102051);
#5563=CARTESIAN_POINT('',(4.21,-1.4,0.0));
#5564=AXIS2_PLACEMENT_3D('',#6565,#6566,#6567);
#5565=AXIS2_PLACEMENT_3D('',#6568,#6569,#6570);
#5566=COLOUR_RGB('',0.811764717102051,0.811764717102051,0.811764717102051);
#5567=AXIS2_PLACEMENT_3D('',#6571,#6572,#6573);
#5568=COLOUR_RGB('',0.811764717102051,0.811764717102051,0.811764717102051);
#5569=COLOUR_RGB('',0.811764717102051,0.811764717102051,0.811764717102051);
#5570=COLOUR_RGB('',0.811764717102051,0.811764717102051,0.811764717102051);
#5571=AXIS2_PLACEMENT_3D('',#6574,#6575,#6576);
#5572=AXIS2_PLACEMENT_3D('',#6577,#6578,#6579);
#5573=COLOUR_RGB('',0.811764717102051,0.811764717102051,0.811764717102051);
#5574=AXIS2_PLACEMENT_3D('',#6580,#6581,#6582);
#5575=AXIS2_PLACEMENT_3D('',#6583,#6584,#6585);
#5576=COLOUR_RGB('',0.811764717102051,0.811764717102051,0.811764717102051);
#5577=AXIS2_PLACEMENT_3D('',#6586,#6587,#6588);
#5578=COLOUR_RGB('',0.811764717102051,0.811764717102051,0.811764717102051);
#5579=AXIS2_PLACEMENT_3D('',#6589,#6590,#6591);
#5580=COLOUR_RGB('',0.811764717102051,0.811764717102051,0.811764717102051);
#5581=AXIS2_PLACEMENT_3D('',#6592,#6593,#6594);
#5582=COLOUR_RGB('',0.811764717102051,0.811764717102051,0.811764717102051);
#5583=CARTESIAN_POINT('',(1.67,-1.4,0.0));
#5584=AXIS2_PLACEMENT_3D('',#6595,#6596,#6597);
#5585=AXIS2_PLACEMENT_3D('',#6598,#6599,#6600);
#5586=COLOUR_RGB('',0.811764717102051,0.811764717102051,0.811764717102051);
#5587=AXIS2_PLACEMENT_3D('',#6601,#6602,#6603);
#5588=COLOUR_RGB('',0.811764717102051,0.811764717102051,0.811764717102051);
#5589=COLOUR_RGB('',0.811764717102051,0.811764717102051,0.811764717102051);
#5590=COLOUR_RGB('',0.811764717102051,0.811764717102051,0.811764717102051);
#5591=AXIS2_PLACEMENT_3D('',#6604,#6605,#6606);
#5592=AXIS2_PLACEMENT_3D('',#6607,#6608,#6609);
#5593=COLOUR_RGB('',0.811764717102051,0.811764717102051,0.811764717102051);
#5594=AXIS2_PLACEMENT_3D('',#6610,#6611,#6612);
#5595=AXIS2_PLACEMENT_3D('',#6613,#6614,#6615);
#5596=COLOUR_RGB('',0.811764717102051,0.811764717102051,0.811764717102051);
#5597=AXIS2_PLACEMENT_3D('',#6616,#6617,#6618);
#5598=COLOUR_RGB('',0.811764717102051,0.811764717102051,0.811764717102051);
#5599=AXIS2_PLACEMENT_3D('',#6619,#6620,#6621);
#5600=COLOUR_RGB('',0.811764717102051,0.811764717102051,0.811764717102051);
#5601=AXIS2_PLACEMENT_3D('',#6622,#6623,#6624);
#5602=COLOUR_RGB('',0.811764717102051,0.811764717102051,0.811764717102051);
#5603=CARTESIAN_POINT('',(-0.87,-1.4,0.0));
#5604=AXIS2_PLACEMENT_3D('',#6625,#6626,#6627);
#5605=AXIS2_PLACEMENT_3D('',#6628,#6629,#6630);
#5606=COLOUR_RGB('',0.811764717102051,0.811764717102051,0.811764717102051);
#5607=AXIS2_PLACEMENT_3D('',#6631,#6632,#6633);
#5608=COLOUR_RGB('',0.811764717102051,0.811764717102051,0.811764717102051);
#5609=COLOUR_RGB('',0.811764717102051,0.811764717102051,0.811764717102051);
#5610=COLOUR_RGB('',0.811764717102051,0.811764717102051,0.811764717102051);
#5611=AXIS2_PLACEMENT_3D('',#6634,#6635,#6636);
#5612=AXIS2_PLACEMENT_3D('',#6637,#6638,#6639);
#5613=COLOUR_RGB('',0.811764717102051,0.811764717102051,0.811764717102051);
#5614=AXIS2_PLACEMENT_3D('',#6640,#6641,#6642);
#5615=AXIS2_PLACEMENT_3D('',#6643,#6644,#6645);
#5616=COLOUR_RGB('',0.811764717102051,0.811764717102051,0.811764717102051);
#5617=AXIS2_PLACEMENT_3D('',#6646,#6647,#6648);
#5618=COLOUR_RGB('',0.811764717102051,0.811764717102051,0.811764717102051);
#5619=AXIS2_PLACEMENT_3D('',#6649,#6650,#6651);
#5620=COLOUR_RGB('',0.811764717102051,0.811764717102051,0.811764717102051);
#5621=AXIS2_PLACEMENT_3D('',#6652,#6653,#6654);
#5622=COLOUR_RGB('',0.811764717102051,0.811764717102051,0.811764717102051);
#5623=CARTESIAN_POINT('',(-3.41,-1.4,0.0));
#5624=AXIS2_PLACEMENT_3D('',#6655,#6656,#6657);
#5625=AXIS2_PLACEMENT_3D('',#6658,#6659,#6660);
#5626=COLOUR_RGB('',0.811764717102051,0.811764717102051,0.811764717102051);
#5627=AXIS2_PLACEMENT_3D('',#6661,#6662,#6663);
#5628=COLOUR_RGB('',0.811764717102051,0.811764717102051,0.811764717102051);
#5629=COLOUR_RGB('',0.811764717102051,0.811764717102051,0.811764717102051);
#5630=COLOUR_RGB('',0.0,0.0,0.0);
#5631=CARTESIAN_POINT('',(2.34,5.32703763912734E-17,-0.87));
#5632=CARTESIAN_POINT('',(2.34,2.8,-0.87));
#5633=CARTESIAN_POINT('',(2.34,5.32703763912734E-17,-0.87));
#5634=VECTOR('',#6664,1.0);
#5635=CARTESIAN_POINT('',(2.74,2.8,-0.87));
#5636=CARTESIAN_POINT('',(2.74,2.8,-0.87));
#5637=VECTOR('',#6665,1.0);
#5638=CARTESIAN_POINT('',(2.74,5.32703763912734E-17,-0.87));
#5639=CARTESIAN_POINT('',(2.74,5.32703763912734E-17,-0.87));
#5640=VECTOR('',#6666,1.0);
#5641=CARTESIAN_POINT('',(2.74,5.32703763912734E-17,-0.87));
#5642=VECTOR('',#6667,1.0);
#5643=COLOUR_RGB('',0.0,0.0,0.0);
#5644=CARTESIAN_POINT('',(2.926523063262,2.8,-1.27));
#5645=CARTESIAN_POINT('',(4.893476936738,2.8,-1.27));
#5646=CARTESIAN_POINT('',(2.926523063262,2.8,-1.27));
#5647=VECTOR('',#6668,1.0);
#5648=CARTESIAN_POINT('',(4.893476936738,7.7762503467721E-17,-1.27));
#5649=CARTESIAN_POINT('',(4.893476936738,7.7762503467721E-17,-1.27));
#5650=VECTOR('',#6669,1.0);
#5651=CARTESIAN_POINT('',(2.926523063262,7.7762503467721E-17,-1.27));
#5652=CARTESIAN_POINT('',(2.926523063262,7.7762503467721E-17,-1.27));
#5653=VECTOR('',#6670,1.0);
#5654=CARTESIAN_POINT('',(2.926523063262,7.7762503467721E-17,-1.27));
#5655=VECTOR('',#6671,1.0);
#5656=COLOUR_RGB('',0.0,0.0,0.0);
#5657=CARTESIAN_POINT('',(5.08,2.8,-0.87));
#5658=CARTESIAN_POINT('',(4.893476936738,2.8,-1.27));
#5659=VECTOR('',#6672,1.0);
#5660=CARTESIAN_POINT('',(5.08,5.32703763912734E-17,-0.87));
#5661=CARTESIAN_POINT('',(5.08,5.32703763912734E-17,-0.87));
#5662=VECTOR('',#6673,1.0);
#5663=CARTESIAN_POINT('',(4.893476936738,7.7762503467721E-17,-1.27));
#5664=VECTOR('',#6674,1.0);
#5665=COLOUR_RGB('',0.0,0.0,0.0);
#5666=CARTESIAN_POINT('',(5.08,2.8,0.87));
#5667=CARTESIAN_POINT('',(5.08,2.8,-0.87));
#5668=VECTOR('',#6675,1.0);
#5669=CARTESIAN_POINT('',(5.08,-5.32703763912734E-17,0.87));
#5670=CARTESIAN_POINT('',(5.08,-5.32703763912734E-17,0.87));
#5671=VECTOR('',#6676,1.0);
#5672=CARTESIAN_POINT('',(5.08,5.32703763912734E-17,-0.87));
#5673=VECTOR('',#6677,1.0);
#5674=COLOUR_RGB('',0.0,0.0,0.0);
#5675=CARTESIAN_POINT('',(4.893476936738,2.8,1.27));
#5676=CARTESIAN_POINT('',(5.08,2.8,0.87));
#5677=VECTOR('',#6678,0.999999999999999);
#5678=CARTESIAN_POINT('',(4.893476936738,-7.7762503467721E-17,1.27));
#5679=CARTESIAN_POINT('',(4.893476936738,-7.7762503467721E-17,1.27));
#5680=VECTOR('',#6679,1.0);
#5681=CARTESIAN_POINT('',(5.08,-5.32703763912734E-17,0.87));
#5682=VECTOR('',#6680,0.999999999999999);
#5683=COLOUR_RGB('',0.0,0.0,0.0);
#5684=CARTESIAN_POINT('',(2.926523063262,2.8,1.27));
#5685=CARTESIAN_POINT('',(4.893476936738,2.8,1.27));
#5686=VECTOR('',#6681,1.0);
#5687=CARTESIAN_POINT('',(2.926523063262,-7.7762503467721E-17,1.27));
#5688=CARTESIAN_POINT('',(2.926523063262,-7.7762503467721E-17,1.27));
#5689=VECTOR('',#6682,1.0);
#5690=CARTESIAN_POINT('',(4.893476936738,-7.7762503467721E-17,1.27));
#5691=VECTOR('',#6683,1.0);
#5692=COLOUR_RGB('',0.0,0.0,0.0);
#5693=CARTESIAN_POINT('',(2.74,2.8,0.87));
#5694=CARTESIAN_POINT('',(2.926523063262,2.8,1.27));
#5695=VECTOR('',#6684,0.999999999999999);
#5696=CARTESIAN_POINT('',(2.74,-5.32703763912734E-17,0.87));
#5697=CARTESIAN_POINT('',(2.74,-5.32703763912734E-17,0.87));
#5698=VECTOR('',#6685,1.0);
#5699=CARTESIAN_POINT('',(2.926523063262,-7.7762503467721E-17,1.27));
#5700=VECTOR('',#6686,0.999999999999999);
#5701=COLOUR_RGB('',0.0,0.0,0.0);
#5702=CARTESIAN_POINT('',(2.34,-5.32703763912734E-17,0.87));
#5703=CARTESIAN_POINT('',(2.34,2.8,0.87));
#5704=CARTESIAN_POINT('',(2.34,-5.32703763912734E-17,0.87));
#5705=VECTOR('',#6687,1.0);
#5706=CARTESIAN_POINT('',(2.74,-5.32703763912734E-17,0.87));
#5707=VECTOR('',#6688,1.0);
#5708=CARTESIAN_POINT('',(2.74,2.8,0.87));
#5709=VECTOR('',#6689,1.0);
#5710=COLOUR_RGB('',0.0,0.0,0.0);
#5711=CARTESIAN_POINT('',(2.74,2.8,-0.87));
#5712=VECTOR('',#6690,1.0);
#5713=CARTESIAN_POINT('',(2.74,5.32703763912734E-17,-0.87));
#5714=VECTOR('',#6691,1.0);
#5715=COLOUR_RGB('',0.0,0.0,0.0);
#5716=CARTESIAN_POINT('',(2.153476936738,2.8,1.27));
#5717=CARTESIAN_POINT('',(2.153476936738,2.8,1.27));
#5718=VECTOR('',#6692,0.999999999999999);
#5719=CARTESIAN_POINT('',(2.153476936738,2.8,-1.27));
#5720=CARTESIAN_POINT('',(2.34,2.8,-0.87));
#5721=VECTOR('',#6693,0.999999999999999);
#5722=CARTESIAN_POINT('',(0.386523063262,2.8,-1.27));
#5723=CARTESIAN_POINT('',(2.153476936738,2.8,-1.27));
#5724=VECTOR('',#6694,1.0);
#5725=CARTESIAN_POINT('',(0.199999999999998,2.8,-0.87));
#5726=CARTESIAN_POINT('',(0.386523063262,2.8,-1.27));
#5727=VECTOR('',#6695,0.999999999999999);
#5728=CARTESIAN_POINT('',(-0.200000000000001,2.8,-0.87));
#5729=CARTESIAN_POINT('',(0.199999999999998,2.8,-0.87));
#5730=VECTOR('',#6696,1.0);
#5731=CARTESIAN_POINT('',(-0.386523063262002,2.8,-1.27));
#5732=CARTESIAN_POINT('',(-0.200000000000001,2.8,-0.87));
#5733=VECTOR('',#6697,0.999999999999999);
#5734=CARTESIAN_POINT('',(-2.153476936738,2.8,-1.27));
#5735=CARTESIAN_POINT('',(-0.386523063262002,2.8,-1.27));
#5736=VECTOR('',#6698,1.0);
#5737=CARTESIAN_POINT('',(-2.34,2.8,-0.87));
#5738=CARTESIAN_POINT('',(-2.153476936738,2.8,-1.27));
#5739=VECTOR('',#6699,0.999999999999999);
#5740=CARTESIAN_POINT('',(-2.74,2.8,-0.87));
#5741=CARTESIAN_POINT('',(-2.34,2.8,-0.87));
#5742=VECTOR('',#6700,1.0);
#5743=CARTESIAN_POINT('',(-2.926523063262,2.8,-1.27));
#5744=CARTESIAN_POINT('',(-2.926523063262,2.8,-1.27));
#5745=VECTOR('',#6701,1.0);
#5746=CARTESIAN_POINT('',(-4.893476936738,2.8,-1.27));
#5747=CARTESIAN_POINT('',(-4.893476936738,2.8,-1.27));
#5748=VECTOR('',#6702,1.0);
#5749=CARTESIAN_POINT('',(-5.08,2.8,-0.87));
#5750=CARTESIAN_POINT('',(-5.08,2.8,-0.87));
#5751=VECTOR('',#6703,1.0);
#5752=CARTESIAN_POINT('',(-5.08,2.8,0.87));
#5753=CARTESIAN_POINT('',(-5.08,2.8,0.87));
#5754=VECTOR('',#6704,1.0);
#5755=CARTESIAN_POINT('',(-4.893476936738,2.8,1.27));
#5756=CARTESIAN_POINT('',(-4.893476936738,2.8,1.27));
#5757=VECTOR('',#6705,1.0);
#5758=CARTESIAN_POINT('',(-2.926523063262,2.8,1.27));
#5759=CARTESIAN_POINT('',(-2.926523063262,2.8,1.27));
#5760=VECTOR('',#6706,1.0);
#5761=CARTESIAN_POINT('',(-2.74,2.8,0.87));
#5762=CARTESIAN_POINT('',(-2.74,2.8,0.87));
#5763=VECTOR('',#6707,0.999999999999999);
#5764=CARTESIAN_POINT('',(-2.34,2.8,0.87));
#5765=CARTESIAN_POINT('',(-2.34,2.8,0.87));
#5766=VECTOR('',#6708,1.0);
#5767=CARTESIAN_POINT('',(-2.153476936738,2.8,1.27));
#5768=CARTESIAN_POINT('',(-2.34,2.8,0.87));
#5769=VECTOR('',#6709,0.999999999999999);
#5770=CARTESIAN_POINT('',(-0.386523063262002,2.8,1.27));
#5771=CARTESIAN_POINT('',(-2.153476936738,2.8,1.27));
#5772=VECTOR('',#6710,1.0);
#5773=CARTESIAN_POINT('',(-0.200000000000001,2.8,0.87));
#5774=CARTESIAN_POINT('',(-0.386523063262002,2.8,1.27));
#5775=VECTOR('',#6711,0.999999999999999);
#5776=CARTESIAN_POINT('',(0.199999999999998,2.8,0.87));
#5777=CARTESIAN_POINT('',(0.199999999999998,2.8,0.87));
#5778=VECTOR('',#6712,1.0);
#5779=CARTESIAN_POINT('',(0.386523063262,2.8,1.27));
#5780=CARTESIAN_POINT('',(0.199999999999998,2.8,0.87));
#5781=VECTOR('',#6713,0.999999999999999);
#5782=CARTESIAN_POINT('',(0.386523063262,2.8,1.27));
#5783=VECTOR('',#6714,1.0);
#5784=COLOUR_RGB('',0.0,0.0,0.0);
#5785=CARTESIAN_POINT('',(-0.200000000000001,5.32703763912734E-17,-0.87));
#5786=CARTESIAN_POINT('',(-0.200000000000001,5.32703763912734E-17,-0.87));
#5787=VECTOR('',#6715,1.0);
#5788=CARTESIAN_POINT('',(0.199999999999998,5.32703763912734E-17,-0.87));
#5789=CARTESIAN_POINT('',(0.199999999999998,5.32703763912734E-17,-0.87));
#5790=VECTOR('',#6716,1.0);
#5791=CARTESIAN_POINT('',(0.199999999999998,5.32703763912734E-17,-0.87));
#5792=VECTOR('',#6717,1.0);
#5793=COLOUR_RGB('',0.0,0.0,0.0);
#5794=CARTESIAN_POINT('',(0.199999999999998,-5.32703763912734E-17,0.87));
#5795=CARTESIAN_POINT('',(0.199999999999998,-5.32703763912734E-17,0.87));
#5796=VECTOR('',#6718,1.0);
#5797=CARTESIAN_POINT('',(0.386523063262,-7.7762503467721E-17,1.27));
#5798=CARTESIAN_POINT('',(0.199999999999998,-5.32703763912734E-17,0.87));
#5799=VECTOR('',#6719,0.999999999999999);
#5800=CARTESIAN_POINT('',(0.386523063262,-7.7762503467721E-17,1.27));
#5801=VECTOR('',#6720,1.0);
#5802=COLOUR_RGB('',0.0,0.0,0.0);
#5803=CARTESIAN_POINT('',(-0.200000000000001,-5.32703763912734E-17,0.87));
#5804=CARTESIAN_POINT('',(-0.200000000000001,-5.32703763912734E-17,0.87));
#5805=VECTOR('',#6721,1.0);
#5806=CARTESIAN_POINT('',(0.199999999999998,-5.32703763912734E-17,0.87));
#5807=VECTOR('',#6722,1.0);
#5808=COLOUR_RGB('',0.0,0.0,0.0);
#5809=CARTESIAN_POINT('',(0.386523063262,7.7762503467721E-17,-1.27));
#5810=CARTESIAN_POINT('',(0.386523063262,7.7762503467721E-17,-1.27));
#5811=VECTOR('',#6723,1.0);
#5812=CARTESIAN_POINT('',(0.386523063262,7.7762503467721E-17,-1.27));
#5813=VECTOR('',#6724,0.999999999999999);
#5814=COLOUR_RGB('',0.0,0.0,0.0);
#5815=CARTESIAN_POINT('',(2.153476936738,7.7762503467721E-17,-1.27));
#5816=CARTESIAN_POINT('',(2.153476936738,7.7762503467721E-17,-1.27));
#5817=VECTOR('',#6725,1.0);
#5818=CARTESIAN_POINT('',(2.153476936738,7.7762503467721E-17,-1.27));
#5819=VECTOR('',#6726,1.0);
#5820=COLOUR_RGB('',0.0,0.0,0.0);
#5821=CARTESIAN_POINT('',(2.34,5.32703763912734E-17,-0.87));
#5822=VECTOR('',#6727,0.999999999999999);
#5823=COLOUR_RGB('',0.0,0.0,0.0);
#5824=CARTESIAN_POINT('',(2.153476936738,-7.7762503467721E-17,1.27));
#5825=CARTESIAN_POINT('',(2.153476936738,-7.7762503467721E-17,1.27));
#5826=VECTOR('',#6728,1.0);
#5827=CARTESIAN_POINT('',(2.153476936738,-7.7762503467721E-17,1.27));
#5828=VECTOR('',#6729,0.999999999999999);
#5829=COLOUR_RGB('',0.0,0.0,0.0);
#5830=CARTESIAN_POINT('',(0.386523063262,-7.7762503467721E-17,1.27));
#5831=VECTOR('',#6730,1.0);
#5832=COLOUR_RGB('',0.0,0.0,0.0);
#5833=CARTESIAN_POINT('',(-2.74,5.32703763912734E-17,-0.87));
#5834=CARTESIAN_POINT('',(-2.74,5.32703763912734E-17,-0.87));
#5835=VECTOR('',#6731,1.0);
#5836=CARTESIAN_POINT('',(-2.34,5.32703763912734E-17,-0.87));
#5837=CARTESIAN_POINT('',(-2.34,5.32703763912734E-17,-0.87));
#5838=VECTOR('',#6732,1.0);
#5839=CARTESIAN_POINT('',(-2.34,5.32703763912734E-17,-0.87));
#5840=VECTOR('',#6733,1.0);
#5841=COLOUR_RGB('',0.0,0.0,0.0);
#5842=CARTESIAN_POINT('',(-2.34,-5.32703763912734E-17,0.87));
#5843=CARTESIAN_POINT('',(-2.34,-5.32703763912734E-17,0.87));
#5844=VECTOR('',#6734,1.0);
#5845=CARTESIAN_POINT('',(-2.153476936738,-7.7762503467721E-17,1.27));
#5846=CARTESIAN_POINT('',(-2.34,-5.32703763912734E-17,0.87));
#5847=VECTOR('',#6735,1.0);
#5848=CARTESIAN_POINT('',(-2.153476936738,-7.7762503467721E-17,1.27));
#5849=VECTOR('',#6736,1.0);
#5850=COLOUR_RGB('',0.0,0.0,0.0);
#5851=CARTESIAN_POINT('',(-2.74,-5.32703763912734E-17,0.87));
#5852=CARTESIAN_POINT('',(-2.74,-5.32703763912734E-17,0.87));
#5853=VECTOR('',#6737,1.0);
#5854=CARTESIAN_POINT('',(-2.34,-5.32703763912734E-17,0.87));
#5855=VECTOR('',#6738,1.0);
#5856=COLOUR_RGB('',0.0,0.0,0.0);
#5857=CARTESIAN_POINT('',(-2.153476936738,7.7762503467721E-17,-1.27));
#5858=CARTESIAN_POINT('',(-2.153476936738,7.7762503467721E-17,-1.27));
#5859=VECTOR('',#6739,1.0);
#5860=CARTESIAN_POINT('',(-2.153476936738,7.7762503467721E-17,-1.27));
#5861=VECTOR('',#6740,1.0);
#5862=COLOUR_RGB('',0.0,0.0,0.0);
#5863=CARTESIAN_POINT('',(-0.386523063262002,7.7762503467721E-17,-1.27));
#5864=CARTESIAN_POINT('',(-0.386523063262002,7.7762503467721E-17,-1.27));
#5865=VECTOR('',#6741,1.0);
#5866=CARTESIAN_POINT('',(-0.386523063262002,7.7762503467721E-17,-1.27));
#5867=VECTOR('',#6742,1.0);
#5868=COLOUR_RGB('',0.0,0.0,0.0);
#5869=CARTESIAN_POINT('',(-0.200000000000001,5.32703763912734E-17,-0.87));
#5870=VECTOR('',#6743,1.0);
#5871=COLOUR_RGB('',0.0,0.0,0.0);
#5872=CARTESIAN_POINT('',(-0.386523063262002,-7.7762503467721E-17,1.27));
#5873=CARTESIAN_POINT('',(-0.386523063262002,-7.7762503467721E-17,1.27));
#5874=VECTOR('',#6744,1.0);
#5875=CARTESIAN_POINT('',(-0.386523063262002,-7.7762503467721E-17,1.27));
#5876=VECTOR('',#6745,1.0);
#5877=COLOUR_RGB('',0.0,0.0,0.0);
#5878=CARTESIAN_POINT('',(-2.153476936738,-7.7762503467721E-17,1.27));
#5879=VECTOR('',#6746,1.0);
#5880=COLOUR_RGB('',0.0,0.0,0.0);
#5881=CARTESIAN_POINT('',(-5.08,-5.32703763912734E-17,0.87));
#5882=CARTESIAN_POINT('',(-5.08,-5.32703763912734E-17,0.87));
#5883=VECTOR('',#6747,1.0);
#5884=CARTESIAN_POINT('',(-4.893476936738,-7.7762503467721E-17,1.27));
#5885=CARTESIAN_POINT('',(-4.893476936738,-7.7762503467721E-17,1.27));
#5886=VECTOR('',#6748,1.0);
#5887=CARTESIAN_POINT('',(-4.893476936738,-7.7762503467721E-17,1.27));
#5888=VECTOR('',#6749,1.0);
#5889=COLOUR_RGB('',0.0,0.0,0.0);
#5890=CARTESIAN_POINT('',(-5.08,5.32703763912734E-17,-0.87));
#5891=CARTESIAN_POINT('',(-5.08,5.32703763912734E-17,-0.87));
#5892=VECTOR('',#6750,1.0);
#5893=CARTESIAN_POINT('',(-5.08,-5.32703763912734E-17,0.87));
#5894=VECTOR('',#6751,1.0);
#5895=COLOUR_RGB('',0.0,0.0,0.0);
#5896=CARTESIAN_POINT('',(-4.893476936738,7.7762503467721E-17,-1.27));
#5897=CARTESIAN_POINT('',(-4.893476936738,7.7762503467721E-17,-1.27));
#5898=VECTOR('',#6752,1.0);
#5899=CARTESIAN_POINT('',(-5.08,5.32703763912734E-17,-0.87));
#5900=VECTOR('',#6753,1.0);
#5901=COLOUR_RGB('',0.0,0.0,0.0);
#5902=CARTESIAN_POINT('',(-2.926523063262,7.7762503467721E-17,-1.27));
#5903=CARTESIAN_POINT('',(-2.926523063262,7.7762503467721E-17,-1.27));
#5904=VECTOR('',#6754,1.0);
#5905=CARTESIAN_POINT('',(-4.893476936738,7.7762503467721E-17,-1.27));
#5906=VECTOR('',#6755,1.0);
#5907=COLOUR_RGB('',0.0,0.0,0.0);
#5908=CARTESIAN_POINT('',(-2.926523063262,7.7762503467721E-17,-1.27));
#5909=VECTOR('',#6756,1.0);
#5910=COLOUR_RGB('',0.0,0.0,0.0);
#5911=CARTESIAN_POINT('',(-2.926523063262,-7.7762503467721E-17,1.27));
#5912=CARTESIAN_POINT('',(-2.926523063262,-7.7762503467721E-17,1.27));
#5913=VECTOR('',#6757,1.0);
#5914=CARTESIAN_POINT('',(-2.74,-5.32703763912734E-17,0.87));
#5915=VECTOR('',#6758,1.0);
#5916=COLOUR_RGB('',0.0,0.0,0.0);
#5917=CARTESIAN_POINT('',(-2.926523063262,-7.7762503467721E-17,1.27));
#5918=VECTOR('',#6759,1.0);
#5919=COLOUR_RGB('',0.0,0.0,0.0);
#5920=DIRECTION('',(0.707106781186548,0.707106781186548,8.65927457071935E-17));
#5921=CARTESIAN_POINT('',(-3.81,-1.4,0.0));
#5922=DIRECTION('',(-0.0,1.0,0.0));
#5923=DIRECTION('',(1.0,0.0,0.0));
#5924=DIRECTION('',(0.707106781186548,-0.707106781186548,8.65927457071935E-17));
#5925=CARTESIAN_POINT('',(-3.81,-1.2,0.0));
#5926=DIRECTION('',(-0.0,1.0,0.0));
#5927=DIRECTION('',(1.0,0.0,0.0));
#5928=CARTESIAN_POINT('',(-3.81,-1.55,-0.399999999999999));
#5929=DIRECTION('',(-1.0,0.0,-0.0));
#5930=DIRECTION('',(0.0,-0.0,-1.0));
#5931=CARTESIAN_POINT('',(-3.81,-1.55,0.0));
#5932=DIRECTION('',(-0.0,1.0,0.0));
#5933=DIRECTION('',(1.0,0.0,0.0));
#5934=CARTESIAN_POINT('',(-3.81,-1.55,0.0));
#5935=DIRECTION('',(-0.0,1.0,0.0));
#5936=DIRECTION('',(1.0,0.0,0.0));
#5937=CARTESIAN_POINT('',(-3.81,-1.55,0.399999999999999));
#5938=DIRECTION('',(-1.0,0.0,0.0));
#5939=DIRECTION('',(0.0,0.0,1.0));
#5940=CARTESIAN_POINT('',(-3.81,-1.4,0.0));
#5941=DIRECTION('',(-0.0,1.0,0.0));
#5942=DIRECTION('',(1.0,0.0,0.0));
#5943=DIRECTION('',(0.0,1.0,0.0));
#5944=CARTESIAN_POINT('',(-3.81,-4.325,0.0));
#5945=DIRECTION('',(-0.0,1.0,0.0));
#5946=DIRECTION('',(1.0,0.0,0.0));
#5947=CARTESIAN_POINT('',(-3.81,-4.325,0.0));
#5948=DIRECTION('',(-0.0,1.0,0.0));
#5949=DIRECTION('',(1.0,0.0,0.0));
#5950=DIRECTION('',(-0.0,-1.0,-0.0));
#5951=CARTESIAN_POINT('',(-3.81,-1.55,0.0));
#5952=DIRECTION('',(-0.0,1.0,0.0));
#5953=DIRECTION('',(1.0,0.0,0.0));
#5954=CARTESIAN_POINT('',(-3.81,-4.325,0.00499999999999901));
#5955=DIRECTION('',(-1.0,0.0,0.0));
#5956=DIRECTION('',(0.0,-0.0,1.0));
#5957=CARTESIAN_POINT('',(-3.81,-4.57,0.0));
#5958=DIRECTION('',(-0.0,1.0,0.0));
#5959=DIRECTION('',(1.0,0.0,0.0));
#5960=CARTESIAN_POINT('',(-3.81,-4.57,0.0));
#5961=DIRECTION('',(-0.0,1.0,0.0));
#5962=DIRECTION('',(1.0,0.0,0.0));
#5963=CARTESIAN_POINT('',(-3.81,-4.325,-0.00499999999999901));
#5964=DIRECTION('',(-1.0,0.0,-0.0));
#5965=DIRECTION('',(0.0,0.0,-1.0));
#5966=CARTESIAN_POINT('',(-3.81,-4.325,0.0));
#5967=DIRECTION('',(-0.0,1.0,0.0));
#5968=DIRECTION('',(1.0,0.0,0.0));
#5969=DIRECTION('',(0.0,1.0,0.0));
#5970=CARTESIAN_POINT('',(-3.81,2.8,0.0));
#5971=DIRECTION('',(0.0,-1.0,-6.12303176911189E-17));
#5972=DIRECTION('',(1.0,0.0,0.0));
#5973=DIRECTION('',(-0.0,-1.0,-0.0));
#5974=CARTESIAN_POINT('',(-3.81,2.801,0.0));
#5975=DIRECTION('',(-0.0,1.0,0.0));
#5976=DIRECTION('',(1.0,0.0,0.0));
#5977=DIRECTION('',(0.0,1.0,0.0));
#5978=DIRECTION('',(-0.0,-1.0,-0.0));
#5979=CARTESIAN_POINT('',(-3.81,0.0,0.0));
#5980=DIRECTION('',(-0.0,1.0,6.12303176911189E-17));
#5981=DIRECTION('',(1.0,0.0,0.0));
#5982=DIRECTION('',(0.707106781186547,0.707106781186548,8.65927457071935E-17));
#5983=CARTESIAN_POINT('',(-1.27,-1.4,0.0));
#5984=DIRECTION('',(-0.0,1.0,0.0));
#5985=DIRECTION('',(1.0,0.0,0.0));
#5986=DIRECTION('',(0.707106781186548,-0.707106781186548,8.65927457071935E-17));
#5987=CARTESIAN_POINT('',(-1.27,-1.2,0.0));
#5988=DIRECTION('',(-0.0,1.0,0.0));
#5989=DIRECTION('',(1.0,0.0,0.0));
#5990=CARTESIAN_POINT('',(-1.27,-1.55,-0.399999999999999));
#5991=DIRECTION('',(-1.0,0.0,-0.0));
#5992=DIRECTION('',(0.0,-0.0,-1.0));
#5993=CARTESIAN_POINT('',(-1.27,-1.55,0.0));
#5994=DIRECTION('',(-0.0,1.0,0.0));
#5995=DIRECTION('',(1.0,0.0,0.0));
#5996=CARTESIAN_POINT('',(-1.27,-1.55,0.0));
#5997=DIRECTION('',(-0.0,1.0,0.0));
#5998=DIRECTION('',(1.0,0.0,0.0));
#5999=CARTESIAN_POINT('',(-1.27,-1.55,0.399999999999999));
#6000=DIRECTION('',(-1.0,0.0,0.0));
#6001=DIRECTION('',(0.0,0.0,1.0));
#6002=CARTESIAN_POINT('',(-1.27,-1.4,0.0));
#6003=DIRECTION('',(-0.0,1.0,0.0));
#6004=DIRECTION('',(1.0,0.0,0.0));
#6005=DIRECTION('',(0.0,1.0,0.0));
#6006=CARTESIAN_POINT('',(-1.27,-4.325,0.0));
#6007=DIRECTION('',(-0.0,1.0,0.0));
#6008=DIRECTION('',(1.0,0.0,0.0));
#6009=CARTESIAN_POINT('',(-1.27,-4.325,0.0));
#6010=DIRECTION('',(-0.0,1.0,0.0));
#6011=DIRECTION('',(1.0,0.0,0.0));
#6012=DIRECTION('',(-0.0,-1.0,-0.0));
#6013=CARTESIAN_POINT('',(-1.27,-1.55,0.0));
#6014=DIRECTION('',(-0.0,1.0,0.0));
#6015=DIRECTION('',(1.0,0.0,0.0));
#6016=CARTESIAN_POINT('',(-1.27,-4.325,0.00499999999999901));
#6017=DIRECTION('',(-1.0,0.0,0.0));
#6018=DIRECTION('',(0.0,-0.0,1.0));
#6019=CARTESIAN_POINT('',(-1.27,-4.57,0.0));
#6020=DIRECTION('',(-0.0,1.0,0.0));
#6021=DIRECTION('',(1.0,0.0,0.0));
#6022=CARTESIAN_POINT('',(-1.27,-4.57,0.0));
#6023=DIRECTION('',(-0.0,1.0,0.0));
#6024=DIRECTION('',(1.0,0.0,0.0));
#6025=CARTESIAN_POINT('',(-1.27,-4.325,-0.00499999999999901));
#6026=DIRECTION('',(-1.0,0.0,-0.0));
#6027=DIRECTION('',(0.0,0.0,-1.0));
#6028=CARTESIAN_POINT('',(-1.27,-4.325,0.0));
#6029=DIRECTION('',(-0.0,1.0,0.0));
#6030=DIRECTION('',(1.0,0.0,0.0));
#6031=DIRECTION('',(0.0,1.0,0.0));
#6032=CARTESIAN_POINT('',(-1.27,2.8,0.0));
#6033=DIRECTION('',(0.0,-1.0,-6.12303176911189E-17));
#6034=DIRECTION('',(1.0,0.0,0.0));
#6035=DIRECTION('',(-0.0,-1.0,-0.0));
#6036=CARTESIAN_POINT('',(-1.27,2.801,0.0));
#6037=DIRECTION('',(-0.0,1.0,0.0));
#6038=DIRECTION('',(1.0,0.0,0.0));
#6039=DIRECTION('',(0.0,1.0,0.0));
#6040=DIRECTION('',(-0.0,-1.0,-0.0));
#6041=CARTESIAN_POINT('',(-1.27,0.0,0.0));
#6042=DIRECTION('',(-0.0,1.0,6.12303176911189E-17));
#6043=DIRECTION('',(1.0,0.0,0.0));
#6044=DIRECTION('',(0.707106781186548,0.707106781186548,8.65927457071935E-17));
#6045=CARTESIAN_POINT('',(1.27,-1.4,0.0));
#6046=DIRECTION('',(-0.0,1.0,0.0));
#6047=DIRECTION('',(1.0,0.0,0.0));
#6048=DIRECTION('',(0.707106781186547,-0.707106781186548,8.65927457071935E-17));
#6049=CARTESIAN_POINT('',(1.27,-1.2,0.0));
#6050=DIRECTION('',(-0.0,1.0,0.0));
#6051=DIRECTION('',(1.0,0.0,0.0));
#6052=CARTESIAN_POINT('',(1.27,-1.55,-0.399999999999999));
#6053=DIRECTION('',(-1.0,0.0,-0.0));
#6054=DIRECTION('',(0.0,-0.0,-1.0));
#6055=CARTESIAN_POINT('',(1.27,-1.55,0.0));
#6056=DIRECTION('',(-0.0,1.0,0.0));
#6057=DIRECTION('',(1.0,0.0,0.0));
#6058=CARTESIAN_POINT('',(1.27,-1.55,0.0));
#6059=DIRECTION('',(-0.0,1.0,0.0));
#6060=DIRECTION('',(1.0,0.0,0.0));
#6061=CARTESIAN_POINT('',(1.27,-1.55,0.399999999999999));
#6062=DIRECTION('',(-1.0,0.0,0.0));
#6063=DIRECTION('',(0.0,0.0,1.0));
#6064=CARTESIAN_POINT('',(1.27,-1.4,0.0));
#6065=DIRECTION('',(-0.0,1.0,0.0));
#6066=DIRECTION('',(1.0,0.0,0.0));
#6067=DIRECTION('',(0.0,1.0,0.0));
#6068=CARTESIAN_POINT('',(1.27,-4.325,0.0));
#6069=DIRECTION('',(-0.0,1.0,0.0));
#6070=DIRECTION('',(1.0,0.0,0.0));
#6071=CARTESIAN_POINT('',(1.27,-4.325,0.0));
#6072=DIRECTION('',(-0.0,1.0,0.0));
#6073=DIRECTION('',(1.0,0.0,0.0));
#6074=DIRECTION('',(-0.0,-1.0,-0.0));
#6075=CARTESIAN_POINT('',(1.27,-1.55,0.0));
#6076=DIRECTION('',(-0.0,1.0,0.0));
#6077=DIRECTION('',(1.0,0.0,0.0));
#6078=CARTESIAN_POINT('',(1.27,-4.325,0.00499999999999901));
#6079=DIRECTION('',(-1.0,0.0,0.0));
#6080=DIRECTION('',(0.0,-0.0,1.0));
#6081=CARTESIAN_POINT('',(1.27,-4.57,0.0));
#6082=DIRECTION('',(-0.0,1.0,0.0));
#6083=DIRECTION('',(1.0,0.0,0.0));
#6084=CARTESIAN_POINT('',(1.27,-4.57,0.0));
#6085=DIRECTION('',(-0.0,1.0,0.0));
#6086=DIRECTION('',(1.0,0.0,0.0));
#6087=CARTESIAN_POINT('',(1.27,-4.325,-0.00499999999999901));
#6088=DIRECTION('',(-1.0,0.0,-0.0));
#6089=DIRECTION('',(0.0,0.0,-1.0));
#6090=CARTESIAN_POINT('',(1.27,-4.325,0.0));
#6091=DIRECTION('',(-0.0,1.0,0.0));
#6092=DIRECTION('',(1.0,0.0,0.0));
#6093=DIRECTION('',(0.0,1.0,0.0));
#6094=CARTESIAN_POINT('',(1.27,2.8,0.0));
#6095=DIRECTION('',(0.0,-1.0,-6.12303176911189E-17));
#6096=DIRECTION('',(1.0,0.0,0.0));
#6097=DIRECTION('',(-0.0,-1.0,-0.0));
#6098=CARTESIAN_POINT('',(1.27,2.801,0.0));
#6099=DIRECTION('',(-0.0,1.0,0.0));
#6100=DIRECTION('',(1.0,0.0,0.0));
#6101=DIRECTION('',(0.0,1.0,0.0));
#6102=DIRECTION('',(-0.0,-1.0,-0.0));
#6103=CARTESIAN_POINT('',(1.27,0.0,0.0));
#6104=DIRECTION('',(-0.0,1.0,6.12303176911189E-17));
#6105=DIRECTION('',(1.0,0.0,0.0));
#6106=DIRECTION('',(0.707106781186548,0.707106781186548,8.65927457071935E-17));
#6107=CARTESIAN_POINT('',(3.81,-1.4,0.0));
#6108=DIRECTION('',(-0.0,1.0,0.0));
#6109=DIRECTION('',(1.0,0.0,0.0));
#6110=DIRECTION('',(0.707106781186548,-0.707106781186548,8.65927457071935E-17));
#6111=CARTESIAN_POINT('',(3.81,-1.2,0.0));
#6112=DIRECTION('',(-0.0,1.0,0.0));
#6113=DIRECTION('',(1.0,0.0,0.0));
#6114=CARTESIAN_POINT('',(3.81,-1.55,-0.399999999999999));
#6115=DIRECTION('',(-1.0,0.0,-0.0));
#6116=DIRECTION('',(0.0,-0.0,-1.0));
#6117=CARTESIAN_POINT('',(3.81,-1.55,0.0));
#6118=DIRECTION('',(-0.0,1.0,0.0));
#6119=DIRECTION('',(1.0,0.0,0.0));
#6120=CARTESIAN_POINT('',(3.81,-1.55,0.0));
#6121=DIRECTION('',(-0.0,1.0,0.0));
#6122=DIRECTION('',(1.0,0.0,0.0));
#6123=CARTESIAN_POINT('',(3.81,-1.55,0.399999999999999));
#6124=DIRECTION('',(-1.0,0.0,0.0));
#6125=DIRECTION('',(0.0,0.0,1.0));
#6126=CARTESIAN_POINT('',(3.81,-1.4,0.0));
#6127=DIRECTION('',(-0.0,1.0,0.0));
#6128=DIRECTION('',(1.0,0.0,0.0));
#6129=DIRECTION('',(0.0,1.0,0.0));
#6130=CARTESIAN_POINT('',(3.81,-4.325,0.0));
#6131=DIRECTION('',(-0.0,1.0,0.0));
#6132=DIRECTION('',(1.0,0.0,0.0));
#6133=CARTESIAN_POINT('',(3.81,-4.325,0.0));
#6134=DIRECTION('',(-0.0,1.0,0.0));
#6135=DIRECTION('',(1.0,0.0,0.0));
#6136=DIRECTION('',(-0.0,-1.0,-0.0));
#6137=CARTESIAN_POINT('',(3.81,-1.55,0.0));
#6138=DIRECTION('',(-0.0,1.0,0.0));
#6139=DIRECTION('',(1.0,0.0,0.0));
#6140=CARTESIAN_POINT('',(3.81,-4.325,0.00499999999999901));
#6141=DIRECTION('',(-1.0,0.0,0.0));
#6142=DIRECTION('',(0.0,-0.0,1.0));
#6143=CARTESIAN_POINT('',(3.81,-4.57,0.0));
#6144=DIRECTION('',(-0.0,1.0,0.0));
#6145=DIRECTION('',(1.0,0.0,0.0));
#6146=CARTESIAN_POINT('',(3.81,-4.57,0.0));
#6147=DIRECTION('',(-0.0,1.0,0.0));
#6148=DIRECTION('',(1.0,0.0,0.0));
#6149=CARTESIAN_POINT('',(3.81,-4.325,-0.00499999999999901));
#6150=DIRECTION('',(-1.0,0.0,-0.0));
#6151=DIRECTION('',(0.0,0.0,-1.0));
#6152=CARTESIAN_POINT('',(3.81,-4.325,0.0));
#6153=DIRECTION('',(-0.0,1.0,0.0));
#6154=DIRECTION('',(1.0,0.0,0.0));
#6155=DIRECTION('',(0.0,1.0,0.0));
#6156=CARTESIAN_POINT('',(3.81,2.8,0.0));
#6157=DIRECTION('',(0.0,-1.0,-6.12303176911189E-17));
#6158=DIRECTION('',(1.0,0.0,0.0));
#6159=DIRECTION('',(-0.0,-1.0,-0.0));
#6160=CARTESIAN_POINT('',(3.81,2.801,0.0));
#6161=DIRECTION('',(-0.0,1.0,0.0));
#6162=DIRECTION('',(1.0,0.0,0.0));
#6163=DIRECTION('',(0.0,1.0,0.0));
#6164=DIRECTION('',(-0.0,-1.0,-0.0));
#6165=CARTESIAN_POINT('',(3.81,0.0,0.0));
#6166=DIRECTION('',(-0.0,1.0,6.12303176911189E-17));
#6167=DIRECTION('',(1.0,0.0,0.0));
#6168=DIRECTION('',(-0.0,-1.0,-0.0));
#6169=CARTESIAN_POINT('',(-3.81,2.801,0.0));
#6170=DIRECTION('',(0.0,-1.0,0.0));
#6171=DIRECTION('',(1.0,0.0,0.0));
#6172=DIRECTION('',(-0.0,1.0,-0.0));
#6173=CARTESIAN_POINT('',(-3.81,2.8,0.0));
#6174=DIRECTION('',(-0.0,1.0,0.0));
#6175=DIRECTION('',(1.0,0.0,0.0));
#6176=DIRECTION('',(-0.707106781186547,-0.707106781186548,-8.65927457071935E-17));
#6177=DIRECTION('',(-0.707106781186547,0.707106781186548,-8.65927457071935E-17));
#6178=CARTESIAN_POINT('',(-3.81,2.575,0.0));
#6179=DIRECTION('',(-0.0,1.0,0.0));
#6180=DIRECTION('',(1.0,0.0,0.0));
#6181=DIRECTION('',(-0.0,-1.0,-0.0));
#6182=DIRECTION('',(-0.0,1.0,-0.0));
#6183=CARTESIAN_POINT('',(-3.81,2.505,0.0));
#6184=DIRECTION('',(-0.0,1.0,0.0));
#6185=DIRECTION('',(1.0,0.0,0.0));
#6186=DIRECTION('',(-0.57357643635105,-0.819152044288989,-7.02405348358292E-17));
#6187=CARTESIAN_POINT('',(-3.81,2.505,0.0));
#6188=DIRECTION('',(-0.0,1.0,0.0));
#6189=DIRECTION('',(1.0,0.0,0.0));
#6190=DIRECTION('',(-0.57357643635105,0.819152044288989,-7.02405348358292E-17));
#6191=CARTESIAN_POINT('',(-3.81,2.36218519932579,0.0));
#6192=DIRECTION('',(-0.0,1.0,0.0));
#6193=DIRECTION('',(1.0,0.0,0.0));
#6194=DIRECTION('',(-0.0,-1.0,-0.0));
#6195=DIRECTION('',(-0.0,1.0,-0.0));
#6196=CARTESIAN_POINT('',(-3.81,1.905,0.0));
#6197=DIRECTION('',(-0.0,1.0,0.0));
#6198=DIRECTION('',(1.0,0.0,0.0));
#6199=DIRECTION('',(-0.186700801286744,-0.982416821313076,-2.28634987519476E-17));
#6200=DIRECTION('',(-0.186700801286745,0.982416821313076,-2.28634987519477E-17));
#6201=CARTESIAN_POINT('',(-3.81,0.48474062220542,0.0));
#6202=DIRECTION('',(-0.0,1.0,0.0));
#6203=DIRECTION('',(1.0,0.0,0.0));
#6204=DIRECTION('',(0.0618990615130477,-0.998082414524875,7.58019840245203E-18));
#6205=DIRECTION('',(0.0618990615130477,0.998082414524875,7.58019840245204E-18));
#6206=CARTESIAN_POINT('',(-3.81,0.43307607471323,0.0));
#6207=DIRECTION('',(-0.0,1.0,0.0));
#6208=DIRECTION('',(1.0,0.0,0.0));
#6209=DIRECTION('',(0.980094236948106,-0.198532835322295,1.20022962991135E-16));
#6210=DIRECTION('',(0.980094236948106,0.198532835322294,1.20022962991134E-16));
#6211=CARTESIAN_POINT('',(-3.81,0.4,0.0));
#6212=DIRECTION('',(-0.0,1.0,0.0));
#6213=DIRECTION('',(1.0,0.0,0.0));
#6214=DIRECTION('',(-0.186833376761239,-0.982391617089638,-2.28797340287903E-17));
#6215=CARTESIAN_POINT('',(-3.81,1.83766946254283,0.0));
#6216=DIRECTION('',(-0.0,1.0,0.0));
#6217=DIRECTION('',(1.0,0.0,0.0));
#6218=DIRECTION('',(-0.186833376761239,0.982391617089638,-2.28797340287903E-17));
#6219=CARTESIAN_POINT('',(-3.81,0.4,0.0));
#6220=DIRECTION('',(-0.0,1.0,0.0));
#6221=DIRECTION('',(1.0,0.0,0.0));
#6222=DIRECTION('',(-0.0,-1.0,-0.0));
#6223=CARTESIAN_POINT('',(-3.81,1.83766946254283,0.0));
#6224=DIRECTION('',(-0.0,1.0,0.0));
#6225=DIRECTION('',(1.0,0.0,0.0));
#6226=DIRECTION('',(-0.0,1.0,-0.0));
#6227=CARTESIAN_POINT('',(-3.81,-0.9,0.0));
#6228=DIRECTION('',(-0.0,1.0,0.0));
#6229=DIRECTION('',(1.0,0.0,0.0));
#6230=DIRECTION('',(-0.866025403784435,0.500000000000007,-1.06054021204601E-16));
#6231=DIRECTION('',(-0.866025403784435,-0.500000000000007,-1.06054021204601E-16));
#6232=DIRECTION('',(-0.0,-1.0,-0.0));
#6233=CARTESIAN_POINT('',(-1.27,2.801,0.0));
#6234=DIRECTION('',(0.0,-1.0,0.0));
#6235=DIRECTION('',(1.0,0.0,0.0));
#6236=DIRECTION('',(-0.0,1.0,-0.0));
#6237=CARTESIAN_POINT('',(-1.27,2.8,0.0));
#6238=DIRECTION('',(-0.0,1.0,0.0));
#6239=DIRECTION('',(1.0,0.0,0.0));
#6240=DIRECTION('',(-0.707106781186547,-0.707106781186548,-8.65927457071935E-17));
#6241=DIRECTION('',(-0.707106781186547,0.707106781186548,-8.65927457071935E-17));
#6242=CARTESIAN_POINT('',(-1.27,2.575,0.0));
#6243=DIRECTION('',(-0.0,1.0,0.0));
#6244=DIRECTION('',(1.0,0.0,0.0));
#6245=DIRECTION('',(-0.0,-1.0,-0.0));
#6246=DIRECTION('',(-0.0,1.0,-0.0));
#6247=CARTESIAN_POINT('',(-1.27,2.505,0.0));
#6248=DIRECTION('',(-0.0,1.0,0.0));
#6249=DIRECTION('',(1.0,0.0,0.0));
#6250=DIRECTION('',(-0.57357643635105,-0.819152044288989,-7.02405348358292E-17));
#6251=CARTESIAN_POINT('',(-1.27,2.505,0.0));
#6252=DIRECTION('',(-0.0,1.0,0.0));
#6253=DIRECTION('',(1.0,0.0,0.0));
#6254=DIRECTION('',(-0.57357643635105,0.819152044288989,-7.02405348358292E-17));
#6255=CARTESIAN_POINT('',(-1.27,2.36218519932579,0.0));
#6256=DIRECTION('',(-0.0,1.0,0.0));
#6257=DIRECTION('',(1.0,0.0,0.0));
#6258=DIRECTION('',(-0.0,-1.0,-0.0));
#6259=DIRECTION('',(-0.0,1.0,-0.0));
#6260=CARTESIAN_POINT('',(-1.27,1.905,0.0));
#6261=DIRECTION('',(-0.0,1.0,0.0));
#6262=DIRECTION('',(1.0,0.0,0.0));
#6263=DIRECTION('',(-0.186700801286745,-0.982416821313076,-2.28634987519477E-17));
#6264=DIRECTION('',(-0.186700801286745,0.982416821313076,-2.28634987519476E-17));
#6265=CARTESIAN_POINT('',(-1.27,0.48474062220542,0.0));
#6266=DIRECTION('',(-0.0,1.0,0.0));
#6267=DIRECTION('',(1.0,0.0,0.0));
#6268=DIRECTION('',(0.0618990615130477,-0.998082414524875,7.58019840245203E-18));
#6269=DIRECTION('',(0.0618990615130477,0.998082414524875,7.58019840245204E-18));
#6270=CARTESIAN_POINT('',(-1.27,0.43307607471323,0.0));
#6271=DIRECTION('',(-0.0,1.0,0.0));
#6272=DIRECTION('',(1.0,0.0,0.0));
#6273=DIRECTION('',(0.980094236948106,-0.198532835322295,1.20022962991135E-16));
#6274=DIRECTION('',(0.980094236948106,0.198532835322295,1.20022962991135E-16));
#6275=CARTESIAN_POINT('',(-1.27,0.4,0.0));
#6276=DIRECTION('',(-0.0,1.0,0.0));
#6277=DIRECTION('',(1.0,0.0,0.0));
#6278=DIRECTION('',(-0.186833376761239,-0.982391617089638,-2.28797340287903E-17));
#6279=CARTESIAN_POINT('',(-1.27,1.83766946254283,0.0));
#6280=DIRECTION('',(-0.0,1.0,0.0));
#6281=DIRECTION('',(1.0,0.0,0.0));
#6282=DIRECTION('',(-0.186833376761239,0.982391617089638,-2.28797340287903E-17));
#6283=CARTESIAN_POINT('',(-1.27,0.4,0.0));
#6284=DIRECTION('',(-0.0,1.0,0.0));
#6285=DIRECTION('',(1.0,0.0,0.0));
#6286=DIRECTION('',(-0.0,-1.0,-0.0));
#6287=CARTESIAN_POINT('',(-1.27,1.83766946254283,0.0));
#6288=DIRECTION('',(-0.0,1.0,0.0));
#6289=DIRECTION('',(1.0,0.0,0.0));
#6290=DIRECTION('',(-0.0,1.0,-0.0));
#6291=CARTESIAN_POINT('',(-1.27,-0.9,0.0));
#6292=DIRECTION('',(-0.0,1.0,0.0));
#6293=DIRECTION('',(1.0,0.0,0.0));
#6294=DIRECTION('',(-0.866025403784435,0.500000000000007,-1.06054021204601E-16));
#6295=DIRECTION('',(-0.866025403784435,-0.500000000000007,-1.06054021204601E-16));
#6296=DIRECTION('',(-0.0,-1.0,-0.0));
#6297=CARTESIAN_POINT('',(1.27,2.801,0.0));
#6298=DIRECTION('',(0.0,-1.0,0.0));
#6299=DIRECTION('',(1.0,0.0,0.0));
#6300=DIRECTION('',(-0.0,1.0,-0.0));
#6301=CARTESIAN_POINT('',(1.27,2.8,0.0));
#6302=DIRECTION('',(-0.0,1.0,0.0));
#6303=DIRECTION('',(1.0,0.0,0.0));
#6304=DIRECTION('',(-0.707106781186547,-0.707106781186548,-8.65927457071935E-17));
#6305=DIRECTION('',(-0.707106781186547,0.707106781186548,-8.65927457071935E-17));
#6306=CARTESIAN_POINT('',(1.27,2.575,0.0));
#6307=DIRECTION('',(-0.0,1.0,0.0));
#6308=DIRECTION('',(1.0,0.0,0.0));
#6309=DIRECTION('',(-0.0,-1.0,-0.0));
#6310=DIRECTION('',(-0.0,1.0,-0.0));
#6311=CARTESIAN_POINT('',(1.27,2.505,0.0));
#6312=DIRECTION('',(-0.0,1.0,0.0));
#6313=DIRECTION('',(1.0,0.0,0.0));
#6314=DIRECTION('',(-0.57357643635105,-0.819152044288989,-7.02405348358292E-17));
#6315=CARTESIAN_POINT('',(1.27,2.505,0.0));
#6316=DIRECTION('',(-0.0,1.0,0.0));
#6317=DIRECTION('',(1.0,0.0,0.0));
#6318=DIRECTION('',(-0.57357643635105,0.819152044288989,-7.02405348358292E-17));
#6319=CARTESIAN_POINT('',(1.27,2.36218519932579,0.0));
#6320=DIRECTION('',(-0.0,1.0,0.0));
#6321=DIRECTION('',(1.0,0.0,0.0));
#6322=DIRECTION('',(-0.0,-1.0,-0.0));
#6323=DIRECTION('',(-0.0,1.0,-0.0));
#6324=CARTESIAN_POINT('',(1.27,1.905,0.0));
#6325=DIRECTION('',(-0.0,1.0,0.0));
#6326=DIRECTION('',(1.0,0.0,0.0));
#6327=DIRECTION('',(-0.186700801286745,-0.982416821313076,-2.28634987519477E-17));
#6328=DIRECTION('',(-0.186700801286745,0.982416821313076,-2.28634987519476E-17));
#6329=CARTESIAN_POINT('',(1.27,0.48474062220542,0.0));
#6330=DIRECTION('',(-0.0,1.0,0.0));
#6331=DIRECTION('',(1.0,0.0,0.0));
#6332=DIRECTION('',(0.0618990615130477,-0.998082414524875,7.58019840245203E-18));
#6333=DIRECTION('',(0.0618990615130477,0.998082414524875,7.58019840245204E-18));
#6334=CARTESIAN_POINT('',(1.27,0.43307607471323,0.0));
#6335=DIRECTION('',(-0.0,1.0,0.0));
#6336=DIRECTION('',(1.0,0.0,0.0));
#6337=DIRECTION('',(0.980094236948106,-0.198532835322295,1.20022962991135E-16));
#6338=DIRECTION('',(0.980094236948106,0.198532835322295,1.20022962991135E-16));
#6339=CARTESIAN_POINT('',(1.27,0.4,0.0));
#6340=DIRECTION('',(-0.0,1.0,0.0));
#6341=DIRECTION('',(1.0,0.0,0.0));
#6342=DIRECTION('',(-0.186833376761239,-0.982391617089638,-2.28797340287903E-17));
#6343=CARTESIAN_POINT('',(1.27,1.83766946254283,0.0));
#6344=DIRECTION('',(-0.0,1.0,0.0));
#6345=DIRECTION('',(1.0,0.0,0.0));
#6346=DIRECTION('',(-0.186833376761239,0.982391617089638,-2.28797340287903E-17));
#6347=CARTESIAN_POINT('',(1.27,0.4,0.0));
#6348=DIRECTION('',(-0.0,1.0,0.0));
#6349=DIRECTION('',(1.0,0.0,0.0));
#6350=DIRECTION('',(-0.0,-1.0,-0.0));
#6351=CARTESIAN_POINT('',(1.27,1.83766946254283,0.0));
#6352=DIRECTION('',(-0.0,1.0,0.0));
#6353=DIRECTION('',(1.0,0.0,0.0));
#6354=DIRECTION('',(-0.0,1.0,-0.0));
#6355=CARTESIAN_POINT('',(1.27,-0.9,0.0));
#6356=DIRECTION('',(-0.0,1.0,0.0));
#6357=DIRECTION('',(1.0,0.0,0.0));
#6358=DIRECTION('',(-0.866025403784435,0.500000000000007,-1.06054021204601E-16));
#6359=DIRECTION('',(-0.866025403784435,-0.500000000000007,-1.06054021204601E-16));
#6360=DIRECTION('',(-0.0,-1.0,-0.0));
#6361=CARTESIAN_POINT('',(3.81,2.801,0.0));
#6362=DIRECTION('',(0.0,-1.0,0.0));
#6363=DIRECTION('',(1.0,0.0,0.0));
#6364=DIRECTION('',(-0.0,1.0,-0.0));
#6365=CARTESIAN_POINT('',(3.81,2.8,0.0));
#6366=DIRECTION('',(-0.0,1.0,0.0));
#6367=DIRECTION('',(1.0,0.0,0.0));
#6368=DIRECTION('',(-0.707106781186547,-0.707106781186548,-8.65927457071935E-17));
#6369=DIRECTION('',(-0.707106781186547,0.707106781186548,-8.65927457071935E-17));
#6370=CARTESIAN_POINT('',(3.81,2.575,0.0));
#6371=DIRECTION('',(-0.0,1.0,0.0));
#6372=DIRECTION('',(1.0,0.0,0.0));
#6373=DIRECTION('',(-0.0,-1.0,-0.0));
#6374=DIRECTION('',(-0.0,1.0,-0.0));
#6375=CARTESIAN_POINT('',(3.81,2.505,0.0));
#6376=DIRECTION('',(-0.0,1.0,0.0));
#6377=DIRECTION('',(1.0,0.0,0.0));
#6378=DIRECTION('',(-0.57357643635105,-0.819152044288989,-7.02405348358292E-17));
#6379=CARTESIAN_POINT('',(3.81,2.505,0.0));
#6380=DIRECTION('',(-0.0,1.0,0.0));
#6381=DIRECTION('',(1.0,0.0,0.0));
#6382=DIRECTION('',(-0.57357643635105,0.819152044288989,-7.02405348358292E-17));
#6383=CARTESIAN_POINT('',(3.81,2.36218519932579,0.0));
#6384=DIRECTION('',(-0.0,1.0,0.0));
#6385=DIRECTION('',(1.0,0.0,0.0));
#6386=DIRECTION('',(-0.0,-1.0,-0.0));
#6387=DIRECTION('',(-0.0,1.0,-0.0));
#6388=CARTESIAN_POINT('',(3.81,1.905,0.0));
#6389=DIRECTION('',(-0.0,1.0,0.0));
#6390=DIRECTION('',(1.0,0.0,0.0));
#6391=DIRECTION('',(-0.186700801286745,-0.982416821313076,-2.28634987519476E-17));
#6392=DIRECTION('',(-0.186700801286744,0.982416821313076,-2.28634987519476E-17));
#6393=CARTESIAN_POINT('',(3.81,0.48474062220542,0.0));
#6394=DIRECTION('',(-0.0,1.0,0.0));
#6395=DIRECTION('',(1.0,0.0,0.0));
#6396=DIRECTION('',(0.0618990615130477,-0.998082414524875,7.58019840245203E-18));
#6397=DIRECTION('',(0.0618990615130477,0.998082414524875,7.58019840245204E-18));
#6398=CARTESIAN_POINT('',(3.81,0.43307607471323,0.0));
#6399=DIRECTION('',(-0.0,1.0,0.0));
#6400=DIRECTION('',(1.0,0.0,0.0));
#6401=DIRECTION('',(0.980094236948106,-0.198532835322294,1.20022962991134E-16));
#6402=DIRECTION('',(0.980094236948106,0.198532835322295,1.20022962991135E-16));
#6403=CARTESIAN_POINT('',(3.81,0.4,0.0));
#6404=DIRECTION('',(-0.0,1.0,0.0));
#6405=DIRECTION('',(1.0,0.0,0.0));
#6406=DIRECTION('',(-0.186833376761239,-0.982391617089638,-2.28797340287903E-17));
#6407=CARTESIAN_POINT('',(3.81,1.83766946254283,0.0));
#6408=DIRECTION('',(-0.0,1.0,0.0));
#6409=DIRECTION('',(1.0,0.0,0.0));
#6410=DIRECTION('',(-0.186833376761239,0.982391617089638,-2.28797340287903E-17));
#6411=CARTESIAN_POINT('',(3.81,0.4,0.0));
#6412=DIRECTION('',(-0.0,1.0,0.0));
#6413=DIRECTION('',(1.0,0.0,0.0));
#6414=DIRECTION('',(-0.0,-1.0,-0.0));
#6415=CARTESIAN_POINT('',(3.81,1.83766946254283,0.0));
#6416=DIRECTION('',(-0.0,1.0,0.0));
#6417=DIRECTION('',(1.0,0.0,0.0));
#6418=DIRECTION('',(-0.0,1.0,-0.0));
#6419=CARTESIAN_POINT('',(3.81,-0.9,0.0));
#6420=DIRECTION('',(-0.0,1.0,0.0));
#6421=DIRECTION('',(1.0,0.0,0.0));
#6422=DIRECTION('',(-0.866025403784435,0.500000000000007,-1.06054021204601E-16));
#6423=DIRECTION('',(-0.866025403784435,-0.500000000000007,-1.06054021204601E-16));
#6424=CARTESIAN_POINT('',(3.81,-0.9,0.0));
#6425=DIRECTION('',(-0.0,1.0,0.0));
#6426=DIRECTION('',(1.0,0.0,0.0));
#6427=CARTESIAN_POINT('',(3.81,0.43307607471323,0.0));
#6428=DIRECTION('',(-0.0,1.0,0.0));
#6429=DIRECTION('',(1.0,0.0,0.0));
#6430=CARTESIAN_POINT('',(3.81,0.48474062220542,0.0));
#6431=DIRECTION('',(-0.0,1.0,0.0));
#6432=DIRECTION('',(1.0,0.0,0.0));
#6433=CARTESIAN_POINT('',(3.81,1.905,0.0));
#6434=DIRECTION('',(-0.0,1.0,0.0));
#6435=DIRECTION('',(1.0,0.0,0.0));
#6436=CARTESIAN_POINT('',(3.81,2.36218519932579,0.0));
#6437=DIRECTION('',(-0.0,1.0,0.0));
#6438=DIRECTION('',(1.0,0.0,0.0));
#6439=CARTESIAN_POINT('',(3.81,2.505,0.0));
#6440=DIRECTION('',(-0.0,1.0,0.0));
#6441=DIRECTION('',(1.0,0.0,0.0));
#6442=CARTESIAN_POINT('',(3.81,2.505,0.0));
#6443=DIRECTION('',(-0.0,1.0,0.0));
#6444=DIRECTION('',(1.0,0.0,0.0));
#6445=CARTESIAN_POINT('',(3.81,2.575,0.0));
#6446=DIRECTION('',(-0.0,1.0,0.0));
#6447=DIRECTION('',(1.0,0.0,0.0));
#6448=CARTESIAN_POINT('',(3.81,2.8,0.0));
#6449=DIRECTION('',(-0.0,1.0,0.0));
#6450=DIRECTION('',(1.0,0.0,0.0));
#6451=CARTESIAN_POINT('',(3.81,2.801,0.0));
#6452=DIRECTION('',(0.0,-1.0,0.0));
#6453=DIRECTION('',(1.0,0.0,0.0));
#6454=CARTESIAN_POINT('',(1.27,-0.9,0.0));
#6455=DIRECTION('',(-0.0,1.0,0.0));
#6456=DIRECTION('',(1.0,0.0,0.0));
#6457=CARTESIAN_POINT('',(1.27,0.43307607471323,0.0));
#6458=DIRECTION('',(-0.0,1.0,0.0));
#6459=DIRECTION('',(1.0,0.0,0.0));
#6460=CARTESIAN_POINT('',(1.27,0.48474062220542,0.0));
#6461=DIRECTION('',(-0.0,1.0,0.0));
#6462=DIRECTION('',(1.0,0.0,0.0));
#6463=CARTESIAN_POINT('',(1.27,1.905,0.0));
#6464=DIRECTION('',(-0.0,1.0,0.0));
#6465=DIRECTION('',(1.0,0.0,0.0));
#6466=CARTESIAN_POINT('',(1.27,2.36218519932579,0.0));
#6467=DIRECTION('',(-0.0,1.0,0.0));
#6468=DIRECTION('',(1.0,0.0,0.0));
#6469=CARTESIAN_POINT('',(1.27,2.505,0.0));
#6470=DIRECTION('',(-0.0,1.0,0.0));
#6471=DIRECTION('',(1.0,0.0,0.0));
#6472=CARTESIAN_POINT('',(1.27,2.505,0.0));
#6473=DIRECTION('',(-0.0,1.0,0.0));
#6474=DIRECTION('',(1.0,0.0,0.0));
#6475=CARTESIAN_POINT('',(1.27,2.575,0.0));
#6476=DIRECTION('',(-0.0,1.0,0.0));
#6477=DIRECTION('',(1.0,0.0,0.0));
#6478=CARTESIAN_POINT('',(1.27,2.8,0.0));
#6479=DIRECTION('',(-0.0,1.0,0.0));
#6480=DIRECTION('',(1.0,0.0,0.0));
#6481=CARTESIAN_POINT('',(1.27,2.801,0.0));
#6482=DIRECTION('',(0.0,-1.0,0.0));
#6483=DIRECTION('',(1.0,0.0,0.0));
#6484=CARTESIAN_POINT('',(-1.27,-0.9,0.0));
#6485=DIRECTION('',(-0.0,1.0,0.0));
#6486=DIRECTION('',(1.0,0.0,0.0));
#6487=CARTESIAN_POINT('',(-1.27,0.43307607471323,0.0));
#6488=DIRECTION('',(-0.0,1.0,0.0));
#6489=DIRECTION('',(1.0,0.0,0.0));
#6490=CARTESIAN_POINT('',(-1.27,0.48474062220542,0.0));
#6491=DIRECTION('',(-0.0,1.0,0.0));
#6492=DIRECTION('',(1.0,0.0,0.0));
#6493=CARTESIAN_POINT('',(-1.27,1.905,0.0));
#6494=DIRECTION('',(-0.0,1.0,0.0));
#6495=DIRECTION('',(1.0,0.0,0.0));
#6496=CARTESIAN_POINT('',(-1.27,2.36218519932579,0.0));
#6497=DIRECTION('',(-0.0,1.0,0.0));
#6498=DIRECTION('',(1.0,0.0,0.0));
#6499=CARTESIAN_POINT('',(-1.27,2.505,0.0));
#6500=DIRECTION('',(-0.0,1.0,0.0));
#6501=DIRECTION('',(1.0,0.0,0.0));
#6502=CARTESIAN_POINT('',(-1.27,2.505,0.0));
#6503=DIRECTION('',(-0.0,1.0,0.0));
#6504=DIRECTION('',(1.0,0.0,0.0));
#6505=CARTESIAN_POINT('',(-1.27,2.575,0.0));
#6506=DIRECTION('',(-0.0,1.0,0.0));
#6507=DIRECTION('',(1.0,0.0,0.0));
#6508=CARTESIAN_POINT('',(-1.27,2.8,0.0));
#6509=DIRECTION('',(-0.0,1.0,0.0));
#6510=DIRECTION('',(1.0,0.0,0.0));
#6511=CARTESIAN_POINT('',(-1.27,2.801,0.0));
#6512=DIRECTION('',(0.0,-1.0,0.0));
#6513=DIRECTION('',(1.0,0.0,0.0));
#6514=CARTESIAN_POINT('',(-3.81,-0.9,0.0));
#6515=DIRECTION('',(-0.0,1.0,0.0));
#6516=DIRECTION('',(1.0,0.0,0.0));
#6517=CARTESIAN_POINT('',(-3.81,0.43307607471323,0.0));
#6518=DIRECTION('',(-0.0,1.0,0.0));
#6519=DIRECTION('',(1.0,0.0,0.0));
#6520=CARTESIAN_POINT('',(-3.81,0.48474062220542,0.0));
#6521=DIRECTION('',(-0.0,1.0,0.0));
#6522=DIRECTION('',(1.0,0.0,0.0));
#6523=CARTESIAN_POINT('',(-3.81,1.905,0.0));
#6524=DIRECTION('',(-0.0,1.0,0.0));
#6525=DIRECTION('',(1.0,0.0,0.0));
#6526=CARTESIAN_POINT('',(-3.81,2.36218519932579,0.0));
#6527=DIRECTION('',(-0.0,1.0,0.0));
#6528=DIRECTION('',(1.0,0.0,0.0));
#6529=CARTESIAN_POINT('',(-3.81,2.505,0.0));
#6530=DIRECTION('',(-0.0,1.0,0.0));
#6531=DIRECTION('',(1.0,0.0,0.0));
#6532=CARTESIAN_POINT('',(-3.81,2.505,0.0));
#6533=DIRECTION('',(-0.0,1.0,0.0));
#6534=DIRECTION('',(1.0,0.0,0.0));
#6535=CARTESIAN_POINT('',(-3.81,2.575,0.0));
#6536=DIRECTION('',(-0.0,1.0,0.0));
#6537=DIRECTION('',(1.0,0.0,0.0));
#6538=CARTESIAN_POINT('',(-3.81,2.8,0.0));
#6539=DIRECTION('',(-0.0,1.0,0.0));
#6540=DIRECTION('',(1.0,0.0,0.0));
#6541=CARTESIAN_POINT('',(-3.81,2.801,0.0));
#6542=DIRECTION('',(0.0,-1.0,0.0));
#6543=DIRECTION('',(1.0,0.0,0.0));
#6544=CARTESIAN_POINT('',(3.81,0.0,0.0));
#6545=DIRECTION('',(-0.0,1.0,6.12303176911189E-17));
#6546=DIRECTION('',(1.0,0.0,0.0));
#6547=CARTESIAN_POINT('',(3.81,-1.2,0.0));
#6548=DIRECTION('',(-0.0,1.0,0.0));
#6549=DIRECTION('',(1.0,0.0,0.0));
#6550=CARTESIAN_POINT('',(3.81,2.801,0.0));
#6551=DIRECTION('',(-0.0,1.0,0.0));
#6552=DIRECTION('',(1.0,0.0,0.0));
#6553=CARTESIAN_POINT('',(3.81,2.8,0.0));
#6554=DIRECTION('',(0.0,-1.0,-6.12303176911189E-17));
#6555=DIRECTION('',(1.0,0.0,0.0));
#6556=CARTESIAN_POINT('',(3.81,-4.57,0.0));
#6557=DIRECTION('',(-0.0,1.0,0.0));
#6558=DIRECTION('',(1.0,0.0,0.0));
#6559=CARTESIAN_POINT('',(3.81,-4.325,0.0));
#6560=DIRECTION('',(-0.0,1.0,0.0));
#6561=DIRECTION('',(1.0,0.0,0.0));
#6562=CARTESIAN_POINT('',(3.81,-1.55,0.0));
#6563=DIRECTION('',(-0.0,1.0,0.0));
#6564=DIRECTION('',(1.0,0.0,0.0));
#6565=CARTESIAN_POINT('',(3.81,-1.4,0.0));
#6566=DIRECTION('',(-0.0,1.0,0.0));
#6567=DIRECTION('',(1.0,0.0,0.0));
#6568=CARTESIAN_POINT('',(3.81,-1.4,0.0));
#6569=DIRECTION('',(-0.0,1.0,0.0));
#6570=DIRECTION('',(1.0,0.0,0.0));
#6571=CARTESIAN_POINT('',(3.81,-1.4,0.0));
#6572=DIRECTION('',(-0.0,1.0,0.0));
#6573=DIRECTION('',(1.0,0.0,0.0));
#6574=CARTESIAN_POINT('',(1.27,0.0,0.0));
#6575=DIRECTION('',(-0.0,1.0,6.12303176911189E-17));
#6576=DIRECTION('',(1.0,0.0,0.0));
#6577=CARTESIAN_POINT('',(1.27,-1.2,0.0));
#6578=DIRECTION('',(-0.0,1.0,0.0));
#6579=DIRECTION('',(1.0,0.0,0.0));
#6580=CARTESIAN_POINT('',(1.27,2.801,0.0));
#6581=DIRECTION('',(-0.0,1.0,0.0));
#6582=DIRECTION('',(1.0,0.0,0.0));
#6583=CARTESIAN_POINT('',(1.27,2.8,0.0));
#6584=DIRECTION('',(0.0,-1.0,-6.12303176911189E-17));
#6585=DIRECTION('',(1.0,0.0,0.0));
#6586=CARTESIAN_POINT('',(1.27,-4.57,0.0));
#6587=DIRECTION('',(-0.0,1.0,0.0));
#6588=DIRECTION('',(1.0,0.0,0.0));
#6589=CARTESIAN_POINT('',(1.27,-4.325,0.0));
#6590=DIRECTION('',(-0.0,1.0,0.0));
#6591=DIRECTION('',(1.0,0.0,0.0));
#6592=CARTESIAN_POINT('',(1.27,-1.55,0.0));
#6593=DIRECTION('',(-0.0,1.0,0.0));
#6594=DIRECTION('',(1.0,0.0,0.0));
#6595=CARTESIAN_POINT('',(1.27,-1.4,0.0));
#6596=DIRECTION('',(-0.0,1.0,0.0));
#6597=DIRECTION('',(1.0,0.0,0.0));
#6598=CARTESIAN_POINT('',(1.27,-1.4,0.0));
#6599=DIRECTION('',(-0.0,1.0,0.0));
#6600=DIRECTION('',(1.0,0.0,0.0));
#6601=CARTESIAN_POINT('',(1.27,-1.4,0.0));
#6602=DIRECTION('',(-0.0,1.0,0.0));
#6603=DIRECTION('',(1.0,0.0,0.0));
#6604=CARTESIAN_POINT('',(-1.27,0.0,0.0));
#6605=DIRECTION('',(-0.0,1.0,6.12303176911189E-17));
#6606=DIRECTION('',(1.0,0.0,0.0));
#6607=CARTESIAN_POINT('',(-1.27,-1.2,0.0));
#6608=DIRECTION('',(-0.0,1.0,0.0));
#6609=DIRECTION('',(1.0,0.0,0.0));
#6610=CARTESIAN_POINT('',(-1.27,2.801,0.0));
#6611=DIRECTION('',(-0.0,1.0,0.0));
#6612=DIRECTION('',(1.0,0.0,0.0));
#6613=CARTESIAN_POINT('',(-1.27,2.8,0.0));
#6614=DIRECTION('',(0.0,-1.0,-6.12303176911189E-17));
#6615=DIRECTION('',(1.0,0.0,0.0));
#6616=CARTESIAN_POINT('',(-1.27,-4.57,0.0));
#6617=DIRECTION('',(-0.0,1.0,0.0));
#6618=DIRECTION('',(1.0,0.0,0.0));
#6619=CARTESIAN_POINT('',(-1.27,-4.325,0.0));
#6620=DIRECTION('',(-0.0,1.0,0.0));
#6621=DIRECTION('',(1.0,0.0,0.0));
#6622=CARTESIAN_POINT('',(-1.27,-1.55,0.0));
#6623=DIRECTION('',(-0.0,1.0,0.0));
#6624=DIRECTION('',(1.0,0.0,0.0));
#6625=CARTESIAN_POINT('',(-1.27,-1.4,0.0));
#6626=DIRECTION('',(-0.0,1.0,0.0));
#6627=DIRECTION('',(1.0,0.0,0.0));
#6628=CARTESIAN_POINT('',(-1.27,-1.4,0.0));
#6629=DIRECTION('',(-0.0,1.0,0.0));
#6630=DIRECTION('',(1.0,0.0,0.0));
#6631=CARTESIAN_POINT('',(-1.27,-1.4,0.0));
#6632=DIRECTION('',(-0.0,1.0,0.0));
#6633=DIRECTION('',(1.0,0.0,0.0));
#6634=CARTESIAN_POINT('',(-3.81,0.0,0.0));
#6635=DIRECTION('',(-0.0,1.0,6.12303176911189E-17));
#6636=DIRECTION('',(1.0,0.0,0.0));
#6637=CARTESIAN_POINT('',(-3.81,-1.2,0.0));
#6638=DIRECTION('',(-0.0,1.0,0.0));
#6639=DIRECTION('',(1.0,0.0,0.0));
#6640=CARTESIAN_POINT('',(-3.81,2.801,0.0));
#6641=DIRECTION('',(-0.0,1.0,0.0));
#6642=DIRECTION('',(1.0,0.0,0.0));
#6643=CARTESIAN_POINT('',(-3.81,2.8,0.0));
#6644=DIRECTION('',(0.0,-1.0,-6.12303176911189E-17));
#6645=DIRECTION('',(1.0,0.0,0.0));
#6646=CARTESIAN_POINT('',(-3.81,-4.57,0.0));
#6647=DIRECTION('',(-0.0,1.0,0.0));
#6648=DIRECTION('',(1.0,0.0,0.0));
#6649=CARTESIAN_POINT('',(-3.81,-4.325,0.0));
#6650=DIRECTION('',(-0.0,1.0,0.0));
#6651=DIRECTION('',(1.0,0.0,0.0));
#6652=CARTESIAN_POINT('',(-3.81,-1.55,0.0));
#6653=DIRECTION('',(-0.0,1.0,0.0));
#6654=DIRECTION('',(1.0,0.0,0.0));
#6655=CARTESIAN_POINT('',(-3.81,-1.4,0.0));
#6656=DIRECTION('',(-0.0,1.0,0.0));
#6657=DIRECTION('',(1.0,0.0,0.0));
#6658=CARTESIAN_POINT('',(-3.81,-1.4,0.0));
#6659=DIRECTION('',(-0.0,1.0,0.0));
#6660=DIRECTION('',(1.0,0.0,0.0));
#6661=CARTESIAN_POINT('',(-3.81,-1.4,0.0));
#6662=DIRECTION('',(-0.0,1.0,0.0));
#6663=DIRECTION('',(1.0,0.0,0.0));
#6664=DIRECTION('',(0.0,1.0,6.12303176911189E-17));
#6665=DIRECTION('',(1.0,2.76566691406561E-32,-4.51682600769318E-16));
#6666=DIRECTION('',(0.0,1.0,6.12303176911189E-17));
#6667=DIRECTION('',(-1.0,-2.76566691406561E-32,4.51682600769318E-16));
#6668=DIRECTION('',(1.0,0.0,0.0));
#6669=DIRECTION('',(0.0,1.0,6.12303176911189E-17));
#6670=DIRECTION('',(1.0,0.0,0.0));
#6671=DIRECTION('',(0.0,1.0,6.12303176911189E-17));
#6672=DIRECTION('',(0.422618261740696,-5.54935137261891E-17,0.906307787036652));
#6673=DIRECTION('',(0.0,1.0,6.12303176911189E-17));
#6674=DIRECTION('',(0.422618261740696,-5.54935137261891E-17,0.906307787036652));
#6675=DIRECTION('',(0.0,-6.12303176911189E-17,1.0));
#6676=DIRECTION('',(0.0,1.0,6.12303176911189E-17));
#6677=DIRECTION('',(0.0,-6.12303176911189E-17,1.0));
#6678=DIRECTION('',(-0.422618261740696,-5.54935137261891E-17,0.906307787036651));
#6679=DIRECTION('',(0.0,1.0,6.12303176911189E-17));
#6680=DIRECTION('',(-0.422618261740696,-5.54935137261891E-17,0.906307787036651));
#6681=DIRECTION('',(-1.0,0.0,0.0));
#6682=DIRECTION('',(0.0,1.0,6.12303176911189E-17));
#6683=DIRECTION('',(-1.0,0.0,0.0));
#6684=DIRECTION('',(-0.422618261740703,5.54935137261889E-17,-0.906307787036648));
#6685=DIRECTION('',(0.0,1.0,6.12303176911189E-17));
#6686=DIRECTION('',(-0.422618261740703,5.54935137261889E-17,-0.906307787036648));
#6687=DIRECTION('',(0.0,1.0,6.12303176911189E-17));
#6688=DIRECTION('',(-1.0,0.0,0.0));
#6689=DIRECTION('',(-1.0,0.0,0.0));
#6690=DIRECTION('',(0.422618261740703,5.54935137261889E-17,-0.906307787036648));
#6691=DIRECTION('',(0.422618261740703,5.54935137261889E-17,-0.906307787036648));
#6692=DIRECTION('',(-0.422618261740703,-5.54935137261889E-17,0.906307787036648));
#6693=DIRECTION('',(0.422618261740703,-5.54935137261889E-17,0.906307787036648));
#6694=DIRECTION('',(1.0,0.0,0.0));
#6695=DIRECTION('',(0.422618261740703,5.54935137261889E-17,-0.906307787036648));
#6696=DIRECTION('',(1.0,0.0,0.0));
#6697=DIRECTION('',(0.422618261740703,-5.54935137261889E-17,0.906307787036648));
#6698=DIRECTION('',(1.0,0.0,0.0));
#6699=DIRECTION('',(0.422618261740703,5.54935137261889E-17,-0.906307787036648));
#6700=DIRECTION('',(1.0,0.0,0.0));
#6701=DIRECTION('',(0.422618261740703,-5.54935137261889E-17,0.906307787036648));
#6702=DIRECTION('',(1.0,0.0,0.0));
#6703=DIRECTION('',(0.422618261740699,5.5493513726189E-17,-0.90630778703665));
#6704=DIRECTION('',(0.0,6.12303176911189E-17,-1.0));
#6705=DIRECTION('',(-0.422618261740699,5.5493513726189E-17,-0.90630778703665));
#6706=DIRECTION('',(-1.0,0.0,0.0));
#6707=DIRECTION('',(-0.422618261740703,-5.54935137261889E-17,0.906307787036648));
#6708=DIRECTION('',(-1.0,0.0,0.0));
#6709=DIRECTION('',(-0.422618261740703,5.54935137261889E-17,-0.906307787036648));
#6710=DIRECTION('',(-1.0,0.0,0.0));
#6711=DIRECTION('',(-0.422618261740703,-5.54935137261889E-17,0.906307787036648));
#6712=DIRECTION('',(-1.0,0.0,0.0));
#6713=DIRECTION('',(-0.422618261740703,5.54935137261889E-17,-0.906307787036648));
#6714=DIRECTION('',(-1.0,0.0,0.0));
#6715=DIRECTION('',(0.0,1.0,6.12303176911189E-17));
#6716=DIRECTION('',(0.0,1.0,6.12303176911189E-17));
#6717=DIRECTION('',(-1.0,0.0,0.0));
#6718=DIRECTION('',(0.0,1.0,6.12303176911189E-17));
#6719=DIRECTION('',(0.422618261740703,-5.54935137261889E-17,0.906307787036648));
#6720=DIRECTION('',(0.0,1.0,6.12303176911189E-17));
#6721=DIRECTION('',(0.0,1.0,6.12303176911189E-17));
#6722=DIRECTION('',(-1.0,0.0,0.0));
#6723=DIRECTION('',(0.0,1.0,6.12303176911189E-17));
#6724=DIRECTION('',(-0.422618261740703,-5.54935137261889E-17,0.906307787036648));
#6725=DIRECTION('',(0.0,1.0,6.12303176911189E-17));
#6726=DIRECTION('',(-1.0,0.0,0.0));
#6727=DIRECTION('',(-0.422618261740703,5.54935137261889E-17,-0.906307787036648));
#6728=DIRECTION('',(0.0,1.0,6.12303176911189E-17));
#6729=DIRECTION('',(0.422618261740703,5.54935137261889E-17,-0.906307787036648));
#6730=DIRECTION('',(1.0,0.0,0.0));
#6731=DIRECTION('',(0.0,1.0,6.12303176911189E-17));
#6732=DIRECTION('',(0.0,1.0,6.12303176911189E-17));
#6733=DIRECTION('',(-1.0,0.0,0.0));
#6734=DIRECTION('',(0.0,1.0,6.12303176911189E-17));
#6735=DIRECTION('',(0.422618261740703,-5.54935137261889E-17,0.906307787036648));
#6736=DIRECTION('',(0.0,1.0,6.12303176911189E-17));
#6737=DIRECTION('',(0.0,1.0,6.12303176911189E-17));
#6738=DIRECTION('',(-1.0,0.0,0.0));
#6739=DIRECTION('',(0.0,1.0,6.12303176911189E-17));
#6740=DIRECTION('',(-0.422618261740703,-5.54935137261889E-17,0.906307787036648));
#6741=DIRECTION('',(0.0,1.0,6.12303176911189E-17));
#6742=DIRECTION('',(-1.0,0.0,0.0));
#6743=DIRECTION('',(-0.422618261740703,5.54935137261889E-17,-0.906307787036648));
#6744=DIRECTION('',(0.0,1.0,6.12303176911189E-17));
#6745=DIRECTION('',(0.422618261740703,5.54935137261889E-17,-0.906307787036648));
#6746=DIRECTION('',(1.0,0.0,0.0));
#6747=DIRECTION('',(0.0,1.0,6.12303176911189E-17));
#6748=DIRECTION('',(-0.422618261740699,5.5493513726189E-17,-0.90630778703665));
#6749=DIRECTION('',(0.0,1.0,6.12303176911189E-17));
#6750=DIRECTION('',(0.0,1.0,6.12303176911189E-17));
#6751=DIRECTION('',(0.0,6.12303176911189E-17,-1.0));
#6752=DIRECTION('',(0.0,1.0,6.12303176911189E-17));
#6753=DIRECTION('',(0.422618261740699,5.5493513726189E-17,-0.90630778703665));
#6754=DIRECTION('',(0.0,1.0,6.12303176911189E-17));
#6755=DIRECTION('',(1.0,0.0,0.0));
#6756=DIRECTION('',(0.422618261740703,-5.54935137261889E-17,0.906307787036648));
#6757=DIRECTION('',(0.0,1.0,6.12303176911189E-17));
#6758=DIRECTION('',(-0.422618261740703,-5.54935137261889E-17,0.906307787036648));
#6759=DIRECTION('',(-1.0,0.0,0.0));
ENDSEC;
END-ISO-10303-21;
