ISO-10303-21;
HEADER;
FILE_DESCRIPTION(('STEP AP242'),'1');
FILE_NAME('pcb_connector_310-83-102-41-001101.stp','2022-03-11T15:49:07',('TraceParts'),('TraceParts S.A.'),'Spatial InterOp 3D',' ',' ');
FILE_SCHEMA(('AP242_MANAGED_MODEL_BASED_3D_ENGINEERING_MIM_LF  {1 0 10303 442 1 1 4}'));
ENDSEC;
DATA;
#1=MECHANICAL_DESIGN_GEOMETRIC_PRESENTATION_REPRESENTATION(' ',(#10,#11,#12,#13,#14,#15,#16,#17,#18,#19,#20,#21,#22,#23,#24,#25,#26,#27,#28,#29,#30,#31,#32,#33,#34,#35,#36,#37,#38,#39,#40,#41,#42,#43,#44,#45,#46,#47,#48,#49,#50,#51,#52,#53,#54,#55,#56,#57,#58,#59,#60,#61,#62,#63,#64,#65,#66,#67,#68,#69,#70,#71,#72,#73,#74,#75,#76,#77,#78,#79,#80,#81,#82,#83,#84,#85,#86,#87,#88,#89,#90,#91,#92,#93,#94,#95,#96,#97,#98,#99,#100,#101,#102,#103),#6);
#2=PRODUCT_DEFINITION_CONTEXT('',#104,'design');
#3=APPLICATION_PROTOCOL_DEFINITION('INTERNATIONAL STANDARD','ap242_managed_model_based_3d_engineering',2014,#104);
#4=PRODUCT_CATEGORY_RELATIONSHIP('NONE','NONE',#105,#106);
#5=SHAPE_DEFINITION_REPRESENTATION(#107,#108);
#6= (GEOMETRIC_REPRESENTATION_CONTEXT(3)GLOBAL_UNCERTAINTY_ASSIGNED_CONTEXT((#111))GLOBAL_UNIT_ASSIGNED_CONTEXT((#113,#114,#115))REPRESENTATION_CONTEXT('NONE','WORKSPACE'));
#10=STYLED_ITEM('',(#117),#118);
#11=STYLED_ITEM('',(#119),#120);
#12=STYLED_ITEM('',(#121),#122);
#13=STYLED_ITEM('',(#123),#124);
#14=STYLED_ITEM('',(#125),#126);
#15=STYLED_ITEM('',(#127),#128);
#16=STYLED_ITEM('',(#129),#130);
#17=STYLED_ITEM('',(#131),#132);
#18=STYLED_ITEM('',(#133),#134);
#19=STYLED_ITEM('',(#135),#136);
#20=STYLED_ITEM('',(#137),#138);
#21=STYLED_ITEM('',(#139),#140);
#22=STYLED_ITEM('',(#141),#142);
#23=STYLED_ITEM('',(#143),#144);
#24=STYLED_ITEM('',(#145),#146);
#25=STYLED_ITEM('',(#147),#148);
#26=STYLED_ITEM('',(#149),#150);
#27=STYLED_ITEM('',(#151),#152);
#28=STYLED_ITEM('',(#153),#154);
#29=STYLED_ITEM('',(#155),#156);
#30=STYLED_ITEM('',(#157),#158);
#31=STYLED_ITEM('',(#159),#160);
#32=STYLED_ITEM('',(#161),#162);
#33=STYLED_ITEM('',(#163),#164);
#34=STYLED_ITEM('',(#165),#166);
#35=STYLED_ITEM('',(#167),#168);
#36=STYLED_ITEM('',(#169),#170);
#37=STYLED_ITEM('',(#171),#172);
#38=STYLED_ITEM('',(#173),#174);
#39=STYLED_ITEM('',(#175),#176);
#40=STYLED_ITEM('',(#177),#178);
#41=STYLED_ITEM('',(#179),#180);
#42=STYLED_ITEM('',(#181),#182);
#43=STYLED_ITEM('',(#183),#184);
#44=STYLED_ITEM('',(#185),#186);
#45=STYLED_ITEM('',(#187),#188);
#46=STYLED_ITEM('',(#189),#190);
#47=STYLED_ITEM('',(#191),#192);
#48=STYLED_ITEM('',(#193),#194);
#49=STYLED_ITEM('',(#195),#196);
#50=STYLED_ITEM('',(#197),#198);
#51=STYLED_ITEM('',(#199),#200);
#52=STYLED_ITEM('',(#201),#202);
#53=STYLED_ITEM('',(#203),#204);
#54=STYLED_ITEM('',(#205),#206);
#55=STYLED_ITEM('',(#207),#208);
#56=STYLED_ITEM('',(#209),#210);
#57=STYLED_ITEM('',(#211),#212);
#58=STYLED_ITEM('',(#213),#214);
#59=STYLED_ITEM('',(#215),#216);
#60=STYLED_ITEM('',(#217),#218);
#61=STYLED_ITEM('',(#219),#220);
#62=STYLED_ITEM('',(#221),#222);
#63=STYLED_ITEM('',(#223),#224);
#64=STYLED_ITEM('',(#225),#226);
#65=STYLED_ITEM('',(#227),#228);
#66=STYLED_ITEM('',(#229),#230);
#67=STYLED_ITEM('',(#231),#232);
#68=STYLED_ITEM('',(#233),#234);
#69=STYLED_ITEM('',(#235),#236);
#70=STYLED_ITEM('',(#237),#238);
#71=STYLED_ITEM('',(#239),#240);
#72=STYLED_ITEM('',(#241),#242);
#73=STYLED_ITEM('',(#243),#244);
#74=STYLED_ITEM('',(#245),#246);
#75=STYLED_ITEM('',(#247),#248);
#76=STYLED_ITEM('',(#249),#250);
#77=STYLED_ITEM('',(#251),#252);
#78=STYLED_ITEM('',(#253),#254);
#79=STYLED_ITEM('',(#255),#256);
#80=STYLED_ITEM('',(#257),#258);
#81=STYLED_ITEM('',(#259),#260);
#82=STYLED_ITEM('',(#261),#262);
#83=STYLED_ITEM('',(#263),#264);
#84=STYLED_ITEM('',(#265),#266);
#85=STYLED_ITEM('',(#267),#268);
#86=STYLED_ITEM('',(#269),#270);
#87=STYLED_ITEM('',(#271),#272);
#88=STYLED_ITEM('',(#273),#274);
#89=STYLED_ITEM('',(#275),#276);
#90=STYLED_ITEM('',(#277),#278);
#91=STYLED_ITEM('',(#279),#280);
#92=STYLED_ITEM('',(#281),#282);
#93=STYLED_ITEM('',(#283),#284);
#94=STYLED_ITEM('',(#285),#286);
#95=STYLED_ITEM('',(#287),#288);
#96=STYLED_ITEM('',(#289),#290);
#97=STYLED_ITEM('',(#291),#292);
#98=STYLED_ITEM('',(#293),#294);
#99=STYLED_ITEM('',(#295),#296);
#100=STYLED_ITEM('',(#297),#298);
#101=STYLED_ITEM('',(#299),#300);
#102=STYLED_ITEM('',(#301),#302);
#103=STYLED_ITEM('',(#303),#304);
#104=APPLICATION_CONTEXT('managed model based 3d engineering');
#105=PRODUCT_CATEGORY('part','NONE');
#106=PRODUCT_RELATED_PRODUCT_CATEGORY('detail',' ',(#305));
#107=PRODUCT_DEFINITION_SHAPE('NONE','NONE',#306);
#108=ADVANCED_BREP_SHAPE_REPRESENTATION('pcb_connector_310-83-102-41-001101',(#307,#308),#6);
#111=UNCERTAINTY_MEASURE_WITH_UNIT(LENGTH_MEASURE(1.0E-06),#113,'','');
#113= (CONVERSION_BASED_UNIT('MILLIMETRE',#311)LENGTH_UNIT()NAMED_UNIT(#314));
#114= (NAMED_UNIT(#316)PLANE_ANGLE_UNIT()SI_UNIT($,.RADIAN.));
#115= (NAMED_UNIT(#316)SOLID_ANGLE_UNIT()SI_UNIT($,.STERADIAN.));
#117=PRESENTATION_STYLE_ASSIGNMENT((#322));
#118=ADVANCED_FACE('',(#323),#324,.T.);
#119=PRESENTATION_STYLE_ASSIGNMENT((#325));
#120=ADVANCED_FACE('',(#326),#327,.F.);
#121=PRESENTATION_STYLE_ASSIGNMENT((#328));
#122=ADVANCED_FACE('',(#329),#330,.T.);
#123=PRESENTATION_STYLE_ASSIGNMENT((#331));
#124=ADVANCED_FACE('',(#332),#333,.T.);
#125=PRESENTATION_STYLE_ASSIGNMENT((#334));
#126=ADVANCED_FACE('',(#335),#336,.T.);
#127=PRESENTATION_STYLE_ASSIGNMENT((#337));
#128=ADVANCED_FACE('',(#338),#339,.T.);
#129=PRESENTATION_STYLE_ASSIGNMENT((#340));
#130=ADVANCED_FACE('',(#341),#342,.T.);
#131=PRESENTATION_STYLE_ASSIGNMENT((#343));
#132=ADVANCED_FACE('',(#344),#345,.F.);
#133=PRESENTATION_STYLE_ASSIGNMENT((#346));
#134=ADVANCED_FACE('',(#347),#348,.T.);
#135=PRESENTATION_STYLE_ASSIGNMENT((#349));
#136=ADVANCED_FACE('',(#350),#351,.T.);
#137=PRESENTATION_STYLE_ASSIGNMENT((#352));
#138=ADVANCED_FACE('',(#353),#354,.T.);
#139=PRESENTATION_STYLE_ASSIGNMENT((#355));
#140=ADVANCED_FACE('',(#356),#357,.T.);
#141=PRESENTATION_STYLE_ASSIGNMENT((#358));
#142=ADVANCED_FACE('',(#359),#360,.F.);
#143=PRESENTATION_STYLE_ASSIGNMENT((#361));
#144=ADVANCED_FACE('',(#362),#363,.F.);
#145=PRESENTATION_STYLE_ASSIGNMENT((#364));
#146=ADVANCED_FACE('',(#365),#366,.F.);
#147=PRESENTATION_STYLE_ASSIGNMENT((#367));
#148=ADVANCED_FACE('',(#368),#369,.F.);
#149=PRESENTATION_STYLE_ASSIGNMENT((#370));
#150=ADVANCED_FACE('',(#371),#372,.F.);
#151=PRESENTATION_STYLE_ASSIGNMENT((#373));
#152=ADVANCED_FACE('',(#374),#375,.F.);
#153=PRESENTATION_STYLE_ASSIGNMENT((#376));
#154=ADVANCED_FACE('',(#377),#378,.F.);
#155=PRESENTATION_STYLE_ASSIGNMENT((#379));
#156=ADVANCED_FACE('',(#380),#381,.F.);
#157=PRESENTATION_STYLE_ASSIGNMENT((#382));
#158=ADVANCED_FACE('',(#383),#384,.T.);
#159=PRESENTATION_STYLE_ASSIGNMENT((#385));
#160=ADVANCED_FACE('',(#386),#387,.F.);
#161=PRESENTATION_STYLE_ASSIGNMENT((#388));
#162=ADVANCED_FACE('',(#389),#390,.F.);
#163=PRESENTATION_STYLE_ASSIGNMENT((#391));
#164=ADVANCED_FACE('',(#392),#393,.F.);
#165=PRESENTATION_STYLE_ASSIGNMENT((#394));
#166=ADVANCED_FACE('',(#395),#396,.F.);
#167=PRESENTATION_STYLE_ASSIGNMENT((#397));
#168=ADVANCED_FACE('',(#398),#399,.F.);
#169=PRESENTATION_STYLE_ASSIGNMENT((#400));
#170=ADVANCED_FACE('',(#401),#402,.F.);
#171=PRESENTATION_STYLE_ASSIGNMENT((#403));
#172=ADVANCED_FACE('',(#404),#405,.F.);
#173=PRESENTATION_STYLE_ASSIGNMENT((#406));
#174=ADVANCED_FACE('',(#407),#408,.F.);
#175=PRESENTATION_STYLE_ASSIGNMENT((#409));
#176=ADVANCED_FACE('',(#410),#411,.F.);
#177=PRESENTATION_STYLE_ASSIGNMENT((#412));
#178=ADVANCED_FACE('',(#413),#414,.F.);
#179=PRESENTATION_STYLE_ASSIGNMENT((#415));
#180=ADVANCED_FACE('',(#416),#417,.T.);
#181=PRESENTATION_STYLE_ASSIGNMENT((#418));
#182=ADVANCED_FACE('',(#419),#420,.F.);
#183=PRESENTATION_STYLE_ASSIGNMENT((#421));
#184=ADVANCED_FACE('',(#422),#423,.F.);
#185=PRESENTATION_STYLE_ASSIGNMENT((#424));
#186=ADVANCED_FACE('',(#425),#426,.F.);
#187=PRESENTATION_STYLE_ASSIGNMENT((#427));
#188=ADVANCED_FACE('',(#428),#429,.F.);
#189=PRESENTATION_STYLE_ASSIGNMENT((#430));
#190=ADVANCED_FACE('',(#431),#432,.T.);
#191=PRESENTATION_STYLE_ASSIGNMENT((#433));
#192=ADVANCED_FACE('',(#434),#435,.F.);
#193=PRESENTATION_STYLE_ASSIGNMENT((#436));
#194=ADVANCED_FACE('',(#437),#438,.F.);
#195=PRESENTATION_STYLE_ASSIGNMENT((#439));
#196=ADVANCED_FACE('',(#440),#441,.F.);
#197=PRESENTATION_STYLE_ASSIGNMENT((#442));
#198=ADVANCED_FACE('',(#443),#444,.F.);
#199=PRESENTATION_STYLE_ASSIGNMENT((#445));
#200=ADVANCED_FACE('',(#446),#447,.F.);
#201=PRESENTATION_STYLE_ASSIGNMENT((#448));
#202=ADVANCED_FACE('',(#449,#450),#451,.F.);
#203=PRESENTATION_STYLE_ASSIGNMENT((#452));
#204=ADVANCED_FACE('',(#453),#454,.F.);
#205=PRESENTATION_STYLE_ASSIGNMENT((#455));
#206=ADVANCED_FACE('',(#456),#457,.F.);
#207=PRESENTATION_STYLE_ASSIGNMENT((#458));
#208=ADVANCED_FACE('',(#459),#460,.F.);
#209=PRESENTATION_STYLE_ASSIGNMENT((#461));
#210=ADVANCED_FACE('',(#462),#463,.F.);
#211=PRESENTATION_STYLE_ASSIGNMENT((#464));
#212=ADVANCED_FACE('',(#465),#466,.F.);
#213=PRESENTATION_STYLE_ASSIGNMENT((#467));
#214=ADVANCED_FACE('',(#468),#469,.T.);
#215=PRESENTATION_STYLE_ASSIGNMENT((#470));
#216=ADVANCED_FACE('',(#471),#472,.F.);
#217=PRESENTATION_STYLE_ASSIGNMENT((#473));
#218=ADVANCED_FACE('',(#474),#475,.F.);
#219=PRESENTATION_STYLE_ASSIGNMENT((#476));
#220=ADVANCED_FACE('',(#477),#478,.F.);
#221=PRESENTATION_STYLE_ASSIGNMENT((#479));
#222=ADVANCED_FACE('',(#480),#481,.F.);
#223=PRESENTATION_STYLE_ASSIGNMENT((#482));
#224=ADVANCED_FACE('',(#483),#484,.F.);
#225=PRESENTATION_STYLE_ASSIGNMENT((#485));
#226=ADVANCED_FACE('',(#486,#487),#488,.F.);
#227=PRESENTATION_STYLE_ASSIGNMENT((#489));
#228=ADVANCED_FACE('',(#490),#491,.F.);
#229=PRESENTATION_STYLE_ASSIGNMENT((#492));
#230=ADVANCED_FACE('',(#493),#494,.F.);
#231=PRESENTATION_STYLE_ASSIGNMENT((#495));
#232=ADVANCED_FACE('',(#496),#497,.F.);
#233=PRESENTATION_STYLE_ASSIGNMENT((#498));
#234=ADVANCED_FACE('',(#499),#500,.T.);
#235=PRESENTATION_STYLE_ASSIGNMENT((#501));
#236=ADVANCED_FACE('',(#502),#503,.T.);
#237=PRESENTATION_STYLE_ASSIGNMENT((#504));
#238=ADVANCED_FACE('',(#505),#506,.T.);
#239=PRESENTATION_STYLE_ASSIGNMENT((#507));
#240=ADVANCED_FACE('',(#508),#509,.T.);
#241=PRESENTATION_STYLE_ASSIGNMENT((#510));
#242=ADVANCED_FACE('',(#511),#512,.T.);
#243=PRESENTATION_STYLE_ASSIGNMENT((#513));
#244=ADVANCED_FACE('',(#514),#515,.F.);
#245=PRESENTATION_STYLE_ASSIGNMENT((#516));
#246=ADVANCED_FACE('',(#517,#518),#519,.T.);
#247=PRESENTATION_STYLE_ASSIGNMENT((#520));
#248=ADVANCED_FACE('',(#521),#522,.T.);
#249=PRESENTATION_STYLE_ASSIGNMENT((#523));
#250=ADVANCED_FACE('',(#524,#525),#526,.T.);
#251=PRESENTATION_STYLE_ASSIGNMENT((#527));
#252=ADVANCED_FACE('',(#528),#529,.T.);
#253=PRESENTATION_STYLE_ASSIGNMENT((#530));
#254=ADVANCED_FACE('',(#531),#532,.T.);
#255=PRESENTATION_STYLE_ASSIGNMENT((#533));
#256=ADVANCED_FACE('',(#534),#535,.T.);
#257=PRESENTATION_STYLE_ASSIGNMENT((#536));
#258=ADVANCED_FACE('',(#537),#538,.T.);
#259=PRESENTATION_STYLE_ASSIGNMENT((#539));
#260=ADVANCED_FACE('',(#540),#541,.T.);
#261=PRESENTATION_STYLE_ASSIGNMENT((#542));
#262=ADVANCED_FACE('',(#543),#544,.F.);
#263=PRESENTATION_STYLE_ASSIGNMENT((#545));
#264=ADVANCED_FACE('',(#546,#547),#548,.T.);
#265=PRESENTATION_STYLE_ASSIGNMENT((#549));
#266=ADVANCED_FACE('',(#550),#551,.T.);
#267=PRESENTATION_STYLE_ASSIGNMENT((#552));
#268=ADVANCED_FACE('',(#553,#554),#555,.T.);
#269=PRESENTATION_STYLE_ASSIGNMENT((#556));
#270=ADVANCED_FACE('',(#557),#558,.T.);
#271=PRESENTATION_STYLE_ASSIGNMENT((#559));
#272=ADVANCED_FACE('',(#560),#561,.T.);
#273=PRESENTATION_STYLE_ASSIGNMENT((#562));
#274=ADVANCED_FACE('',(#563),#564,.T.);
#275=PRESENTATION_STYLE_ASSIGNMENT((#565));
#276=ADVANCED_FACE('',(#566),#567,.T.);
#277=PRESENTATION_STYLE_ASSIGNMENT((#568));
#278=ADVANCED_FACE('',(#569),#570,.T.);
#279=PRESENTATION_STYLE_ASSIGNMENT((#571));
#280=ADVANCED_FACE('',(#572),#573,.T.);
#281=PRESENTATION_STYLE_ASSIGNMENT((#574));
#282=ADVANCED_FACE('',(#575),#576,.T.);
#283=PRESENTATION_STYLE_ASSIGNMENT((#577));
#284=ADVANCED_FACE('',(#578),#579,.T.);
#285=PRESENTATION_STYLE_ASSIGNMENT((#580));
#286=ADVANCED_FACE('',(#581),#582,.T.);
#287=PRESENTATION_STYLE_ASSIGNMENT((#583));
#288=ADVANCED_FACE('',(#584,#585,#586),#587,.T.);
#289=PRESENTATION_STYLE_ASSIGNMENT((#588));
#290=ADVANCED_FACE('',(#589),#590,.T.);
#291=PRESENTATION_STYLE_ASSIGNMENT((#591));
#292=ADVANCED_FACE('',(#592),#593,.T.);
#293=PRESENTATION_STYLE_ASSIGNMENT((#594));
#294=ADVANCED_FACE('',(#595),#596,.T.);
#295=PRESENTATION_STYLE_ASSIGNMENT((#597));
#296=ADVANCED_FACE('',(#598),#599,.T.);
#297=PRESENTATION_STYLE_ASSIGNMENT((#600));
#298=ADVANCED_FACE('',(#601),#602,.T.);
#299=PRESENTATION_STYLE_ASSIGNMENT((#603));
#300=ADVANCED_FACE('',(#604),#605,.T.);
#301=PRESENTATION_STYLE_ASSIGNMENT((#606));
#302=ADVANCED_FACE('',(#607),#608,.T.);
#303=PRESENTATION_STYLE_ASSIGNMENT((#609));
#304=ADVANCED_FACE('',(#610,#611,#612),#613,.F.);
#305=PRODUCT('pcb_connector_310-83-102-41-001101','pcb_connector_310-83-102-41-001101','PART-pcb_connector_310-83-102-41-001101-DESC',(#614));
#306=PRODUCT_DEFINITION('','NONE',#615,#2);
#307=MANIFOLD_SOLID_BREP('pcb_connector_310-83-102-41-001101',#616);
#308=AXIS2_PLACEMENT_3D('',#617,#618,#619);
#311=LENGTH_MEASURE_WITH_UNIT(LENGTH_MEASURE(1.0),#620);
#314=DIMENSIONAL_EXPONENTS(1.0,0.0,0.0,0.0,0.0,0.0,0.0);
#316=DIMENSIONAL_EXPONENTS(0.0,0.0,0.0,0.0,0.0,0.0,0.0);
#322=SURFACE_STYLE_USAGE(.BOTH.,#621);
#323=FACE_OUTER_BOUND('',#622,.T.);
#324=CONICAL_SURFACE('',#623,0.565,0.785398163397448);
#325=SURFACE_STYLE_USAGE(.BOTH.,#624);
#326=FACE_OUTER_BOUND('',#625,.T.);
#327=TOROIDAL_SURFACE('',#626,0.399999999999999,0.149999999999999);
#328=SURFACE_STYLE_USAGE(.BOTH.,#627);
#329=FACE_OUTER_BOUND('',#628,.T.);
#330=CYLINDRICAL_SURFACE('',#629,0.25);
#331=SURFACE_STYLE_USAGE(.BOTH.,#630);
#332=FACE_OUTER_BOUND('',#631,.T.);
#333=TOROIDAL_SURFACE('',#632,0.00499999999999901,0.245000000000001);
#334=SURFACE_STYLE_USAGE(.BOTH.,#633);
#335=FACE_OUTER_BOUND('',#634,.T.);
#336=CYLINDRICAL_SURFACE('',#635,0.915);
#337=SURFACE_STYLE_USAGE(.BOTH.,#636);
#338=FACE_OUTER_BOUND('',#637,.T.);
#339=CYLINDRICAL_SURFACE('',#638,0.665);
#340=SURFACE_STYLE_USAGE(.BOTH.,#639);
#341=FACE_OUTER_BOUND('',#640,.T.);
#342=CONICAL_SURFACE('',#641,0.565,0.785398163397448);
#343=SURFACE_STYLE_USAGE(.BOTH.,#642);
#344=FACE_OUTER_BOUND('',#643,.T.);
#345=TOROIDAL_SURFACE('',#644,0.399999999999999,0.149999999999999);
#346=SURFACE_STYLE_USAGE(.BOTH.,#645);
#347=FACE_OUTER_BOUND('',#646,.T.);
#348=CYLINDRICAL_SURFACE('',#647,0.25);
#349=SURFACE_STYLE_USAGE(.BOTH.,#648);
#350=FACE_OUTER_BOUND('',#649,.T.);
#351=TOROIDAL_SURFACE('',#650,0.00499999999999901,0.245000000000001);
#352=SURFACE_STYLE_USAGE(.BOTH.,#651);
#353=FACE_OUTER_BOUND('',#652,.T.);
#354=CYLINDRICAL_SURFACE('',#653,0.915);
#355=SURFACE_STYLE_USAGE(.BOTH.,#654);
#356=FACE_OUTER_BOUND('',#655,.T.);
#357=CYLINDRICAL_SURFACE('',#656,0.665);
#358=SURFACE_STYLE_USAGE(.BOTH.,#657);
#359=FACE_OUTER_BOUND('',#658,.T.);
#360=CYLINDRICAL_SURFACE('',#659,0.775);
#361=SURFACE_STYLE_USAGE(.BOTH.,#660);
#362=FACE_OUTER_BOUND('',#661,.T.);
#363=CONICAL_SURFACE('',#662,0.6625,0.785398163397448);
#364=SURFACE_STYLE_USAGE(.BOTH.,#663);
#365=FACE_OUTER_BOUND('',#664,.T.);
#366=CYLINDRICAL_SURFACE('',#665,0.55);
#367=SURFACE_STYLE_USAGE(.BOTH.,#666);
#368=FACE_OUTER_BOUND('',#667,.T.);
#369=CONICAL_SURFACE('',#668,0.43,0.61086523819802);
#370=SURFACE_STYLE_USAGE(.BOTH.,#669);
#371=FACE_OUTER_BOUND('',#670,.T.);
#372=CYLINDRICAL_SURFACE('',#671,0.38);
#373=SURFACE_STYLE_USAGE(.BOTH.,#672);
#374=FACE_OUTER_BOUND('',#673,.T.);
#375=CONICAL_SURFACE('',#674,0.245045285200405,0.187802820516009);
#376=SURFACE_STYLE_USAGE(.BOTH.,#675);
#377=FACE_OUTER_BOUND('',#676,.T.);
#378=CONICAL_SURFACE('',#677,0.111692636000165,0.0619386574665895);
#379=SURFACE_STYLE_USAGE(.BOTH.,#678);
#380=FACE_OUTER_BOUND('',#679,.T.);
#381=CONICAL_SURFACE('',#680,0.194937796442435,1.37093559646248);
#382=SURFACE_STYLE_USAGE(.BOTH.,#681);
#383=FACE_OUTER_BOUND('',#682,.T.);
#384=CONICAL_SURFACE('',#683,0.413290445642675,0.187937770541366);
#385=SURFACE_STYLE_USAGE(.BOTH.,#684);
#386=FACE_OUTER_BOUND('',#685,.T.);
#387=CYLINDRICAL_SURFACE('',#686,0.55);
#388=SURFACE_STYLE_USAGE(.BOTH.,#687);
#389=FACE_OUTER_BOUND('',#688,.T.);
#390=CONICAL_SURFACE('',#689,0.275,1.04719755119659);
#391=SURFACE_STYLE_USAGE(.BOTH.,#690);
#392=FACE_OUTER_BOUND('',#691,.T.);
#393=CYLINDRICAL_SURFACE('',#692,0.775);
#394=SURFACE_STYLE_USAGE(.BOTH.,#693);
#395=FACE_OUTER_BOUND('',#694,.T.);
#396=CONICAL_SURFACE('',#695,0.6625,0.785398163397448);
#397=SURFACE_STYLE_USAGE(.BOTH.,#696);
#398=FACE_OUTER_BOUND('',#697,.T.);
#399=CYLINDRICAL_SURFACE('',#698,0.55);
#400=SURFACE_STYLE_USAGE(.BOTH.,#699);
#401=FACE_OUTER_BOUND('',#700,.T.);
#402=CONICAL_SURFACE('',#701,0.43,0.61086523819802);
#403=SURFACE_STYLE_USAGE(.BOTH.,#702);
#404=FACE_OUTER_BOUND('',#703,.T.);
#405=CYLINDRICAL_SURFACE('',#704,0.38);
#406=SURFACE_STYLE_USAGE(.BOTH.,#705);
#407=FACE_OUTER_BOUND('',#706,.T.);
#408=CONICAL_SURFACE('',#707,0.245045285200405,0.187802820516009);
#409=SURFACE_STYLE_USAGE(.BOTH.,#708);
#410=FACE_OUTER_BOUND('',#709,.T.);
#411=CONICAL_SURFACE('',#710,0.111692636000165,0.0619386574665895);
#412=SURFACE_STYLE_USAGE(.BOTH.,#711);
#413=FACE_OUTER_BOUND('',#712,.T.);
#414=CONICAL_SURFACE('',#713,0.194937796442435,1.37093559646248);
#415=SURFACE_STYLE_USAGE(.BOTH.,#714);
#416=FACE_OUTER_BOUND('',#715,.T.);
#417=CONICAL_SURFACE('',#716,0.413290445642675,0.187937770541366);
#418=SURFACE_STYLE_USAGE(.BOTH.,#717);
#419=FACE_OUTER_BOUND('',#718,.T.);
#420=CYLINDRICAL_SURFACE('',#719,0.55);
#421=SURFACE_STYLE_USAGE(.BOTH.,#720);
#422=FACE_OUTER_BOUND('',#721,.T.);
#423=CONICAL_SURFACE('',#722,0.275,1.04719755119659);
#424=SURFACE_STYLE_USAGE(.BOTH.,#723);
#425=FACE_OUTER_BOUND('',#724,.T.);
#426=CONICAL_SURFACE('',#725,0.275,1.04719755119659);
#427=SURFACE_STYLE_USAGE(.BOTH.,#726);
#428=FACE_OUTER_BOUND('',#727,.T.);
#429=CYLINDRICAL_SURFACE('',#728,0.55);
#430=SURFACE_STYLE_USAGE(.BOTH.,#729);
#431=FACE_OUTER_BOUND('',#730,.T.);
#432=CONICAL_SURFACE('',#731,0.413290445642675,0.187937770541366);
#433=SURFACE_STYLE_USAGE(.BOTH.,#732);
#434=FACE_OUTER_BOUND('',#733,.T.);
#435=CONICAL_SURFACE('',#734,0.194937796442435,1.37093559646248);
#436=SURFACE_STYLE_USAGE(.BOTH.,#735);
#437=FACE_OUTER_BOUND('',#736,.T.);
#438=CONICAL_SURFACE('',#737,0.111692636000165,0.0619386574665895);
#439=SURFACE_STYLE_USAGE(.BOTH.,#738);
#440=FACE_OUTER_BOUND('',#739,.T.);
#441=CONICAL_SURFACE('',#740,0.245045285200405,0.187802820516009);
#442=SURFACE_STYLE_USAGE(.BOTH.,#741);
#443=FACE_OUTER_BOUND('',#742,.T.);
#444=CYLINDRICAL_SURFACE('',#743,0.38);
#445=SURFACE_STYLE_USAGE(.BOTH.,#744);
#446=FACE_OUTER_BOUND('',#745,.T.);
#447=CONICAL_SURFACE('',#746,0.43,0.61086523819802);
#448=SURFACE_STYLE_USAGE(.BOTH.,#747);
#449=FACE_OUTER_BOUND('',#748,.T.);
#450=FACE_BOUND('',#749,.T.);
#451=PLANE('',#750);
#452=SURFACE_STYLE_USAGE(.BOTH.,#751);
#453=FACE_OUTER_BOUND('',#752,.T.);
#454=CYLINDRICAL_SURFACE('',#753,0.55);
#455=SURFACE_STYLE_USAGE(.BOTH.,#754);
#456=FACE_OUTER_BOUND('',#755,.T.);
#457=CONICAL_SURFACE('',#756,0.6625,0.785398163397448);
#458=SURFACE_STYLE_USAGE(.BOTH.,#757);
#459=FACE_OUTER_BOUND('',#758,.T.);
#460=CYLINDRICAL_SURFACE('',#759,0.775);
#461=SURFACE_STYLE_USAGE(.BOTH.,#760);
#462=FACE_OUTER_BOUND('',#761,.T.);
#463=CONICAL_SURFACE('',#762,0.275,1.04719755119659);
#464=SURFACE_STYLE_USAGE(.BOTH.,#763);
#465=FACE_OUTER_BOUND('',#764,.T.);
#466=CYLINDRICAL_SURFACE('',#765,0.55);
#467=SURFACE_STYLE_USAGE(.BOTH.,#766);
#468=FACE_OUTER_BOUND('',#767,.T.);
#469=CONICAL_SURFACE('',#768,0.413290445642675,0.187937770541366);
#470=SURFACE_STYLE_USAGE(.BOTH.,#769);
#471=FACE_OUTER_BOUND('',#770,.T.);
#472=CONICAL_SURFACE('',#771,0.194937796442435,1.37093559646248);
#473=SURFACE_STYLE_USAGE(.BOTH.,#772);
#474=FACE_OUTER_BOUND('',#773,.T.);
#475=CONICAL_SURFACE('',#774,0.111692636000165,0.0619386574665895);
#476=SURFACE_STYLE_USAGE(.BOTH.,#775);
#477=FACE_OUTER_BOUND('',#776,.T.);
#478=CONICAL_SURFACE('',#777,0.245045285200405,0.187802820516009);
#479=SURFACE_STYLE_USAGE(.BOTH.,#778);
#480=FACE_OUTER_BOUND('',#779,.T.);
#481=CYLINDRICAL_SURFACE('',#780,0.38);
#482=SURFACE_STYLE_USAGE(.BOTH.,#781);
#483=FACE_OUTER_BOUND('',#782,.T.);
#484=CONICAL_SURFACE('',#783,0.43,0.61086523819802);
#485=SURFACE_STYLE_USAGE(.BOTH.,#784);
#486=FACE_OUTER_BOUND('',#785,.T.);
#487=FACE_BOUND('',#786,.T.);
#488=PLANE('',#787);
#489=SURFACE_STYLE_USAGE(.BOTH.,#788);
#490=FACE_OUTER_BOUND('',#789,.T.);
#491=CYLINDRICAL_SURFACE('',#790,0.55);
#492=SURFACE_STYLE_USAGE(.BOTH.,#791);
#493=FACE_OUTER_BOUND('',#792,.T.);
#494=CONICAL_SURFACE('',#793,0.6625,0.785398163397448);
#495=SURFACE_STYLE_USAGE(.BOTH.,#794);
#496=FACE_OUTER_BOUND('',#795,.T.);
#497=CYLINDRICAL_SURFACE('',#796,0.775);
#498=SURFACE_STYLE_USAGE(.BOTH.,#797);
#499=FACE_OUTER_BOUND('',#798,.T.);
#500=CYLINDRICAL_SURFACE('',#799,0.665);
#501=SURFACE_STYLE_USAGE(.BOTH.,#800);
#502=FACE_OUTER_BOUND('',#801,.T.);
#503=CYLINDRICAL_SURFACE('',#802,0.915);
#504=SURFACE_STYLE_USAGE(.BOTH.,#803);
#505=FACE_OUTER_BOUND('',#804,.T.);
#506=PLANE('',#805);
#507=SURFACE_STYLE_USAGE(.BOTH.,#806);
#508=FACE_OUTER_BOUND('',#807,.T.);
#509=TOROIDAL_SURFACE('',#808,0.00499999999999901,0.245000000000001);
#510=SURFACE_STYLE_USAGE(.BOTH.,#809);
#511=FACE_OUTER_BOUND('',#810,.T.);
#512=CYLINDRICAL_SURFACE('',#811,0.25);
#513=SURFACE_STYLE_USAGE(.BOTH.,#812);
#514=FACE_OUTER_BOUND('',#813,.T.);
#515=TOROIDAL_SURFACE('',#814,0.399999999999999,0.149999999999999);
#516=SURFACE_STYLE_USAGE(.BOTH.,#815);
#517=FACE_OUTER_BOUND('',#816,.T.);
#518=FACE_BOUND('',#817,.T.);
#519=PLANE('',#818);
#520=SURFACE_STYLE_USAGE(.BOTH.,#819);
#521=FACE_OUTER_BOUND('',#820,.T.);
#522=CONICAL_SURFACE('',#821,0.565,0.785398163397448);
#523=SURFACE_STYLE_USAGE(.BOTH.,#822);
#524=FACE_BOUND('',#823,.T.);
#525=FACE_OUTER_BOUND('',#824,.T.);
#526=PLANE('',#825);
#527=SURFACE_STYLE_USAGE(.BOTH.,#826);
#528=FACE_OUTER_BOUND('',#827,.T.);
#529=CYLINDRICAL_SURFACE('',#828,0.665);
#530=SURFACE_STYLE_USAGE(.BOTH.,#829);
#531=FACE_OUTER_BOUND('',#830,.T.);
#532=CYLINDRICAL_SURFACE('',#831,0.915);
#533=SURFACE_STYLE_USAGE(.BOTH.,#832);
#534=FACE_OUTER_BOUND('',#833,.T.);
#535=PLANE('',#834);
#536=SURFACE_STYLE_USAGE(.BOTH.,#835);
#537=FACE_OUTER_BOUND('',#836,.T.);
#538=TOROIDAL_SURFACE('',#837,0.00499999999999901,0.245000000000001);
#539=SURFACE_STYLE_USAGE(.BOTH.,#838);
#540=FACE_OUTER_BOUND('',#839,.T.);
#541=CYLINDRICAL_SURFACE('',#840,0.25);
#542=SURFACE_STYLE_USAGE(.BOTH.,#841);
#543=FACE_OUTER_BOUND('',#842,.T.);
#544=TOROIDAL_SURFACE('',#843,0.399999999999999,0.149999999999999);
#545=SURFACE_STYLE_USAGE(.BOTH.,#844);
#546=FACE_OUTER_BOUND('',#845,.T.);
#547=FACE_BOUND('',#846,.T.);
#548=PLANE('',#847);
#549=SURFACE_STYLE_USAGE(.BOTH.,#848);
#550=FACE_OUTER_BOUND('',#849,.T.);
#551=CONICAL_SURFACE('',#850,0.565,0.785398163397448);
#552=SURFACE_STYLE_USAGE(.BOTH.,#851);
#553=FACE_BOUND('',#852,.T.);
#554=FACE_OUTER_BOUND('',#853,.T.);
#555=PLANE('',#854);
#556=SURFACE_STYLE_USAGE(.BOTH.,#855);
#557=FACE_OUTER_BOUND('',#856,.T.);
#558=PLANE('',#857);
#559=SURFACE_STYLE_USAGE(.BOTH.,#858);
#560=FACE_OUTER_BOUND('',#859,.T.);
#561=PLANE('',#860);
#562=SURFACE_STYLE_USAGE(.BOTH.,#861);
#563=FACE_OUTER_BOUND('',#862,.T.);
#564=PLANE('',#863);
#565=SURFACE_STYLE_USAGE(.BOTH.,#864);
#566=FACE_OUTER_BOUND('',#865,.T.);
#567=PLANE('',#866);
#568=SURFACE_STYLE_USAGE(.BOTH.,#867);
#569=FACE_OUTER_BOUND('',#868,.T.);
#570=PLANE('',#869);
#571=SURFACE_STYLE_USAGE(.BOTH.,#870);
#572=FACE_OUTER_BOUND('',#871,.T.);
#573=PLANE('',#872);
#574=SURFACE_STYLE_USAGE(.BOTH.,#873);
#575=FACE_OUTER_BOUND('',#874,.T.);
#576=PLANE('',#875);
#577=SURFACE_STYLE_USAGE(.BOTH.,#876);
#578=FACE_OUTER_BOUND('',#877,.T.);
#579=PLANE('',#878);
#580=SURFACE_STYLE_USAGE(.BOTH.,#879);
#581=FACE_OUTER_BOUND('',#880,.T.);
#582=PLANE('',#881);
#583=SURFACE_STYLE_USAGE(.BOTH.,#882);
#584=FACE_BOUND('',#883,.T.);
#585=FACE_BOUND('',#884,.T.);
#586=FACE_OUTER_BOUND('',#885,.T.);
#587=PLANE('',#886);
#588=SURFACE_STYLE_USAGE(.BOTH.,#887);
#589=FACE_OUTER_BOUND('',#888,.T.);
#590=PLANE('',#889);
#591=SURFACE_STYLE_USAGE(.BOTH.,#890);
#592=FACE_OUTER_BOUND('',#891,.T.);
#593=PLANE('',#892);
#594=SURFACE_STYLE_USAGE(.BOTH.,#893);
#595=FACE_OUTER_BOUND('',#894,.T.);
#596=PLANE('',#895);
#597=SURFACE_STYLE_USAGE(.BOTH.,#896);
#598=FACE_OUTER_BOUND('',#897,.T.);
#599=PLANE('',#898);
#600=SURFACE_STYLE_USAGE(.BOTH.,#899);
#601=FACE_OUTER_BOUND('',#900,.T.);
#602=PLANE('',#901);
#603=SURFACE_STYLE_USAGE(.BOTH.,#902);
#604=FACE_OUTER_BOUND('',#903,.T.);
#605=PLANE('',#904);
#606=SURFACE_STYLE_USAGE(.BOTH.,#905);
#607=FACE_OUTER_BOUND('',#906,.T.);
#608=PLANE('',#907);
#609=SURFACE_STYLE_USAGE(.BOTH.,#908);
#610=FACE_BOUND('',#909,.T.);
#611=FACE_BOUND('',#910,.T.);
#612=FACE_OUTER_BOUND('',#911,.T.);
#613=PLANE('',#912);
#614=PRODUCT_CONTEXT('',#104,'mechanical');
#615=PRODUCT_DEFINITION_FORMATION_WITH_SPECIFIED_SOURCE(' ','NONE',#305,.NOT_KNOWN.);
#616=CLOSED_SHELL('',(#118,#120,#122,#124,#126,#128,#130,#132,#134,#136,#138,#140,#142,#144,#146,#148,#150,#152,#154,#156,#158,#160,#162,#164,#166,#168,#170,#172,#174,#176,#178,#180,#182,#184,#186,#188,#190,#192,#194,#196,#198,#200,#202,#204,#206,#208,#210,#212,#214,#216,#218,#220,#222,#224,#226,#228,#230,#232,#234,#236,#238,#240,#242,#244,#246,#248,#250,#252,#254,#256,#258,#260,#262,#264,#266,#268,#270,#272,#274,#276,#278,#280,#282,#284,#286,#288,#290,#292,#294,#296,#298,#300,#302,#304));
#617=CARTESIAN_POINT('',(0.0,0.0,0.0));
#618=DIRECTION('',(0.0,0.0,1.0));
#619=DIRECTION('',(1.0,0.0,0.0));
#620= (NAMED_UNIT(#314)LENGTH_UNIT()SI_UNIT(.MILLI.,.METRE.));
#621=SURFACE_SIDE_STYLE('',(#914));
#622=EDGE_LOOP('',(#915,#916,#917,#918));
#623=AXIS2_PLACEMENT_3D('',#919,#920,#921);
#624=SURFACE_SIDE_STYLE('',(#922));
#625=EDGE_LOOP('',(#923,#924,#925,#926,#927));
#626=AXIS2_PLACEMENT_3D('',#928,#929,#930);
#627=SURFACE_SIDE_STYLE('',(#931));
#628=EDGE_LOOP('',(#932,#933,#934,#935,#936,#937));
#629=AXIS2_PLACEMENT_3D('',#938,#939,#940);
#630=SURFACE_SIDE_STYLE('',(#941));
#631=EDGE_LOOP('',(#942,#943,#944,#945,#946,#947));
#632=AXIS2_PLACEMENT_3D('',#948,#949,#950);
#633=SURFACE_SIDE_STYLE('',(#951));
#634=EDGE_LOOP('',(#952,#953,#954,#955));
#635=AXIS2_PLACEMENT_3D('',#956,#957,#958);
#636=SURFACE_SIDE_STYLE('',(#959));
#637=EDGE_LOOP('',(#960,#961,#962,#963));
#638=AXIS2_PLACEMENT_3D('',#964,#965,#966);
#639=SURFACE_SIDE_STYLE('',(#967));
#640=EDGE_LOOP('',(#968,#969,#970,#971));
#641=AXIS2_PLACEMENT_3D('',#972,#973,#974);
#642=SURFACE_SIDE_STYLE('',(#975));
#643=EDGE_LOOP('',(#976,#977,#978,#979,#980));
#644=AXIS2_PLACEMENT_3D('',#981,#982,#983);
#645=SURFACE_SIDE_STYLE('',(#984));
#646=EDGE_LOOP('',(#985,#986,#987,#988,#989,#990));
#647=AXIS2_PLACEMENT_3D('',#991,#992,#993);
#648=SURFACE_SIDE_STYLE('',(#994));
#649=EDGE_LOOP('',(#995,#996,#997,#998,#999,#1000));
#650=AXIS2_PLACEMENT_3D('',#1001,#1002,#1003);
#651=SURFACE_SIDE_STYLE('',(#1004));
#652=EDGE_LOOP('',(#1005,#1006,#1007,#1008));
#653=AXIS2_PLACEMENT_3D('',#1009,#1010,#1011);
#654=SURFACE_SIDE_STYLE('',(#1012));
#655=EDGE_LOOP('',(#1013,#1014,#1015,#1016));
#656=AXIS2_PLACEMENT_3D('',#1017,#1018,#1019);
#657=SURFACE_SIDE_STYLE('',(#1020));
#658=EDGE_LOOP('',(#1021,#1022,#1023,#1024));
#659=AXIS2_PLACEMENT_3D('',#1025,#1026,#1027);
#660=SURFACE_SIDE_STYLE('',(#1028));
#661=EDGE_LOOP('',(#1029,#1030,#1031,#1032));
#662=AXIS2_PLACEMENT_3D('',#1033,#1034,#1035);
#663=SURFACE_SIDE_STYLE('',(#1036));
#664=EDGE_LOOP('',(#1037,#1038,#1039,#1040));
#665=AXIS2_PLACEMENT_3D('',#1041,#1042,#1043);
#666=SURFACE_SIDE_STYLE('',(#1044));
#667=EDGE_LOOP('',(#1045,#1046,#1047,#1048));
#668=AXIS2_PLACEMENT_3D('',#1049,#1050,#1051);
#669=SURFACE_SIDE_STYLE('',(#1052));
#670=EDGE_LOOP('',(#1053,#1054,#1055,#1056));
#671=AXIS2_PLACEMENT_3D('',#1057,#1058,#1059);
#672=SURFACE_SIDE_STYLE('',(#1060));
#673=EDGE_LOOP('',(#1061,#1062,#1063,#1064));
#674=AXIS2_PLACEMENT_3D('',#1065,#1066,#1067);
#675=SURFACE_SIDE_STYLE('',(#1068));
#676=EDGE_LOOP('',(#1069,#1070,#1071,#1072));
#677=AXIS2_PLACEMENT_3D('',#1073,#1074,#1075);
#678=SURFACE_SIDE_STYLE('',(#1076));
#679=EDGE_LOOP('',(#1077,#1078,#1079,#1080));
#680=AXIS2_PLACEMENT_3D('',#1081,#1082,#1083);
#681=SURFACE_SIDE_STYLE('',(#1084));
#682=EDGE_LOOP('',(#1085,#1086,#1087,#1088));
#683=AXIS2_PLACEMENT_3D('',#1089,#1090,#1091);
#684=SURFACE_SIDE_STYLE('',(#1092));
#685=EDGE_LOOP('',(#1093,#1094,#1095,#1096));
#686=AXIS2_PLACEMENT_3D('',#1097,#1098,#1099);
#687=SURFACE_SIDE_STYLE('',(#1100));
#688=EDGE_LOOP('',(#1101,#1102,#1103));
#689=AXIS2_PLACEMENT_3D('',#1104,#1105,#1106);
#690=SURFACE_SIDE_STYLE('',(#1107));
#691=EDGE_LOOP('',(#1108,#1109,#1110,#1111));
#692=AXIS2_PLACEMENT_3D('',#1112,#1113,#1114);
#693=SURFACE_SIDE_STYLE('',(#1115));
#694=EDGE_LOOP('',(#1116,#1117,#1118,#1119));
#695=AXIS2_PLACEMENT_3D('',#1120,#1121,#1122);
#696=SURFACE_SIDE_STYLE('',(#1123));
#697=EDGE_LOOP('',(#1124,#1125,#1126,#1127));
#698=AXIS2_PLACEMENT_3D('',#1128,#1129,#1130);
#699=SURFACE_SIDE_STYLE('',(#1131));
#700=EDGE_LOOP('',(#1132,#1133,#1134,#1135));
#701=AXIS2_PLACEMENT_3D('',#1136,#1137,#1138);
#702=SURFACE_SIDE_STYLE('',(#1139));
#703=EDGE_LOOP('',(#1140,#1141,#1142,#1143));
#704=AXIS2_PLACEMENT_3D('',#1144,#1145,#1146);
#705=SURFACE_SIDE_STYLE('',(#1147));
#706=EDGE_LOOP('',(#1148,#1149,#1150,#1151));
#707=AXIS2_PLACEMENT_3D('',#1152,#1153,#1154);
#708=SURFACE_SIDE_STYLE('',(#1155));
#709=EDGE_LOOP('',(#1156,#1157,#1158,#1159));
#710=AXIS2_PLACEMENT_3D('',#1160,#1161,#1162);
#711=SURFACE_SIDE_STYLE('',(#1163));
#712=EDGE_LOOP('',(#1164,#1165,#1166,#1167));
#713=AXIS2_PLACEMENT_3D('',#1168,#1169,#1170);
#714=SURFACE_SIDE_STYLE('',(#1171));
#715=EDGE_LOOP('',(#1172,#1173,#1174,#1175));
#716=AXIS2_PLACEMENT_3D('',#1176,#1177,#1178);
#717=SURFACE_SIDE_STYLE('',(#1179));
#718=EDGE_LOOP('',(#1180,#1181,#1182,#1183));
#719=AXIS2_PLACEMENT_3D('',#1184,#1185,#1186);
#720=SURFACE_SIDE_STYLE('',(#1187));
#721=EDGE_LOOP('',(#1188,#1189,#1190));
#722=AXIS2_PLACEMENT_3D('',#1191,#1192,#1193);
#723=SURFACE_SIDE_STYLE('',(#1194));
#724=EDGE_LOOP('',(#1195,#1196,#1197));
#725=AXIS2_PLACEMENT_3D('',#1198,#1199,#1200);
#726=SURFACE_SIDE_STYLE('',(#1201));
#727=EDGE_LOOP('',(#1202,#1203,#1204,#1205));
#728=AXIS2_PLACEMENT_3D('',#1206,#1207,#1208);
#729=SURFACE_SIDE_STYLE('',(#1209));
#730=EDGE_LOOP('',(#1210,#1211,#1212,#1213));
#731=AXIS2_PLACEMENT_3D('',#1214,#1215,#1216);
#732=SURFACE_SIDE_STYLE('',(#1217));
#733=EDGE_LOOP('',(#1218,#1219,#1220,#1221));
#734=AXIS2_PLACEMENT_3D('',#1222,#1223,#1224);
#735=SURFACE_SIDE_STYLE('',(#1225));
#736=EDGE_LOOP('',(#1226,#1227,#1228,#1229));
#737=AXIS2_PLACEMENT_3D('',#1230,#1231,#1232);
#738=SURFACE_SIDE_STYLE('',(#1233));
#739=EDGE_LOOP('',(#1234,#1235,#1236,#1237));
#740=AXIS2_PLACEMENT_3D('',#1238,#1239,#1240);
#741=SURFACE_SIDE_STYLE('',(#1241));
#742=EDGE_LOOP('',(#1242,#1243,#1244,#1245));
#743=AXIS2_PLACEMENT_3D('',#1246,#1247,#1248);
#744=SURFACE_SIDE_STYLE('',(#1249));
#745=EDGE_LOOP('',(#1250,#1251,#1252,#1253));
#746=AXIS2_PLACEMENT_3D('',#1254,#1255,#1256);
#747=SURFACE_SIDE_STYLE('',(#1257));
#748=EDGE_LOOP('',(#1258,#1259));
#749=EDGE_LOOP('',(#1260,#1261));
#750=AXIS2_PLACEMENT_3D('',#1262,#1263,#1264);
#751=SURFACE_SIDE_STYLE('',(#1265));
#752=EDGE_LOOP('',(#1266,#1267,#1268,#1269));
#753=AXIS2_PLACEMENT_3D('',#1270,#1271,#1272);
#754=SURFACE_SIDE_STYLE('',(#1273));
#755=EDGE_LOOP('',(#1274,#1275,#1276,#1277));
#756=AXIS2_PLACEMENT_3D('',#1278,#1279,#1280);
#757=SURFACE_SIDE_STYLE('',(#1281));
#758=EDGE_LOOP('',(#1282,#1283,#1284,#1285));
#759=AXIS2_PLACEMENT_3D('',#1286,#1287,#1288);
#760=SURFACE_SIDE_STYLE('',(#1289));
#761=EDGE_LOOP('',(#1290,#1291,#1292));
#762=AXIS2_PLACEMENT_3D('',#1293,#1294,#1295);
#763=SURFACE_SIDE_STYLE('',(#1296));
#764=EDGE_LOOP('',(#1297,#1298,#1299,#1300));
#765=AXIS2_PLACEMENT_3D('',#1301,#1302,#1303);
#766=SURFACE_SIDE_STYLE('',(#1304));
#767=EDGE_LOOP('',(#1305,#1306,#1307,#1308));
#768=AXIS2_PLACEMENT_3D('',#1309,#1310,#1311);
#769=SURFACE_SIDE_STYLE('',(#1312));
#770=EDGE_LOOP('',(#1313,#1314,#1315,#1316));
#771=AXIS2_PLACEMENT_3D('',#1317,#1318,#1319);
#772=SURFACE_SIDE_STYLE('',(#1320));
#773=EDGE_LOOP('',(#1321,#1322,#1323,#1324));
#774=AXIS2_PLACEMENT_3D('',#1325,#1326,#1327);
#775=SURFACE_SIDE_STYLE('',(#1328));
#776=EDGE_LOOP('',(#1329,#1330,#1331,#1332));
#777=AXIS2_PLACEMENT_3D('',#1333,#1334,#1335);
#778=SURFACE_SIDE_STYLE('',(#1336));
#779=EDGE_LOOP('',(#1337,#1338,#1339,#1340));
#780=AXIS2_PLACEMENT_3D('',#1341,#1342,#1343);
#781=SURFACE_SIDE_STYLE('',(#1344));
#782=EDGE_LOOP('',(#1345,#1346,#1347,#1348));
#783=AXIS2_PLACEMENT_3D('',#1349,#1350,#1351);
#784=SURFACE_SIDE_STYLE('',(#1352));
#785=EDGE_LOOP('',(#1353,#1354));
#786=EDGE_LOOP('',(#1355,#1356));
#787=AXIS2_PLACEMENT_3D('',#1357,#1358,#1359);
#788=SURFACE_SIDE_STYLE('',(#1360));
#789=EDGE_LOOP('',(#1361,#1362,#1363,#1364));
#790=AXIS2_PLACEMENT_3D('',#1365,#1366,#1367);
#791=SURFACE_SIDE_STYLE('',(#1368));
#792=EDGE_LOOP('',(#1369,#1370,#1371,#1372));
#793=AXIS2_PLACEMENT_3D('',#1373,#1374,#1375);
#794=SURFACE_SIDE_STYLE('',(#1376));
#795=EDGE_LOOP('',(#1377,#1378,#1379,#1380));
#796=AXIS2_PLACEMENT_3D('',#1381,#1382,#1383);
#797=SURFACE_SIDE_STYLE('',(#1384));
#798=EDGE_LOOP('',(#1385,#1386,#1387,#1388));
#799=AXIS2_PLACEMENT_3D('',#1389,#1390,#1391);
#800=SURFACE_SIDE_STYLE('',(#1392));
#801=EDGE_LOOP('',(#1393,#1394,#1395,#1396));
#802=AXIS2_PLACEMENT_3D('',#1397,#1398,#1399);
#803=SURFACE_SIDE_STYLE('',(#1400));
#804=EDGE_LOOP('',(#1401,#1402,#1403));
#805=AXIS2_PLACEMENT_3D('',#1404,#1405,#1406);
#806=SURFACE_SIDE_STYLE('',(#1407));
#807=EDGE_LOOP('',(#1408,#1409,#1410,#1411,#1412));
#808=AXIS2_PLACEMENT_3D('',#1413,#1414,#1415);
#809=SURFACE_SIDE_STYLE('',(#1416));
#810=EDGE_LOOP('',(#1417,#1418,#1419,#1420,#1421,#1422));
#811=AXIS2_PLACEMENT_3D('',#1423,#1424,#1425);
#812=SURFACE_SIDE_STYLE('',(#1426));
#813=EDGE_LOOP('',(#1427,#1428,#1429,#1430,#1431,#1432));
#814=AXIS2_PLACEMENT_3D('',#1433,#1434,#1435);
#815=SURFACE_SIDE_STYLE('',(#1436));
#816=EDGE_LOOP('',(#1437,#1438));
#817=EDGE_LOOP('',(#1439,#1440,#1441));
#818=AXIS2_PLACEMENT_3D('',#1442,#1443,#1444);
#819=SURFACE_SIDE_STYLE('',(#1445));
#820=EDGE_LOOP('',(#1446,#1447,#1448,#1449));
#821=AXIS2_PLACEMENT_3D('',#1450,#1451,#1452);
#822=SURFACE_SIDE_STYLE('',(#1453));
#823=EDGE_LOOP('',(#1454,#1455));
#824=EDGE_LOOP('',(#1456,#1457));
#825=AXIS2_PLACEMENT_3D('',#1458,#1459,#1460);
#826=SURFACE_SIDE_STYLE('',(#1461));
#827=EDGE_LOOP('',(#1462,#1463,#1464,#1465));
#828=AXIS2_PLACEMENT_3D('',#1466,#1467,#1468);
#829=SURFACE_SIDE_STYLE('',(#1469));
#830=EDGE_LOOP('',(#1470,#1471,#1472,#1473));
#831=AXIS2_PLACEMENT_3D('',#1474,#1475,#1476);
#832=SURFACE_SIDE_STYLE('',(#1477));
#833=EDGE_LOOP('',(#1478,#1479,#1480));
#834=AXIS2_PLACEMENT_3D('',#1481,#1482,#1483);
#835=SURFACE_SIDE_STYLE('',(#1484));
#836=EDGE_LOOP('',(#1485,#1486,#1487,#1488,#1489));
#837=AXIS2_PLACEMENT_3D('',#1490,#1491,#1492);
#838=SURFACE_SIDE_STYLE('',(#1493));
#839=EDGE_LOOP('',(#1494,#1495,#1496,#1497,#1498,#1499));
#840=AXIS2_PLACEMENT_3D('',#1500,#1501,#1502);
#841=SURFACE_SIDE_STYLE('',(#1503));
#842=EDGE_LOOP('',(#1504,#1505,#1506,#1507,#1508,#1509));
#843=AXIS2_PLACEMENT_3D('',#1510,#1511,#1512);
#844=SURFACE_SIDE_STYLE('',(#1513));
#845=EDGE_LOOP('',(#1514,#1515));
#846=EDGE_LOOP('',(#1516,#1517,#1518));
#847=AXIS2_PLACEMENT_3D('',#1519,#1520,#1521);
#848=SURFACE_SIDE_STYLE('',(#1522));
#849=EDGE_LOOP('',(#1523,#1524,#1525,#1526));
#850=AXIS2_PLACEMENT_3D('',#1527,#1528,#1529);
#851=SURFACE_SIDE_STYLE('',(#1530));
#852=EDGE_LOOP('',(#1531,#1532));
#853=EDGE_LOOP('',(#1533,#1534));
#854=AXIS2_PLACEMENT_3D('',#1535,#1536,#1537);
#855=SURFACE_SIDE_STYLE('',(#1538));
#856=EDGE_LOOP('',(#1539,#1540,#1541,#1542));
#857=AXIS2_PLACEMENT_3D('',#1543,#1544,#1545);
#858=SURFACE_SIDE_STYLE('',(#1546));
#859=EDGE_LOOP('',(#1547,#1548,#1549,#1550));
#860=AXIS2_PLACEMENT_3D('',#1551,#1552,#1553);
#861=SURFACE_SIDE_STYLE('',(#1554));
#862=EDGE_LOOP('',(#1555,#1556,#1557,#1558));
#863=AXIS2_PLACEMENT_3D('',#1559,#1560,#1561);
#864=SURFACE_SIDE_STYLE('',(#1562));
#865=EDGE_LOOP('',(#1563,#1564,#1565,#1566));
#866=AXIS2_PLACEMENT_3D('',#1567,#1568,#1569);
#867=SURFACE_SIDE_STYLE('',(#1570));
#868=EDGE_LOOP('',(#1571,#1572,#1573,#1574));
#869=AXIS2_PLACEMENT_3D('',#1575,#1576,#1577);
#870=SURFACE_SIDE_STYLE('',(#1578));
#871=EDGE_LOOP('',(#1579,#1580,#1581,#1582));
#872=AXIS2_PLACEMENT_3D('',#1583,#1584,#1585);
#873=SURFACE_SIDE_STYLE('',(#1586));
#874=EDGE_LOOP('',(#1587,#1588,#1589,#1590));
#875=AXIS2_PLACEMENT_3D('',#1591,#1592,#1593);
#876=SURFACE_SIDE_STYLE('',(#1594));
#877=EDGE_LOOP('',(#1595,#1596,#1597,#1598));
#878=AXIS2_PLACEMENT_3D('',#1599,#1600,#1601);
#879=SURFACE_SIDE_STYLE('',(#1602));
#880=EDGE_LOOP('',(#1603,#1604,#1605,#1606));
#881=AXIS2_PLACEMENT_3D('',#1607,#1608,#1609);
#882=SURFACE_SIDE_STYLE('',(#1610));
#883=EDGE_LOOP('',(#1611,#1612));
#884=EDGE_LOOP('',(#1613,#1614));
#885=EDGE_LOOP('',(#1615,#1616,#1617,#1618,#1619,#1620,#1621,#1622,#1623,#1624,#1625,#1626,#1627,#1628,#1629,#1630));
#886=AXIS2_PLACEMENT_3D('',#1631,#1632,#1633);
#887=SURFACE_SIDE_STYLE('',(#1634));
#888=EDGE_LOOP('',(#1635,#1636,#1637,#1638));
#889=AXIS2_PLACEMENT_3D('',#1639,#1640,#1641);
#890=SURFACE_SIDE_STYLE('',(#1642));
#891=EDGE_LOOP('',(#1643,#1644,#1645,#1646));
#892=AXIS2_PLACEMENT_3D('',#1647,#1648,#1649);
#893=SURFACE_SIDE_STYLE('',(#1650));
#894=EDGE_LOOP('',(#1651,#1652,#1653,#1654));
#895=AXIS2_PLACEMENT_3D('',#1655,#1656,#1657);
#896=SURFACE_SIDE_STYLE('',(#1658));
#897=EDGE_LOOP('',(#1659,#1660,#1661,#1662));
#898=AXIS2_PLACEMENT_3D('',#1663,#1664,#1665);
#899=SURFACE_SIDE_STYLE('',(#1666));
#900=EDGE_LOOP('',(#1667,#1668,#1669,#1670));
#901=AXIS2_PLACEMENT_3D('',#1671,#1672,#1673);
#902=SURFACE_SIDE_STYLE('',(#1674));
#903=EDGE_LOOP('',(#1675,#1676,#1677,#1678));
#904=AXIS2_PLACEMENT_3D('',#1679,#1680,#1681);
#905=SURFACE_SIDE_STYLE('',(#1682));
#906=EDGE_LOOP('',(#1683,#1684,#1685,#1686));
#907=AXIS2_PLACEMENT_3D('',#1687,#1688,#1689);
#908=SURFACE_SIDE_STYLE('',(#1690));
#909=EDGE_LOOP('',(#1691,#1692));
#910=EDGE_LOOP('',(#1693,#1694));
#911=EDGE_LOOP('',(#1695,#1696,#1697,#1698,#1699,#1700,#1701,#1702,#1703,#1704,#1705,#1706,#1707,#1708,#1709,#1710));
#912=AXIS2_PLACEMENT_3D('',#1711,#1712,#1713);
#914=SURFACE_STYLE_FILL_AREA(#1714);
#915=ORIENTED_EDGE('',*,*,#1715,.F.);
#916=ORIENTED_EDGE('',*,*,#1716,.T.);
#917=ORIENTED_EDGE('',*,*,#1717,.F.);
#918=ORIENTED_EDGE('',*,*,#1718,.F.);
#919=CARTESIAN_POINT('',(-1.27,-1.3,0.0));
#920=DIRECTION('',(-0.0,1.0,-0.0));
#921=DIRECTION('',(1.0,0.0,0.0));
#922=SURFACE_STYLE_FILL_AREA(#1719);
#923=ORIENTED_EDGE('',*,*,#1720,.F.);
#924=ORIENTED_EDGE('',*,*,#1721,.T.);
#925=ORIENTED_EDGE('',*,*,#1722,.T.);
#926=ORIENTED_EDGE('',*,*,#1723,.F.);
#927=ORIENTED_EDGE('',*,*,#1724,.F.);
#928=CARTESIAN_POINT('',(-1.27,-1.55,0.0));
#929=DIRECTION('',(0.0,1.0,0.0));
#930=DIRECTION('',(0.0,0.0,1.0));
#931=SURFACE_STYLE_FILL_AREA(#1725);
#932=ORIENTED_EDGE('',*,*,#1726,.F.);
#933=ORIENTED_EDGE('',*,*,#1727,.T.);
#934=ORIENTED_EDGE('',*,*,#1728,.T.);
#935=ORIENTED_EDGE('',*,*,#1729,.F.);
#936=ORIENTED_EDGE('',*,*,#1721,.F.);
#937=ORIENTED_EDGE('',*,*,#1730,.F.);
#938=CARTESIAN_POINT('',(-1.27,-2.9375,0.0));
#939=DIRECTION('',(-0.0,1.0,0.0));
#940=DIRECTION('',(1.0,0.0,0.0));
#941=SURFACE_STYLE_FILL_AREA(#1731);
#942=ORIENTED_EDGE('',*,*,#1732,.F.);
#943=ORIENTED_EDGE('',*,*,#1733,.T.);
#944=ORIENTED_EDGE('',*,*,#1734,.T.);
#945=ORIENTED_EDGE('',*,*,#1735,.F.);
#946=ORIENTED_EDGE('',*,*,#1727,.F.);
#947=ORIENTED_EDGE('',*,*,#1736,.F.);
#948=CARTESIAN_POINT('',(-1.27,-4.325,0.0));
#949=DIRECTION('',(0.0,1.0,0.0));
#950=DIRECTION('',(0.0,0.0,1.0));
#951=SURFACE_STYLE_FILL_AREA(#1737);
#952=ORIENTED_EDGE('',*,*,#1738,.F.);
#953=ORIENTED_EDGE('',*,*,#1739,.F.);
#954=ORIENTED_EDGE('',*,*,#1740,.F.);
#955=ORIENTED_EDGE('',*,*,#1741,.F.);
#956=CARTESIAN_POINT('',(-1.27,2.4055,0.0));
#957=DIRECTION('',(-0.0,1.0,0.0));
#958=DIRECTION('',(1.0,0.0,0.0));
#959=SURFACE_STYLE_FILL_AREA(#1742);
#960=ORIENTED_EDGE('',*,*,#1743,.F.);
#961=ORIENTED_EDGE('',*,*,#1718,.T.);
#962=ORIENTED_EDGE('',*,*,#1744,.F.);
#963=ORIENTED_EDGE('',*,*,#1745,.F.);
#964=CARTESIAN_POINT('',(-1.27,-0.15361215932168,0.0));
#965=DIRECTION('',(-0.0,1.0,0.0));
#966=DIRECTION('',(1.0,0.0,0.0));
#967=SURFACE_STYLE_FILL_AREA(#1746);
#968=ORIENTED_EDGE('',*,*,#1747,.F.);
#969=ORIENTED_EDGE('',*,*,#1748,.T.);
#970=ORIENTED_EDGE('',*,*,#1749,.F.);
#971=ORIENTED_EDGE('',*,*,#1750,.F.);
#972=CARTESIAN_POINT('',(1.27,-1.3,0.0));
#973=DIRECTION('',(-0.0,1.0,-0.0));
#974=DIRECTION('',(1.0,0.0,0.0));
#975=SURFACE_STYLE_FILL_AREA(#1751);
#976=ORIENTED_EDGE('',*,*,#1752,.F.);
#977=ORIENTED_EDGE('',*,*,#1753,.T.);
#978=ORIENTED_EDGE('',*,*,#1754,.T.);
#979=ORIENTED_EDGE('',*,*,#1755,.F.);
#980=ORIENTED_EDGE('',*,*,#1756,.F.);
#981=CARTESIAN_POINT('',(1.27,-1.55,0.0));
#982=DIRECTION('',(0.0,1.0,0.0));
#983=DIRECTION('',(0.0,0.0,1.0));
#984=SURFACE_STYLE_FILL_AREA(#1757);
#985=ORIENTED_EDGE('',*,*,#1758,.F.);
#986=ORIENTED_EDGE('',*,*,#1759,.T.);
#987=ORIENTED_EDGE('',*,*,#1760,.T.);
#988=ORIENTED_EDGE('',*,*,#1761,.F.);
#989=ORIENTED_EDGE('',*,*,#1753,.F.);
#990=ORIENTED_EDGE('',*,*,#1762,.F.);
#991=CARTESIAN_POINT('',(1.27,-2.9375,0.0));
#992=DIRECTION('',(-0.0,1.0,0.0));
#993=DIRECTION('',(1.0,0.0,0.0));
#994=SURFACE_STYLE_FILL_AREA(#1763);
#995=ORIENTED_EDGE('',*,*,#1764,.F.);
#996=ORIENTED_EDGE('',*,*,#1765,.T.);
#997=ORIENTED_EDGE('',*,*,#1766,.T.);
#998=ORIENTED_EDGE('',*,*,#1767,.F.);
#999=ORIENTED_EDGE('',*,*,#1759,.F.);
#1000=ORIENTED_EDGE('',*,*,#1768,.F.);
#1001=CARTESIAN_POINT('',(1.27,-4.325,0.0));
#1002=DIRECTION('',(0.0,1.0,0.0));
#1003=DIRECTION('',(0.0,0.0,1.0));
#1004=SURFACE_STYLE_FILL_AREA(#1769);
#1005=ORIENTED_EDGE('',*,*,#1770,.F.);
#1006=ORIENTED_EDGE('',*,*,#1771,.F.);
#1007=ORIENTED_EDGE('',*,*,#1772,.F.);
#1008=ORIENTED_EDGE('',*,*,#1773,.F.);
#1009=CARTESIAN_POINT('',(1.27,2.4055,0.0));
#1010=DIRECTION('',(-0.0,1.0,0.0));
#1011=DIRECTION('',(1.0,0.0,0.0));
#1012=SURFACE_STYLE_FILL_AREA(#1774);
#1013=ORIENTED_EDGE('',*,*,#1775,.F.);
#1014=ORIENTED_EDGE('',*,*,#1750,.T.);
#1015=ORIENTED_EDGE('',*,*,#1776,.F.);
#1016=ORIENTED_EDGE('',*,*,#1777,.F.);
#1017=CARTESIAN_POINT('',(1.27,-0.15361215932168,0.0));
#1018=DIRECTION('',(-0.0,1.0,0.0));
#1019=DIRECTION('',(1.0,0.0,0.0));
#1020=SURFACE_STYLE_FILL_AREA(#1778);
#1021=ORIENTED_EDGE('',*,*,#1779,.F.);
#1022=ORIENTED_EDGE('',*,*,#1780,.F.);
#1023=ORIENTED_EDGE('',*,*,#1781,.F.);
#1024=ORIENTED_EDGE('',*,*,#1782,.F.);
#1025=CARTESIAN_POINT('',(-1.27,2.85118232182064,0.0));
#1026=DIRECTION('',(-0.0,1.0,0.0));
#1027=DIRECTION('',(1.0,0.0,0.0));
#1028=SURFACE_STYLE_FILL_AREA(#1783);
#1029=ORIENTED_EDGE('',*,*,#1784,.F.);
#1030=ORIENTED_EDGE('',*,*,#1782,.T.);
#1031=ORIENTED_EDGE('',*,*,#1785,.F.);
#1032=ORIENTED_EDGE('',*,*,#1786,.F.);
#1033=CARTESIAN_POINT('',(-1.27,2.6875,0.0));
#1034=DIRECTION('',(-0.0,1.0,-0.0));
#1035=DIRECTION('',(1.0,0.0,0.0));
#1036=SURFACE_STYLE_FILL_AREA(#1787);
#1037=ORIENTED_EDGE('',*,*,#1788,.F.);
#1038=ORIENTED_EDGE('',*,*,#1786,.T.);
#1039=ORIENTED_EDGE('',*,*,#1789,.F.);
#1040=ORIENTED_EDGE('',*,*,#1790,.F.);
#1041=CARTESIAN_POINT('',(-1.27,2.54,0.0));
#1042=DIRECTION('',(-0.0,1.0,0.0));
#1043=DIRECTION('',(1.0,0.0,0.0));
#1044=SURFACE_STYLE_FILL_AREA(#1791);
#1045=ORIENTED_EDGE('',*,*,#1792,.F.);
#1046=ORIENTED_EDGE('',*,*,#1793,.T.);
#1047=ORIENTED_EDGE('',*,*,#1794,.F.);
#1048=ORIENTED_EDGE('',*,*,#1795,.F.);
#1049=CARTESIAN_POINT('',(-1.27,2.43359259966289,0.0));
#1050=DIRECTION('',(-0.0,1.0,-0.0));
#1051=DIRECTION('',(1.0,0.0,0.0));
#1052=SURFACE_STYLE_FILL_AREA(#1796);
#1053=ORIENTED_EDGE('',*,*,#1797,.F.);
#1054=ORIENTED_EDGE('',*,*,#1795,.T.);
#1055=ORIENTED_EDGE('',*,*,#1798,.F.);
#1056=ORIENTED_EDGE('',*,*,#1799,.F.);
#1057=CARTESIAN_POINT('',(-1.27,2.13359259966289,0.0));
#1058=DIRECTION('',(-0.0,1.0,0.0));
#1059=DIRECTION('',(1.0,0.0,0.0));
#1060=SURFACE_STYLE_FILL_AREA(#1800);
#1061=ORIENTED_EDGE('',*,*,#1801,.F.);
#1062=ORIENTED_EDGE('',*,*,#1799,.T.);
#1063=ORIENTED_EDGE('',*,*,#1802,.F.);
#1064=ORIENTED_EDGE('',*,*,#1803,.F.);
#1065=CARTESIAN_POINT('',(-1.27,1.19487031110271,0.0));
#1066=DIRECTION('',(-0.0,1.0,-0.0));
#1067=DIRECTION('',(1.0,0.0,0.0));
#1068=SURFACE_STYLE_FILL_AREA(#1804);
#1069=ORIENTED_EDGE('',*,*,#1805,.F.);
#1070=ORIENTED_EDGE('',*,*,#1803,.T.);
#1071=ORIENTED_EDGE('',*,*,#1806,.F.);
#1072=ORIENTED_EDGE('',*,*,#1807,.F.);
#1073=CARTESIAN_POINT('',(-1.27,0.458908348459325,0.0));
#1074=DIRECTION('',(0.0,-1.0,-0.0));
#1075=DIRECTION('',(1.0,0.0,0.0));
#1076=SURFACE_STYLE_FILL_AREA(#1808);
#1077=ORIENTED_EDGE('',*,*,#1809,.F.);
#1078=ORIENTED_EDGE('',*,*,#1807,.T.);
#1079=ORIENTED_EDGE('',*,*,#1810,.F.);
#1080=ORIENTED_EDGE('',*,*,#1811,.F.);
#1081=CARTESIAN_POINT('',(-1.27,0.416538037356615,0.0));
#1082=DIRECTION('',(0.0,-1.0,-0.0));
#1083=DIRECTION('',(1.0,0.0,0.0));
#1084=SURFACE_STYLE_FILL_AREA(#1812);
#1085=ORIENTED_EDGE('',*,*,#1813,.F.);
#1086=ORIENTED_EDGE('',*,*,#1814,.F.);
#1087=ORIENTED_EDGE('',*,*,#1815,.F.);
#1088=ORIENTED_EDGE('',*,*,#1816,.T.);
#1089=CARTESIAN_POINT('',(-1.27,1.11883473127142,0.0));
#1090=DIRECTION('',(-0.0,1.0,-0.0));
#1091=DIRECTION('',(1.0,0.0,0.0));
#1092=SURFACE_STYLE_FILL_AREA(#1817);
#1093=ORIENTED_EDGE('',*,*,#1818,.F.);
#1094=ORIENTED_EDGE('',*,*,#1819,.T.);
#1095=ORIENTED_EDGE('',*,*,#1820,.F.);
#1096=ORIENTED_EDGE('',*,*,#1821,.F.);
#1097=CARTESIAN_POINT('',(-1.27,0.468834731271415,0.0));
#1098=DIRECTION('',(-0.0,1.0,0.0));
#1099=DIRECTION('',(1.0,0.0,0.0));
#1100=SURFACE_STYLE_FILL_AREA(#1822);
#1101=ORIENTED_EDGE('',*,*,#1823,.F.);
#1102=ORIENTED_EDGE('',*,*,#1824,.F.);
#1103=ORIENTED_EDGE('',*,*,#1821,.T.);
#1104=CARTESIAN_POINT('',(-1.27,-1.05877132402715,0.0));
#1105=DIRECTION('',(-0.0,1.0,-0.0));
#1106=DIRECTION('',(1.0,0.0,0.0));
#1107=SURFACE_STYLE_FILL_AREA(#1825);
#1108=ORIENTED_EDGE('',*,*,#1826,.F.);
#1109=ORIENTED_EDGE('',*,*,#1827,.F.);
#1110=ORIENTED_EDGE('',*,*,#1828,.F.);
#1111=ORIENTED_EDGE('',*,*,#1829,.F.);
#1112=CARTESIAN_POINT('',(1.27,2.85118232182064,0.0));
#1113=DIRECTION('',(-0.0,1.0,0.0));
#1114=DIRECTION('',(1.0,0.0,0.0));
#1115=SURFACE_STYLE_FILL_AREA(#1830);
#1116=ORIENTED_EDGE('',*,*,#1831,.F.);
#1117=ORIENTED_EDGE('',*,*,#1829,.T.);
#1118=ORIENTED_EDGE('',*,*,#1832,.F.);
#1119=ORIENTED_EDGE('',*,*,#1833,.F.);
#1120=CARTESIAN_POINT('',(1.27,2.6875,0.0));
#1121=DIRECTION('',(-0.0,1.0,-0.0));
#1122=DIRECTION('',(1.0,0.0,0.0));
#1123=SURFACE_STYLE_FILL_AREA(#1834);
#1124=ORIENTED_EDGE('',*,*,#1835,.F.);
#1125=ORIENTED_EDGE('',*,*,#1833,.T.);
#1126=ORIENTED_EDGE('',*,*,#1836,.F.);
#1127=ORIENTED_EDGE('',*,*,#1837,.F.);
#1128=CARTESIAN_POINT('',(1.27,2.54,0.0));
#1129=DIRECTION('',(-0.0,1.0,0.0));
#1130=DIRECTION('',(1.0,0.0,0.0));
#1131=SURFACE_STYLE_FILL_AREA(#1838);
#1132=ORIENTED_EDGE('',*,*,#1839,.F.);
#1133=ORIENTED_EDGE('',*,*,#1840,.T.);
#1134=ORIENTED_EDGE('',*,*,#1841,.F.);
#1135=ORIENTED_EDGE('',*,*,#1842,.F.);
#1136=CARTESIAN_POINT('',(1.27,2.43359259966289,0.0));
#1137=DIRECTION('',(-0.0,1.0,-0.0));
#1138=DIRECTION('',(1.0,0.0,0.0));
#1139=SURFACE_STYLE_FILL_AREA(#1843);
#1140=ORIENTED_EDGE('',*,*,#1844,.F.);
#1141=ORIENTED_EDGE('',*,*,#1842,.T.);
#1142=ORIENTED_EDGE('',*,*,#1845,.F.);
#1143=ORIENTED_EDGE('',*,*,#1846,.F.);
#1144=CARTESIAN_POINT('',(1.27,2.13359259966289,0.0));
#1145=DIRECTION('',(-0.0,1.0,0.0));
#1146=DIRECTION('',(1.0,0.0,0.0));
#1147=SURFACE_STYLE_FILL_AREA(#1847);
#1148=ORIENTED_EDGE('',*,*,#1848,.F.);
#1149=ORIENTED_EDGE('',*,*,#1846,.T.);
#1150=ORIENTED_EDGE('',*,*,#1849,.F.);
#1151=ORIENTED_EDGE('',*,*,#1850,.F.);
#1152=CARTESIAN_POINT('',(1.27,1.19487031110271,0.0));
#1153=DIRECTION('',(-0.0,1.0,-0.0));
#1154=DIRECTION('',(1.0,0.0,0.0));
#1155=SURFACE_STYLE_FILL_AREA(#1851);
#1156=ORIENTED_EDGE('',*,*,#1852,.F.);
#1157=ORIENTED_EDGE('',*,*,#1850,.T.);
#1158=ORIENTED_EDGE('',*,*,#1853,.F.);
#1159=ORIENTED_EDGE('',*,*,#1854,.F.);
#1160=CARTESIAN_POINT('',(1.27,0.458908348459325,0.0));
#1161=DIRECTION('',(0.0,-1.0,-0.0));
#1162=DIRECTION('',(1.0,0.0,0.0));
#1163=SURFACE_STYLE_FILL_AREA(#1855);
#1164=ORIENTED_EDGE('',*,*,#1856,.F.);
#1165=ORIENTED_EDGE('',*,*,#1854,.T.);
#1166=ORIENTED_EDGE('',*,*,#1857,.F.);
#1167=ORIENTED_EDGE('',*,*,#1858,.F.);
#1168=CARTESIAN_POINT('',(1.27,0.416538037356615,0.0));
#1169=DIRECTION('',(0.0,-1.0,-0.0));
#1170=DIRECTION('',(1.0,0.0,0.0));
#1171=SURFACE_STYLE_FILL_AREA(#1859);
#1172=ORIENTED_EDGE('',*,*,#1860,.F.);
#1173=ORIENTED_EDGE('',*,*,#1861,.F.);
#1174=ORIENTED_EDGE('',*,*,#1862,.F.);
#1175=ORIENTED_EDGE('',*,*,#1863,.T.);
#1176=CARTESIAN_POINT('',(1.27,1.11883473127142,0.0));
#1177=DIRECTION('',(-0.0,1.0,-0.0));
#1178=DIRECTION('',(1.0,0.0,0.0));
#1179=SURFACE_STYLE_FILL_AREA(#1864);
#1180=ORIENTED_EDGE('',*,*,#1865,.F.);
#1181=ORIENTED_EDGE('',*,*,#1866,.T.);
#1182=ORIENTED_EDGE('',*,*,#1867,.F.);
#1183=ORIENTED_EDGE('',*,*,#1868,.F.);
#1184=CARTESIAN_POINT('',(1.27,0.468834731271415,0.0));
#1185=DIRECTION('',(-0.0,1.0,0.0));
#1186=DIRECTION('',(1.0,0.0,0.0));
#1187=SURFACE_STYLE_FILL_AREA(#1869);
#1188=ORIENTED_EDGE('',*,*,#1870,.F.);
#1189=ORIENTED_EDGE('',*,*,#1871,.F.);
#1190=ORIENTED_EDGE('',*,*,#1868,.T.);
#1191=CARTESIAN_POINT('',(1.27,-1.05877132402715,0.0));
#1192=DIRECTION('',(-0.0,1.0,-0.0));
#1193=DIRECTION('',(1.0,0.0,0.0));
#1194=SURFACE_STYLE_FILL_AREA(#1872);
#1195=ORIENTED_EDGE('',*,*,#1870,.T.);
#1196=ORIENTED_EDGE('',*,*,#1873,.T.);
#1197=ORIENTED_EDGE('',*,*,#1871,.T.);
#1198=CARTESIAN_POINT('',(1.27,-1.05877132402715,0.0));
#1199=DIRECTION('',(-0.0,1.0,-0.0));
#1200=DIRECTION('',(1.0,0.0,0.0));
#1201=SURFACE_STYLE_FILL_AREA(#1874);
#1202=ORIENTED_EDGE('',*,*,#1865,.T.);
#1203=ORIENTED_EDGE('',*,*,#1873,.F.);
#1204=ORIENTED_EDGE('',*,*,#1867,.T.);
#1205=ORIENTED_EDGE('',*,*,#1861,.T.);
#1206=CARTESIAN_POINT('',(1.27,0.468834731271415,0.0));
#1207=DIRECTION('',(-0.0,1.0,0.0));
#1208=DIRECTION('',(1.0,0.0,0.0));
#1209=SURFACE_STYLE_FILL_AREA(#1875);
#1210=ORIENTED_EDGE('',*,*,#1860,.T.);
#1211=ORIENTED_EDGE('',*,*,#1858,.T.);
#1212=ORIENTED_EDGE('',*,*,#1862,.T.);
#1213=ORIENTED_EDGE('',*,*,#1866,.F.);
#1214=CARTESIAN_POINT('',(1.27,1.11883473127142,0.0));
#1215=DIRECTION('',(-0.0,1.0,-0.0));
#1216=DIRECTION('',(1.0,0.0,0.0));
#1217=SURFACE_STYLE_FILL_AREA(#1876);
#1218=ORIENTED_EDGE('',*,*,#1856,.T.);
#1219=ORIENTED_EDGE('',*,*,#1863,.F.);
#1220=ORIENTED_EDGE('',*,*,#1857,.T.);
#1221=ORIENTED_EDGE('',*,*,#1877,.T.);
#1222=CARTESIAN_POINT('',(1.27,0.416538037356615,0.0));
#1223=DIRECTION('',(0.0,-1.0,-0.0));
#1224=DIRECTION('',(1.0,0.0,0.0));
#1225=SURFACE_STYLE_FILL_AREA(#1878);
#1226=ORIENTED_EDGE('',*,*,#1852,.T.);
#1227=ORIENTED_EDGE('',*,*,#1877,.F.);
#1228=ORIENTED_EDGE('',*,*,#1853,.T.);
#1229=ORIENTED_EDGE('',*,*,#1879,.T.);
#1230=CARTESIAN_POINT('',(1.27,0.458908348459325,0.0));
#1231=DIRECTION('',(0.0,-1.0,-0.0));
#1232=DIRECTION('',(1.0,0.0,0.0));
#1233=SURFACE_STYLE_FILL_AREA(#1880);
#1234=ORIENTED_EDGE('',*,*,#1848,.T.);
#1235=ORIENTED_EDGE('',*,*,#1879,.F.);
#1236=ORIENTED_EDGE('',*,*,#1849,.T.);
#1237=ORIENTED_EDGE('',*,*,#1881,.T.);
#1238=CARTESIAN_POINT('',(1.27,1.19487031110271,0.0));
#1239=DIRECTION('',(-0.0,1.0,-0.0));
#1240=DIRECTION('',(1.0,0.0,0.0));
#1241=SURFACE_STYLE_FILL_AREA(#1882);
#1242=ORIENTED_EDGE('',*,*,#1844,.T.);
#1243=ORIENTED_EDGE('',*,*,#1881,.F.);
#1244=ORIENTED_EDGE('',*,*,#1845,.T.);
#1245=ORIENTED_EDGE('',*,*,#1883,.T.);
#1246=CARTESIAN_POINT('',(1.27,2.13359259966289,0.0));
#1247=DIRECTION('',(-0.0,1.0,0.0));
#1248=DIRECTION('',(1.0,0.0,0.0));
#1249=SURFACE_STYLE_FILL_AREA(#1884);
#1250=ORIENTED_EDGE('',*,*,#1839,.T.);
#1251=ORIENTED_EDGE('',*,*,#1883,.F.);
#1252=ORIENTED_EDGE('',*,*,#1841,.T.);
#1253=ORIENTED_EDGE('',*,*,#1885,.T.);
#1254=CARTESIAN_POINT('',(1.27,2.43359259966289,0.0));
#1255=DIRECTION('',(-0.0,1.0,-0.0));
#1256=DIRECTION('',(1.0,0.0,0.0));
#1257=SURFACE_STYLE_FILL_AREA(#1886);
#1258=ORIENTED_EDGE('',*,*,#1837,.T.);
#1259=ORIENTED_EDGE('',*,*,#1887,.T.);
#1260=ORIENTED_EDGE('',*,*,#1840,.F.);
#1261=ORIENTED_EDGE('',*,*,#1885,.F.);
#1262=CARTESIAN_POINT('',(1.785,2.505,0.0));
#1263=DIRECTION('',(-0.0,-1.0,-0.0));
#1264=DIRECTION('',(-1.0,0.0,0.0));
#1265=SURFACE_STYLE_FILL_AREA(#1888);
#1266=ORIENTED_EDGE('',*,*,#1835,.T.);
#1267=ORIENTED_EDGE('',*,*,#1887,.F.);
#1268=ORIENTED_EDGE('',*,*,#1836,.T.);
#1269=ORIENTED_EDGE('',*,*,#1889,.T.);
#1270=CARTESIAN_POINT('',(1.27,2.54,0.0));
#1271=DIRECTION('',(-0.0,1.0,0.0));
#1272=DIRECTION('',(1.0,0.0,0.0));
#1273=SURFACE_STYLE_FILL_AREA(#1890);
#1274=ORIENTED_EDGE('',*,*,#1831,.T.);
#1275=ORIENTED_EDGE('',*,*,#1889,.F.);
#1276=ORIENTED_EDGE('',*,*,#1832,.T.);
#1277=ORIENTED_EDGE('',*,*,#1891,.T.);
#1278=CARTESIAN_POINT('',(1.27,2.6875,0.0));
#1279=DIRECTION('',(-0.0,1.0,-0.0));
#1280=DIRECTION('',(1.0,0.0,0.0));
#1281=SURFACE_STYLE_FILL_AREA(#1892);
#1282=ORIENTED_EDGE('',*,*,#1826,.T.);
#1283=ORIENTED_EDGE('',*,*,#1891,.F.);
#1284=ORIENTED_EDGE('',*,*,#1828,.T.);
#1285=ORIENTED_EDGE('',*,*,#1893,.F.);
#1286=CARTESIAN_POINT('',(1.27,2.85118232182064,0.0));
#1287=DIRECTION('',(-0.0,1.0,0.0));
#1288=DIRECTION('',(1.0,0.0,0.0));
#1289=SURFACE_STYLE_FILL_AREA(#1894);
#1290=ORIENTED_EDGE('',*,*,#1823,.T.);
#1291=ORIENTED_EDGE('',*,*,#1895,.T.);
#1292=ORIENTED_EDGE('',*,*,#1824,.T.);
#1293=CARTESIAN_POINT('',(-1.27,-1.05877132402715,0.0));
#1294=DIRECTION('',(-0.0,1.0,-0.0));
#1295=DIRECTION('',(1.0,0.0,0.0));
#1296=SURFACE_STYLE_FILL_AREA(#1896);
#1297=ORIENTED_EDGE('',*,*,#1818,.T.);
#1298=ORIENTED_EDGE('',*,*,#1895,.F.);
#1299=ORIENTED_EDGE('',*,*,#1820,.T.);
#1300=ORIENTED_EDGE('',*,*,#1814,.T.);
#1301=CARTESIAN_POINT('',(-1.27,0.468834731271415,0.0));
#1302=DIRECTION('',(-0.0,1.0,0.0));
#1303=DIRECTION('',(1.0,0.0,0.0));
#1304=SURFACE_STYLE_FILL_AREA(#1897);
#1305=ORIENTED_EDGE('',*,*,#1813,.T.);
#1306=ORIENTED_EDGE('',*,*,#1811,.T.);
#1307=ORIENTED_EDGE('',*,*,#1815,.T.);
#1308=ORIENTED_EDGE('',*,*,#1819,.F.);
#1309=CARTESIAN_POINT('',(-1.27,1.11883473127142,0.0));
#1310=DIRECTION('',(-0.0,1.0,-0.0));
#1311=DIRECTION('',(1.0,0.0,0.0));
#1312=SURFACE_STYLE_FILL_AREA(#1898);
#1313=ORIENTED_EDGE('',*,*,#1809,.T.);
#1314=ORIENTED_EDGE('',*,*,#1816,.F.);
#1315=ORIENTED_EDGE('',*,*,#1810,.T.);
#1316=ORIENTED_EDGE('',*,*,#1899,.T.);
#1317=CARTESIAN_POINT('',(-1.27,0.416538037356615,0.0));
#1318=DIRECTION('',(0.0,-1.0,-0.0));
#1319=DIRECTION('',(1.0,0.0,0.0));
#1320=SURFACE_STYLE_FILL_AREA(#1900);
#1321=ORIENTED_EDGE('',*,*,#1805,.T.);
#1322=ORIENTED_EDGE('',*,*,#1899,.F.);
#1323=ORIENTED_EDGE('',*,*,#1806,.T.);
#1324=ORIENTED_EDGE('',*,*,#1901,.T.);
#1325=CARTESIAN_POINT('',(-1.27,0.458908348459325,0.0));
#1326=DIRECTION('',(0.0,-1.0,-0.0));
#1327=DIRECTION('',(1.0,0.0,0.0));
#1328=SURFACE_STYLE_FILL_AREA(#1902);
#1329=ORIENTED_EDGE('',*,*,#1801,.T.);
#1330=ORIENTED_EDGE('',*,*,#1901,.F.);
#1331=ORIENTED_EDGE('',*,*,#1802,.T.);
#1332=ORIENTED_EDGE('',*,*,#1903,.T.);
#1333=CARTESIAN_POINT('',(-1.27,1.19487031110271,0.0));
#1334=DIRECTION('',(-0.0,1.0,-0.0));
#1335=DIRECTION('',(1.0,0.0,0.0));
#1336=SURFACE_STYLE_FILL_AREA(#1904);
#1337=ORIENTED_EDGE('',*,*,#1797,.T.);
#1338=ORIENTED_EDGE('',*,*,#1903,.F.);
#1339=ORIENTED_EDGE('',*,*,#1798,.T.);
#1340=ORIENTED_EDGE('',*,*,#1905,.T.);
#1341=CARTESIAN_POINT('',(-1.27,2.13359259966289,0.0));
#1342=DIRECTION('',(-0.0,1.0,0.0));
#1343=DIRECTION('',(1.0,0.0,0.0));
#1344=SURFACE_STYLE_FILL_AREA(#1906);
#1345=ORIENTED_EDGE('',*,*,#1792,.T.);
#1346=ORIENTED_EDGE('',*,*,#1905,.F.);
#1347=ORIENTED_EDGE('',*,*,#1794,.T.);
#1348=ORIENTED_EDGE('',*,*,#1907,.T.);
#1349=CARTESIAN_POINT('',(-1.27,2.43359259966289,0.0));
#1350=DIRECTION('',(-0.0,1.0,-0.0));
#1351=DIRECTION('',(1.0,0.0,0.0));
#1352=SURFACE_STYLE_FILL_AREA(#1908);
#1353=ORIENTED_EDGE('',*,*,#1790,.T.);
#1354=ORIENTED_EDGE('',*,*,#1909,.T.);
#1355=ORIENTED_EDGE('',*,*,#1793,.F.);
#1356=ORIENTED_EDGE('',*,*,#1907,.F.);
#1357=CARTESIAN_POINT('',(-0.755,2.505,0.0));
#1358=DIRECTION('',(-0.0,-1.0,-0.0));
#1359=DIRECTION('',(-1.0,0.0,0.0));
#1360=SURFACE_STYLE_FILL_AREA(#1910);
#1361=ORIENTED_EDGE('',*,*,#1788,.T.);
#1362=ORIENTED_EDGE('',*,*,#1909,.F.);
#1363=ORIENTED_EDGE('',*,*,#1789,.T.);
#1364=ORIENTED_EDGE('',*,*,#1911,.T.);
#1365=CARTESIAN_POINT('',(-1.27,2.54,0.0));
#1366=DIRECTION('',(-0.0,1.0,0.0));
#1367=DIRECTION('',(1.0,0.0,0.0));
#1368=SURFACE_STYLE_FILL_AREA(#1912);
#1369=ORIENTED_EDGE('',*,*,#1784,.T.);
#1370=ORIENTED_EDGE('',*,*,#1911,.F.);
#1371=ORIENTED_EDGE('',*,*,#1785,.T.);
#1372=ORIENTED_EDGE('',*,*,#1913,.T.);
#1373=CARTESIAN_POINT('',(-1.27,2.6875,0.0));
#1374=DIRECTION('',(-0.0,1.0,-0.0));
#1375=DIRECTION('',(1.0,0.0,0.0));
#1376=SURFACE_STYLE_FILL_AREA(#1914);
#1377=ORIENTED_EDGE('',*,*,#1779,.T.);
#1378=ORIENTED_EDGE('',*,*,#1913,.F.);
#1379=ORIENTED_EDGE('',*,*,#1781,.T.);
#1380=ORIENTED_EDGE('',*,*,#1915,.F.);
#1381=CARTESIAN_POINT('',(-1.27,2.85118232182064,0.0));
#1382=DIRECTION('',(-0.0,1.0,0.0));
#1383=DIRECTION('',(1.0,0.0,0.0));
#1384=SURFACE_STYLE_FILL_AREA(#1916);
#1385=ORIENTED_EDGE('',*,*,#1775,.T.);
#1386=ORIENTED_EDGE('',*,*,#1917,.F.);
#1387=ORIENTED_EDGE('',*,*,#1776,.T.);
#1388=ORIENTED_EDGE('',*,*,#1918,.T.);
#1389=CARTESIAN_POINT('',(1.27,-0.15361215932168,0.0));
#1390=DIRECTION('',(-0.0,1.0,0.0));
#1391=DIRECTION('',(1.0,0.0,0.0));
#1392=SURFACE_STYLE_FILL_AREA(#1919);
#1393=ORIENTED_EDGE('',*,*,#1770,.T.);
#1394=ORIENTED_EDGE('',*,*,#1920,.F.);
#1395=ORIENTED_EDGE('',*,*,#1772,.T.);
#1396=ORIENTED_EDGE('',*,*,#1921,.F.);
#1397=CARTESIAN_POINT('',(1.27,2.4055,0.0));
#1398=DIRECTION('',(-0.0,1.0,0.0));
#1399=DIRECTION('',(1.0,0.0,0.0));
#1400=SURFACE_STYLE_FILL_AREA(#1922);
#1401=ORIENTED_EDGE('',*,*,#1766,.F.);
#1402=ORIENTED_EDGE('',*,*,#1765,.F.);
#1403=ORIENTED_EDGE('',*,*,#1923,.F.);
#1404=CARTESIAN_POINT('',(1.2725,-4.57,0.0));
#1405=DIRECTION('',(1.77635683940029E-13,-1.0,0.0));
#1406=DIRECTION('',(-1.0,-1.77635683940029E-13,0.0));
#1407=SURFACE_STYLE_FILL_AREA(#1924);
#1408=ORIENTED_EDGE('',*,*,#1764,.T.);
#1409=ORIENTED_EDGE('',*,*,#1925,.F.);
#1410=ORIENTED_EDGE('',*,*,#1760,.F.);
#1411=ORIENTED_EDGE('',*,*,#1767,.T.);
#1412=ORIENTED_EDGE('',*,*,#1923,.T.);
#1413=CARTESIAN_POINT('',(1.27,-4.325,0.0));
#1414=DIRECTION('',(0.0,1.0,0.0));
#1415=DIRECTION('',(0.0,0.0,1.0));
#1416=SURFACE_STYLE_FILL_AREA(#1926);
#1417=ORIENTED_EDGE('',*,*,#1758,.T.);
#1418=ORIENTED_EDGE('',*,*,#1927,.F.);
#1419=ORIENTED_EDGE('',*,*,#1754,.F.);
#1420=ORIENTED_EDGE('',*,*,#1761,.T.);
#1421=ORIENTED_EDGE('',*,*,#1925,.T.);
#1422=ORIENTED_EDGE('',*,*,#1768,.T.);
#1423=CARTESIAN_POINT('',(1.27,-2.9375,0.0));
#1424=DIRECTION('',(-0.0,1.0,0.0));
#1425=DIRECTION('',(1.0,0.0,0.0));
#1426=SURFACE_STYLE_FILL_AREA(#1928);
#1427=ORIENTED_EDGE('',*,*,#1752,.T.);
#1428=ORIENTED_EDGE('',*,*,#1929,.F.);
#1429=ORIENTED_EDGE('',*,*,#1930,.F.);
#1430=ORIENTED_EDGE('',*,*,#1755,.T.);
#1431=ORIENTED_EDGE('',*,*,#1927,.T.);
#1432=ORIENTED_EDGE('',*,*,#1762,.T.);
#1433=CARTESIAN_POINT('',(1.27,-1.55,0.0));
#1434=DIRECTION('',(0.0,1.0,0.0));
#1435=DIRECTION('',(0.0,0.0,1.0));
#1436=SURFACE_STYLE_FILL_AREA(#1931);
#1437=ORIENTED_EDGE('',*,*,#1748,.F.);
#1438=ORIENTED_EDGE('',*,*,#1932,.F.);
#1439=ORIENTED_EDGE('',*,*,#1929,.T.);
#1440=ORIENTED_EDGE('',*,*,#1756,.T.);
#1441=ORIENTED_EDGE('',*,*,#1930,.T.);
#1442=CARTESIAN_POINT('',(1.7025,-1.4,0.0));
#1443=DIRECTION('',(-1.3664283380002E-14,-1.0,-0.0));
#1444=DIRECTION('',(-1.0,1.3664283380002E-14,0.0));
#1445=SURFACE_STYLE_FILL_AREA(#1933);
#1446=ORIENTED_EDGE('',*,*,#1747,.T.);
#1447=ORIENTED_EDGE('',*,*,#1918,.F.);
#1448=ORIENTED_EDGE('',*,*,#1749,.T.);
#1449=ORIENTED_EDGE('',*,*,#1932,.T.);
#1450=CARTESIAN_POINT('',(1.27,-1.3,0.0));
#1451=DIRECTION('',(-0.0,1.0,-0.0));
#1452=DIRECTION('',(1.0,0.0,0.0));
#1453=SURFACE_STYLE_FILL_AREA(#1934);
#1454=ORIENTED_EDGE('',*,*,#1827,.T.);
#1455=ORIENTED_EDGE('',*,*,#1893,.T.);
#1456=ORIENTED_EDGE('',*,*,#1773,.T.);
#1457=ORIENTED_EDGE('',*,*,#1920,.T.);
#1458=CARTESIAN_POINT('',(1.7275,2.801,0.0));
#1459=DIRECTION('',(-0.0,1.0,0.0));
#1460=DIRECTION('',(1.0,0.0,0.0));
#1461=SURFACE_STYLE_FILL_AREA(#1935);
#1462=ORIENTED_EDGE('',*,*,#1743,.T.);
#1463=ORIENTED_EDGE('',*,*,#1936,.F.);
#1464=ORIENTED_EDGE('',*,*,#1744,.T.);
#1465=ORIENTED_EDGE('',*,*,#1937,.T.);
#1466=CARTESIAN_POINT('',(-1.27,-0.15361215932168,0.0));
#1467=DIRECTION('',(-0.0,1.0,0.0));
#1468=DIRECTION('',(1.0,0.0,0.0));
#1469=SURFACE_STYLE_FILL_AREA(#1938);
#1470=ORIENTED_EDGE('',*,*,#1738,.T.);
#1471=ORIENTED_EDGE('',*,*,#1939,.F.);
#1472=ORIENTED_EDGE('',*,*,#1740,.T.);
#1473=ORIENTED_EDGE('',*,*,#1940,.F.);
#1474=CARTESIAN_POINT('',(-1.27,2.4055,0.0));
#1475=DIRECTION('',(-0.0,1.0,0.0));
#1476=DIRECTION('',(1.0,0.0,0.0));
#1477=SURFACE_STYLE_FILL_AREA(#1941);
#1478=ORIENTED_EDGE('',*,*,#1734,.F.);
#1479=ORIENTED_EDGE('',*,*,#1733,.F.);
#1480=ORIENTED_EDGE('',*,*,#1942,.F.);
#1481=CARTESIAN_POINT('',(-1.2675,-4.57,0.0));
#1482=DIRECTION('',(1.77635683940029E-13,-1.0,0.0));
#1483=DIRECTION('',(-1.0,-1.77635683940029E-13,0.0));
#1484=SURFACE_STYLE_FILL_AREA(#1943);
#1485=ORIENTED_EDGE('',*,*,#1732,.T.);
#1486=ORIENTED_EDGE('',*,*,#1944,.F.);
#1487=ORIENTED_EDGE('',*,*,#1728,.F.);
#1488=ORIENTED_EDGE('',*,*,#1735,.T.);
#1489=ORIENTED_EDGE('',*,*,#1942,.T.);
#1490=CARTESIAN_POINT('',(-1.27,-4.325,0.0));
#1491=DIRECTION('',(0.0,1.0,0.0));
#1492=DIRECTION('',(0.0,0.0,1.0));
#1493=SURFACE_STYLE_FILL_AREA(#1945);
#1494=ORIENTED_EDGE('',*,*,#1726,.T.);
#1495=ORIENTED_EDGE('',*,*,#1946,.F.);
#1496=ORIENTED_EDGE('',*,*,#1722,.F.);
#1497=ORIENTED_EDGE('',*,*,#1729,.T.);
#1498=ORIENTED_EDGE('',*,*,#1944,.T.);
#1499=ORIENTED_EDGE('',*,*,#1736,.T.);
#1500=CARTESIAN_POINT('',(-1.27,-2.9375,0.0));
#1501=DIRECTION('',(-0.0,1.0,0.0));
#1502=DIRECTION('',(1.0,0.0,0.0));
#1503=SURFACE_STYLE_FILL_AREA(#1947);
#1504=ORIENTED_EDGE('',*,*,#1720,.T.);
#1505=ORIENTED_EDGE('',*,*,#1948,.F.);
#1506=ORIENTED_EDGE('',*,*,#1949,.F.);
#1507=ORIENTED_EDGE('',*,*,#1723,.T.);
#1508=ORIENTED_EDGE('',*,*,#1946,.T.);
#1509=ORIENTED_EDGE('',*,*,#1730,.T.);
#1510=CARTESIAN_POINT('',(-1.27,-1.55,0.0));
#1511=DIRECTION('',(0.0,1.0,0.0));
#1512=DIRECTION('',(0.0,0.0,1.0));
#1513=SURFACE_STYLE_FILL_AREA(#1950);
#1514=ORIENTED_EDGE('',*,*,#1716,.F.);
#1515=ORIENTED_EDGE('',*,*,#1951,.F.);
#1516=ORIENTED_EDGE('',*,*,#1948,.T.);
#1517=ORIENTED_EDGE('',*,*,#1724,.T.);
#1518=ORIENTED_EDGE('',*,*,#1949,.T.);
#1519=CARTESIAN_POINT('',(-0.8375,-1.4,0.0));
#1520=DIRECTION('',(-1.3664283380002E-14,-1.0,-0.0));
#1521=DIRECTION('',(-1.0,1.3664283380002E-14,0.0));
#1522=SURFACE_STYLE_FILL_AREA(#1952);
#1523=ORIENTED_EDGE('',*,*,#1715,.T.);
#1524=ORIENTED_EDGE('',*,*,#1937,.F.);
#1525=ORIENTED_EDGE('',*,*,#1717,.T.);
#1526=ORIENTED_EDGE('',*,*,#1951,.T.);
#1527=CARTESIAN_POINT('',(-1.27,-1.3,0.0));
#1528=DIRECTION('',(-0.0,1.0,-0.0));
#1529=DIRECTION('',(1.0,0.0,0.0));
#1530=SURFACE_STYLE_FILL_AREA(#1953);
#1531=ORIENTED_EDGE('',*,*,#1780,.T.);
#1532=ORIENTED_EDGE('',*,*,#1915,.T.);
#1533=ORIENTED_EDGE('',*,*,#1741,.T.);
#1534=ORIENTED_EDGE('',*,*,#1939,.T.);
#1535=CARTESIAN_POINT('',(-0.8125,2.801,0.0));
#1536=DIRECTION('',(-0.0,1.0,0.0));
#1537=DIRECTION('',(1.0,0.0,0.0));
#1538=SURFACE_STYLE_FILL_AREA(#1954);
#1539=ORIENTED_EDGE('',*,*,#1955,.T.);
#1540=ORIENTED_EDGE('',*,*,#1956,.T.);
#1541=ORIENTED_EDGE('',*,*,#1957,.F.);
#1542=ORIENTED_EDGE('',*,*,#1958,.T.);
#1543=CARTESIAN_POINT('',(-0.045797164365907,5.32703763912734E-17,-0.87));
#1544=DIRECTION('',(-4.51682600769318E-16,6.12303176911189E-17,-1.0));
#1545=DIRECTION('',(-1.0,-2.76566691406561E-32,4.51682600769318E-16));
#1546=SURFACE_STYLE_FILL_AREA(#1959);
#1547=ORIENTED_EDGE('',*,*,#1960,.T.);
#1548=ORIENTED_EDGE('',*,*,#1961,.F.);
#1549=ORIENTED_EDGE('',*,*,#1962,.F.);
#1550=ORIENTED_EDGE('',*,*,#1963,.T.);
#1551=CARTESIAN_POINT('',(1.37,7.7762503467721E-17,-1.27));
#1552=DIRECTION('',(0.0,6.12303176911189E-17,-1.0));
#1553=DIRECTION('',(-1.0,0.0,0.0));
#1554=SURFACE_STYLE_FILL_AREA(#1964);
#1555=ORIENTED_EDGE('',*,*,#1965,.T.);
#1556=ORIENTED_EDGE('',*,*,#1966,.F.);
#1557=ORIENTED_EDGE('',*,*,#1967,.F.);
#1558=ORIENTED_EDGE('',*,*,#1961,.T.);
#1559=CARTESIAN_POINT('',(2.446738468369,6.55164399294972E-17,-1.07));
#1560=DIRECTION('',(0.906307787036651,2.58770504284513E-17,-0.422618261740696));
#1561=DIRECTION('',(-0.422618261740696,5.54935137261891E-17,-0.906307787036652));
#1562=SURFACE_STYLE_FILL_AREA(#1968);
#1563=ORIENTED_EDGE('',*,*,#1969,.T.);
#1564=ORIENTED_EDGE('',*,*,#1970,.F.);
#1565=ORIENTED_EDGE('',*,*,#1971,.F.);
#1566=ORIENTED_EDGE('',*,*,#1966,.T.);
#1567=CARTESIAN_POINT('',(2.54,0.0,0.0));
#1568=DIRECTION('',(1.0,0.0,0.0));
#1569=DIRECTION('',(0.0,6.12303176911189E-17,-1.0));
#1570=SURFACE_STYLE_FILL_AREA(#1972);
#1571=ORIENTED_EDGE('',*,*,#1973,.T.);
#1572=ORIENTED_EDGE('',*,*,#1974,.F.);
#1573=ORIENTED_EDGE('',*,*,#1975,.F.);
#1574=ORIENTED_EDGE('',*,*,#1970,.T.);
#1575=CARTESIAN_POINT('',(2.446738468369,-6.55164399294972E-17,1.07));
#1576=DIRECTION('',(0.906307787036652,-2.58770504284512E-17,0.422618261740696));
#1577=DIRECTION('',(0.422618261740696,5.54935137261891E-17,-0.906307787036652));
#1578=SURFACE_STYLE_FILL_AREA(#1976);
#1579=ORIENTED_EDGE('',*,*,#1977,.T.);
#1580=ORIENTED_EDGE('',*,*,#1978,.F.);
#1581=ORIENTED_EDGE('',*,*,#1979,.F.);
#1582=ORIENTED_EDGE('',*,*,#1974,.T.);
#1583=CARTESIAN_POINT('',(1.37,-7.7762503467721E-17,1.27));
#1584=DIRECTION('',(0.0,-6.12303176911189E-17,1.0));
#1585=DIRECTION('',(1.0,0.0,0.0));
#1586=SURFACE_STYLE_FILL_AREA(#1980);
#1587=ORIENTED_EDGE('',*,*,#1981,.T.);
#1588=ORIENTED_EDGE('',*,*,#1982,.F.);
#1589=ORIENTED_EDGE('',*,*,#1983,.F.);
#1590=ORIENTED_EDGE('',*,*,#1978,.T.);
#1591=CARTESIAN_POINT('',(0.293261531630999,-6.55164399294972E-17,1.07));
#1592=DIRECTION('',(-0.906307787036648,-2.58770504284517E-17,0.422618261740703));
#1593=DIRECTION('',(0.422618261740703,-5.54935137261889E-17,0.906307787036648));
#1594=SURFACE_STYLE_FILL_AREA(#1984);
#1595=ORIENTED_EDGE('',*,*,#1985,.F.);
#1596=ORIENTED_EDGE('',*,*,#1986,.F.);
#1597=ORIENTED_EDGE('',*,*,#1982,.T.);
#1598=ORIENTED_EDGE('',*,*,#1987,.T.);
#1599=CARTESIAN_POINT('',(-0.045797164365907,-5.32703763912734E-17,0.87));
#1600=DIRECTION('',(0.0,-6.12303176911189E-17,1.0));
#1601=DIRECTION('',(1.0,0.0,0.0));
#1602=SURFACE_STYLE_FILL_AREA(#1988);
#1603=ORIENTED_EDGE('',*,*,#1989,.T.);
#1604=ORIENTED_EDGE('',*,*,#1963,.F.);
#1605=ORIENTED_EDGE('',*,*,#1990,.F.);
#1606=ORIENTED_EDGE('',*,*,#1957,.T.);
#1607=CARTESIAN_POINT('',(0.293261531630999,6.55164399294972E-17,-1.07));
#1608=DIRECTION('',(-0.906307787036648,2.58770504284517E-17,-0.422618261740703));
#1609=DIRECTION('',(-0.422618261740703,-5.54935137261889E-17,0.906307787036648));
#1610=SURFACE_STYLE_FILL_AREA(#1991);
#1611=ORIENTED_EDGE('',*,*,#1771,.T.);
#1612=ORIENTED_EDGE('',*,*,#1921,.T.);
#1613=ORIENTED_EDGE('',*,*,#1739,.T.);
#1614=ORIENTED_EDGE('',*,*,#1940,.T.);
#1615=ORIENTED_EDGE('',*,*,#1992,.F.);
#1616=ORIENTED_EDGE('',*,*,#1987,.F.);
#1617=ORIENTED_EDGE('',*,*,#1981,.F.);
#1618=ORIENTED_EDGE('',*,*,#1977,.F.);
#1619=ORIENTED_EDGE('',*,*,#1973,.F.);
#1620=ORIENTED_EDGE('',*,*,#1969,.F.);
#1621=ORIENTED_EDGE('',*,*,#1965,.F.);
#1622=ORIENTED_EDGE('',*,*,#1960,.F.);
#1623=ORIENTED_EDGE('',*,*,#1989,.F.);
#1624=ORIENTED_EDGE('',*,*,#1956,.F.);
#1625=ORIENTED_EDGE('',*,*,#1993,.F.);
#1626=ORIENTED_EDGE('',*,*,#1994,.F.);
#1627=ORIENTED_EDGE('',*,*,#1995,.F.);
#1628=ORIENTED_EDGE('',*,*,#1996,.F.);
#1629=ORIENTED_EDGE('',*,*,#1997,.F.);
#1630=ORIENTED_EDGE('',*,*,#1998,.F.);
#1631=CARTESIAN_POINT('',(-1.37,2.8,1.71444889535133E-16));
#1632=DIRECTION('',(-0.0,1.0,6.12303176911189E-17));
#1633=DIRECTION('',(1.0,0.0,0.0));
#1634=SURFACE_STYLE_FILL_AREA(#1999);
#1635=ORIENTED_EDGE('',*,*,#1997,.T.);
#1636=ORIENTED_EDGE('',*,*,#2000,.F.);
#1637=ORIENTED_EDGE('',*,*,#2001,.F.);
#1638=ORIENTED_EDGE('',*,*,#2002,.T.);
#1639=CARTESIAN_POINT('',(-2.446738468369,-6.55164399294972E-17,1.07));
#1640=DIRECTION('',(-0.90630778703665,-2.58770504284514E-17,0.422618261740699));
#1641=DIRECTION('',(0.422618261740699,-5.5493513726189E-17,0.90630778703665));
#1642=SURFACE_STYLE_FILL_AREA(#2003);
#1643=ORIENTED_EDGE('',*,*,#1996,.T.);
#1644=ORIENTED_EDGE('',*,*,#2004,.F.);
#1645=ORIENTED_EDGE('',*,*,#2005,.F.);
#1646=ORIENTED_EDGE('',*,*,#2000,.T.);
#1647=CARTESIAN_POINT('',(-2.54,6.79793085057932E-33,-1.11022302462516E-16));
#1648=DIRECTION('',(-1.0,0.0,0.0));
#1649=DIRECTION('',(0.0,-6.12303176911189E-17,1.0));
#1650=SURFACE_STYLE_FILL_AREA(#2006);
#1651=ORIENTED_EDGE('',*,*,#1995,.T.);
#1652=ORIENTED_EDGE('',*,*,#2007,.F.);
#1653=ORIENTED_EDGE('',*,*,#2008,.F.);
#1654=ORIENTED_EDGE('',*,*,#2004,.T.);
#1655=CARTESIAN_POINT('',(-2.446738468369,6.55164399294972E-17,-1.07));
#1656=DIRECTION('',(-0.90630778703665,2.58770504284515E-17,-0.422618261740699));
#1657=DIRECTION('',(-0.422618261740699,-5.5493513726189E-17,0.90630778703665));
#1658=SURFACE_STYLE_FILL_AREA(#2009);
#1659=ORIENTED_EDGE('',*,*,#1994,.T.);
#1660=ORIENTED_EDGE('',*,*,#2010,.F.);
#1661=ORIENTED_EDGE('',*,*,#2011,.F.);
#1662=ORIENTED_EDGE('',*,*,#2007,.T.);
#1663=CARTESIAN_POINT('',(-1.37,7.7762503467721E-17,-1.27));
#1664=DIRECTION('',(0.0,6.12303176911189E-17,-1.0));
#1665=DIRECTION('',(-1.0,0.0,0.0));
#1666=SURFACE_STYLE_FILL_AREA(#2012);
#1667=ORIENTED_EDGE('',*,*,#1993,.T.);
#1668=ORIENTED_EDGE('',*,*,#1955,.F.);
#1669=ORIENTED_EDGE('',*,*,#2013,.F.);
#1670=ORIENTED_EDGE('',*,*,#2010,.T.);
#1671=CARTESIAN_POINT('',(-0.293261531631001,6.55164399294972E-17,-1.07));
#1672=DIRECTION('',(0.906307787036648,2.58770504284517E-17,-0.422618261740703));
#1673=DIRECTION('',(-0.422618261740703,5.54935137261889E-17,-0.906307787036648));
#1674=SURFACE_STYLE_FILL_AREA(#2014);
#1675=ORIENTED_EDGE('',*,*,#1992,.T.);
#1676=ORIENTED_EDGE('',*,*,#2015,.F.);
#1677=ORIENTED_EDGE('',*,*,#2016,.F.);
#1678=ORIENTED_EDGE('',*,*,#1985,.T.);
#1679=CARTESIAN_POINT('',(-0.293261531631001,-6.55164399294972E-17,1.07));
#1680=DIRECTION('',(0.906307787036648,-2.58770504284517E-17,0.422618261740703));
#1681=DIRECTION('',(0.422618261740703,5.54935137261889E-17,-0.906307787036648));
#1682=SURFACE_STYLE_FILL_AREA(#2017);
#1683=ORIENTED_EDGE('',*,*,#1998,.T.);
#1684=ORIENTED_EDGE('',*,*,#2002,.F.);
#1685=ORIENTED_EDGE('',*,*,#2018,.F.);
#1686=ORIENTED_EDGE('',*,*,#2015,.T.);
#1687=CARTESIAN_POINT('',(-1.37,-7.7762503467721E-17,1.27));
#1688=DIRECTION('',(0.0,-6.12303176911189E-17,1.0));
#1689=DIRECTION('',(1.0,0.0,0.0));
#1690=SURFACE_STYLE_FILL_AREA(#2019);
#1691=ORIENTED_EDGE('',*,*,#1917,.T.);
#1692=ORIENTED_EDGE('',*,*,#1777,.T.);
#1693=ORIENTED_EDGE('',*,*,#1936,.T.);
#1694=ORIENTED_EDGE('',*,*,#1745,.T.);
#1695=ORIENTED_EDGE('',*,*,#2013,.T.);
#1696=ORIENTED_EDGE('',*,*,#1958,.F.);
#1697=ORIENTED_EDGE('',*,*,#1990,.T.);
#1698=ORIENTED_EDGE('',*,*,#1962,.T.);
#1699=ORIENTED_EDGE('',*,*,#1967,.T.);
#1700=ORIENTED_EDGE('',*,*,#1971,.T.);
#1701=ORIENTED_EDGE('',*,*,#1975,.T.);
#1702=ORIENTED_EDGE('',*,*,#1979,.T.);
#1703=ORIENTED_EDGE('',*,*,#1983,.T.);
#1704=ORIENTED_EDGE('',*,*,#1986,.T.);
#1705=ORIENTED_EDGE('',*,*,#2016,.T.);
#1706=ORIENTED_EDGE('',*,*,#2018,.T.);
#1707=ORIENTED_EDGE('',*,*,#2001,.T.);
#1708=ORIENTED_EDGE('',*,*,#2005,.T.);
#1709=ORIENTED_EDGE('',*,*,#2008,.T.);
#1710=ORIENTED_EDGE('',*,*,#2011,.T.);
#1711=CARTESIAN_POINT('',(-1.37,0.0,0.0));
#1712=DIRECTION('',(-0.0,1.0,6.12303176911189E-17));
#1713=DIRECTION('',(1.0,0.0,0.0));
#1714=FILL_AREA_STYLE('',(#2020));
#1715=EDGE_CURVE('',#2021,#2022,#2023,.T.);
#1716=EDGE_CURVE('',#2021,#2024,#2025,.T.);
#1717=EDGE_CURVE('',#2026,#2024,#2027,.T.);
#1718=EDGE_CURVE('',#2022,#2026,#2028,.T.);
#1719=FILL_AREA_STYLE('',(#2029));
#1720=EDGE_CURVE('',#2030,#2031,#2032,.T.);
#1721=EDGE_CURVE('',#2030,#2033,#2034,.T.);
#1722=EDGE_CURVE('',#2033,#2035,#2036,.T.);
#1723=EDGE_CURVE('',#2037,#2035,#2038,.T.);
#1724=EDGE_CURVE('',#2031,#2037,#2039,.T.);
#1725=FILL_AREA_STYLE('',(#2040));
#1726=EDGE_CURVE('',#2041,#2042,#2043,.T.);
#1727=EDGE_CURVE('',#2041,#2044,#2045,.T.);
#1728=EDGE_CURVE('',#2044,#2046,#2047,.T.);
#1729=EDGE_CURVE('',#2033,#2046,#2048,.T.);
#1730=EDGE_CURVE('',#2042,#2030,#2049,.T.);
#1731=FILL_AREA_STYLE('',(#2050));
#1732=EDGE_CURVE('',#2051,#2052,#2053,.T.);
#1733=EDGE_CURVE('',#2051,#2054,#2055,.T.);
#1734=EDGE_CURVE('',#2054,#2056,#2057,.T.);
#1735=EDGE_CURVE('',#2044,#2056,#2058,.T.);
#1736=EDGE_CURVE('',#2052,#2041,#2059,.T.);
#1737=FILL_AREA_STYLE('',(#2060));
#1738=EDGE_CURVE('',#2061,#2062,#2063,.T.);
#1739=EDGE_CURVE('',#2064,#2061,#2065,.T.);
#1740=EDGE_CURVE('',#2066,#2064,#2067,.T.);
#1741=EDGE_CURVE('',#2062,#2066,#2068,.T.);
#1742=FILL_AREA_STYLE('',(#2069));
#1743=EDGE_CURVE('',#2022,#2070,#2071,.T.);
#1744=EDGE_CURVE('',#2072,#2026,#2073,.T.);
#1745=EDGE_CURVE('',#2070,#2072,#2074,.T.);
#1746=FILL_AREA_STYLE('',(#2075));
#1747=EDGE_CURVE('',#2076,#2077,#2078,.T.);
#1748=EDGE_CURVE('',#2076,#2079,#2080,.T.);
#1749=EDGE_CURVE('',#2081,#2079,#2082,.T.);
#1750=EDGE_CURVE('',#2077,#2081,#2083,.T.);
#1751=FILL_AREA_STYLE('',(#2084));
#1752=EDGE_CURVE('',#2085,#2086,#2087,.T.);
#1753=EDGE_CURVE('',#2085,#2088,#2089,.T.);
#1754=EDGE_CURVE('',#2088,#2090,#2091,.T.);
#1755=EDGE_CURVE('',#2092,#2090,#2093,.T.);
#1756=EDGE_CURVE('',#2086,#2092,#2094,.T.);
#1757=FILL_AREA_STYLE('',(#2095));
#1758=EDGE_CURVE('',#2096,#2097,#2098,.T.);
#1759=EDGE_CURVE('',#2096,#2099,#2100,.T.);
#1760=EDGE_CURVE('',#2099,#2101,#2102,.T.);
#1761=EDGE_CURVE('',#2088,#2101,#2103,.T.);
#1762=EDGE_CURVE('',#2097,#2085,#2104,.T.);
#1763=FILL_AREA_STYLE('',(#2105));
#1764=EDGE_CURVE('',#2106,#2107,#2108,.T.);
#1765=EDGE_CURVE('',#2106,#2109,#2110,.T.);
#1766=EDGE_CURVE('',#2109,#2111,#2112,.T.);
#1767=EDGE_CURVE('',#2099,#2111,#2113,.T.);
#1768=EDGE_CURVE('',#2107,#2096,#2114,.T.);
#1769=FILL_AREA_STYLE('',(#2115));
#1770=EDGE_CURVE('',#2116,#2117,#2118,.T.);
#1771=EDGE_CURVE('',#2119,#2116,#2120,.T.);
#1772=EDGE_CURVE('',#2121,#2119,#2122,.T.);
#1773=EDGE_CURVE('',#2117,#2121,#2123,.T.);
#1774=FILL_AREA_STYLE('',(#2124));
#1775=EDGE_CURVE('',#2077,#2125,#2126,.T.);
#1776=EDGE_CURVE('',#2127,#2081,#2128,.T.);
#1777=EDGE_CURVE('',#2125,#2127,#2129,.T.);
#1778=FILL_AREA_STYLE('',(#2130));
#1779=EDGE_CURVE('',#2131,#2132,#2133,.T.);
#1780=EDGE_CURVE('',#2134,#2131,#2135,.T.);
#1781=EDGE_CURVE('',#2136,#2134,#2137,.T.);
#1782=EDGE_CURVE('',#2132,#2136,#2138,.T.);
#1783=FILL_AREA_STYLE('',(#2139));
#1784=EDGE_CURVE('',#2132,#2140,#2141,.T.);
#1785=EDGE_CURVE('',#2142,#2136,#2143,.T.);
#1786=EDGE_CURVE('',#2140,#2142,#2144,.T.);
#1787=FILL_AREA_STYLE('',(#2145));
#1788=EDGE_CURVE('',#2140,#2146,#2147,.T.);
#1789=EDGE_CURVE('',#2148,#2142,#2149,.T.);
#1790=EDGE_CURVE('',#2146,#2148,#2150,.T.);
#1791=FILL_AREA_STYLE('',(#2151));
#1792=EDGE_CURVE('',#2152,#2153,#2154,.T.);
#1793=EDGE_CURVE('',#2152,#2155,#2156,.T.);
#1794=EDGE_CURVE('',#2157,#2155,#2158,.T.);
#1795=EDGE_CURVE('',#2153,#2157,#2159,.T.);
#1796=FILL_AREA_STYLE('',(#2160));
#1797=EDGE_CURVE('',#2153,#2161,#2162,.T.);
#1798=EDGE_CURVE('',#2163,#2157,#2164,.T.);
#1799=EDGE_CURVE('',#2161,#2163,#2165,.T.);
#1800=FILL_AREA_STYLE('',(#2166));
#1801=EDGE_CURVE('',#2161,#2167,#2168,.T.);
#1802=EDGE_CURVE('',#2169,#2163,#2170,.T.);
#1803=EDGE_CURVE('',#2167,#2169,#2171,.T.);
#1804=FILL_AREA_STYLE('',(#2172));
#1805=EDGE_CURVE('',#2167,#2173,#2174,.T.);
#1806=EDGE_CURVE('',#2175,#2169,#2176,.T.);
#1807=EDGE_CURVE('',#2173,#2175,#2177,.T.);
#1808=FILL_AREA_STYLE('',(#2178));
#1809=EDGE_CURVE('',#2173,#2179,#2180,.T.);
#1810=EDGE_CURVE('',#2181,#2175,#2182,.T.);
#1811=EDGE_CURVE('',#2179,#2181,#2183,.T.);
#1812=FILL_AREA_STYLE('',(#2184));
#1813=EDGE_CURVE('',#2185,#2179,#2186,.T.);
#1814=EDGE_CURVE('',#2187,#2185,#2188,.T.);
#1815=EDGE_CURVE('',#2181,#2187,#2189,.T.);
#1816=EDGE_CURVE('',#2181,#2179,#2190,.T.);
#1817=FILL_AREA_STYLE('',(#2191));
#1818=EDGE_CURVE('',#2185,#2192,#2193,.T.);
#1819=EDGE_CURVE('',#2185,#2187,#2194,.T.);
#1820=EDGE_CURVE('',#2195,#2187,#2196,.T.);
#1821=EDGE_CURVE('',#2192,#2195,#2197,.T.);
#1822=FILL_AREA_STYLE('',(#2198));
#1823=EDGE_CURVE('',#2199,#2195,#2200,.T.);
#1824=EDGE_CURVE('',#2192,#2199,#2201,.T.);
#1825=FILL_AREA_STYLE('',(#2202));
#1826=EDGE_CURVE('',#2203,#2204,#2205,.T.);
#1827=EDGE_CURVE('',#2206,#2203,#2207,.T.);
#1828=EDGE_CURVE('',#2208,#2206,#2209,.T.);
#1829=EDGE_CURVE('',#2204,#2208,#2210,.T.);
#1830=FILL_AREA_STYLE('',(#2211));
#1831=EDGE_CURVE('',#2204,#2212,#2213,.T.);
#1832=EDGE_CURVE('',#2214,#2208,#2215,.T.);
#1833=EDGE_CURVE('',#2212,#2214,#2216,.T.);
#1834=FILL_AREA_STYLE('',(#2217));
#1835=EDGE_CURVE('',#2212,#2218,#2219,.T.);
#1836=EDGE_CURVE('',#2220,#2214,#2221,.T.);
#1837=EDGE_CURVE('',#2218,#2220,#2222,.T.);
#1838=FILL_AREA_STYLE('',(#2223));
#1839=EDGE_CURVE('',#2224,#2225,#2226,.T.);
#1840=EDGE_CURVE('',#2224,#2227,#2228,.T.);
#1841=EDGE_CURVE('',#2229,#2227,#2230,.T.);
#1842=EDGE_CURVE('',#2225,#2229,#2231,.T.);
#1843=FILL_AREA_STYLE('',(#2232));
#1844=EDGE_CURVE('',#2225,#2233,#2234,.T.);
#1845=EDGE_CURVE('',#2235,#2229,#2236,.T.);
#1846=EDGE_CURVE('',#2233,#2235,#2237,.T.);
#1847=FILL_AREA_STYLE('',(#2238));
#1848=EDGE_CURVE('',#2233,#2239,#2240,.T.);
#1849=EDGE_CURVE('',#2241,#2235,#2242,.T.);
#1850=EDGE_CURVE('',#2239,#2241,#2243,.T.);
#1851=FILL_AREA_STYLE('',(#2244));
#1852=EDGE_CURVE('',#2239,#2245,#2246,.T.);
#1853=EDGE_CURVE('',#2247,#2241,#2248,.T.);
#1854=EDGE_CURVE('',#2245,#2247,#2249,.T.);
#1855=FILL_AREA_STYLE('',(#2250));
#1856=EDGE_CURVE('',#2245,#2251,#2252,.T.);
#1857=EDGE_CURVE('',#2253,#2247,#2254,.T.);
#1858=EDGE_CURVE('',#2251,#2253,#2255,.T.);
#1859=FILL_AREA_STYLE('',(#2256));
#1860=EDGE_CURVE('',#2257,#2251,#2258,.T.);
#1861=EDGE_CURVE('',#2259,#2257,#2260,.T.);
#1862=EDGE_CURVE('',#2253,#2259,#2261,.T.);
#1863=EDGE_CURVE('',#2253,#2251,#2262,.T.);
#1864=FILL_AREA_STYLE('',(#2263));
#1865=EDGE_CURVE('',#2257,#2264,#2265,.T.);
#1866=EDGE_CURVE('',#2257,#2259,#2266,.T.);
#1867=EDGE_CURVE('',#2267,#2259,#2268,.T.);
#1868=EDGE_CURVE('',#2264,#2267,#2269,.T.);
#1869=FILL_AREA_STYLE('',(#2270));
#1870=EDGE_CURVE('',#2271,#2267,#2272,.T.);
#1871=EDGE_CURVE('',#2264,#2271,#2273,.T.);
#1872=FILL_AREA_STYLE('',(#2274));
#1873=EDGE_CURVE('',#2267,#2264,#2275,.T.);
#1874=FILL_AREA_STYLE('',(#2276));
#1875=FILL_AREA_STYLE('',(#2277));
#1876=FILL_AREA_STYLE('',(#2278));
#1877=EDGE_CURVE('',#2247,#2245,#2279,.T.);
#1878=FILL_AREA_STYLE('',(#2280));
#1879=EDGE_CURVE('',#2241,#2239,#2281,.T.);
#1880=FILL_AREA_STYLE('',(#2282));
#1881=EDGE_CURVE('',#2235,#2233,#2283,.T.);
#1882=FILL_AREA_STYLE('',(#2284));
#1883=EDGE_CURVE('',#2229,#2225,#2285,.T.);
#1884=FILL_AREA_STYLE('',(#2286));
#1885=EDGE_CURVE('',#2227,#2224,#2287,.T.);
#1886=FILL_AREA_STYLE('',(#2288));
#1887=EDGE_CURVE('',#2220,#2218,#2289,.T.);
#1888=FILL_AREA_STYLE('',(#2290));
#1889=EDGE_CURVE('',#2214,#2212,#2291,.T.);
#1890=FILL_AREA_STYLE('',(#2292));
#1891=EDGE_CURVE('',#2208,#2204,#2293,.T.);
#1892=FILL_AREA_STYLE('',(#2294));
#1893=EDGE_CURVE('',#2203,#2206,#2295,.T.);
#1894=FILL_AREA_STYLE('',(#2296));
#1895=EDGE_CURVE('',#2195,#2192,#2297,.T.);
#1896=FILL_AREA_STYLE('',(#2298));
#1897=FILL_AREA_STYLE('',(#2299));
#1898=FILL_AREA_STYLE('',(#2300));
#1899=EDGE_CURVE('',#2175,#2173,#2301,.T.);
#1900=FILL_AREA_STYLE('',(#2302));
#1901=EDGE_CURVE('',#2169,#2167,#2303,.T.);
#1902=FILL_AREA_STYLE('',(#2304));
#1903=EDGE_CURVE('',#2163,#2161,#2305,.T.);
#1904=FILL_AREA_STYLE('',(#2306));
#1905=EDGE_CURVE('',#2157,#2153,#2307,.T.);
#1906=FILL_AREA_STYLE('',(#2308));
#1907=EDGE_CURVE('',#2155,#2152,#2309,.T.);
#1908=FILL_AREA_STYLE('',(#2310));
#1909=EDGE_CURVE('',#2148,#2146,#2311,.T.);
#1910=FILL_AREA_STYLE('',(#2312));
#1911=EDGE_CURVE('',#2142,#2140,#2313,.T.);
#1912=FILL_AREA_STYLE('',(#2314));
#1913=EDGE_CURVE('',#2136,#2132,#2315,.T.);
#1914=FILL_AREA_STYLE('',(#2316));
#1915=EDGE_CURVE('',#2131,#2134,#2317,.T.);
#1916=FILL_AREA_STYLE('',(#2318));
#1917=EDGE_CURVE('',#2127,#2125,#2319,.T.);
#1918=EDGE_CURVE('',#2081,#2077,#2320,.T.);
#1919=FILL_AREA_STYLE('',(#2321));
#1920=EDGE_CURVE('',#2121,#2117,#2322,.T.);
#1921=EDGE_CURVE('',#2116,#2119,#2323,.T.);
#1922=FILL_AREA_STYLE('',(#2324));
#1923=EDGE_CURVE('',#2111,#2106,#2325,.T.);
#1924=FILL_AREA_STYLE('',(#2326));
#1925=EDGE_CURVE('',#2101,#2107,#2327,.T.);
#1926=FILL_AREA_STYLE('',(#2328));
#1927=EDGE_CURVE('',#2090,#2097,#2329,.T.);
#1928=FILL_AREA_STYLE('',(#2330));
#1929=EDGE_CURVE('',#2331,#2086,#2332,.T.);
#1930=EDGE_CURVE('',#2092,#2331,#2333,.T.);
#1931=FILL_AREA_STYLE('',(#2334));
#1932=EDGE_CURVE('',#2079,#2076,#2335,.T.);
#1933=FILL_AREA_STYLE('',(#2336));
#1934=FILL_AREA_STYLE('',(#2337));
#1935=FILL_AREA_STYLE('',(#2338));
#1936=EDGE_CURVE('',#2072,#2070,#2339,.T.);
#1937=EDGE_CURVE('',#2026,#2022,#2340,.T.);
#1938=FILL_AREA_STYLE('',(#2341));
#1939=EDGE_CURVE('',#2066,#2062,#2342,.T.);
#1940=EDGE_CURVE('',#2061,#2064,#2343,.T.);
#1941=FILL_AREA_STYLE('',(#2344));
#1942=EDGE_CURVE('',#2056,#2051,#2345,.T.);
#1943=FILL_AREA_STYLE('',(#2346));
#1944=EDGE_CURVE('',#2046,#2052,#2347,.T.);
#1945=FILL_AREA_STYLE('',(#2348));
#1946=EDGE_CURVE('',#2035,#2042,#2349,.T.);
#1947=FILL_AREA_STYLE('',(#2350));
#1948=EDGE_CURVE('',#2351,#2031,#2352,.T.);
#1949=EDGE_CURVE('',#2037,#2351,#2353,.T.);
#1950=FILL_AREA_STYLE('',(#2354));
#1951=EDGE_CURVE('',#2024,#2021,#2355,.T.);
#1952=FILL_AREA_STYLE('',(#2356));
#1953=FILL_AREA_STYLE('',(#2357));
#1954=FILL_AREA_STYLE('',(#2358));
#1955=EDGE_CURVE('',#2359,#2360,#2361,.T.);
#1956=EDGE_CURVE('',#2360,#2362,#2363,.T.);
#1957=EDGE_CURVE('',#2364,#2362,#2365,.T.);
#1958=EDGE_CURVE('',#2364,#2359,#2366,.T.);
#1959=FILL_AREA_STYLE('',(#2367));
#1960=EDGE_CURVE('',#2368,#2369,#2370,.T.);
#1961=EDGE_CURVE('',#2371,#2369,#2372,.T.);
#1962=EDGE_CURVE('',#2373,#2371,#2374,.T.);
#1963=EDGE_CURVE('',#2373,#2368,#2375,.T.);
#1964=FILL_AREA_STYLE('',(#2376));
#1965=EDGE_CURVE('',#2369,#2377,#2378,.T.);
#1966=EDGE_CURVE('',#2379,#2377,#2380,.T.);
#1967=EDGE_CURVE('',#2371,#2379,#2381,.T.);
#1968=FILL_AREA_STYLE('',(#2382));
#1969=EDGE_CURVE('',#2377,#2383,#2384,.T.);
#1970=EDGE_CURVE('',#2385,#2383,#2386,.T.);
#1971=EDGE_CURVE('',#2379,#2385,#2387,.T.);
#1972=FILL_AREA_STYLE('',(#2388));
#1973=EDGE_CURVE('',#2383,#2389,#2390,.T.);
#1974=EDGE_CURVE('',#2391,#2389,#2392,.T.);
#1975=EDGE_CURVE('',#2385,#2391,#2393,.T.);
#1976=FILL_AREA_STYLE('',(#2394));
#1977=EDGE_CURVE('',#2389,#2395,#2396,.T.);
#1978=EDGE_CURVE('',#2397,#2395,#2398,.T.);
#1979=EDGE_CURVE('',#2391,#2397,#2399,.T.);
#1980=FILL_AREA_STYLE('',(#2400));
#1981=EDGE_CURVE('',#2395,#2401,#2402,.T.);
#1982=EDGE_CURVE('',#2403,#2401,#2404,.T.);
#1983=EDGE_CURVE('',#2397,#2403,#2405,.T.);
#1984=FILL_AREA_STYLE('',(#2406));
#1985=EDGE_CURVE('',#2407,#2408,#2409,.T.);
#1986=EDGE_CURVE('',#2403,#2407,#2410,.T.);
#1987=EDGE_CURVE('',#2401,#2408,#2411,.T.);
#1988=FILL_AREA_STYLE('',(#2412));
#1989=EDGE_CURVE('',#2362,#2368,#2413,.T.);
#1990=EDGE_CURVE('',#2364,#2373,#2414,.T.);
#1991=FILL_AREA_STYLE('',(#2415));
#1992=EDGE_CURVE('',#2408,#2416,#2417,.T.);
#1993=EDGE_CURVE('',#2418,#2360,#2419,.T.);
#1994=EDGE_CURVE('',#2420,#2418,#2421,.T.);
#1995=EDGE_CURVE('',#2422,#2420,#2423,.T.);
#1996=EDGE_CURVE('',#2424,#2422,#2425,.T.);
#1997=EDGE_CURVE('',#2426,#2424,#2427,.T.);
#1998=EDGE_CURVE('',#2416,#2426,#2428,.T.);
#1999=FILL_AREA_STYLE('',(#2429));
#2000=EDGE_CURVE('',#2430,#2424,#2431,.T.);
#2001=EDGE_CURVE('',#2432,#2430,#2433,.T.);
#2002=EDGE_CURVE('',#2432,#2426,#2434,.T.);
#2003=FILL_AREA_STYLE('',(#2435));
#2004=EDGE_CURVE('',#2436,#2422,#2437,.T.);
#2005=EDGE_CURVE('',#2430,#2436,#2438,.T.);
#2006=FILL_AREA_STYLE('',(#2439));
#2007=EDGE_CURVE('',#2440,#2420,#2441,.T.);
#2008=EDGE_CURVE('',#2436,#2440,#2442,.T.);
#2009=FILL_AREA_STYLE('',(#2443));
#2010=EDGE_CURVE('',#2444,#2418,#2445,.T.);
#2011=EDGE_CURVE('',#2440,#2444,#2446,.T.);
#2012=FILL_AREA_STYLE('',(#2447));
#2013=EDGE_CURVE('',#2444,#2359,#2448,.T.);
#2014=FILL_AREA_STYLE('',(#2449));
#2015=EDGE_CURVE('',#2450,#2416,#2451,.T.);
#2016=EDGE_CURVE('',#2407,#2450,#2452,.T.);
#2017=FILL_AREA_STYLE('',(#2453));
#2018=EDGE_CURVE('',#2450,#2432,#2454,.T.);
#2019=FILL_AREA_STYLE('',(#2455));
#2020=FILL_AREA_STYLE_COLOUR('',#2456);
#2021=VERTEX_POINT('',#2457);
#2022=VERTEX_POINT('',#2458);
#2023=LINE('',#2459,#2460);
#2024=VERTEX_POINT('',#2461);
#2025=CIRCLE('',#2462,0.465);
#2026=VERTEX_POINT('',#2463);
#2027=LINE('',#2464,#2465);
#2028=CIRCLE('',#2466,0.665);
#2029=FILL_AREA_STYLE_COLOUR('',#2467);
#2030=VERTEX_POINT('',#2468);
#2031=VERTEX_POINT('',#2469);
#2032=CIRCLE('',#2470,0.149999999999999);
#2033=VERTEX_POINT('',#2471);
#2034=CIRCLE('',#2472,0.25);
#2035=VERTEX_POINT('',#2473);
#2036=CIRCLE('',#2474,0.25);
#2037=VERTEX_POINT('',#2475);
#2038=CIRCLE('',#2476,0.149999999999999);
#2039=CIRCLE('',#2477,0.4);
#2040=FILL_AREA_STYLE_COLOUR('',#2478);
#2041=VERTEX_POINT('',#2479);
#2042=VERTEX_POINT('',#2480);
#2043=LINE('',#2481,#2482);
#2044=VERTEX_POINT('',#2483);
#2045=CIRCLE('',#2484,0.249999999999999);
#2046=VERTEX_POINT('',#2485);
#2047=CIRCLE('',#2486,0.249999999999999);
#2048=LINE('',#2487,#2488);
#2049=CIRCLE('',#2489,0.25);
#2050=FILL_AREA_STYLE_COLOUR('',#2490);
#2051=VERTEX_POINT('',#2491);
#2052=VERTEX_POINT('',#2492);
#2053=CIRCLE('',#2493,0.245000000000001);
#2054=VERTEX_POINT('',#2494);
#2055=CIRCLE('',#2495,0.00499999999999989);
#2056=VERTEX_POINT('',#2496);
#2057=CIRCLE('',#2497,0.00499999999999989);
#2058=CIRCLE('',#2498,0.245000000000001);
#2059=CIRCLE('',#2499,0.249999999999999);
#2060=FILL_AREA_STYLE_COLOUR('',#2500);
#2061=VERTEX_POINT('',#2501);
#2062=VERTEX_POINT('',#2502);
#2063=LINE('',#2503,#2504);
#2064=VERTEX_POINT('',#2505);
#2065=CIRCLE('',#2506,0.915);
#2066=VERTEX_POINT('',#2507);
#2067=LINE('',#2508,#2509);
#2068=CIRCLE('',#2510,0.915);
#2069=FILL_AREA_STYLE_COLOUR('',#2511);
#2070=VERTEX_POINT('',#2512);
#2071=LINE('',#2513,#2514);
#2072=VERTEX_POINT('',#2515);
#2073=LINE('',#2516,#2517);
#2074=CIRCLE('',#2518,0.665);
#2075=FILL_AREA_STYLE_COLOUR('',#2519);
#2076=VERTEX_POINT('',#2520);
#2077=VERTEX_POINT('',#2521);
#2078=LINE('',#2522,#2523);
#2079=VERTEX_POINT('',#2524);
#2080=CIRCLE('',#2525,0.465);
#2081=VERTEX_POINT('',#2526);
#2082=LINE('',#2527,#2528);
#2083=CIRCLE('',#2529,0.665);
#2084=FILL_AREA_STYLE_COLOUR('',#2530);
#2085=VERTEX_POINT('',#2531);
#2086=VERTEX_POINT('',#2532);
#2087=CIRCLE('',#2533,0.149999999999999);
#2088=VERTEX_POINT('',#2534);
#2089=CIRCLE('',#2535,0.25);
#2090=VERTEX_POINT('',#2536);
#2091=CIRCLE('',#2537,0.25);
#2092=VERTEX_POINT('',#2538);
#2093=CIRCLE('',#2539,0.149999999999999);
#2094=CIRCLE('',#2540,0.4);
#2095=FILL_AREA_STYLE_COLOUR('',#2541);
#2096=VERTEX_POINT('',#2542);
#2097=VERTEX_POINT('',#2543);
#2098=LINE('',#2544,#2545);
#2099=VERTEX_POINT('',#2546);
#2100=CIRCLE('',#2547,0.249999999999999);
#2101=VERTEX_POINT('',#2548);
#2102=CIRCLE('',#2549,0.249999999999999);
#2103=LINE('',#2550,#2551);
#2104=CIRCLE('',#2552,0.25);
#2105=FILL_AREA_STYLE_COLOUR('',#2553);
#2106=VERTEX_POINT('',#2554);
#2107=VERTEX_POINT('',#2555);
#2108=CIRCLE('',#2556,0.245000000000001);
#2109=VERTEX_POINT('',#2557);
#2110=CIRCLE('',#2558,0.00499999999999989);
#2111=VERTEX_POINT('',#2559);
#2112=CIRCLE('',#2560,0.00499999999999989);
#2113=CIRCLE('',#2561,0.245000000000001);
#2114=CIRCLE('',#2562,0.249999999999999);
#2115=FILL_AREA_STYLE_COLOUR('',#2563);
#2116=VERTEX_POINT('',#2564);
#2117=VERTEX_POINT('',#2565);
#2118=LINE('',#2566,#2567);
#2119=VERTEX_POINT('',#2568);
#2120=CIRCLE('',#2569,0.915);
#2121=VERTEX_POINT('',#2570);
#2122=LINE('',#2571,#2572);
#2123=CIRCLE('',#2573,0.915);
#2124=FILL_AREA_STYLE_COLOUR('',#2574);
#2125=VERTEX_POINT('',#2575);
#2126=LINE('',#2576,#2577);
#2127=VERTEX_POINT('',#2578);
#2128=LINE('',#2579,#2580);
#2129=CIRCLE('',#2581,0.665);
#2130=FILL_AREA_STYLE_COLOUR('',#2582);
#2131=VERTEX_POINT('',#2583);
#2132=VERTEX_POINT('',#2584);
#2133=LINE('',#2585,#2586);
#2134=VERTEX_POINT('',#2587);
#2135=CIRCLE('',#2588,0.775);
#2136=VERTEX_POINT('',#2589);
#2137=LINE('',#2590,#2591);
#2138=CIRCLE('',#2592,0.775);
#2139=FILL_AREA_STYLE_COLOUR('',#2593);
#2140=VERTEX_POINT('',#2594);
#2141=LINE('',#2595,#2596);
#2142=VERTEX_POINT('',#2597);
#2143=LINE('',#2598,#2599);
#2144=CIRCLE('',#2600,0.55);
#2145=FILL_AREA_STYLE_COLOUR('',#2601);
#2146=VERTEX_POINT('',#2602);
#2147=LINE('',#2603,#2604);
#2148=VERTEX_POINT('',#2605);
#2149=LINE('',#2606,#2607);
#2150=CIRCLE('',#2608,0.55);
#2151=FILL_AREA_STYLE_COLOUR('',#2609);
#2152=VERTEX_POINT('',#2610);
#2153=VERTEX_POINT('',#2611);
#2154=LINE('',#2612,#2613);
#2155=VERTEX_POINT('',#2614);
#2156=CIRCLE('',#2615,0.48);
#2157=VERTEX_POINT('',#2616);
#2158=LINE('',#2617,#2618);
#2159=CIRCLE('',#2619,0.38);
#2160=FILL_AREA_STYLE_COLOUR('',#2620);
#2161=VERTEX_POINT('',#2621);
#2162=LINE('',#2622,#2623);
#2163=VERTEX_POINT('',#2624);
#2164=LINE('',#2625,#2626);
#2165=CIRCLE('',#2627,0.38);
#2166=FILL_AREA_STYLE_COLOUR('',#2628);
#2167=VERTEX_POINT('',#2629);
#2168=LINE('',#2630,#2631);
#2169=VERTEX_POINT('',#2632);
#2170=LINE('',#2633,#2634);
#2171=CIRCLE('',#2635,0.11009057040081);
#2172=FILL_AREA_STYLE_COLOUR('',#2636);
#2173=VERTEX_POINT('',#2637);
#2174=LINE('',#2638,#2639);
#2175=VERTEX_POINT('',#2640);
#2176=LINE('',#2641,#2642);
#2177=CIRCLE('',#2643,0.11329470159952);
#2178=FILL_AREA_STYLE_COLOUR('',#2644);
#2179=VERTEX_POINT('',#2645);
#2180=LINE('',#2646,#2647);
#2181=VERTEX_POINT('',#2648);
#2182=LINE('',#2649,#2650);
#2183=CIRCLE('',#2651,0.27658089128535);
#2184=FILL_AREA_STYLE_COLOUR('',#2652);
#2185=VERTEX_POINT('',#2653);
#2186=LINE('',#2654,#2655);
#2187=VERTEX_POINT('',#2656);
#2188=CIRCLE('',#2657,0.55);
#2189=LINE('',#2658,#2659);
#2190=CIRCLE('',#2660,0.27658089128535);
#2191=FILL_AREA_STYLE_COLOUR('',#2661);
#2192=VERTEX_POINT('',#2662);
#2193=LINE('',#2663,#2664);
#2194=CIRCLE('',#2665,0.55);
#2195=VERTEX_POINT('',#2666);
#2196=LINE('',#2667,#2668);
#2197=CIRCLE('',#2669,0.55);
#2198=FILL_AREA_STYLE_COLOUR('',#2670);
#2199=VERTEX_POINT('',#2671);
#2200=LINE('',#2672,#2673);
#2201=LINE('',#2674,#2675);
#2202=FILL_AREA_STYLE_COLOUR('',#2676);
#2203=VERTEX_POINT('',#2677);
#2204=VERTEX_POINT('',#2678);
#2205=LINE('',#2679,#2680);
#2206=VERTEX_POINT('',#2681);
#2207=CIRCLE('',#2682,0.775);
#2208=VERTEX_POINT('',#2683);
#2209=LINE('',#2684,#2685);
#2210=CIRCLE('',#2686,0.775);
#2211=FILL_AREA_STYLE_COLOUR('',#2687);
#2212=VERTEX_POINT('',#2688);
#2213=LINE('',#2689,#2690);
#2214=VERTEX_POINT('',#2691);
#2215=LINE('',#2692,#2693);
#2216=CIRCLE('',#2694,0.55);
#2217=FILL_AREA_STYLE_COLOUR('',#2695);
#2218=VERTEX_POINT('',#2696);
#2219=LINE('',#2697,#2698);
#2220=VERTEX_POINT('',#2699);
#2221=LINE('',#2700,#2701);
#2222=CIRCLE('',#2702,0.55);
#2223=FILL_AREA_STYLE_COLOUR('',#2703);
#2224=VERTEX_POINT('',#2704);
#2225=VERTEX_POINT('',#2705);
#2226=LINE('',#2706,#2707);
#2227=VERTEX_POINT('',#2708);
#2228=CIRCLE('',#2709,0.48);
#2229=VERTEX_POINT('',#2710);
#2230=LINE('',#2711,#2712);
#2231=CIRCLE('',#2713,0.38);
#2232=FILL_AREA_STYLE_COLOUR('',#2714);
#2233=VERTEX_POINT('',#2715);
#2234=LINE('',#2716,#2717);
#2235=VERTEX_POINT('',#2718);
#2236=LINE('',#2719,#2720);
#2237=CIRCLE('',#2721,0.38);
#2238=FILL_AREA_STYLE_COLOUR('',#2722);
#2239=VERTEX_POINT('',#2723);
#2240=LINE('',#2724,#2725);
#2241=VERTEX_POINT('',#2726);
#2242=LINE('',#2727,#2728);
#2243=CIRCLE('',#2729,0.11009057040081);
#2244=FILL_AREA_STYLE_COLOUR('',#2730);
#2245=VERTEX_POINT('',#2731);
#2246=LINE('',#2732,#2733);
#2247=VERTEX_POINT('',#2734);
#2248=LINE('',#2735,#2736);
#2249=CIRCLE('',#2737,0.11329470159952);
#2250=FILL_AREA_STYLE_COLOUR('',#2738);
#2251=VERTEX_POINT('',#2739);
#2252=LINE('',#2740,#2741);
#2253=VERTEX_POINT('',#2742);
#2254=LINE('',#2743,#2744);
#2255=CIRCLE('',#2745,0.27658089128535);
#2256=FILL_AREA_STYLE_COLOUR('',#2746);
#2257=VERTEX_POINT('',#2747);
#2258=LINE('',#2748,#2749);
#2259=VERTEX_POINT('',#2750);
#2260=CIRCLE('',#2751,0.55);
#2261=LINE('',#2752,#2753);
#2262=CIRCLE('',#2754,0.27658089128535);
#2263=FILL_AREA_STYLE_COLOUR('',#2755);
#2264=VERTEX_POINT('',#2756);
#2265=LINE('',#2757,#2758);
#2266=CIRCLE('',#2759,0.55);
#2267=VERTEX_POINT('',#2760);
#2268=LINE('',#2761,#2762);
#2269=CIRCLE('',#2763,0.55);
#2270=FILL_AREA_STYLE_COLOUR('',#2764);
#2271=VERTEX_POINT('',#2765);
#2272=LINE('',#2766,#2767);
#2273=LINE('',#2768,#2769);
#2274=FILL_AREA_STYLE_COLOUR('',#2770);
#2275=CIRCLE('',#2771,0.55);
#2276=FILL_AREA_STYLE_COLOUR('',#2772);
#2277=FILL_AREA_STYLE_COLOUR('',#2773);
#2278=FILL_AREA_STYLE_COLOUR('',#2774);
#2279=CIRCLE('',#2775,0.11329470159952);
#2280=FILL_AREA_STYLE_COLOUR('',#2776);
#2281=CIRCLE('',#2777,0.11009057040081);
#2282=FILL_AREA_STYLE_COLOUR('',#2778);
#2283=CIRCLE('',#2779,0.38);
#2284=FILL_AREA_STYLE_COLOUR('',#2780);
#2285=CIRCLE('',#2781,0.38);
#2286=FILL_AREA_STYLE_COLOUR('',#2782);
#2287=CIRCLE('',#2783,0.48);
#2288=FILL_AREA_STYLE_COLOUR('',#2784);
#2289=CIRCLE('',#2785,0.55);
#2290=FILL_AREA_STYLE_COLOUR('',#2786);
#2291=CIRCLE('',#2787,0.55);
#2292=FILL_AREA_STYLE_COLOUR('',#2788);
#2293=CIRCLE('',#2789,0.775);
#2294=FILL_AREA_STYLE_COLOUR('',#2790);
#2295=CIRCLE('',#2791,0.775);
#2296=FILL_AREA_STYLE_COLOUR('',#2792);
#2297=CIRCLE('',#2793,0.55);
#2298=FILL_AREA_STYLE_COLOUR('',#2794);
#2299=FILL_AREA_STYLE_COLOUR('',#2795);
#2300=FILL_AREA_STYLE_COLOUR('',#2796);
#2301=CIRCLE('',#2797,0.11329470159952);
#2302=FILL_AREA_STYLE_COLOUR('',#2798);
#2303=CIRCLE('',#2799,0.11009057040081);
#2304=FILL_AREA_STYLE_COLOUR('',#2800);
#2305=CIRCLE('',#2801,0.38);
#2306=FILL_AREA_STYLE_COLOUR('',#2802);
#2307=CIRCLE('',#2803,0.38);
#2308=FILL_AREA_STYLE_COLOUR('',#2804);
#2309=CIRCLE('',#2805,0.48);
#2310=FILL_AREA_STYLE_COLOUR('',#2806);
#2311=CIRCLE('',#2807,0.55);
#2312=FILL_AREA_STYLE_COLOUR('',#2808);
#2313=CIRCLE('',#2809,0.55);
#2314=FILL_AREA_STYLE_COLOUR('',#2810);
#2315=CIRCLE('',#2811,0.775);
#2316=FILL_AREA_STYLE_COLOUR('',#2812);
#2317=CIRCLE('',#2813,0.775);
#2318=FILL_AREA_STYLE_COLOUR('',#2814);
#2319=CIRCLE('',#2815,0.665);
#2320=CIRCLE('',#2816,0.665);
#2321=FILL_AREA_STYLE_COLOUR('',#2817);
#2322=CIRCLE('',#2818,0.915);
#2323=CIRCLE('',#2819,0.915);
#2324=FILL_AREA_STYLE_COLOUR('',#2820);
#2325=CIRCLE('',#2821,0.00499999999999989);
#2326=FILL_AREA_STYLE_COLOUR('',#2822);
#2327=CIRCLE('',#2823,0.249999999999999);
#2328=FILL_AREA_STYLE_COLOUR('',#2824);
#2329=CIRCLE('',#2825,0.25);
#2330=FILL_AREA_STYLE_COLOUR('',#2826);
#2331=VERTEX_POINT('',#2827);
#2332=CIRCLE('',#2828,0.4);
#2333=CIRCLE('',#2829,0.4);
#2334=FILL_AREA_STYLE_COLOUR('',#2830);
#2335=CIRCLE('',#2831,0.465);
#2336=FILL_AREA_STYLE_COLOUR('',#2832);
#2337=FILL_AREA_STYLE_COLOUR('',#2833);
#2338=FILL_AREA_STYLE_COLOUR('',#2834);
#2339=CIRCLE('',#2835,0.665);
#2340=CIRCLE('',#2836,0.665);
#2341=FILL_AREA_STYLE_COLOUR('',#2837);
#2342=CIRCLE('',#2838,0.915);
#2343=CIRCLE('',#2839,0.915);
#2344=FILL_AREA_STYLE_COLOUR('',#2840);
#2345=CIRCLE('',#2841,0.00499999999999989);
#2346=FILL_AREA_STYLE_COLOUR('',#2842);
#2347=CIRCLE('',#2843,0.249999999999999);
#2348=FILL_AREA_STYLE_COLOUR('',#2844);
#2349=CIRCLE('',#2845,0.25);
#2350=FILL_AREA_STYLE_COLOUR('',#2846);
#2351=VERTEX_POINT('',#2847);
#2352=CIRCLE('',#2848,0.4);
#2353=CIRCLE('',#2849,0.4);
#2354=FILL_AREA_STYLE_COLOUR('',#2850);
#2355=CIRCLE('',#2851,0.465);
#2356=FILL_AREA_STYLE_COLOUR('',#2852);
#2357=FILL_AREA_STYLE_COLOUR('',#2853);
#2358=FILL_AREA_STYLE_COLOUR('',#2854);
#2359=VERTEX_POINT('',#2855);
#2360=VERTEX_POINT('',#2856);
#2361=LINE('',#2857,#2858);
#2362=VERTEX_POINT('',#2859);
#2363=LINE('',#2860,#2861);
#2364=VERTEX_POINT('',#2862);
#2365=LINE('',#2863,#2864);
#2366=LINE('',#2865,#2866);
#2367=FILL_AREA_STYLE_COLOUR('',#2867);
#2368=VERTEX_POINT('',#2868);
#2369=VERTEX_POINT('',#2869);
#2370=LINE('',#2870,#2871);
#2371=VERTEX_POINT('',#2872);
#2372=LINE('',#2873,#2874);
#2373=VERTEX_POINT('',#2875);
#2374=LINE('',#2876,#2877);
#2375=LINE('',#2878,#2879);
#2376=FILL_AREA_STYLE_COLOUR('',#2880);
#2377=VERTEX_POINT('',#2881);
#2378=LINE('',#2882,#2883);
#2379=VERTEX_POINT('',#2884);
#2380=LINE('',#2885,#2886);
#2381=LINE('',#2887,#2888);
#2382=FILL_AREA_STYLE_COLOUR('',#2889);
#2383=VERTEX_POINT('',#2890);
#2384=LINE('',#2891,#2892);
#2385=VERTEX_POINT('',#2893);
#2386=LINE('',#2894,#2895);
#2387=LINE('',#2896,#2897);
#2388=FILL_AREA_STYLE_COLOUR('',#2898);
#2389=VERTEX_POINT('',#2899);
#2390=LINE('',#2900,#2901);
#2391=VERTEX_POINT('',#2902);
#2392=LINE('',#2903,#2904);
#2393=LINE('',#2905,#2906);
#2394=FILL_AREA_STYLE_COLOUR('',#2907);
#2395=VERTEX_POINT('',#2908);
#2396=LINE('',#2909,#2910);
#2397=VERTEX_POINT('',#2911);
#2398=LINE('',#2912,#2913);
#2399=LINE('',#2914,#2915);
#2400=FILL_AREA_STYLE_COLOUR('',#2916);
#2401=VERTEX_POINT('',#2917);
#2402=LINE('',#2918,#2919);
#2403=VERTEX_POINT('',#2920);
#2404=LINE('',#2921,#2922);
#2405=LINE('',#2923,#2924);
#2406=FILL_AREA_STYLE_COLOUR('',#2925);
#2407=VERTEX_POINT('',#2926);
#2408=VERTEX_POINT('',#2927);
#2409=LINE('',#2928,#2929);
#2410=LINE('',#2930,#2931);
#2411=LINE('',#2932,#2933);
#2412=FILL_AREA_STYLE_COLOUR('',#2934);
#2413=LINE('',#2935,#2936);
#2414=LINE('',#2937,#2938);
#2415=FILL_AREA_STYLE_COLOUR('',#2939);
#2416=VERTEX_POINT('',#2940);
#2417=LINE('',#2941,#2942);
#2418=VERTEX_POINT('',#2943);
#2419=LINE('',#2944,#2945);
#2420=VERTEX_POINT('',#2946);
#2421=LINE('',#2947,#2948);
#2422=VERTEX_POINT('',#2949);
#2423=LINE('',#2950,#2951);
#2424=VERTEX_POINT('',#2952);
#2425=LINE('',#2953,#2954);
#2426=VERTEX_POINT('',#2955);
#2427=LINE('',#2956,#2957);
#2428=LINE('',#2958,#2959);
#2429=FILL_AREA_STYLE_COLOUR('',#2960);
#2430=VERTEX_POINT('',#2961);
#2431=LINE('',#2962,#2963);
#2432=VERTEX_POINT('',#2964);
#2433=LINE('',#2965,#2966);
#2434=LINE('',#2967,#2968);
#2435=FILL_AREA_STYLE_COLOUR('',#2969);
#2436=VERTEX_POINT('',#2970);
#2437=LINE('',#2971,#2972);
#2438=LINE('',#2973,#2974);
#2439=FILL_AREA_STYLE_COLOUR('',#2975);
#2440=VERTEX_POINT('',#2976);
#2441=LINE('',#2977,#2978);
#2442=LINE('',#2979,#2980);
#2443=FILL_AREA_STYLE_COLOUR('',#2981);
#2444=VERTEX_POINT('',#2982);
#2445=LINE('',#2983,#2984);
#2446=LINE('',#2985,#2986);
#2447=FILL_AREA_STYLE_COLOUR('',#2987);
#2448=LINE('',#2988,#2989);
#2449=FILL_AREA_STYLE_COLOUR('',#2990);
#2450=VERTEX_POINT('',#2991);
#2451=LINE('',#2992,#2993);
#2452=LINE('',#2994,#2995);
#2453=FILL_AREA_STYLE_COLOUR('',#2996);
#2454=LINE('',#2997,#2998);
#2455=FILL_AREA_STYLE_COLOUR('',#2999);
#2456=COLOUR_RGB('',0.811764717102051,0.811764717102051,0.811764717102051);
#2457=CARTESIAN_POINT('',(-0.805,-1.4,0.0));
#2458=CARTESIAN_POINT('',(-0.605,-1.2,0.0));
#2459=CARTESIAN_POINT('',(-0.705,-1.3,6.91902589909643E-17));
#2460=VECTOR('',#3000,1.0);
#2461=CARTESIAN_POINT('',(-1.735,-1.4,-5.69441954527405E-17));
#2462=AXIS2_PLACEMENT_3D('',#3001,#3002,#3003);
#2463=CARTESIAN_POINT('',(-1.935,-1.2,-8.14363225291881E-17));
#2464=CARTESIAN_POINT('',(-1.835,-1.3,-6.91902589909643E-17));
#2465=VECTOR('',#3004,1.0);
#2466=AXIS2_PLACEMENT_3D('',#3005,#3006,#3007);
#2467=COLOUR_RGB('',0.811764717102051,0.811764717102051,0.811764717102051);
#2468=CARTESIAN_POINT('',(-1.27,-1.55,-0.25));
#2469=CARTESIAN_POINT('',(-1.27,-1.4,-0.4));
#2470=AXIS2_PLACEMENT_3D('',#3008,#3009,#3010);
#2471=CARTESIAN_POINT('',(-1.52,-1.55,-3.06151588455594E-17));
#2472=AXIS2_PLACEMENT_3D('',#3011,#3012,#3013);
#2473=CARTESIAN_POINT('',(-1.27,-1.55,0.25));
#2474=AXIS2_PLACEMENT_3D('',#3014,#3015,#3016);
#2475=CARTESIAN_POINT('',(-1.27,-1.4,0.4));
#2476=AXIS2_PLACEMENT_3D('',#3017,#3018,#3019);
#2477=AXIS2_PLACEMENT_3D('',#3020,#3021,#3022);
#2478=COLOUR_RGB('',0.811764717102051,0.811764717102051,0.811764717102051);
#2479=CARTESIAN_POINT('',(-1.02,-4.325,0.0));
#2480=CARTESIAN_POINT('',(-1.02,-1.55,0.0));
#2481=CARTESIAN_POINT('',(-1.02,-2.9375,3.06151588455594E-17));
#2482=VECTOR('',#3023,1.0);
#2483=CARTESIAN_POINT('',(-1.27,-4.325,-0.249999999999999));
#2484=AXIS2_PLACEMENT_3D('',#3024,#3025,#3026);
#2485=CARTESIAN_POINT('',(-1.52,-4.325,-3.06151588455593E-17));
#2486=AXIS2_PLACEMENT_3D('',#3027,#3028,#3029);
#2487=CARTESIAN_POINT('',(-1.52,-2.9375,-3.06151588455594E-17));
#2488=VECTOR('',#3030,1.0);
#2489=AXIS2_PLACEMENT_3D('',#3031,#3032,#3033);
#2490=COLOUR_RGB('',0.811764717102051,0.811764717102051,0.811764717102051);
#2491=CARTESIAN_POINT('',(-1.27,-4.57,0.00499999999999989));
#2492=CARTESIAN_POINT('',(-1.27,-4.325,0.249999999999999));
#2493=AXIS2_PLACEMENT_3D('',#3034,#3035,#3036);
#2494=CARTESIAN_POINT('',(-1.265,-4.57,0.0));
#2495=AXIS2_PLACEMENT_3D('',#3037,#3038,#3039);
#2496=CARTESIAN_POINT('',(-1.27,-4.57,-0.00499999999999989));
#2497=AXIS2_PLACEMENT_3D('',#3040,#3041,#3042);
#2498=AXIS2_PLACEMENT_3D('',#3043,#3044,#3045);
#2499=AXIS2_PLACEMENT_3D('',#3046,#3047,#3048);
#2500=COLOUR_RGB('',0.811764717102051,0.811764717102051,0.811764717102051);
#2501=CARTESIAN_POINT('',(-0.355,2.8,1.12051481374748E-16));
#2502=CARTESIAN_POINT('',(-0.355,2.801,0.0));
#2503=CARTESIAN_POINT('',(-0.355,2.8005,1.12051481374748E-16));
#2504=VECTOR('',#3049,1.0);
#2505=CARTESIAN_POINT('',(-2.185,2.8,-1.12051481374748E-16));
#2506=AXIS2_PLACEMENT_3D('',#3050,#3051,#3052);
#2507=CARTESIAN_POINT('',(-2.185,2.801,-1.12051481374748E-16));
#2508=CARTESIAN_POINT('',(-2.185,2.8005,-1.12051481374748E-16));
#2509=VECTOR('',#3053,1.0);
#2510=AXIS2_PLACEMENT_3D('',#3054,#3055,#3056);
#2511=COLOUR_RGB('',0.811764717102051,0.811764717102051,0.811764717102051);
#2512=CARTESIAN_POINT('',(-0.605,-3.861626358692E-33,8.14363225291881E-17));
#2513=CARTESIAN_POINT('',(-0.605,-0.15361215932168,8.14363225291881E-17));
#2514=VECTOR('',#3057,1.0);
#2515=CARTESIAN_POINT('',(-1.935,-4.98637190005861E-33,8.14363225291881E-17));
#2516=CARTESIAN_POINT('',(-1.935,-0.15361215932168,-8.14363225291881E-17));
#2517=VECTOR('',#3058,1.0);
#2518=AXIS2_PLACEMENT_3D('',#3059,#3060,#3061);
#2519=COLOUR_RGB('',0.811764717102051,0.811764717102051,0.811764717102051);
#2520=CARTESIAN_POINT('',(1.735,-1.4,0.0));
#2521=CARTESIAN_POINT('',(1.935,-1.2,0.0));
#2522=CARTESIAN_POINT('',(1.835,-1.3,6.91902589909643E-17));
#2523=VECTOR('',#3062,1.0);
#2524=CARTESIAN_POINT('',(0.805,-1.4,-5.69441954527405E-17));
#2525=AXIS2_PLACEMENT_3D('',#3063,#3064,#3065);
#2526=CARTESIAN_POINT('',(0.605,-1.2,-8.14363225291881E-17));
#2527=CARTESIAN_POINT('',(0.705,-1.3,-6.91902589909643E-17));
#2528=VECTOR('',#3066,1.0);
#2529=AXIS2_PLACEMENT_3D('',#3067,#3068,#3069);
#2530=COLOUR_RGB('',0.811764717102051,0.811764717102051,0.811764717102051);
#2531=CARTESIAN_POINT('',(1.27,-1.55,-0.25));
#2532=CARTESIAN_POINT('',(1.27,-1.4,-0.4));
#2533=AXIS2_PLACEMENT_3D('',#3070,#3071,#3072);
#2534=CARTESIAN_POINT('',(1.02,-1.55,-3.06151588455594E-17));
#2535=AXIS2_PLACEMENT_3D('',#3073,#3074,#3075);
#2536=CARTESIAN_POINT('',(1.27,-1.55,0.25));
#2537=AXIS2_PLACEMENT_3D('',#3076,#3077,#3078);
#2538=CARTESIAN_POINT('',(1.27,-1.4,0.4));
#2539=AXIS2_PLACEMENT_3D('',#3079,#3080,#3081);
#2540=AXIS2_PLACEMENT_3D('',#3082,#3083,#3084);
#2541=COLOUR_RGB('',0.811764717102051,0.811764717102051,0.811764717102051);
#2542=CARTESIAN_POINT('',(1.52,-4.325,0.0));
#2543=CARTESIAN_POINT('',(1.52,-1.55,0.0));
#2544=CARTESIAN_POINT('',(1.52,-2.9375,3.06151588455594E-17));
#2545=VECTOR('',#3085,1.0);
#2546=CARTESIAN_POINT('',(1.27,-4.325,-0.249999999999999));
#2547=AXIS2_PLACEMENT_3D('',#3086,#3087,#3088);
#2548=CARTESIAN_POINT('',(1.02,-4.325,-3.06151588455593E-17));
#2549=AXIS2_PLACEMENT_3D('',#3089,#3090,#3091);
#2550=CARTESIAN_POINT('',(1.02,-2.9375,-3.06151588455594E-17));
#2551=VECTOR('',#3092,1.0);
#2552=AXIS2_PLACEMENT_3D('',#3093,#3094,#3095);
#2553=COLOUR_RGB('',0.811764717102051,0.811764717102051,0.811764717102051);
#2554=CARTESIAN_POINT('',(1.27,-4.57,0.00499999999999989));
#2555=CARTESIAN_POINT('',(1.27,-4.325,0.249999999999999));
#2556=AXIS2_PLACEMENT_3D('',#3096,#3097,#3098);
#2557=CARTESIAN_POINT('',(1.275,-4.57,0.0));
#2558=AXIS2_PLACEMENT_3D('',#3099,#3100,#3101);
#2559=CARTESIAN_POINT('',(1.27,-4.57,-0.00499999999999989));
#2560=AXIS2_PLACEMENT_3D('',#3102,#3103,#3104);
#2561=AXIS2_PLACEMENT_3D('',#3105,#3106,#3107);
#2562=AXIS2_PLACEMENT_3D('',#3108,#3109,#3110);
#2563=COLOUR_RGB('',0.811764717102051,0.811764717102051,0.811764717102051);
#2564=CARTESIAN_POINT('',(2.185,2.8,1.12051481374748E-16));
#2565=CARTESIAN_POINT('',(2.185,2.801,0.0));
#2566=CARTESIAN_POINT('',(2.185,2.8005,1.12051481374748E-16));
#2567=VECTOR('',#3111,1.0);
#2568=CARTESIAN_POINT('',(0.355,2.8,-1.12051481374748E-16));
#2569=AXIS2_PLACEMENT_3D('',#3112,#3113,#3114);
#2570=CARTESIAN_POINT('',(0.355,2.801,-1.12051481374748E-16));
#2571=CARTESIAN_POINT('',(0.355,2.8005,-1.12051481374748E-16));
#2572=VECTOR('',#3115,1.0);
#2573=AXIS2_PLACEMENT_3D('',#3116,#3117,#3118);
#2574=COLOUR_RGB('',0.811764717102051,0.811764717102051,0.811764717102051);
#2575=CARTESIAN_POINT('',(1.935,-3.861626358692E-33,8.14363225291881E-17));
#2576=CARTESIAN_POINT('',(1.935,-0.15361215932168,8.14363225291881E-17));
#2577=VECTOR('',#3119,1.0);
#2578=CARTESIAN_POINT('',(0.605,-4.98637190005861E-33,8.14363225291881E-17));
#2579=CARTESIAN_POINT('',(0.605,-0.15361215932168,-8.14363225291881E-17));
#2580=VECTOR('',#3120,1.0);
#2581=AXIS2_PLACEMENT_3D('',#3121,#3122,#3123);
#2582=COLOUR_RGB('',0.811764717102051,0.811764717102051,0.811764717102051);
#2583=CARTESIAN_POINT('',(-0.495,2.801,9.49069924212342E-17));
#2584=CARTESIAN_POINT('',(-0.495,2.8,0.0));
#2585=CARTESIAN_POINT('',(-0.495,2.8005,9.49069924212342E-17));
#2586=VECTOR('',#3124,1.0);
#2587=CARTESIAN_POINT('',(-2.045,2.801,-9.49069924212342E-17));
#2588=AXIS2_PLACEMENT_3D('',#3125,#3126,#3127);
#2589=CARTESIAN_POINT('',(-2.045,2.8,-9.49069924212342E-17));
#2590=CARTESIAN_POINT('',(-2.045,2.8005,-9.49069924212342E-17));
#2591=VECTOR('',#3128,1.0);
#2592=AXIS2_PLACEMENT_3D('',#3129,#3130,#3131);
#2593=COLOUR_RGB('',0.811764717102051,0.811764717102051,0.811764717102051);
#2594=CARTESIAN_POINT('',(-0.72,2.575,0.0));
#2595=CARTESIAN_POINT('',(-0.6075,2.6875,8.11301709407325E-17));
#2596=VECTOR('',#3132,1.0);
#2597=CARTESIAN_POINT('',(-1.82,2.575,-6.73533494602308E-17));
#2598=CARTESIAN_POINT('',(-1.9325,2.6875,-8.11301709407325E-17));
#2599=VECTOR('',#3133,1.0);
#2600=AXIS2_PLACEMENT_3D('',#3134,#3135,#3136);
#2601=COLOUR_RGB('',0.811764717102051,0.811764717102051,0.811764717102051);
#2602=CARTESIAN_POINT('',(-0.72,2.505,0.0));
#2603=CARTESIAN_POINT('',(-0.72,2.54,6.73533494602308E-17));
#2604=VECTOR('',#3137,1.0);
#2605=CARTESIAN_POINT('',(-1.82,2.505,-6.73533494602308E-17));
#2606=CARTESIAN_POINT('',(-1.82,2.54,-6.73533494602308E-17));
#2607=VECTOR('',#3138,1.0);
#2608=AXIS2_PLACEMENT_3D('',#3139,#3140,#3141);
#2609=COLOUR_RGB('',0.811764717102051,0.811764717102051,0.811764717102051);
#2610=CARTESIAN_POINT('',(-0.79,2.505,0.0));
#2611=CARTESIAN_POINT('',(-0.89,2.36218519932579,0.0));
#2612=CARTESIAN_POINT('',(-0.84,2.43359259966289,5.26580732143622E-17));
#2613=VECTOR('',#3142,1.0);
#2614=CARTESIAN_POINT('',(-1.75,2.505,-5.87811049834741E-17));
#2615=AXIS2_PLACEMENT_3D('',#3143,#3144,#3145);
#2616=CARTESIAN_POINT('',(-1.65,2.36218519932579,-4.65350414452503E-17));
#2617=CARTESIAN_POINT('',(-1.7,2.43359259966289,-5.26580732143622E-17));
#2618=VECTOR('',#3146,1.0);
#2619=AXIS2_PLACEMENT_3D('',#3147,#3148,#3149);
#2620=COLOUR_RGB('',0.811764717102051,0.811764717102051,0.811764717102051);
#2621=CARTESIAN_POINT('',(-0.89,1.905,0.0));
#2622=CARTESIAN_POINT('',(-0.89,2.13359259966289,4.65350414452503E-17));
#2623=VECTOR('',#3150,1.0);
#2624=CARTESIAN_POINT('',(-1.65,1.905,-4.65350414452503E-17));
#2625=CARTESIAN_POINT('',(-1.65,2.13359259966289,-4.65350414452503E-17));
#2626=VECTOR('',#3151,1.0);
#2627=AXIS2_PLACEMENT_3D('',#3152,#3153,#3154);
#2628=COLOUR_RGB('',0.811764717102051,0.811764717102051,0.811764717102051);
#2629=CARTESIAN_POINT('',(-1.15990942959919,0.48474062220542,0.0));
#2630=CARTESIAN_POINT('',(-1.02495471479959,1.19487031110271,3.00084013230633E-17));
#2631=VECTOR('',#3155,1.0);
#2632=CARTESIAN_POINT('',(-1.38009057040081,0.48474062220542,-1.34817612008762E-17));
#2633=CARTESIAN_POINT('',(-1.51504528520041,1.19487031110271,-3.00084013230632E-17));
#2634=VECTOR('',#3156,1.0);
#2635=AXIS2_PLACEMENT_3D('',#3157,#3158,#3159);
#2636=COLOUR_RGB('',0.811764717102051,0.811764717102051,0.811764717102051);
#2637=CARTESIAN_POINT('',(-1.15670529840048,0.43307607471323,0.0));
#2638=CARTESIAN_POINT('',(-1.15830736399983,0.458908348459325,1.36779511720972E-17));
#2639=VECTOR('',#3160,1.0);
#2640=CARTESIAN_POINT('',(-1.38329470159952,0.43307607471323,-1.38741411433183E-17));
#2641=CARTESIAN_POINT('',(-1.38169263600017,0.458908348459325,-1.36779511720972E-17));
#2642=VECTOR('',#3161,1.0);
#2643=AXIS2_PLACEMENT_3D('',#3162,#3163,#3164);
#2644=COLOUR_RGB('',0.811764717102051,0.811764717102051,0.811764717102051);
#2645=CARTESIAN_POINT('',(-0.99341910871465,0.4,0.0));
#2646=CARTESIAN_POINT('',(-1.07506220355756,0.416538037356615,2.38722064123539E-17));
#2647=VECTOR('',#3165,1.0);
#2648=CARTESIAN_POINT('',(-1.54658089128535,0.4,-3.38702716813896E-17));
#2649=CARTESIAN_POINT('',(-1.46493779644244,0.416538037356615,-2.38722064123539E-17));
#2650=VECTOR('',#3166,1.0);
#2651=AXIS2_PLACEMENT_3D('',#3167,#3168,#3169);
#2652=COLOUR_RGB('',0.811764717102051,0.811764717102051,0.811764717102051);
#2653=CARTESIAN_POINT('',(-0.72,1.83766946254283,0.0));
#2654=CARTESIAN_POINT('',(-0.856709554357325,1.11883473127142,5.06118105708102E-17));
#2655=VECTOR('',#3170,1.0);
#2656=CARTESIAN_POINT('',(-1.82,1.83766946254283,-6.73533494602308E-17));
#2657=AXIS2_PLACEMENT_3D('',#3171,#3172,#3173);
#2658=CARTESIAN_POINT('',(-1.68329044564268,1.11883473127142,-5.06118105708102E-17));
#2659=VECTOR('',#3174,1.0);
#2660=AXIS2_PLACEMENT_3D('',#3175,#3176,#3177);
#2661=COLOUR_RGB('',0.811764717102051,0.811764717102051,0.811764717102051);
#2662=CARTESIAN_POINT('',(-0.72,-0.9,0.0));
#2663=CARTESIAN_POINT('',(-0.72,0.468834731271415,6.73533494602308E-17));
#2664=VECTOR('',#3178,1.0);
#2665=AXIS2_PLACEMENT_3D('',#3179,#3180,#3181);
#2666=CARTESIAN_POINT('',(-1.82,-0.9,-6.73533494602308E-17));
#2667=CARTESIAN_POINT('',(-1.82,0.468834731271415,-6.73533494602308E-17));
#2668=VECTOR('',#3182,1.0);
#2669=AXIS2_PLACEMENT_3D('',#3183,#3184,#3185);
#2670=COLOUR_RGB('',0.811764717102051,0.811764717102051,0.811764717102051);
#2671=CARTESIAN_POINT('',(-1.27,-1.2175426480543,0.0));
#2672=CARTESIAN_POINT('',(-1.545,-1.05877132402715,-3.36766747301154E-17));
#2673=VECTOR('',#3186,1.0);
#2674=CARTESIAN_POINT('',(-0.995,-1.05877132402715,3.36766747301154E-17));
#2675=VECTOR('',#3187,1.0);
#2676=COLOUR_RGB('',0.811764717102051,0.811764717102051,0.811764717102051);
#2677=CARTESIAN_POINT('',(2.045,2.801,9.49069924212342E-17));
#2678=CARTESIAN_POINT('',(2.045,2.8,0.0));
#2679=CARTESIAN_POINT('',(2.045,2.8005,9.49069924212342E-17));
#2680=VECTOR('',#3188,1.0);
#2681=CARTESIAN_POINT('',(0.495,2.801,-9.49069924212342E-17));
#2682=AXIS2_PLACEMENT_3D('',#3189,#3190,#3191);
#2683=CARTESIAN_POINT('',(0.495,2.8,-9.49069924212342E-17));
#2684=CARTESIAN_POINT('',(0.495,2.8005,-9.49069924212342E-17));
#2685=VECTOR('',#3192,1.0);
#2686=AXIS2_PLACEMENT_3D('',#3193,#3194,#3195);
#2687=COLOUR_RGB('',0.811764717102051,0.811764717102051,0.811764717102051);
#2688=CARTESIAN_POINT('',(1.82,2.575,0.0));
#2689=CARTESIAN_POINT('',(1.9325,2.6875,8.11301709407325E-17));
#2690=VECTOR('',#3196,1.0);
#2691=CARTESIAN_POINT('',(0.72,2.575,-6.73533494602308E-17));
#2692=CARTESIAN_POINT('',(0.6075,2.6875,-8.11301709407325E-17));
#2693=VECTOR('',#3197,1.0);
#2694=AXIS2_PLACEMENT_3D('',#3198,#3199,#3200);
#2695=COLOUR_RGB('',0.811764717102051,0.811764717102051,0.811764717102051);
#2696=CARTESIAN_POINT('',(1.82,2.505,0.0));
#2697=CARTESIAN_POINT('',(1.82,2.54,6.73533494602308E-17));
#2698=VECTOR('',#3201,1.0);
#2699=CARTESIAN_POINT('',(0.72,2.505,-6.73533494602308E-17));
#2700=CARTESIAN_POINT('',(0.72,2.54,-6.73533494602308E-17));
#2701=VECTOR('',#3202,1.0);
#2702=AXIS2_PLACEMENT_3D('',#3203,#3204,#3205);
#2703=COLOUR_RGB('',0.811764717102051,0.811764717102051,0.811764717102051);
#2704=CARTESIAN_POINT('',(1.75,2.505,0.0));
#2705=CARTESIAN_POINT('',(1.65,2.36218519932579,0.0));
#2706=CARTESIAN_POINT('',(1.7,2.43359259966289,5.26580732143622E-17));
#2707=VECTOR('',#3206,1.0);
#2708=CARTESIAN_POINT('',(0.79,2.505,-5.87811049834741E-17));
#2709=AXIS2_PLACEMENT_3D('',#3207,#3208,#3209);
#2710=CARTESIAN_POINT('',(0.89,2.36218519932579,-4.65350414452503E-17));
#2711=CARTESIAN_POINT('',(0.84,2.43359259966289,-5.26580732143622E-17));
#2712=VECTOR('',#3210,1.0);
#2713=AXIS2_PLACEMENT_3D('',#3211,#3212,#3213);
#2714=COLOUR_RGB('',0.811764717102051,0.811764717102051,0.811764717102051);
#2715=CARTESIAN_POINT('',(1.65,1.905,0.0));
#2716=CARTESIAN_POINT('',(1.65,2.13359259966289,4.65350414452503E-17));
#2717=VECTOR('',#3214,1.0);
#2718=CARTESIAN_POINT('',(0.89,1.905,-4.65350414452503E-17));
#2719=CARTESIAN_POINT('',(0.89,2.13359259966289,-4.65350414452503E-17));
#2720=VECTOR('',#3215,1.0);
#2721=AXIS2_PLACEMENT_3D('',#3216,#3217,#3218);
#2722=COLOUR_RGB('',0.811764717102051,0.811764717102051,0.811764717102051);
#2723=CARTESIAN_POINT('',(1.38009057040081,0.48474062220542,0.0));
#2724=CARTESIAN_POINT('',(1.51504528520041,1.19487031110271,3.00084013230633E-17));
#2725=VECTOR('',#3219,1.0);
#2726=CARTESIAN_POINT('',(1.15990942959919,0.48474062220542,-1.34817612008762E-17));
#2727=CARTESIAN_POINT('',(1.02495471479959,1.19487031110271,-3.00084013230632E-17));
#2728=VECTOR('',#3220,1.0);
#2729=AXIS2_PLACEMENT_3D('',#3221,#3222,#3223);
#2730=COLOUR_RGB('',0.811764717102051,0.811764717102051,0.811764717102051);
#2731=CARTESIAN_POINT('',(1.38329470159952,0.43307607471323,0.0));
#2732=CARTESIAN_POINT('',(1.38169263600017,0.458908348459325,1.36779511720972E-17));
#2733=VECTOR('',#3224,1.0);
#2734=CARTESIAN_POINT('',(1.15670529840048,0.43307607471323,-1.38741411433183E-17));
#2735=CARTESIAN_POINT('',(1.15830736399983,0.458908348459325,-1.36779511720972E-17));
#2736=VECTOR('',#3225,1.0);
#2737=AXIS2_PLACEMENT_3D('',#3226,#3227,#3228);
#2738=COLOUR_RGB('',0.811764717102051,0.811764717102051,0.811764717102051);
#2739=CARTESIAN_POINT('',(1.54658089128535,0.4,0.0));
#2740=CARTESIAN_POINT('',(1.46493779644244,0.416538037356615,2.38722064123539E-17));
#2741=VECTOR('',#3229,1.0);
#2742=CARTESIAN_POINT('',(0.99341910871465,0.4,-3.38702716813896E-17));
#2743=CARTESIAN_POINT('',(1.07506220355756,0.416538037356615,-2.38722064123539E-17));
#2744=VECTOR('',#3230,1.0);
#2745=AXIS2_PLACEMENT_3D('',#3231,#3232,#3233);
#2746=COLOUR_RGB('',0.811764717102051,0.811764717102051,0.811764717102051);
#2747=CARTESIAN_POINT('',(1.82,1.83766946254283,0.0));
#2748=CARTESIAN_POINT('',(1.68329044564268,1.11883473127142,5.06118105708102E-17));
#2749=VECTOR('',#3234,1.0);
#2750=CARTESIAN_POINT('',(0.72,1.83766946254283,-6.73533494602308E-17));
#2751=AXIS2_PLACEMENT_3D('',#3235,#3236,#3237);
#2752=CARTESIAN_POINT('',(0.856709554357325,1.11883473127142,-5.06118105708102E-17));
#2753=VECTOR('',#3238,1.0);
#2754=AXIS2_PLACEMENT_3D('',#3239,#3240,#3241);
#2755=COLOUR_RGB('',0.811764717102051,0.811764717102051,0.811764717102051);
#2756=CARTESIAN_POINT('',(1.82,-0.9,0.0));
#2757=CARTESIAN_POINT('',(1.82,0.468834731271415,6.73533494602308E-17));
#2758=VECTOR('',#3242,1.0);
#2759=AXIS2_PLACEMENT_3D('',#3243,#3244,#3245);
#2760=CARTESIAN_POINT('',(0.72,-0.9,-6.73533494602307E-17));
#2761=CARTESIAN_POINT('',(0.72,0.468834731271415,-6.73533494602308E-17));
#2762=VECTOR('',#3246,1.0);
#2763=AXIS2_PLACEMENT_3D('',#3247,#3248,#3249);
#2764=COLOUR_RGB('',0.811764717102051,0.811764717102051,0.811764717102051);
#2765=CARTESIAN_POINT('',(1.27,-1.2175426480543,0.0));
#2766=CARTESIAN_POINT('',(0.995,-1.05877132402715,-3.36766747301154E-17));
#2767=VECTOR('',#3250,1.0);
#2768=CARTESIAN_POINT('',(1.545,-1.05877132402715,3.36766747301154E-17));
#2769=VECTOR('',#3251,1.0);
#2770=COLOUR_RGB('',0.811764717102051,0.811764717102051,0.811764717102051);
#2771=AXIS2_PLACEMENT_3D('',#3252,#3253,#3254);
#2772=COLOUR_RGB('',0.811764717102051,0.811764717102051,0.811764717102051);
#2773=COLOUR_RGB('',0.811764717102051,0.811764717102051,0.811764717102051);
#2774=COLOUR_RGB('',0.811764717102051,0.811764717102051,0.811764717102051);
#2775=AXIS2_PLACEMENT_3D('',#3255,#3256,#3257);
#2776=COLOUR_RGB('',0.811764717102051,0.811764717102051,0.811764717102051);
#2777=AXIS2_PLACEMENT_3D('',#3258,#3259,#3260);
#2778=COLOUR_RGB('',0.811764717102051,0.811764717102051,0.811764717102051);
#2779=AXIS2_PLACEMENT_3D('',#3261,#3262,#3263);
#2780=COLOUR_RGB('',0.811764717102051,0.811764717102051,0.811764717102051);
#2781=AXIS2_PLACEMENT_3D('',#3264,#3265,#3266);
#2782=COLOUR_RGB('',0.811764717102051,0.811764717102051,0.811764717102051);
#2783=AXIS2_PLACEMENT_3D('',#3267,#3268,#3269);
#2784=COLOUR_RGB('',0.811764717102051,0.811764717102051,0.811764717102051);
#2785=AXIS2_PLACEMENT_3D('',#3270,#3271,#3272);
#2786=COLOUR_RGB('',0.811764717102051,0.811764717102051,0.811764717102051);
#2787=AXIS2_PLACEMENT_3D('',#3273,#3274,#3275);
#2788=COLOUR_RGB('',0.811764717102051,0.811764717102051,0.811764717102051);
#2789=AXIS2_PLACEMENT_3D('',#3276,#3277,#3278);
#2790=COLOUR_RGB('',0.811764717102051,0.811764717102051,0.811764717102051);
#2791=AXIS2_PLACEMENT_3D('',#3279,#3280,#3281);
#2792=COLOUR_RGB('',0.811764717102051,0.811764717102051,0.811764717102051);
#2793=AXIS2_PLACEMENT_3D('',#3282,#3283,#3284);
#2794=COLOUR_RGB('',0.811764717102051,0.811764717102051,0.811764717102051);
#2795=COLOUR_RGB('',0.811764717102051,0.811764717102051,0.811764717102051);
#2796=COLOUR_RGB('',0.811764717102051,0.811764717102051,0.811764717102051);
#2797=AXIS2_PLACEMENT_3D('',#3285,#3286,#3287);
#2798=COLOUR_RGB('',0.811764717102051,0.811764717102051,0.811764717102051);
#2799=AXIS2_PLACEMENT_3D('',#3288,#3289,#3290);
#2800=COLOUR_RGB('',0.811764717102051,0.811764717102051,0.811764717102051);
#2801=AXIS2_PLACEMENT_3D('',#3291,#3292,#3293);
#2802=COLOUR_RGB('',0.811764717102051,0.811764717102051,0.811764717102051);
#2803=AXIS2_PLACEMENT_3D('',#3294,#3295,#3296);
#2804=COLOUR_RGB('',0.811764717102051,0.811764717102051,0.811764717102051);
#2805=AXIS2_PLACEMENT_3D('',#3297,#3298,#3299);
#2806=COLOUR_RGB('',0.811764717102051,0.811764717102051,0.811764717102051);
#2807=AXIS2_PLACEMENT_3D('',#3300,#3301,#3302);
#2808=COLOUR_RGB('',0.811764717102051,0.811764717102051,0.811764717102051);
#2809=AXIS2_PLACEMENT_3D('',#3303,#3304,#3305);
#2810=COLOUR_RGB('',0.811764717102051,0.811764717102051,0.811764717102051);
#2811=AXIS2_PLACEMENT_3D('',#3306,#3307,#3308);
#2812=COLOUR_RGB('',0.811764717102051,0.811764717102051,0.811764717102051);
#2813=AXIS2_PLACEMENT_3D('',#3309,#3310,#3311);
#2814=COLOUR_RGB('',0.811764717102051,0.811764717102051,0.811764717102051);
#2815=AXIS2_PLACEMENT_3D('',#3312,#3313,#3314);
#2816=AXIS2_PLACEMENT_3D('',#3315,#3316,#3317);
#2817=COLOUR_RGB('',0.811764717102051,0.811764717102051,0.811764717102051);
#2818=AXIS2_PLACEMENT_3D('',#3318,#3319,#3320);
#2819=AXIS2_PLACEMENT_3D('',#3321,#3322,#3323);
#2820=COLOUR_RGB('',0.811764717102051,0.811764717102051,0.811764717102051);
#2821=AXIS2_PLACEMENT_3D('',#3324,#3325,#3326);
#2822=COLOUR_RGB('',0.811764717102051,0.811764717102051,0.811764717102051);
#2823=AXIS2_PLACEMENT_3D('',#3327,#3328,#3329);
#2824=COLOUR_RGB('',0.811764717102051,0.811764717102051,0.811764717102051);
#2825=AXIS2_PLACEMENT_3D('',#3330,#3331,#3332);
#2826=COLOUR_RGB('',0.811764717102051,0.811764717102051,0.811764717102051);
#2827=CARTESIAN_POINT('',(1.67,-1.4,0.0));
#2828=AXIS2_PLACEMENT_3D('',#3333,#3334,#3335);
#2829=AXIS2_PLACEMENT_3D('',#3336,#3337,#3338);
#2830=COLOUR_RGB('',0.811764717102051,0.811764717102051,0.811764717102051);
#2831=AXIS2_PLACEMENT_3D('',#3339,#3340,#3341);
#2832=COLOUR_RGB('',0.811764717102051,0.811764717102051,0.811764717102051);
#2833=COLOUR_RGB('',0.811764717102051,0.811764717102051,0.811764717102051);
#2834=COLOUR_RGB('',0.811764717102051,0.811764717102051,0.811764717102051);
#2835=AXIS2_PLACEMENT_3D('',#3342,#3343,#3344);
#2836=AXIS2_PLACEMENT_3D('',#3345,#3346,#3347);
#2837=COLOUR_RGB('',0.811764717102051,0.811764717102051,0.811764717102051);
#2838=AXIS2_PLACEMENT_3D('',#3348,#3349,#3350);
#2839=AXIS2_PLACEMENT_3D('',#3351,#3352,#3353);
#2840=COLOUR_RGB('',0.811764717102051,0.811764717102051,0.811764717102051);
#2841=AXIS2_PLACEMENT_3D('',#3354,#3355,#3356);
#2842=COLOUR_RGB('',0.811764717102051,0.811764717102051,0.811764717102051);
#2843=AXIS2_PLACEMENT_3D('',#3357,#3358,#3359);
#2844=COLOUR_RGB('',0.811764717102051,0.811764717102051,0.811764717102051);
#2845=AXIS2_PLACEMENT_3D('',#3360,#3361,#3362);
#2846=COLOUR_RGB('',0.811764717102051,0.811764717102051,0.811764717102051);
#2847=CARTESIAN_POINT('',(-0.87,-1.4,0.0));
#2848=AXIS2_PLACEMENT_3D('',#3363,#3364,#3365);
#2849=AXIS2_PLACEMENT_3D('',#3366,#3367,#3368);
#2850=COLOUR_RGB('',0.811764717102051,0.811764717102051,0.811764717102051);
#2851=AXIS2_PLACEMENT_3D('',#3369,#3370,#3371);
#2852=COLOUR_RGB('',0.811764717102051,0.811764717102051,0.811764717102051);
#2853=COLOUR_RGB('',0.811764717102051,0.811764717102051,0.811764717102051);
#2854=COLOUR_RGB('',0.0,0.0,0.0);
#2855=CARTESIAN_POINT('',(-0.2,5.32703763912734E-17,-0.87));
#2856=CARTESIAN_POINT('',(-0.2,2.8,-0.87));
#2857=CARTESIAN_POINT('',(-0.2,5.32703763912734E-17,-0.87));
#2858=VECTOR('',#3372,1.0);
#2859=CARTESIAN_POINT('',(0.199999999999998,2.8,-0.87));
#2860=CARTESIAN_POINT('',(0.199999999999998,2.8,-0.87));
#2861=VECTOR('',#3373,1.0);
#2862=CARTESIAN_POINT('',(0.199999999999998,5.32703763912734E-17,-0.87));
#2863=CARTESIAN_POINT('',(0.199999999999998,5.32703763912734E-17,-0.87));
#2864=VECTOR('',#3374,1.0);
#2865=CARTESIAN_POINT('',(0.199999999999998,5.32703763912734E-17,-0.87));
#2866=VECTOR('',#3375,1.0);
#2867=COLOUR_RGB('',0.0,0.0,0.0);
#2868=CARTESIAN_POINT('',(0.386523063262,2.8,-1.27));
#2869=CARTESIAN_POINT('',(2.353476936738,2.8,-1.27));
#2870=CARTESIAN_POINT('',(0.386523063262,2.8,-1.27));
#2871=VECTOR('',#3376,1.0);
#2872=CARTESIAN_POINT('',(2.353476936738,7.7762503467721E-17,-1.27));
#2873=CARTESIAN_POINT('',(2.353476936738,7.7762503467721E-17,-1.27));
#2874=VECTOR('',#3377,1.0);
#2875=CARTESIAN_POINT('',(0.386523063262,7.7762503467721E-17,-1.27));
#2876=CARTESIAN_POINT('',(0.386523063262,7.7762503467721E-17,-1.27));
#2877=VECTOR('',#3378,1.0);
#2878=CARTESIAN_POINT('',(0.386523063262,7.7762503467721E-17,-1.27));
#2879=VECTOR('',#3379,1.0);
#2880=COLOUR_RGB('',0.0,0.0,0.0);
#2881=CARTESIAN_POINT('',(2.54,2.8,-0.87));
#2882=CARTESIAN_POINT('',(2.353476936738,2.8,-1.27));
#2883=VECTOR('',#3380,1.0);
#2884=CARTESIAN_POINT('',(2.54,5.32703763912734E-17,-0.87));
#2885=CARTESIAN_POINT('',(2.54,5.32703763912734E-17,-0.87));
#2886=VECTOR('',#3381,1.0);
#2887=CARTESIAN_POINT('',(2.353476936738,7.7762503467721E-17,-1.27));
#2888=VECTOR('',#3382,1.0);
#2889=COLOUR_RGB('',0.0,0.0,0.0);
#2890=CARTESIAN_POINT('',(2.54,2.8,0.87));
#2891=CARTESIAN_POINT('',(2.54,2.8,-0.87));
#2892=VECTOR('',#3383,1.0);
#2893=CARTESIAN_POINT('',(2.54,-5.32703763912734E-17,0.87));
#2894=CARTESIAN_POINT('',(2.54,-5.32703763912734E-17,0.87));
#2895=VECTOR('',#3384,1.0);
#2896=CARTESIAN_POINT('',(2.54,5.32703763912734E-17,-0.87));
#2897=VECTOR('',#3385,1.0);
#2898=COLOUR_RGB('',0.0,0.0,0.0);
#2899=CARTESIAN_POINT('',(2.353476936738,2.8,1.27));
#2900=CARTESIAN_POINT('',(2.54,2.8,0.87));
#2901=VECTOR('',#3386,0.999999999999999);
#2902=CARTESIAN_POINT('',(2.353476936738,-7.7762503467721E-17,1.27));
#2903=CARTESIAN_POINT('',(2.353476936738,-7.7762503467721E-17,1.27));
#2904=VECTOR('',#3387,1.0);
#2905=CARTESIAN_POINT('',(2.54,-5.32703763912734E-17,0.87));
#2906=VECTOR('',#3388,1.0);
#2907=COLOUR_RGB('',0.0,0.0,0.0);
#2908=CARTESIAN_POINT('',(0.386523063262,2.8,1.27));
#2909=CARTESIAN_POINT('',(2.353476936738,2.8,1.27));
#2910=VECTOR('',#3389,1.0);
#2911=CARTESIAN_POINT('',(0.386523063262,-7.7762503467721E-17,1.27));
#2912=CARTESIAN_POINT('',(0.386523063262,-7.7762503467721E-17,1.27));
#2913=VECTOR('',#3390,1.0);
#2914=CARTESIAN_POINT('',(2.353476936738,-7.7762503467721E-17,1.27));
#2915=VECTOR('',#3391,1.0);
#2916=COLOUR_RGB('',0.0,0.0,0.0);
#2917=CARTESIAN_POINT('',(0.199999999999998,2.8,0.87));
#2918=CARTESIAN_POINT('',(0.386523063262,2.8,1.27));
#2919=VECTOR('',#3392,0.999999999999999);
#2920=CARTESIAN_POINT('',(0.199999999999998,-5.32703763912734E-17,0.87));
#2921=CARTESIAN_POINT('',(0.199999999999998,-5.32703763912734E-17,0.87));
#2922=VECTOR('',#3393,1.0);
#2923=CARTESIAN_POINT('',(0.386523063262,-7.7762503467721E-17,1.27));
#2924=VECTOR('',#3394,1.0);
#2925=COLOUR_RGB('',0.0,0.0,0.0);
#2926=CARTESIAN_POINT('',(-0.2,-5.32703763912734E-17,0.87));
#2927=CARTESIAN_POINT('',(-0.2,2.8,0.87));
#2928=CARTESIAN_POINT('',(-0.2,-5.32703763912734E-17,0.87));
#2929=VECTOR('',#3395,1.0);
#2930=CARTESIAN_POINT('',(0.199999999999998,-5.32703763912734E-17,0.87));
#2931=VECTOR('',#3396,1.0);
#2932=CARTESIAN_POINT('',(0.199999999999998,2.8,0.87));
#2933=VECTOR('',#3397,1.0);
#2934=COLOUR_RGB('',0.0,0.0,0.0);
#2935=CARTESIAN_POINT('',(0.199999999999998,2.8,-0.87));
#2936=VECTOR('',#3398,1.0);
#2937=CARTESIAN_POINT('',(0.199999999999998,5.32703763912734E-17,-0.87));
#2938=VECTOR('',#3399,1.0);
#2939=COLOUR_RGB('',0.0,0.0,0.0);
#2940=CARTESIAN_POINT('',(-0.386523063262001,2.8,1.27));
#2941=CARTESIAN_POINT('',(-0.2,2.8,0.87));
#2942=VECTOR('',#3400,0.999999999999999);
#2943=CARTESIAN_POINT('',(-0.386523063262001,2.8,-1.27));
#2944=CARTESIAN_POINT('',(-0.386523063262001,2.8,-1.27));
#2945=VECTOR('',#3401,1.0);
#2946=CARTESIAN_POINT('',(-2.353476936738,2.8,-1.27));
#2947=CARTESIAN_POINT('',(-2.353476936738,2.8,-1.27));
#2948=VECTOR('',#3402,1.0);
#2949=CARTESIAN_POINT('',(-2.54,2.8,-0.87));
#2950=CARTESIAN_POINT('',(-2.54,2.8,-0.87));
#2951=VECTOR('',#3403,1.0);
#2952=CARTESIAN_POINT('',(-2.54,2.8,0.87));
#2953=CARTESIAN_POINT('',(-2.54,2.8,0.87));
#2954=VECTOR('',#3404,1.0);
#2955=CARTESIAN_POINT('',(-2.353476936738,2.8,1.27));
#2956=CARTESIAN_POINT('',(-2.353476936738,2.8,1.27));
#2957=VECTOR('',#3405,1.0);
#2958=CARTESIAN_POINT('',(-0.386523063262001,2.8,1.27));
#2959=VECTOR('',#3406,1.0);
#2960=COLOUR_RGB('',0.0,0.0,0.0);
#2961=CARTESIAN_POINT('',(-2.54,-5.32703763912734E-17,0.87));
#2962=CARTESIAN_POINT('',(-2.54,-5.32703763912734E-17,0.87));
#2963=VECTOR('',#3407,1.0);
#2964=CARTESIAN_POINT('',(-2.353476936738,-7.7762503467721E-17,1.27));
#2965=CARTESIAN_POINT('',(-2.353476936738,-7.7762503467721E-17,1.27));
#2966=VECTOR('',#3408,1.0);
#2967=CARTESIAN_POINT('',(-2.353476936738,-7.7762503467721E-17,1.27));
#2968=VECTOR('',#3409,1.0);
#2969=COLOUR_RGB('',0.0,0.0,0.0);
#2970=CARTESIAN_POINT('',(-2.54,5.32703763912734E-17,-0.87));
#2971=CARTESIAN_POINT('',(-2.54,5.32703763912734E-17,-0.87));
#2972=VECTOR('',#3410,1.0);
#2973=CARTESIAN_POINT('',(-2.54,-5.32703763912734E-17,0.87));
#2974=VECTOR('',#3411,1.0);
#2975=COLOUR_RGB('',0.0,0.0,0.0);
#2976=CARTESIAN_POINT('',(-2.353476936738,7.7762503467721E-17,-1.27));
#2977=CARTESIAN_POINT('',(-2.353476936738,7.7762503467721E-17,-1.27));
#2978=VECTOR('',#3412,1.0);
#2979=CARTESIAN_POINT('',(-2.54,5.32703763912734E-17,-0.87));
#2980=VECTOR('',#3413,1.0);
#2981=COLOUR_RGB('',0.0,0.0,0.0);
#2982=CARTESIAN_POINT('',(-0.386523063262001,7.7762503467721E-17,-1.27));
#2983=CARTESIAN_POINT('',(-0.386523063262001,7.7762503467721E-17,-1.27));
#2984=VECTOR('',#3414,1.0);
#2985=CARTESIAN_POINT('',(-2.353476936738,7.7762503467721E-17,-1.27));
#2986=VECTOR('',#3415,1.0);
#2987=COLOUR_RGB('',0.0,0.0,0.0);
#2988=CARTESIAN_POINT('',(-0.386523063262001,7.7762503467721E-17,-1.27));
#2989=VECTOR('',#3416,1.0);
#2990=COLOUR_RGB('',0.0,0.0,0.0);
#2991=CARTESIAN_POINT('',(-0.386523063262001,-7.7762503467721E-17,1.27));
#2992=CARTESIAN_POINT('',(-0.386523063262001,-7.7762503467721E-17,1.27));
#2993=VECTOR('',#3417,1.0);
#2994=CARTESIAN_POINT('',(-0.2,-5.32703763912734E-17,0.87));
#2995=VECTOR('',#3418,1.0);
#2996=COLOUR_RGB('',0.0,0.0,0.0);
#2997=CARTESIAN_POINT('',(-0.386523063262001,-7.7762503467721E-17,1.27));
#2998=VECTOR('',#3419,1.0);
#2999=COLOUR_RGB('',0.0,0.0,0.0);
#3000=DIRECTION('',(0.707106781186547,0.707106781186548,8.65927457071935E-17));
#3001=CARTESIAN_POINT('',(-1.27,-1.4,0.0));
#3002=DIRECTION('',(-0.0,1.0,0.0));
#3003=DIRECTION('',(1.0,0.0,0.0));
#3004=DIRECTION('',(0.707106781186548,-0.707106781186548,8.65927457071935E-17));
#3005=CARTESIAN_POINT('',(-1.27,-1.2,0.0));
#3006=DIRECTION('',(-0.0,1.0,0.0));
#3007=DIRECTION('',(1.0,0.0,0.0));
#3008=CARTESIAN_POINT('',(-1.27,-1.55,-0.399999999999999));
#3009=DIRECTION('',(-1.0,0.0,-0.0));
#3010=DIRECTION('',(0.0,-0.0,-1.0));
#3011=CARTESIAN_POINT('',(-1.27,-1.55,0.0));
#3012=DIRECTION('',(-0.0,1.0,0.0));
#3013=DIRECTION('',(1.0,0.0,0.0));
#3014=CARTESIAN_POINT('',(-1.27,-1.55,0.0));
#3015=DIRECTION('',(-0.0,1.0,0.0));
#3016=DIRECTION('',(1.0,0.0,0.0));
#3017=CARTESIAN_POINT('',(-1.27,-1.55,0.399999999999999));
#3018=DIRECTION('',(-1.0,0.0,0.0));
#3019=DIRECTION('',(0.0,0.0,1.0));
#3020=CARTESIAN_POINT('',(-1.27,-1.4,0.0));
#3021=DIRECTION('',(-0.0,1.0,0.0));
#3022=DIRECTION('',(1.0,0.0,0.0));
#3023=DIRECTION('',(0.0,1.0,0.0));
#3024=CARTESIAN_POINT('',(-1.27,-4.325,0.0));
#3025=DIRECTION('',(-0.0,1.0,0.0));
#3026=DIRECTION('',(1.0,0.0,0.0));
#3027=CARTESIAN_POINT('',(-1.27,-4.325,0.0));
#3028=DIRECTION('',(-0.0,1.0,0.0));
#3029=DIRECTION('',(1.0,0.0,0.0));
#3030=DIRECTION('',(-0.0,-1.0,-0.0));
#3031=CARTESIAN_POINT('',(-1.27,-1.55,0.0));
#3032=DIRECTION('',(-0.0,1.0,0.0));
#3033=DIRECTION('',(1.0,0.0,0.0));
#3034=CARTESIAN_POINT('',(-1.27,-4.325,0.00499999999999901));
#3035=DIRECTION('',(-1.0,0.0,0.0));
#3036=DIRECTION('',(0.0,-0.0,1.0));
#3037=CARTESIAN_POINT('',(-1.27,-4.57,0.0));
#3038=DIRECTION('',(-0.0,1.0,0.0));
#3039=DIRECTION('',(1.0,0.0,0.0));
#3040=CARTESIAN_POINT('',(-1.27,-4.57,0.0));
#3041=DIRECTION('',(-0.0,1.0,0.0));
#3042=DIRECTION('',(1.0,0.0,0.0));
#3043=CARTESIAN_POINT('',(-1.27,-4.325,-0.00499999999999901));
#3044=DIRECTION('',(-1.0,0.0,-0.0));
#3045=DIRECTION('',(0.0,0.0,-1.0));
#3046=CARTESIAN_POINT('',(-1.27,-4.325,0.0));
#3047=DIRECTION('',(-0.0,1.0,0.0));
#3048=DIRECTION('',(1.0,0.0,0.0));
#3049=DIRECTION('',(0.0,1.0,0.0));
#3050=CARTESIAN_POINT('',(-1.27,2.8,0.0));
#3051=DIRECTION('',(0.0,-1.0,-6.12303176911189E-17));
#3052=DIRECTION('',(1.0,0.0,0.0));
#3053=DIRECTION('',(-0.0,-1.0,-0.0));
#3054=CARTESIAN_POINT('',(-1.27,2.801,0.0));
#3055=DIRECTION('',(-0.0,1.0,0.0));
#3056=DIRECTION('',(1.0,0.0,0.0));
#3057=DIRECTION('',(0.0,1.0,0.0));
#3058=DIRECTION('',(-0.0,-1.0,-0.0));
#3059=CARTESIAN_POINT('',(-1.27,0.0,0.0));
#3060=DIRECTION('',(-0.0,1.0,6.12303176911189E-17));
#3061=DIRECTION('',(1.0,0.0,0.0));
#3062=DIRECTION('',(0.707106781186548,0.707106781186548,8.65927457071935E-17));
#3063=CARTESIAN_POINT('',(1.27,-1.4,0.0));
#3064=DIRECTION('',(-0.0,1.0,0.0));
#3065=DIRECTION('',(1.0,0.0,0.0));
#3066=DIRECTION('',(0.707106781186547,-0.707106781186548,8.65927457071935E-17));
#3067=CARTESIAN_POINT('',(1.27,-1.2,0.0));
#3068=DIRECTION('',(-0.0,1.0,0.0));
#3069=DIRECTION('',(1.0,0.0,0.0));
#3070=CARTESIAN_POINT('',(1.27,-1.55,-0.399999999999999));
#3071=DIRECTION('',(-1.0,0.0,-0.0));
#3072=DIRECTION('',(0.0,-0.0,-1.0));
#3073=CARTESIAN_POINT('',(1.27,-1.55,0.0));
#3074=DIRECTION('',(-0.0,1.0,0.0));
#3075=DIRECTION('',(1.0,0.0,0.0));
#3076=CARTESIAN_POINT('',(1.27,-1.55,0.0));
#3077=DIRECTION('',(-0.0,1.0,0.0));
#3078=DIRECTION('',(1.0,0.0,0.0));
#3079=CARTESIAN_POINT('',(1.27,-1.55,0.399999999999999));
#3080=DIRECTION('',(-1.0,0.0,0.0));
#3081=DIRECTION('',(0.0,0.0,1.0));
#3082=CARTESIAN_POINT('',(1.27,-1.4,0.0));
#3083=DIRECTION('',(-0.0,1.0,0.0));
#3084=DIRECTION('',(1.0,0.0,0.0));
#3085=DIRECTION('',(0.0,1.0,0.0));
#3086=CARTESIAN_POINT('',(1.27,-4.325,0.0));
#3087=DIRECTION('',(-0.0,1.0,0.0));
#3088=DIRECTION('',(1.0,0.0,0.0));
#3089=CARTESIAN_POINT('',(1.27,-4.325,0.0));
#3090=DIRECTION('',(-0.0,1.0,0.0));
#3091=DIRECTION('',(1.0,0.0,0.0));
#3092=DIRECTION('',(-0.0,-1.0,-0.0));
#3093=CARTESIAN_POINT('',(1.27,-1.55,0.0));
#3094=DIRECTION('',(-0.0,1.0,0.0));
#3095=DIRECTION('',(1.0,0.0,0.0));
#3096=CARTESIAN_POINT('',(1.27,-4.325,0.00499999999999901));
#3097=DIRECTION('',(-1.0,0.0,0.0));
#3098=DIRECTION('',(0.0,-0.0,1.0));
#3099=CARTESIAN_POINT('',(1.27,-4.57,0.0));
#3100=DIRECTION('',(-0.0,1.0,0.0));
#3101=DIRECTION('',(1.0,0.0,0.0));
#3102=CARTESIAN_POINT('',(1.27,-4.57,0.0));
#3103=DIRECTION('',(-0.0,1.0,0.0));
#3104=DIRECTION('',(1.0,0.0,0.0));
#3105=CARTESIAN_POINT('',(1.27,-4.325,-0.00499999999999901));
#3106=DIRECTION('',(-1.0,0.0,-0.0));
#3107=DIRECTION('',(0.0,0.0,-1.0));
#3108=CARTESIAN_POINT('',(1.27,-4.325,0.0));
#3109=DIRECTION('',(-0.0,1.0,0.0));
#3110=DIRECTION('',(1.0,0.0,0.0));
#3111=DIRECTION('',(0.0,1.0,0.0));
#3112=CARTESIAN_POINT('',(1.27,2.8,0.0));
#3113=DIRECTION('',(0.0,-1.0,-6.12303176911189E-17));
#3114=DIRECTION('',(1.0,0.0,0.0));
#3115=DIRECTION('',(-0.0,-1.0,-0.0));
#3116=CARTESIAN_POINT('',(1.27,2.801,0.0));
#3117=DIRECTION('',(-0.0,1.0,0.0));
#3118=DIRECTION('',(1.0,0.0,0.0));
#3119=DIRECTION('',(0.0,1.0,0.0));
#3120=DIRECTION('',(-0.0,-1.0,-0.0));
#3121=CARTESIAN_POINT('',(1.27,0.0,0.0));
#3122=DIRECTION('',(-0.0,1.0,6.12303176911189E-17));
#3123=DIRECTION('',(1.0,0.0,0.0));
#3124=DIRECTION('',(-0.0,-1.0,-0.0));
#3125=CARTESIAN_POINT('',(-1.27,2.801,0.0));
#3126=DIRECTION('',(0.0,-1.0,0.0));
#3127=DIRECTION('',(1.0,0.0,0.0));
#3128=DIRECTION('',(-0.0,1.0,-0.0));
#3129=CARTESIAN_POINT('',(-1.27,2.8,0.0));
#3130=DIRECTION('',(-0.0,1.0,0.0));
#3131=DIRECTION('',(1.0,0.0,0.0));
#3132=DIRECTION('',(-0.707106781186547,-0.707106781186548,-8.65927457071935E-17));
#3133=DIRECTION('',(-0.707106781186547,0.707106781186548,-8.65927457071935E-17));
#3134=CARTESIAN_POINT('',(-1.27,2.575,0.0));
#3135=DIRECTION('',(-0.0,1.0,0.0));
#3136=DIRECTION('',(1.0,0.0,0.0));
#3137=DIRECTION('',(-0.0,-1.0,-0.0));
#3138=DIRECTION('',(-0.0,1.0,-0.0));
#3139=CARTESIAN_POINT('',(-1.27,2.505,0.0));
#3140=DIRECTION('',(-0.0,1.0,0.0));
#3141=DIRECTION('',(1.0,0.0,0.0));
#3142=DIRECTION('',(-0.57357643635105,-0.819152044288989,-7.02405348358292E-17));
#3143=CARTESIAN_POINT('',(-1.27,2.505,0.0));
#3144=DIRECTION('',(-0.0,1.0,0.0));
#3145=DIRECTION('',(1.0,0.0,0.0));
#3146=DIRECTION('',(-0.57357643635105,0.819152044288989,-7.02405348358292E-17));
#3147=CARTESIAN_POINT('',(-1.27,2.36218519932579,0.0));
#3148=DIRECTION('',(-0.0,1.0,0.0));
#3149=DIRECTION('',(1.0,0.0,0.0));
#3150=DIRECTION('',(-0.0,-1.0,-0.0));
#3151=DIRECTION('',(-0.0,1.0,-0.0));
#3152=CARTESIAN_POINT('',(-1.27,1.905,0.0));
#3153=DIRECTION('',(-0.0,1.0,0.0));
#3154=DIRECTION('',(1.0,0.0,0.0));
#3155=DIRECTION('',(-0.186700801286745,-0.982416821313076,-2.28634987519477E-17));
#3156=DIRECTION('',(-0.186700801286745,0.982416821313076,-2.28634987519476E-17));
#3157=CARTESIAN_POINT('',(-1.27,0.48474062220542,0.0));
#3158=DIRECTION('',(-0.0,1.0,0.0));
#3159=DIRECTION('',(1.0,0.0,0.0));
#3160=DIRECTION('',(0.0618990615130477,-0.998082414524875,7.58019840245203E-18));
#3161=DIRECTION('',(0.0618990615130477,0.998082414524875,7.58019840245204E-18));
#3162=CARTESIAN_POINT('',(-1.27,0.43307607471323,0.0));
#3163=DIRECTION('',(-0.0,1.0,0.0));
#3164=DIRECTION('',(1.0,0.0,0.0));
#3165=DIRECTION('',(0.980094236948106,-0.198532835322295,1.20022962991135E-16));
#3166=DIRECTION('',(0.980094236948106,0.198532835322295,1.20022962991135E-16));
#3167=CARTESIAN_POINT('',(-1.27,0.4,0.0));
#3168=DIRECTION('',(-0.0,1.0,0.0));
#3169=DIRECTION('',(1.0,0.0,0.0));
#3170=DIRECTION('',(-0.186833376761239,-0.982391617089638,-2.28797340287903E-17));
#3171=CARTESIAN_POINT('',(-1.27,1.83766946254283,0.0));
#3172=DIRECTION('',(-0.0,1.0,0.0));
#3173=DIRECTION('',(1.0,0.0,0.0));
#3174=DIRECTION('',(-0.186833376761239,0.982391617089638,-2.28797340287903E-17));
#3175=CARTESIAN_POINT('',(-1.27,0.4,0.0));
#3176=DIRECTION('',(-0.0,1.0,0.0));
#3177=DIRECTION('',(1.0,0.0,0.0));
#3178=DIRECTION('',(-0.0,-1.0,-0.0));
#3179=CARTESIAN_POINT('',(-1.27,1.83766946254283,0.0));
#3180=DIRECTION('',(-0.0,1.0,0.0));
#3181=DIRECTION('',(1.0,0.0,0.0));
#3182=DIRECTION('',(-0.0,1.0,-0.0));
#3183=CARTESIAN_POINT('',(-1.27,-0.9,0.0));
#3184=DIRECTION('',(-0.0,1.0,0.0));
#3185=DIRECTION('',(1.0,0.0,0.0));
#3186=DIRECTION('',(-0.866025403784435,0.500000000000007,-1.06054021204601E-16));
#3187=DIRECTION('',(-0.866025403784435,-0.500000000000007,-1.06054021204601E-16));
#3188=DIRECTION('',(-0.0,-1.0,-0.0));
#3189=CARTESIAN_POINT('',(1.27,2.801,0.0));
#3190=DIRECTION('',(0.0,-1.0,0.0));
#3191=DIRECTION('',(1.0,0.0,0.0));
#3192=DIRECTION('',(-0.0,1.0,-0.0));
#3193=CARTESIAN_POINT('',(1.27,2.8,0.0));
#3194=DIRECTION('',(-0.0,1.0,0.0));
#3195=DIRECTION('',(1.0,0.0,0.0));
#3196=DIRECTION('',(-0.707106781186547,-0.707106781186548,-8.65927457071935E-17));
#3197=DIRECTION('',(-0.707106781186547,0.707106781186548,-8.65927457071935E-17));
#3198=CARTESIAN_POINT('',(1.27,2.575,0.0));
#3199=DIRECTION('',(-0.0,1.0,0.0));
#3200=DIRECTION('',(1.0,0.0,0.0));
#3201=DIRECTION('',(-0.0,-1.0,-0.0));
#3202=DIRECTION('',(-0.0,1.0,-0.0));
#3203=CARTESIAN_POINT('',(1.27,2.505,0.0));
#3204=DIRECTION('',(-0.0,1.0,0.0));
#3205=DIRECTION('',(1.0,0.0,0.0));
#3206=DIRECTION('',(-0.57357643635105,-0.819152044288989,-7.02405348358292E-17));
#3207=CARTESIAN_POINT('',(1.27,2.505,0.0));
#3208=DIRECTION('',(-0.0,1.0,0.0));
#3209=DIRECTION('',(1.0,0.0,0.0));
#3210=DIRECTION('',(-0.57357643635105,0.819152044288989,-7.02405348358292E-17));
#3211=CARTESIAN_POINT('',(1.27,2.36218519932579,0.0));
#3212=DIRECTION('',(-0.0,1.0,0.0));
#3213=DIRECTION('',(1.0,0.0,0.0));
#3214=DIRECTION('',(-0.0,-1.0,-0.0));
#3215=DIRECTION('',(-0.0,1.0,-0.0));
#3216=CARTESIAN_POINT('',(1.27,1.905,0.0));
#3217=DIRECTION('',(-0.0,1.0,0.0));
#3218=DIRECTION('',(1.0,0.0,0.0));
#3219=DIRECTION('',(-0.186700801286745,-0.982416821313076,-2.28634987519477E-17));
#3220=DIRECTION('',(-0.186700801286745,0.982416821313076,-2.28634987519476E-17));
#3221=CARTESIAN_POINT('',(1.27,0.48474062220542,0.0));
#3222=DIRECTION('',(-0.0,1.0,0.0));
#3223=DIRECTION('',(1.0,0.0,0.0));
#3224=DIRECTION('',(0.0618990615130477,-0.998082414524875,7.58019840245203E-18));
#3225=DIRECTION('',(0.0618990615130477,0.998082414524875,7.58019840245204E-18));
#3226=CARTESIAN_POINT('',(1.27,0.43307607471323,0.0));
#3227=DIRECTION('',(-0.0,1.0,0.0));
#3228=DIRECTION('',(1.0,0.0,0.0));
#3229=DIRECTION('',(0.980094236948106,-0.198532835322295,1.20022962991135E-16));
#3230=DIRECTION('',(0.980094236948106,0.198532835322295,1.20022962991135E-16));
#3231=CARTESIAN_POINT('',(1.27,0.4,0.0));
#3232=DIRECTION('',(-0.0,1.0,0.0));
#3233=DIRECTION('',(1.0,0.0,0.0));
#3234=DIRECTION('',(-0.186833376761239,-0.982391617089638,-2.28797340287903E-17));
#3235=CARTESIAN_POINT('',(1.27,1.83766946254283,0.0));
#3236=DIRECTION('',(-0.0,1.0,0.0));
#3237=DIRECTION('',(1.0,0.0,0.0));
#3238=DIRECTION('',(-0.186833376761239,0.982391617089638,-2.28797340287903E-17));
#3239=CARTESIAN_POINT('',(1.27,0.4,0.0));
#3240=DIRECTION('',(-0.0,1.0,0.0));
#3241=DIRECTION('',(1.0,0.0,0.0));
#3242=DIRECTION('',(-0.0,-1.0,-0.0));
#3243=CARTESIAN_POINT('',(1.27,1.83766946254283,0.0));
#3244=DIRECTION('',(-0.0,1.0,0.0));
#3245=DIRECTION('',(1.0,0.0,0.0));
#3246=DIRECTION('',(-0.0,1.0,-0.0));
#3247=CARTESIAN_POINT('',(1.27,-0.9,0.0));
#3248=DIRECTION('',(-0.0,1.0,0.0));
#3249=DIRECTION('',(1.0,0.0,0.0));
#3250=DIRECTION('',(-0.866025403784435,0.500000000000007,-1.06054021204601E-16));
#3251=DIRECTION('',(-0.866025403784435,-0.500000000000007,-1.06054021204601E-16));
#3252=CARTESIAN_POINT('',(1.27,-0.9,0.0));
#3253=DIRECTION('',(-0.0,1.0,0.0));
#3254=DIRECTION('',(1.0,0.0,0.0));
#3255=CARTESIAN_POINT('',(1.27,0.43307607471323,0.0));
#3256=DIRECTION('',(-0.0,1.0,0.0));
#3257=DIRECTION('',(1.0,0.0,0.0));
#3258=CARTESIAN_POINT('',(1.27,0.48474062220542,0.0));
#3259=DIRECTION('',(-0.0,1.0,0.0));
#3260=DIRECTION('',(1.0,0.0,0.0));
#3261=CARTESIAN_POINT('',(1.27,1.905,0.0));
#3262=DIRECTION('',(-0.0,1.0,0.0));
#3263=DIRECTION('',(1.0,0.0,0.0));
#3264=CARTESIAN_POINT('',(1.27,2.36218519932579,0.0));
#3265=DIRECTION('',(-0.0,1.0,0.0));
#3266=DIRECTION('',(1.0,0.0,0.0));
#3267=CARTESIAN_POINT('',(1.27,2.505,0.0));
#3268=DIRECTION('',(-0.0,1.0,0.0));
#3269=DIRECTION('',(1.0,0.0,0.0));
#3270=CARTESIAN_POINT('',(1.27,2.505,0.0));
#3271=DIRECTION('',(-0.0,1.0,0.0));
#3272=DIRECTION('',(1.0,0.0,0.0));
#3273=CARTESIAN_POINT('',(1.27,2.575,0.0));
#3274=DIRECTION('',(-0.0,1.0,0.0));
#3275=DIRECTION('',(1.0,0.0,0.0));
#3276=CARTESIAN_POINT('',(1.27,2.8,0.0));
#3277=DIRECTION('',(-0.0,1.0,0.0));
#3278=DIRECTION('',(1.0,0.0,0.0));
#3279=CARTESIAN_POINT('',(1.27,2.801,0.0));
#3280=DIRECTION('',(0.0,-1.0,0.0));
#3281=DIRECTION('',(1.0,0.0,0.0));
#3282=CARTESIAN_POINT('',(-1.27,-0.9,0.0));
#3283=DIRECTION('',(-0.0,1.0,0.0));
#3284=DIRECTION('',(1.0,0.0,0.0));
#3285=CARTESIAN_POINT('',(-1.27,0.43307607471323,0.0));
#3286=DIRECTION('',(-0.0,1.0,0.0));
#3287=DIRECTION('',(1.0,0.0,0.0));
#3288=CARTESIAN_POINT('',(-1.27,0.48474062220542,0.0));
#3289=DIRECTION('',(-0.0,1.0,0.0));
#3290=DIRECTION('',(1.0,0.0,0.0));
#3291=CARTESIAN_POINT('',(-1.27,1.905,0.0));
#3292=DIRECTION('',(-0.0,1.0,0.0));
#3293=DIRECTION('',(1.0,0.0,0.0));
#3294=CARTESIAN_POINT('',(-1.27,2.36218519932579,0.0));
#3295=DIRECTION('',(-0.0,1.0,0.0));
#3296=DIRECTION('',(1.0,0.0,0.0));
#3297=CARTESIAN_POINT('',(-1.27,2.505,0.0));
#3298=DIRECTION('',(-0.0,1.0,0.0));
#3299=DIRECTION('',(1.0,0.0,0.0));
#3300=CARTESIAN_POINT('',(-1.27,2.505,0.0));
#3301=DIRECTION('',(-0.0,1.0,0.0));
#3302=DIRECTION('',(1.0,0.0,0.0));
#3303=CARTESIAN_POINT('',(-1.27,2.575,0.0));
#3304=DIRECTION('',(-0.0,1.0,0.0));
#3305=DIRECTION('',(1.0,0.0,0.0));
#3306=CARTESIAN_POINT('',(-1.27,2.8,0.0));
#3307=DIRECTION('',(-0.0,1.0,0.0));
#3308=DIRECTION('',(1.0,0.0,0.0));
#3309=CARTESIAN_POINT('',(-1.27,2.801,0.0));
#3310=DIRECTION('',(0.0,-1.0,0.0));
#3311=DIRECTION('',(1.0,0.0,0.0));
#3312=CARTESIAN_POINT('',(1.27,0.0,0.0));
#3313=DIRECTION('',(-0.0,1.0,6.12303176911189E-17));
#3314=DIRECTION('',(1.0,0.0,0.0));
#3315=CARTESIAN_POINT('',(1.27,-1.2,0.0));
#3316=DIRECTION('',(-0.0,1.0,0.0));
#3317=DIRECTION('',(1.0,0.0,0.0));
#3318=CARTESIAN_POINT('',(1.27,2.801,0.0));
#3319=DIRECTION('',(-0.0,1.0,0.0));
#3320=DIRECTION('',(1.0,0.0,0.0));
#3321=CARTESIAN_POINT('',(1.27,2.8,0.0));
#3322=DIRECTION('',(0.0,-1.0,-6.12303176911189E-17));
#3323=DIRECTION('',(1.0,0.0,0.0));
#3324=CARTESIAN_POINT('',(1.27,-4.57,0.0));
#3325=DIRECTION('',(-0.0,1.0,0.0));
#3326=DIRECTION('',(1.0,0.0,0.0));
#3327=CARTESIAN_POINT('',(1.27,-4.325,0.0));
#3328=DIRECTION('',(-0.0,1.0,0.0));
#3329=DIRECTION('',(1.0,0.0,0.0));
#3330=CARTESIAN_POINT('',(1.27,-1.55,0.0));
#3331=DIRECTION('',(-0.0,1.0,0.0));
#3332=DIRECTION('',(1.0,0.0,0.0));
#3333=CARTESIAN_POINT('',(1.27,-1.4,0.0));
#3334=DIRECTION('',(-0.0,1.0,0.0));
#3335=DIRECTION('',(1.0,0.0,0.0));
#3336=CARTESIAN_POINT('',(1.27,-1.4,0.0));
#3337=DIRECTION('',(-0.0,1.0,0.0));
#3338=DIRECTION('',(1.0,0.0,0.0));
#3339=CARTESIAN_POINT('',(1.27,-1.4,0.0));
#3340=DIRECTION('',(-0.0,1.0,0.0));
#3341=DIRECTION('',(1.0,0.0,0.0));
#3342=CARTESIAN_POINT('',(-1.27,0.0,0.0));
#3343=DIRECTION('',(-0.0,1.0,6.12303176911189E-17));
#3344=DIRECTION('',(1.0,0.0,0.0));
#3345=CARTESIAN_POINT('',(-1.27,-1.2,0.0));
#3346=DIRECTION('',(-0.0,1.0,0.0));
#3347=DIRECTION('',(1.0,0.0,0.0));
#3348=CARTESIAN_POINT('',(-1.27,2.801,0.0));
#3349=DIRECTION('',(-0.0,1.0,0.0));
#3350=DIRECTION('',(1.0,0.0,0.0));
#3351=CARTESIAN_POINT('',(-1.27,2.8,0.0));
#3352=DIRECTION('',(0.0,-1.0,-6.12303176911189E-17));
#3353=DIRECTION('',(1.0,0.0,0.0));
#3354=CARTESIAN_POINT('',(-1.27,-4.57,0.0));
#3355=DIRECTION('',(-0.0,1.0,0.0));
#3356=DIRECTION('',(1.0,0.0,0.0));
#3357=CARTESIAN_POINT('',(-1.27,-4.325,0.0));
#3358=DIRECTION('',(-0.0,1.0,0.0));
#3359=DIRECTION('',(1.0,0.0,0.0));
#3360=CARTESIAN_POINT('',(-1.27,-1.55,0.0));
#3361=DIRECTION('',(-0.0,1.0,0.0));
#3362=DIRECTION('',(1.0,0.0,0.0));
#3363=CARTESIAN_POINT('',(-1.27,-1.4,0.0));
#3364=DIRECTION('',(-0.0,1.0,0.0));
#3365=DIRECTION('',(1.0,0.0,0.0));
#3366=CARTESIAN_POINT('',(-1.27,-1.4,0.0));
#3367=DIRECTION('',(-0.0,1.0,0.0));
#3368=DIRECTION('',(1.0,0.0,0.0));
#3369=CARTESIAN_POINT('',(-1.27,-1.4,0.0));
#3370=DIRECTION('',(-0.0,1.0,0.0));
#3371=DIRECTION('',(1.0,0.0,0.0));
#3372=DIRECTION('',(0.0,1.0,6.12303176911189E-17));
#3373=DIRECTION('',(1.0,2.76566691406561E-32,-4.51682600769318E-16));
#3374=DIRECTION('',(0.0,1.0,6.12303176911189E-17));
#3375=DIRECTION('',(-1.0,-2.76566691406561E-32,4.51682600769318E-16));
#3376=DIRECTION('',(1.0,0.0,0.0));
#3377=DIRECTION('',(0.0,1.0,6.12303176911189E-17));
#3378=DIRECTION('',(1.0,0.0,0.0));
#3379=DIRECTION('',(0.0,1.0,6.12303176911189E-17));
#3380=DIRECTION('',(0.422618261740696,-5.54935137261891E-17,0.906307787036652));
#3381=DIRECTION('',(0.0,1.0,6.12303176911189E-17));
#3382=DIRECTION('',(0.422618261740696,-5.54935137261891E-17,0.906307787036652));
#3383=DIRECTION('',(0.0,-6.12303176911189E-17,1.0));
#3384=DIRECTION('',(0.0,1.0,6.12303176911189E-17));
#3385=DIRECTION('',(0.0,-6.12303176911189E-17,1.0));
#3386=DIRECTION('',(-0.422618261740696,-5.54935137261891E-17,0.906307787036651));
#3387=DIRECTION('',(0.0,1.0,6.12303176911189E-17));
#3388=DIRECTION('',(-0.422618261740696,-5.54935137261891E-17,0.906307787036651));
#3389=DIRECTION('',(-1.0,0.0,0.0));
#3390=DIRECTION('',(0.0,1.0,6.12303176911189E-17));
#3391=DIRECTION('',(-1.0,0.0,0.0));
#3392=DIRECTION('',(-0.422618261740703,5.54935137261889E-17,-0.906307787036648));
#3393=DIRECTION('',(0.0,1.0,6.12303176911189E-17));
#3394=DIRECTION('',(-0.422618261740703,5.54935137261889E-17,-0.906307787036648));
#3395=DIRECTION('',(0.0,1.0,6.12303176911189E-17));
#3396=DIRECTION('',(-1.0,0.0,0.0));
#3397=DIRECTION('',(-1.0,0.0,0.0));
#3398=DIRECTION('',(0.422618261740703,5.54935137261889E-17,-0.906307787036648));
#3399=DIRECTION('',(0.422618261740703,5.54935137261889E-17,-0.906307787036648));
#3400=DIRECTION('',(-0.422618261740703,-5.54935137261889E-17,0.906307787036648));
#3401=DIRECTION('',(0.422618261740703,-5.54935137261889E-17,0.906307787036648));
#3402=DIRECTION('',(1.0,0.0,0.0));
#3403=DIRECTION('',(0.422618261740699,5.5493513726189E-17,-0.90630778703665));
#3404=DIRECTION('',(0.0,6.12303176911189E-17,-1.0));
#3405=DIRECTION('',(-0.422618261740699,5.5493513726189E-17,-0.90630778703665));
#3406=DIRECTION('',(-1.0,0.0,0.0));
#3407=DIRECTION('',(0.0,1.0,6.12303176911189E-17));
#3408=DIRECTION('',(-0.422618261740699,5.5493513726189E-17,-0.90630778703665));
#3409=DIRECTION('',(0.0,1.0,6.12303176911189E-17));
#3410=DIRECTION('',(0.0,1.0,6.12303176911189E-17));
#3411=DIRECTION('',(0.0,6.12303176911189E-17,-1.0));
#3412=DIRECTION('',(0.0,1.0,6.12303176911189E-17));
#3413=DIRECTION('',(0.422618261740699,5.5493513726189E-17,-0.90630778703665));
#3414=DIRECTION('',(0.0,1.0,6.12303176911189E-17));
#3415=DIRECTION('',(1.0,0.0,0.0));
#3416=DIRECTION('',(0.422618261740703,-5.54935137261889E-17,0.906307787036648));
#3417=DIRECTION('',(0.0,1.0,6.12303176911189E-17));
#3418=DIRECTION('',(-0.422618261740703,-5.54935137261889E-17,0.906307787036648));
#3419=DIRECTION('',(-1.0,0.0,0.0));
ENDSEC;
END-ISO-10303-21;
