ISO-10303-21;
HEADER;
FILE_DESCRIPTION(('STEP AP242'),'1');
FILE_NAME('pcb_connector_801-87-010-10-012101.stp','2022-03-15T03:30:22',('TraceParts'),('TraceParts S.A.'),'Spatial InterOp 3D',' ',' ');
FILE_SCHEMA(('AP242_MANAGED_MODEL_BASED_3D_ENGINEERING_MIM_LF  {1 0 10303 442 1 1 4}'));
ENDSEC;
DATA;
#1=MECHANICAL_DESIGN_GEOMETRIC_PRESENTATION_REPRESENTATION(' ',(#10,#11,#12,#13,#14,#15,#16,#17,#18,#19,#20,#21,#22,#23,#24,#25,#26,#27,#28,#29,#30,#31,#32,#33,#34,#35,#36,#37,#38,#39,#40,#41,#42,#43,#44,#45,#46,#47,#48,#49,#50,#51,#52,#53,#54,#55,#56,#57,#58,#59,#60,#61,#62,#63,#64,#65,#66,#67,#68,#69,#70,#71,#72,#73,#74,#75,#76,#77,#78,#79,#80,#81,#82,#83,#84,#85,#86,#87,#88,#89,#90,#91,#92,#93,#94,#95,#96,#97,#98,#99,#100,#101,#102,#103,#104,#105,#106,#107,#108,#109,#110,#111,#112,#113,#114,#115,#116,#117,#118,#119,#120,#121,#122,#123,#124,#125,#126,#127,#128,#129,#130,#131,#132,#133,#134,#135,#136,#137,#138,#139,#140,#141,#142,#143,#144,#145,#146,#147,#148,#149,#150,#151,#152,#153,#154,#155,#156,#157,#158,#159,#160,#161,#162,#163,#164,#165,#166,#167,#168,#169,#170,#171,#172,#173,#174,#175,#176,#177,#178,#179,#180,#181,#182,#183,#184,#185,#186,#187,#188,#189,#190,#191,#192,#193,#194,#195,#196,#197,#198,#199,#200,#201,#202,#203,#204,#205,#206,#207,#208,#209,#210,#211,#212,#213,#214,#215,#216,#217,#218,#219,#220,#221,#222,#223,#224,#225,#226,#227,#228,#229,#230,#231,#232,#233,#234,#235,#236,#237,#238,#239,#240,#241,#242,#243,#244,#245,#246,#247,#248,#249,#250,#251,#252,#253,#254,#255,#256,#257,#258,#259,#260,#261,#262,#263,#264,#265,#266,#267,#268,#269,#270,#271,#272,#273,#274,#275,#276,#277,#278,#279,#280,#281,#282,#283,#284,#285,#286,#287,#288,#289,#290,#291,#292,#293,#294,#295,#296,#297,#298,#299,#300,#301,#302,#303,#304,#305,#306,#307,#308,#309,#310,#311,#312,#313,#314,#315,#316,#317,#318,#319,#320,#321,#322,#323,#324,#325,#326,#327,#328,#329,#330,#331,#332,#333,#334,#335,#336,#337,#338,#339,#340,#341,#342,#343,#344,#345,#346,#347,#348,#349,#350,#351,#352,#353,#354,#355,#356,#357,#358,#359,#360,#361,#362,#363,#364,#365,#366,#367,#368,#369,#370,#371,#372,#373,#374,#375,#376,#377,#378,#379,#380,#381,#382,#383,#384,#385,#386,#387,#388,#389,#390,#391,#392,#393,#394,#395,#396,#397,#398,#399,#400,#401,#402,#403,#404,#405,#406,#407,#408,#409,#410,#411,#412,#413,#414,#415,#416,#417,#418,#419,#420,#421,#422,#423,#424,#425,#426,#427,#428,#429,#430,#431,#432,#433,#434,#435,#436,#437,#438,#439,#440,#441,#442,#443,#444,#445,#446,#447,#448,#449,#450,#451,#452,#453,#454,#455,#456,#457,#458,#459,#460,#461,#462,#463,#464,#465,#466,#467,#468,#469,#470,#471,#472,#473,#474,#475,#476,#477,#478,#479,#480,#481,#482,#483,#484,#485,#486,#487,#488,#489,#490,#491,#492,#493,#494,#495,#496,#497,#498,#499,#500,#501,#502,#503,#504,#505,#506,#507,#508,#509,#510,#511),#6);
#2=PRODUCT_DEFINITION_CONTEXT('',#512,'design');
#3=APPLICATION_PROTOCOL_DEFINITION('INTERNATIONAL STANDARD','ap242_managed_model_based_3d_engineering',2014,#512);
#4=PRODUCT_CATEGORY_RELATIONSHIP('NONE','NONE',#513,#514);
#5=SHAPE_DEFINITION_REPRESENTATION(#515,#516);
#6= (GEOMETRIC_REPRESENTATION_CONTEXT(3)GLOBAL_UNCERTAINTY_ASSIGNED_CONTEXT((#519))GLOBAL_UNIT_ASSIGNED_CONTEXT((#521,#522,#523))REPRESENTATION_CONTEXT('NONE','WORKSPACE'));
#10=STYLED_ITEM('',(#525),#526);
#11=STYLED_ITEM('',(#527),#528);
#12=STYLED_ITEM('',(#529),#530);
#13=STYLED_ITEM('',(#531),#532);
#14=STYLED_ITEM('',(#533),#534);
#15=STYLED_ITEM('',(#535),#536);
#16=STYLED_ITEM('',(#537),#538);
#17=STYLED_ITEM('',(#539),#540);
#18=STYLED_ITEM('',(#541),#542);
#19=STYLED_ITEM('',(#543),#544);
#20=STYLED_ITEM('',(#545),#546);
#21=STYLED_ITEM('',(#547),#548);
#22=STYLED_ITEM('',(#549),#550);
#23=STYLED_ITEM('',(#551),#552);
#24=STYLED_ITEM('',(#553),#554);
#25=STYLED_ITEM('',(#555),#556);
#26=STYLED_ITEM('',(#557),#558);
#27=STYLED_ITEM('',(#559),#560);
#28=STYLED_ITEM('',(#561),#562);
#29=STYLED_ITEM('',(#563),#564);
#30=STYLED_ITEM('',(#565),#566);
#31=STYLED_ITEM('',(#567),#568);
#32=STYLED_ITEM('',(#569),#570);
#33=STYLED_ITEM('',(#571),#572);
#34=STYLED_ITEM('',(#573),#574);
#35=STYLED_ITEM('',(#575),#576);
#36=STYLED_ITEM('',(#577),#578);
#37=STYLED_ITEM('',(#579),#580);
#38=STYLED_ITEM('',(#581),#582);
#39=STYLED_ITEM('',(#583),#584);
#40=STYLED_ITEM('',(#585),#586);
#41=STYLED_ITEM('',(#587),#588);
#42=STYLED_ITEM('',(#589),#590);
#43=STYLED_ITEM('',(#591),#592);
#44=STYLED_ITEM('',(#593),#594);
#45=STYLED_ITEM('',(#595),#596);
#46=STYLED_ITEM('',(#597),#598);
#47=STYLED_ITEM('',(#599),#600);
#48=STYLED_ITEM('',(#601),#602);
#49=STYLED_ITEM('',(#603),#604);
#50=STYLED_ITEM('',(#605),#606);
#51=STYLED_ITEM('',(#607),#608);
#52=STYLED_ITEM('',(#609),#610);
#53=STYLED_ITEM('',(#611),#612);
#54=STYLED_ITEM('',(#613),#614);
#55=STYLED_ITEM('',(#615),#616);
#56=STYLED_ITEM('',(#617),#618);
#57=STYLED_ITEM('',(#619),#620);
#58=STYLED_ITEM('',(#621),#622);
#59=STYLED_ITEM('',(#623),#624);
#60=STYLED_ITEM('',(#625),#626);
#61=STYLED_ITEM('',(#627),#628);
#62=STYLED_ITEM('',(#629),#630);
#63=STYLED_ITEM('',(#631),#632);
#64=STYLED_ITEM('',(#633),#634);
#65=STYLED_ITEM('',(#635),#636);
#66=STYLED_ITEM('',(#637),#638);
#67=STYLED_ITEM('',(#639),#640);
#68=STYLED_ITEM('',(#641),#642);
#69=STYLED_ITEM('',(#643),#644);
#70=STYLED_ITEM('',(#645),#646);
#71=STYLED_ITEM('',(#647),#648);
#72=STYLED_ITEM('',(#649),#650);
#73=STYLED_ITEM('',(#651),#652);
#74=STYLED_ITEM('',(#653),#654);
#75=STYLED_ITEM('',(#655),#656);
#76=STYLED_ITEM('',(#657),#658);
#77=STYLED_ITEM('',(#659),#660);
#78=STYLED_ITEM('',(#661),#662);
#79=STYLED_ITEM('',(#663),#664);
#80=STYLED_ITEM('',(#665),#666);
#81=STYLED_ITEM('',(#667),#668);
#82=STYLED_ITEM('',(#669),#670);
#83=STYLED_ITEM('',(#671),#672);
#84=STYLED_ITEM('',(#673),#674);
#85=STYLED_ITEM('',(#675),#676);
#86=STYLED_ITEM('',(#677),#678);
#87=STYLED_ITEM('',(#679),#680);
#88=STYLED_ITEM('',(#681),#682);
#89=STYLED_ITEM('',(#683),#684);
#90=STYLED_ITEM('',(#685),#686);
#91=STYLED_ITEM('',(#687),#688);
#92=STYLED_ITEM('',(#689),#690);
#93=STYLED_ITEM('',(#691),#692);
#94=STYLED_ITEM('',(#693),#694);
#95=STYLED_ITEM('',(#695),#696);
#96=STYLED_ITEM('',(#697),#698);
#97=STYLED_ITEM('',(#699),#700);
#98=STYLED_ITEM('',(#701),#702);
#99=STYLED_ITEM('',(#703),#704);
#100=STYLED_ITEM('',(#705),#706);
#101=STYLED_ITEM('',(#707),#708);
#102=STYLED_ITEM('',(#709),#710);
#103=STYLED_ITEM('',(#711),#712);
#104=STYLED_ITEM('',(#713),#714);
#105=STYLED_ITEM('',(#715),#716);
#106=STYLED_ITEM('',(#717),#718);
#107=STYLED_ITEM('',(#719),#720);
#108=STYLED_ITEM('',(#721),#722);
#109=STYLED_ITEM('',(#723),#724);
#110=STYLED_ITEM('',(#725),#726);
#111=STYLED_ITEM('',(#727),#728);
#112=STYLED_ITEM('',(#729),#730);
#113=STYLED_ITEM('',(#731),#732);
#114=STYLED_ITEM('',(#733),#734);
#115=STYLED_ITEM('',(#735),#736);
#116=STYLED_ITEM('',(#737),#738);
#117=STYLED_ITEM('',(#739),#740);
#118=STYLED_ITEM('',(#741),#742);
#119=STYLED_ITEM('',(#743),#744);
#120=STYLED_ITEM('',(#745),#746);
#121=STYLED_ITEM('',(#747),#748);
#122=STYLED_ITEM('',(#749),#750);
#123=STYLED_ITEM('',(#751),#752);
#124=STYLED_ITEM('',(#753),#754);
#125=STYLED_ITEM('',(#755),#756);
#126=STYLED_ITEM('',(#757),#758);
#127=STYLED_ITEM('',(#759),#760);
#128=STYLED_ITEM('',(#761),#762);
#129=STYLED_ITEM('',(#763),#764);
#130=STYLED_ITEM('',(#765),#766);
#131=STYLED_ITEM('',(#767),#768);
#132=STYLED_ITEM('',(#769),#770);
#133=STYLED_ITEM('',(#771),#772);
#134=STYLED_ITEM('',(#773),#774);
#135=STYLED_ITEM('',(#775),#776);
#136=STYLED_ITEM('',(#777),#778);
#137=STYLED_ITEM('',(#779),#780);
#138=STYLED_ITEM('',(#781),#782);
#139=STYLED_ITEM('',(#783),#784);
#140=STYLED_ITEM('',(#785),#786);
#141=STYLED_ITEM('',(#787),#788);
#142=STYLED_ITEM('',(#789),#790);
#143=STYLED_ITEM('',(#791),#792);
#144=STYLED_ITEM('',(#793),#794);
#145=STYLED_ITEM('',(#795),#796);
#146=STYLED_ITEM('',(#797),#798);
#147=STYLED_ITEM('',(#799),#800);
#148=STYLED_ITEM('',(#801),#802);
#149=STYLED_ITEM('',(#803),#804);
#150=STYLED_ITEM('',(#805),#806);
#151=STYLED_ITEM('',(#807),#808);
#152=STYLED_ITEM('',(#809),#810);
#153=STYLED_ITEM('',(#811),#812);
#154=STYLED_ITEM('',(#813),#814);
#155=STYLED_ITEM('',(#815),#816);
#156=STYLED_ITEM('',(#817),#818);
#157=STYLED_ITEM('',(#819),#820);
#158=STYLED_ITEM('',(#821),#822);
#159=STYLED_ITEM('',(#823),#824);
#160=STYLED_ITEM('',(#825),#826);
#161=STYLED_ITEM('',(#827),#828);
#162=STYLED_ITEM('',(#829),#830);
#163=STYLED_ITEM('',(#831),#832);
#164=STYLED_ITEM('',(#833),#834);
#165=STYLED_ITEM('',(#835),#836);
#166=STYLED_ITEM('',(#837),#838);
#167=STYLED_ITEM('',(#839),#840);
#168=STYLED_ITEM('',(#841),#842);
#169=STYLED_ITEM('',(#843),#844);
#170=STYLED_ITEM('',(#845),#846);
#171=STYLED_ITEM('',(#847),#848);
#172=STYLED_ITEM('',(#849),#850);
#173=STYLED_ITEM('',(#851),#852);
#174=STYLED_ITEM('',(#853),#854);
#175=STYLED_ITEM('',(#855),#856);
#176=STYLED_ITEM('',(#857),#858);
#177=STYLED_ITEM('',(#859),#860);
#178=STYLED_ITEM('',(#861),#862);
#179=STYLED_ITEM('',(#863),#864);
#180=STYLED_ITEM('',(#865),#866);
#181=STYLED_ITEM('',(#867),#868);
#182=STYLED_ITEM('',(#869),#870);
#183=STYLED_ITEM('',(#871),#872);
#184=STYLED_ITEM('',(#873),#874);
#185=STYLED_ITEM('',(#875),#876);
#186=STYLED_ITEM('',(#877),#878);
#187=STYLED_ITEM('',(#879),#880);
#188=STYLED_ITEM('',(#881),#882);
#189=STYLED_ITEM('',(#883),#884);
#190=STYLED_ITEM('',(#885),#886);
#191=STYLED_ITEM('',(#887),#888);
#192=STYLED_ITEM('',(#889),#890);
#193=STYLED_ITEM('',(#891),#892);
#194=STYLED_ITEM('',(#893),#894);
#195=STYLED_ITEM('',(#895),#896);
#196=STYLED_ITEM('',(#897),#898);
#197=STYLED_ITEM('',(#899),#900);
#198=STYLED_ITEM('',(#901),#902);
#199=STYLED_ITEM('',(#903),#904);
#200=STYLED_ITEM('',(#905),#906);
#201=STYLED_ITEM('',(#907),#908);
#202=STYLED_ITEM('',(#909),#910);
#203=STYLED_ITEM('',(#911),#912);
#204=STYLED_ITEM('',(#913),#914);
#205=STYLED_ITEM('',(#915),#916);
#206=STYLED_ITEM('',(#917),#918);
#207=STYLED_ITEM('',(#919),#920);
#208=STYLED_ITEM('',(#921),#922);
#209=STYLED_ITEM('',(#923),#924);
#210=STYLED_ITEM('',(#925),#926);
#211=STYLED_ITEM('',(#927),#928);
#212=STYLED_ITEM('',(#929),#930);
#213=STYLED_ITEM('',(#931),#932);
#214=STYLED_ITEM('',(#933),#934);
#215=STYLED_ITEM('',(#935),#936);
#216=STYLED_ITEM('',(#937),#938);
#217=STYLED_ITEM('',(#939),#940);
#218=STYLED_ITEM('',(#941),#942);
#219=STYLED_ITEM('',(#943),#944);
#220=STYLED_ITEM('',(#945),#946);
#221=STYLED_ITEM('',(#947),#948);
#222=STYLED_ITEM('',(#949),#950);
#223=STYLED_ITEM('',(#951),#952);
#224=STYLED_ITEM('',(#953),#954);
#225=STYLED_ITEM('',(#955),#956);
#226=STYLED_ITEM('',(#957),#958);
#227=STYLED_ITEM('',(#959),#960);
#228=STYLED_ITEM('',(#961),#962);
#229=STYLED_ITEM('',(#963),#964);
#230=STYLED_ITEM('',(#965),#966);
#231=STYLED_ITEM('',(#967),#968);
#232=STYLED_ITEM('',(#969),#970);
#233=STYLED_ITEM('',(#971),#972);
#234=STYLED_ITEM('',(#973),#974);
#235=STYLED_ITEM('',(#975),#976);
#236=STYLED_ITEM('',(#977),#978);
#237=STYLED_ITEM('',(#979),#980);
#238=STYLED_ITEM('',(#981),#982);
#239=STYLED_ITEM('',(#983),#984);
#240=STYLED_ITEM('',(#985),#986);
#241=STYLED_ITEM('',(#987),#988);
#242=STYLED_ITEM('',(#989),#990);
#243=STYLED_ITEM('',(#991),#992);
#244=STYLED_ITEM('',(#993),#994);
#245=STYLED_ITEM('',(#995),#996);
#246=STYLED_ITEM('',(#997),#998);
#247=STYLED_ITEM('',(#999),#1000);
#248=STYLED_ITEM('',(#1001),#1002);
#249=STYLED_ITEM('',(#1003),#1004);
#250=STYLED_ITEM('',(#1005),#1006);
#251=STYLED_ITEM('',(#1007),#1008);
#252=STYLED_ITEM('',(#1009),#1010);
#253=STYLED_ITEM('',(#1011),#1012);
#254=STYLED_ITEM('',(#1013),#1014);
#255=STYLED_ITEM('',(#1015),#1016);
#256=STYLED_ITEM('',(#1017),#1018);
#257=STYLED_ITEM('',(#1019),#1020);
#258=STYLED_ITEM('',(#1021),#1022);
#259=STYLED_ITEM('',(#1023),#1024);
#260=STYLED_ITEM('',(#1025),#1026);
#261=STYLED_ITEM('',(#1027),#1028);
#262=STYLED_ITEM('',(#1029),#1030);
#263=STYLED_ITEM('',(#1031),#1032);
#264=STYLED_ITEM('',(#1033),#1034);
#265=STYLED_ITEM('',(#1035),#1036);
#266=STYLED_ITEM('',(#1037),#1038);
#267=STYLED_ITEM('',(#1039),#1040);
#268=STYLED_ITEM('',(#1041),#1042);
#269=STYLED_ITEM('',(#1043),#1044);
#270=STYLED_ITEM('',(#1045),#1046);
#271=STYLED_ITEM('',(#1047),#1048);
#272=STYLED_ITEM('',(#1049),#1050);
#273=STYLED_ITEM('',(#1051),#1052);
#274=STYLED_ITEM('',(#1053),#1054);
#275=STYLED_ITEM('',(#1055),#1056);
#276=STYLED_ITEM('',(#1057),#1058);
#277=STYLED_ITEM('',(#1059),#1060);
#278=STYLED_ITEM('',(#1061),#1062);
#279=STYLED_ITEM('',(#1063),#1064);
#280=STYLED_ITEM('',(#1065),#1066);
#281=STYLED_ITEM('',(#1067),#1068);
#282=STYLED_ITEM('',(#1069),#1070);
#283=STYLED_ITEM('',(#1071),#1072);
#284=STYLED_ITEM('',(#1073),#1074);
#285=STYLED_ITEM('',(#1075),#1076);
#286=STYLED_ITEM('',(#1077),#1078);
#287=STYLED_ITEM('',(#1079),#1080);
#288=STYLED_ITEM('',(#1081),#1082);
#289=STYLED_ITEM('',(#1083),#1084);
#290=STYLED_ITEM('',(#1085),#1086);
#291=STYLED_ITEM('',(#1087),#1088);
#292=STYLED_ITEM('',(#1089),#1090);
#293=STYLED_ITEM('',(#1091),#1092);
#294=STYLED_ITEM('',(#1093),#1094);
#295=STYLED_ITEM('',(#1095),#1096);
#296=STYLED_ITEM('',(#1097),#1098);
#297=STYLED_ITEM('',(#1099),#1100);
#298=STYLED_ITEM('',(#1101),#1102);
#299=STYLED_ITEM('',(#1103),#1104);
#300=STYLED_ITEM('',(#1105),#1106);
#301=STYLED_ITEM('',(#1107),#1108);
#302=STYLED_ITEM('',(#1109),#1110);
#303=STYLED_ITEM('',(#1111),#1112);
#304=STYLED_ITEM('',(#1113),#1114);
#305=STYLED_ITEM('',(#1115),#1116);
#306=STYLED_ITEM('',(#1117),#1118);
#307=STYLED_ITEM('',(#1119),#1120);
#308=STYLED_ITEM('',(#1121),#1122);
#309=STYLED_ITEM('',(#1123),#1124);
#310=STYLED_ITEM('',(#1125),#1126);
#311=STYLED_ITEM('',(#1127),#1128);
#312=STYLED_ITEM('',(#1129),#1130);
#313=STYLED_ITEM('',(#1131),#1132);
#314=STYLED_ITEM('',(#1133),#1134);
#315=STYLED_ITEM('',(#1135),#1136);
#316=STYLED_ITEM('',(#1137),#1138);
#317=STYLED_ITEM('',(#1139),#1140);
#318=STYLED_ITEM('',(#1141),#1142);
#319=STYLED_ITEM('',(#1143),#1144);
#320=STYLED_ITEM('',(#1145),#1146);
#321=STYLED_ITEM('',(#1147),#1148);
#322=STYLED_ITEM('',(#1149),#1150);
#323=STYLED_ITEM('',(#1151),#1152);
#324=STYLED_ITEM('',(#1153),#1154);
#325=STYLED_ITEM('',(#1155),#1156);
#326=STYLED_ITEM('',(#1157),#1158);
#327=STYLED_ITEM('',(#1159),#1160);
#328=STYLED_ITEM('',(#1161),#1162);
#329=STYLED_ITEM('',(#1163),#1164);
#330=STYLED_ITEM('',(#1165),#1166);
#331=STYLED_ITEM('',(#1167),#1168);
#332=STYLED_ITEM('',(#1169),#1170);
#333=STYLED_ITEM('',(#1171),#1172);
#334=STYLED_ITEM('',(#1173),#1174);
#335=STYLED_ITEM('',(#1175),#1176);
#336=STYLED_ITEM('',(#1177),#1178);
#337=STYLED_ITEM('',(#1179),#1180);
#338=STYLED_ITEM('',(#1181),#1182);
#339=STYLED_ITEM('',(#1183),#1184);
#340=STYLED_ITEM('',(#1185),#1186);
#341=STYLED_ITEM('',(#1187),#1188);
#342=STYLED_ITEM('',(#1189),#1190);
#343=STYLED_ITEM('',(#1191),#1192);
#344=STYLED_ITEM('',(#1193),#1194);
#345=STYLED_ITEM('',(#1195),#1196);
#346=STYLED_ITEM('',(#1197),#1198);
#347=STYLED_ITEM('',(#1199),#1200);
#348=STYLED_ITEM('',(#1201),#1202);
#349=STYLED_ITEM('',(#1203),#1204);
#350=STYLED_ITEM('',(#1205),#1206);
#351=STYLED_ITEM('',(#1207),#1208);
#352=STYLED_ITEM('',(#1209),#1210);
#353=STYLED_ITEM('',(#1211),#1212);
#354=STYLED_ITEM('',(#1213),#1214);
#355=STYLED_ITEM('',(#1215),#1216);
#356=STYLED_ITEM('',(#1217),#1218);
#357=STYLED_ITEM('',(#1219),#1220);
#358=STYLED_ITEM('',(#1221),#1222);
#359=STYLED_ITEM('',(#1223),#1224);
#360=STYLED_ITEM('',(#1225),#1226);
#361=STYLED_ITEM('',(#1227),#1228);
#362=STYLED_ITEM('',(#1229),#1230);
#363=STYLED_ITEM('',(#1231),#1232);
#364=STYLED_ITEM('',(#1233),#1234);
#365=STYLED_ITEM('',(#1235),#1236);
#366=STYLED_ITEM('',(#1237),#1238);
#367=STYLED_ITEM('',(#1239),#1240);
#368=STYLED_ITEM('',(#1241),#1242);
#369=STYLED_ITEM('',(#1243),#1244);
#370=STYLED_ITEM('',(#1245),#1246);
#371=STYLED_ITEM('',(#1247),#1248);
#372=STYLED_ITEM('',(#1249),#1250);
#373=STYLED_ITEM('',(#1251),#1252);
#374=STYLED_ITEM('',(#1253),#1254);
#375=STYLED_ITEM('',(#1255),#1256);
#376=STYLED_ITEM('',(#1257),#1258);
#377=STYLED_ITEM('',(#1259),#1260);
#378=STYLED_ITEM('',(#1261),#1262);
#379=STYLED_ITEM('',(#1263),#1264);
#380=STYLED_ITEM('',(#1265),#1266);
#381=STYLED_ITEM('',(#1267),#1268);
#382=STYLED_ITEM('',(#1269),#1270);
#383=STYLED_ITEM('',(#1271),#1272);
#384=STYLED_ITEM('',(#1273),#1274);
#385=STYLED_ITEM('',(#1275),#1276);
#386=STYLED_ITEM('',(#1277),#1278);
#387=STYLED_ITEM('',(#1279),#1280);
#388=STYLED_ITEM('',(#1281),#1282);
#389=STYLED_ITEM('',(#1283),#1284);
#390=STYLED_ITEM('',(#1285),#1286);
#391=STYLED_ITEM('',(#1287),#1288);
#392=STYLED_ITEM('',(#1289),#1290);
#393=STYLED_ITEM('',(#1291),#1292);
#394=STYLED_ITEM('',(#1293),#1294);
#395=STYLED_ITEM('',(#1295),#1296);
#396=STYLED_ITEM('',(#1297),#1298);
#397=STYLED_ITEM('',(#1299),#1300);
#398=STYLED_ITEM('',(#1301),#1302);
#399=STYLED_ITEM('',(#1303),#1304);
#400=STYLED_ITEM('',(#1305),#1306);
#401=STYLED_ITEM('',(#1307),#1308);
#402=STYLED_ITEM('',(#1309),#1310);
#403=STYLED_ITEM('',(#1311),#1312);
#404=STYLED_ITEM('',(#1313),#1314);
#405=STYLED_ITEM('',(#1315),#1316);
#406=STYLED_ITEM('',(#1317),#1318);
#407=STYLED_ITEM('',(#1319),#1320);
#408=STYLED_ITEM('',(#1321),#1322);
#409=STYLED_ITEM('',(#1323),#1324);
#410=STYLED_ITEM('',(#1325),#1326);
#411=STYLED_ITEM('',(#1327),#1328);
#412=STYLED_ITEM('',(#1329),#1330);
#413=STYLED_ITEM('',(#1331),#1332);
#414=STYLED_ITEM('',(#1333),#1334);
#415=STYLED_ITEM('',(#1335),#1336);
#416=STYLED_ITEM('',(#1337),#1338);
#417=STYLED_ITEM('',(#1339),#1340);
#418=STYLED_ITEM('',(#1341),#1342);
#419=STYLED_ITEM('',(#1343),#1344);
#420=STYLED_ITEM('',(#1345),#1346);
#421=STYLED_ITEM('',(#1347),#1348);
#422=STYLED_ITEM('',(#1349),#1350);
#423=STYLED_ITEM('',(#1351),#1352);
#424=STYLED_ITEM('',(#1353),#1354);
#425=STYLED_ITEM('',(#1355),#1356);
#426=STYLED_ITEM('',(#1357),#1358);
#427=STYLED_ITEM('',(#1359),#1360);
#428=STYLED_ITEM('',(#1361),#1362);
#429=STYLED_ITEM('',(#1363),#1364);
#430=STYLED_ITEM('',(#1365),#1366);
#431=STYLED_ITEM('',(#1367),#1368);
#432=STYLED_ITEM('',(#1369),#1370);
#433=STYLED_ITEM('',(#1371),#1372);
#434=STYLED_ITEM('',(#1373),#1374);
#435=STYLED_ITEM('',(#1375),#1376);
#436=STYLED_ITEM('',(#1377),#1378);
#437=STYLED_ITEM('',(#1379),#1380);
#438=STYLED_ITEM('',(#1381),#1382);
#439=STYLED_ITEM('',(#1383),#1384);
#440=STYLED_ITEM('',(#1385),#1386);
#441=STYLED_ITEM('',(#1387),#1388);
#442=STYLED_ITEM('',(#1389),#1390);
#443=STYLED_ITEM('',(#1391),#1392);
#444=STYLED_ITEM('',(#1393),#1394);
#445=STYLED_ITEM('',(#1395),#1396);
#446=STYLED_ITEM('',(#1397),#1398);
#447=STYLED_ITEM('',(#1399),#1400);
#448=STYLED_ITEM('',(#1401),#1402);
#449=STYLED_ITEM('',(#1403),#1404);
#450=STYLED_ITEM('',(#1405),#1406);
#451=STYLED_ITEM('',(#1407),#1408);
#452=STYLED_ITEM('',(#1409),#1410);
#453=STYLED_ITEM('',(#1411),#1412);
#454=STYLED_ITEM('',(#1413),#1414);
#455=STYLED_ITEM('',(#1415),#1416);
#456=STYLED_ITEM('',(#1417),#1418);
#457=STYLED_ITEM('',(#1419),#1420);
#458=STYLED_ITEM('',(#1421),#1422);
#459=STYLED_ITEM('',(#1423),#1424);
#460=STYLED_ITEM('',(#1425),#1426);
#461=STYLED_ITEM('',(#1427),#1428);
#462=STYLED_ITEM('',(#1429),#1430);
#463=STYLED_ITEM('',(#1431),#1432);
#464=STYLED_ITEM('',(#1433),#1434);
#465=STYLED_ITEM('',(#1435),#1436);
#466=STYLED_ITEM('',(#1437),#1438);
#467=STYLED_ITEM('',(#1439),#1440);
#468=STYLED_ITEM('',(#1441),#1442);
#469=STYLED_ITEM('',(#1443),#1444);
#470=STYLED_ITEM('',(#1445),#1446);
#471=STYLED_ITEM('',(#1447),#1448);
#472=STYLED_ITEM('',(#1449),#1450);
#473=STYLED_ITEM('',(#1451),#1452);
#474=STYLED_ITEM('',(#1453),#1454);
#475=STYLED_ITEM('',(#1455),#1456);
#476=STYLED_ITEM('',(#1457),#1458);
#477=STYLED_ITEM('',(#1459),#1460);
#478=STYLED_ITEM('',(#1461),#1462);
#479=STYLED_ITEM('',(#1463),#1464);
#480=STYLED_ITEM('',(#1465),#1466);
#481=STYLED_ITEM('',(#1467),#1468);
#482=STYLED_ITEM('',(#1469),#1470);
#483=STYLED_ITEM('',(#1471),#1472);
#484=STYLED_ITEM('',(#1473),#1474);
#485=STYLED_ITEM('',(#1475),#1476);
#486=STYLED_ITEM('',(#1477),#1478);
#487=STYLED_ITEM('',(#1479),#1480);
#488=STYLED_ITEM('',(#1481),#1482);
#489=STYLED_ITEM('',(#1483),#1484);
#490=STYLED_ITEM('',(#1485),#1486);
#491=STYLED_ITEM('',(#1487),#1488);
#492=STYLED_ITEM('',(#1489),#1490);
#493=STYLED_ITEM('',(#1491),#1492);
#494=STYLED_ITEM('',(#1493),#1494);
#495=STYLED_ITEM('',(#1495),#1496);
#496=STYLED_ITEM('',(#1497),#1498);
#497=STYLED_ITEM('',(#1499),#1500);
#498=STYLED_ITEM('',(#1501),#1502);
#499=STYLED_ITEM('',(#1503),#1504);
#500=STYLED_ITEM('',(#1505),#1506);
#501=STYLED_ITEM('',(#1507),#1508);
#502=STYLED_ITEM('',(#1509),#1510);
#503=STYLED_ITEM('',(#1511),#1512);
#504=STYLED_ITEM('',(#1513),#1514);
#505=STYLED_ITEM('',(#1515),#1516);
#506=STYLED_ITEM('',(#1517),#1518);
#507=STYLED_ITEM('',(#1519),#1520);
#508=STYLED_ITEM('',(#1521),#1522);
#509=STYLED_ITEM('',(#1523),#1524);
#510=STYLED_ITEM('',(#1525),#1526);
#511=STYLED_ITEM('',(#1527),#1528);
#512=APPLICATION_CONTEXT('managed model based 3d engineering');
#513=PRODUCT_CATEGORY('part','NONE');
#514=PRODUCT_RELATED_PRODUCT_CATEGORY('detail',' ',(#1529));
#515=PRODUCT_DEFINITION_SHAPE('NONE','NONE',#1530);
#516=ADVANCED_BREP_SHAPE_REPRESENTATION('pcb_connector_801-87-010-10-012101',(#1531,#1532),#6);
#519=UNCERTAINTY_MEASURE_WITH_UNIT(LENGTH_MEASURE(1.0E-06),#521,'','');
#521= (CONVERSION_BASED_UNIT('MILLIMETRE',#1535)LENGTH_UNIT()NAMED_UNIT(#1538));
#522= (NAMED_UNIT(#1540)PLANE_ANGLE_UNIT()SI_UNIT($,.RADIAN.));
#523= (NAMED_UNIT(#1540)SOLID_ANGLE_UNIT()SI_UNIT($,.STERADIAN.));
#525=PRESENTATION_STYLE_ASSIGNMENT((#1546));
#526=ADVANCED_FACE('',(#1547),#1548,.T.);
#527=PRESENTATION_STYLE_ASSIGNMENT((#1549));
#528=ADVANCED_FACE('',(#1550),#1551,.T.);
#529=PRESENTATION_STYLE_ASSIGNMENT((#1552));
#530=ADVANCED_FACE('',(#1553),#1554,.T.);
#531=PRESENTATION_STYLE_ASSIGNMENT((#1555));
#532=ADVANCED_FACE('',(#1556),#1557,.T.);
#533=PRESENTATION_STYLE_ASSIGNMENT((#1558));
#534=ADVANCED_FACE('',(#1559),#1560,.T.);
#535=PRESENTATION_STYLE_ASSIGNMENT((#1561));
#536=ADVANCED_FACE('',(#1562),#1563,.T.);
#537=PRESENTATION_STYLE_ASSIGNMENT((#1564));
#538=ADVANCED_FACE('',(#1565),#1566,.T.);
#539=PRESENTATION_STYLE_ASSIGNMENT((#1567));
#540=ADVANCED_FACE('',(#1568),#1569,.T.);
#541=PRESENTATION_STYLE_ASSIGNMENT((#1570));
#542=ADVANCED_FACE('',(#1571),#1572,.T.);
#543=PRESENTATION_STYLE_ASSIGNMENT((#1573));
#544=ADVANCED_FACE('',(#1574),#1575,.T.);
#545=PRESENTATION_STYLE_ASSIGNMENT((#1576));
#546=ADVANCED_FACE('',(#1577),#1578,.T.);
#547=PRESENTATION_STYLE_ASSIGNMENT((#1579));
#548=ADVANCED_FACE('',(#1580),#1581,.T.);
#549=PRESENTATION_STYLE_ASSIGNMENT((#1582));
#550=ADVANCED_FACE('',(#1583),#1584,.T.);
#551=PRESENTATION_STYLE_ASSIGNMENT((#1585));
#552=ADVANCED_FACE('',(#1586),#1587,.T.);
#553=PRESENTATION_STYLE_ASSIGNMENT((#1588));
#554=ADVANCED_FACE('',(#1589),#1590,.T.);
#555=PRESENTATION_STYLE_ASSIGNMENT((#1591));
#556=ADVANCED_FACE('',(#1592),#1593,.T.);
#557=PRESENTATION_STYLE_ASSIGNMENT((#1594));
#558=ADVANCED_FACE('',(#1595),#1596,.T.);
#559=PRESENTATION_STYLE_ASSIGNMENT((#1597));
#560=ADVANCED_FACE('',(#1598),#1599,.T.);
#561=PRESENTATION_STYLE_ASSIGNMENT((#1600));
#562=ADVANCED_FACE('',(#1601),#1602,.T.);
#563=PRESENTATION_STYLE_ASSIGNMENT((#1603));
#564=ADVANCED_FACE('',(#1604),#1605,.T.);
#565=PRESENTATION_STYLE_ASSIGNMENT((#1606));
#566=ADVANCED_FACE('',(#1607),#1608,.T.);
#567=PRESENTATION_STYLE_ASSIGNMENT((#1609));
#568=ADVANCED_FACE('',(#1610),#1611,.F.);
#569=PRESENTATION_STYLE_ASSIGNMENT((#1612));
#570=ADVANCED_FACE('',(#1613),#1614,.T.);
#571=PRESENTATION_STYLE_ASSIGNMENT((#1615));
#572=ADVANCED_FACE('',(#1616),#1617,.T.);
#573=PRESENTATION_STYLE_ASSIGNMENT((#1618));
#574=ADVANCED_FACE('',(#1619),#1620,.T.);
#575=PRESENTATION_STYLE_ASSIGNMENT((#1621));
#576=ADVANCED_FACE('',(#1622),#1623,.T.);
#577=PRESENTATION_STYLE_ASSIGNMENT((#1624));
#578=ADVANCED_FACE('',(#1625),#1626,.F.);
#579=PRESENTATION_STYLE_ASSIGNMENT((#1627));
#580=ADVANCED_FACE('',(#1628),#1629,.T.);
#581=PRESENTATION_STYLE_ASSIGNMENT((#1630));
#582=ADVANCED_FACE('',(#1631),#1632,.T.);
#583=PRESENTATION_STYLE_ASSIGNMENT((#1633));
#584=ADVANCED_FACE('',(#1634),#1635,.T.);
#585=PRESENTATION_STYLE_ASSIGNMENT((#1636));
#586=ADVANCED_FACE('',(#1637),#1638,.T.);
#587=PRESENTATION_STYLE_ASSIGNMENT((#1639));
#588=ADVANCED_FACE('',(#1640),#1641,.F.);
#589=PRESENTATION_STYLE_ASSIGNMENT((#1642));
#590=ADVANCED_FACE('',(#1643),#1644,.T.);
#591=PRESENTATION_STYLE_ASSIGNMENT((#1645));
#592=ADVANCED_FACE('',(#1646),#1647,.T.);
#593=PRESENTATION_STYLE_ASSIGNMENT((#1648));
#594=ADVANCED_FACE('',(#1649),#1650,.T.);
#595=PRESENTATION_STYLE_ASSIGNMENT((#1651));
#596=ADVANCED_FACE('',(#1652),#1653,.T.);
#597=PRESENTATION_STYLE_ASSIGNMENT((#1654));
#598=ADVANCED_FACE('',(#1655),#1656,.F.);
#599=PRESENTATION_STYLE_ASSIGNMENT((#1657));
#600=ADVANCED_FACE('',(#1658),#1659,.T.);
#601=PRESENTATION_STYLE_ASSIGNMENT((#1660));
#602=ADVANCED_FACE('',(#1661),#1662,.T.);
#603=PRESENTATION_STYLE_ASSIGNMENT((#1663));
#604=ADVANCED_FACE('',(#1664),#1665,.T.);
#605=PRESENTATION_STYLE_ASSIGNMENT((#1666));
#606=ADVANCED_FACE('',(#1667),#1668,.T.);
#607=PRESENTATION_STYLE_ASSIGNMENT((#1669));
#608=ADVANCED_FACE('',(#1670),#1671,.F.);
#609=PRESENTATION_STYLE_ASSIGNMENT((#1672));
#610=ADVANCED_FACE('',(#1673),#1674,.T.);
#611=PRESENTATION_STYLE_ASSIGNMENT((#1675));
#612=ADVANCED_FACE('',(#1676),#1677,.T.);
#613=PRESENTATION_STYLE_ASSIGNMENT((#1678));
#614=ADVANCED_FACE('',(#1679),#1680,.T.);
#615=PRESENTATION_STYLE_ASSIGNMENT((#1681));
#616=ADVANCED_FACE('',(#1682),#1683,.T.);
#617=PRESENTATION_STYLE_ASSIGNMENT((#1684));
#618=ADVANCED_FACE('',(#1685),#1686,.F.);
#619=PRESENTATION_STYLE_ASSIGNMENT((#1687));
#620=ADVANCED_FACE('',(#1688),#1689,.T.);
#621=PRESENTATION_STYLE_ASSIGNMENT((#1690));
#622=ADVANCED_FACE('',(#1691),#1692,.T.);
#623=PRESENTATION_STYLE_ASSIGNMENT((#1693));
#624=ADVANCED_FACE('',(#1694),#1695,.T.);
#625=PRESENTATION_STYLE_ASSIGNMENT((#1696));
#626=ADVANCED_FACE('',(#1697),#1698,.T.);
#627=PRESENTATION_STYLE_ASSIGNMENT((#1699));
#628=ADVANCED_FACE('',(#1700),#1701,.F.);
#629=PRESENTATION_STYLE_ASSIGNMENT((#1702));
#630=ADVANCED_FACE('',(#1703),#1704,.T.);
#631=PRESENTATION_STYLE_ASSIGNMENT((#1705));
#632=ADVANCED_FACE('',(#1706),#1707,.T.);
#633=PRESENTATION_STYLE_ASSIGNMENT((#1708));
#634=ADVANCED_FACE('',(#1709),#1710,.T.);
#635=PRESENTATION_STYLE_ASSIGNMENT((#1711));
#636=ADVANCED_FACE('',(#1712),#1713,.T.);
#637=PRESENTATION_STYLE_ASSIGNMENT((#1714));
#638=ADVANCED_FACE('',(#1715),#1716,.F.);
#639=PRESENTATION_STYLE_ASSIGNMENT((#1717));
#640=ADVANCED_FACE('',(#1718),#1719,.T.);
#641=PRESENTATION_STYLE_ASSIGNMENT((#1720));
#642=ADVANCED_FACE('',(#1721),#1722,.T.);
#643=PRESENTATION_STYLE_ASSIGNMENT((#1723));
#644=ADVANCED_FACE('',(#1724),#1725,.T.);
#645=PRESENTATION_STYLE_ASSIGNMENT((#1726));
#646=ADVANCED_FACE('',(#1727),#1728,.T.);
#647=PRESENTATION_STYLE_ASSIGNMENT((#1729));
#648=ADVANCED_FACE('',(#1730),#1731,.F.);
#649=PRESENTATION_STYLE_ASSIGNMENT((#1732));
#650=ADVANCED_FACE('',(#1733),#1734,.T.);
#651=PRESENTATION_STYLE_ASSIGNMENT((#1735));
#652=ADVANCED_FACE('',(#1736),#1737,.T.);
#653=PRESENTATION_STYLE_ASSIGNMENT((#1738));
#654=ADVANCED_FACE('',(#1739),#1740,.T.);
#655=PRESENTATION_STYLE_ASSIGNMENT((#1741));
#656=ADVANCED_FACE('',(#1742),#1743,.T.);
#657=PRESENTATION_STYLE_ASSIGNMENT((#1744));
#658=ADVANCED_FACE('',(#1745),#1746,.F.);
#659=PRESENTATION_STYLE_ASSIGNMENT((#1747));
#660=ADVANCED_FACE('',(#1748),#1749,.T.);
#661=PRESENTATION_STYLE_ASSIGNMENT((#1750));
#662=ADVANCED_FACE('',(#1751),#1752,.T.);
#663=PRESENTATION_STYLE_ASSIGNMENT((#1753));
#664=ADVANCED_FACE('',(#1754),#1755,.T.);
#665=PRESENTATION_STYLE_ASSIGNMENT((#1756));
#666=ADVANCED_FACE('',(#1757),#1758,.T.);
#667=PRESENTATION_STYLE_ASSIGNMENT((#1759));
#668=ADVANCED_FACE('',(#1760),#1761,.F.);
#669=PRESENTATION_STYLE_ASSIGNMENT((#1762));
#670=ADVANCED_FACE('',(#1763),#1764,.T.);
#671=PRESENTATION_STYLE_ASSIGNMENT((#1765));
#672=ADVANCED_FACE('',(#1766),#1767,.F.);
#673=PRESENTATION_STYLE_ASSIGNMENT((#1768));
#674=ADVANCED_FACE('',(#1769),#1770,.F.);
#675=PRESENTATION_STYLE_ASSIGNMENT((#1771));
#676=ADVANCED_FACE('',(#1772),#1773,.F.);
#677=PRESENTATION_STYLE_ASSIGNMENT((#1774));
#678=ADVANCED_FACE('',(#1775),#1776,.F.);
#679=PRESENTATION_STYLE_ASSIGNMENT((#1777));
#680=ADVANCED_FACE('',(#1778),#1779,.F.);
#681=PRESENTATION_STYLE_ASSIGNMENT((#1780));
#682=ADVANCED_FACE('',(#1781),#1782,.F.);
#683=PRESENTATION_STYLE_ASSIGNMENT((#1783));
#684=ADVANCED_FACE('',(#1784),#1785,.F.);
#685=PRESENTATION_STYLE_ASSIGNMENT((#1786));
#686=ADVANCED_FACE('',(#1787),#1788,.F.);
#687=PRESENTATION_STYLE_ASSIGNMENT((#1789));
#688=ADVANCED_FACE('',(#1790),#1791,.T.);
#689=PRESENTATION_STYLE_ASSIGNMENT((#1792));
#690=ADVANCED_FACE('',(#1793),#1794,.F.);
#691=PRESENTATION_STYLE_ASSIGNMENT((#1795));
#692=ADVANCED_FACE('',(#1796),#1797,.T.);
#693=PRESENTATION_STYLE_ASSIGNMENT((#1798));
#694=ADVANCED_FACE('',(#1799),#1800,.F.);
#695=PRESENTATION_STYLE_ASSIGNMENT((#1801));
#696=ADVANCED_FACE('',(#1802),#1803,.F.);
#697=PRESENTATION_STYLE_ASSIGNMENT((#1804));
#698=ADVANCED_FACE('',(#1805),#1806,.F.);
#699=PRESENTATION_STYLE_ASSIGNMENT((#1807));
#700=ADVANCED_FACE('',(#1808),#1809,.F.);
#701=PRESENTATION_STYLE_ASSIGNMENT((#1810));
#702=ADVANCED_FACE('',(#1811),#1812,.F.);
#703=PRESENTATION_STYLE_ASSIGNMENT((#1813));
#704=ADVANCED_FACE('',(#1814),#1815,.F.);
#705=PRESENTATION_STYLE_ASSIGNMENT((#1816));
#706=ADVANCED_FACE('',(#1817),#1818,.F.);
#707=PRESENTATION_STYLE_ASSIGNMENT((#1819));
#708=ADVANCED_FACE('',(#1820),#1821,.F.);
#709=PRESENTATION_STYLE_ASSIGNMENT((#1822));
#710=ADVANCED_FACE('',(#1823),#1824,.T.);
#711=PRESENTATION_STYLE_ASSIGNMENT((#1825));
#712=ADVANCED_FACE('',(#1826),#1827,.F.);
#713=PRESENTATION_STYLE_ASSIGNMENT((#1828));
#714=ADVANCED_FACE('',(#1829),#1830,.T.);
#715=PRESENTATION_STYLE_ASSIGNMENT((#1831));
#716=ADVANCED_FACE('',(#1832),#1833,.F.);
#717=PRESENTATION_STYLE_ASSIGNMENT((#1834));
#718=ADVANCED_FACE('',(#1835),#1836,.F.);
#719=PRESENTATION_STYLE_ASSIGNMENT((#1837));
#720=ADVANCED_FACE('',(#1838),#1839,.F.);
#721=PRESENTATION_STYLE_ASSIGNMENT((#1840));
#722=ADVANCED_FACE('',(#1841),#1842,.F.);
#723=PRESENTATION_STYLE_ASSIGNMENT((#1843));
#724=ADVANCED_FACE('',(#1844),#1845,.F.);
#725=PRESENTATION_STYLE_ASSIGNMENT((#1846));
#726=ADVANCED_FACE('',(#1847),#1848,.F.);
#727=PRESENTATION_STYLE_ASSIGNMENT((#1849));
#728=ADVANCED_FACE('',(#1850),#1851,.F.);
#729=PRESENTATION_STYLE_ASSIGNMENT((#1852));
#730=ADVANCED_FACE('',(#1853),#1854,.F.);
#731=PRESENTATION_STYLE_ASSIGNMENT((#1855));
#732=ADVANCED_FACE('',(#1856),#1857,.T.);
#733=PRESENTATION_STYLE_ASSIGNMENT((#1858));
#734=ADVANCED_FACE('',(#1859),#1860,.F.);
#735=PRESENTATION_STYLE_ASSIGNMENT((#1861));
#736=ADVANCED_FACE('',(#1862),#1863,.T.);
#737=PRESENTATION_STYLE_ASSIGNMENT((#1864));
#738=ADVANCED_FACE('',(#1865),#1866,.F.);
#739=PRESENTATION_STYLE_ASSIGNMENT((#1867));
#740=ADVANCED_FACE('',(#1868),#1869,.F.);
#741=PRESENTATION_STYLE_ASSIGNMENT((#1870));
#742=ADVANCED_FACE('',(#1871),#1872,.F.);
#743=PRESENTATION_STYLE_ASSIGNMENT((#1873));
#744=ADVANCED_FACE('',(#1874),#1875,.F.);
#745=PRESENTATION_STYLE_ASSIGNMENT((#1876));
#746=ADVANCED_FACE('',(#1877),#1878,.F.);
#747=PRESENTATION_STYLE_ASSIGNMENT((#1879));
#748=ADVANCED_FACE('',(#1880),#1881,.F.);
#749=PRESENTATION_STYLE_ASSIGNMENT((#1882));
#750=ADVANCED_FACE('',(#1883),#1884,.F.);
#751=PRESENTATION_STYLE_ASSIGNMENT((#1885));
#752=ADVANCED_FACE('',(#1886),#1887,.F.);
#753=PRESENTATION_STYLE_ASSIGNMENT((#1888));
#754=ADVANCED_FACE('',(#1889),#1890,.T.);
#755=PRESENTATION_STYLE_ASSIGNMENT((#1891));
#756=ADVANCED_FACE('',(#1892),#1893,.F.);
#757=PRESENTATION_STYLE_ASSIGNMENT((#1894));
#758=ADVANCED_FACE('',(#1895),#1896,.T.);
#759=PRESENTATION_STYLE_ASSIGNMENT((#1897));
#760=ADVANCED_FACE('',(#1898),#1899,.F.);
#761=PRESENTATION_STYLE_ASSIGNMENT((#1900));
#762=ADVANCED_FACE('',(#1901),#1902,.F.);
#763=PRESENTATION_STYLE_ASSIGNMENT((#1903));
#764=ADVANCED_FACE('',(#1904),#1905,.F.);
#765=PRESENTATION_STYLE_ASSIGNMENT((#1906));
#766=ADVANCED_FACE('',(#1907),#1908,.F.);
#767=PRESENTATION_STYLE_ASSIGNMENT((#1909));
#768=ADVANCED_FACE('',(#1910),#1911,.F.);
#769=PRESENTATION_STYLE_ASSIGNMENT((#1912));
#770=ADVANCED_FACE('',(#1913),#1914,.F.);
#771=PRESENTATION_STYLE_ASSIGNMENT((#1915));
#772=ADVANCED_FACE('',(#1916),#1917,.F.);
#773=PRESENTATION_STYLE_ASSIGNMENT((#1918));
#774=ADVANCED_FACE('',(#1919),#1920,.F.);
#775=PRESENTATION_STYLE_ASSIGNMENT((#1921));
#776=ADVANCED_FACE('',(#1922),#1923,.T.);
#777=PRESENTATION_STYLE_ASSIGNMENT((#1924));
#778=ADVANCED_FACE('',(#1925),#1926,.F.);
#779=PRESENTATION_STYLE_ASSIGNMENT((#1927));
#780=ADVANCED_FACE('',(#1928),#1929,.T.);
#781=PRESENTATION_STYLE_ASSIGNMENT((#1930));
#782=ADVANCED_FACE('',(#1931),#1932,.F.);
#783=PRESENTATION_STYLE_ASSIGNMENT((#1933));
#784=ADVANCED_FACE('',(#1934),#1935,.F.);
#785=PRESENTATION_STYLE_ASSIGNMENT((#1936));
#786=ADVANCED_FACE('',(#1937),#1938,.F.);
#787=PRESENTATION_STYLE_ASSIGNMENT((#1939));
#788=ADVANCED_FACE('',(#1940),#1941,.F.);
#789=PRESENTATION_STYLE_ASSIGNMENT((#1942));
#790=ADVANCED_FACE('',(#1943),#1944,.F.);
#791=PRESENTATION_STYLE_ASSIGNMENT((#1945));
#792=ADVANCED_FACE('',(#1946),#1947,.F.);
#793=PRESENTATION_STYLE_ASSIGNMENT((#1948));
#794=ADVANCED_FACE('',(#1949),#1950,.F.);
#795=PRESENTATION_STYLE_ASSIGNMENT((#1951));
#796=ADVANCED_FACE('',(#1952),#1953,.F.);
#797=PRESENTATION_STYLE_ASSIGNMENT((#1954));
#798=ADVANCED_FACE('',(#1955),#1956,.T.);
#799=PRESENTATION_STYLE_ASSIGNMENT((#1957));
#800=ADVANCED_FACE('',(#1958),#1959,.F.);
#801=PRESENTATION_STYLE_ASSIGNMENT((#1960));
#802=ADVANCED_FACE('',(#1961),#1962,.T.);
#803=PRESENTATION_STYLE_ASSIGNMENT((#1963));
#804=ADVANCED_FACE('',(#1964),#1965,.F.);
#805=PRESENTATION_STYLE_ASSIGNMENT((#1966));
#806=ADVANCED_FACE('',(#1967),#1968,.F.);
#807=PRESENTATION_STYLE_ASSIGNMENT((#1969));
#808=ADVANCED_FACE('',(#1970),#1971,.F.);
#809=PRESENTATION_STYLE_ASSIGNMENT((#1972));
#810=ADVANCED_FACE('',(#1973),#1974,.F.);
#811=PRESENTATION_STYLE_ASSIGNMENT((#1975));
#812=ADVANCED_FACE('',(#1976),#1977,.F.);
#813=PRESENTATION_STYLE_ASSIGNMENT((#1978));
#814=ADVANCED_FACE('',(#1979),#1980,.F.);
#815=PRESENTATION_STYLE_ASSIGNMENT((#1981));
#816=ADVANCED_FACE('',(#1982),#1983,.F.);
#817=PRESENTATION_STYLE_ASSIGNMENT((#1984));
#818=ADVANCED_FACE('',(#1985),#1986,.F.);
#819=PRESENTATION_STYLE_ASSIGNMENT((#1987));
#820=ADVANCED_FACE('',(#1988),#1989,.T.);
#821=PRESENTATION_STYLE_ASSIGNMENT((#1990));
#822=ADVANCED_FACE('',(#1991),#1992,.F.);
#823=PRESENTATION_STYLE_ASSIGNMENT((#1993));
#824=ADVANCED_FACE('',(#1994),#1995,.T.);
#825=PRESENTATION_STYLE_ASSIGNMENT((#1996));
#826=ADVANCED_FACE('',(#1997),#1998,.F.);
#827=PRESENTATION_STYLE_ASSIGNMENT((#1999));
#828=ADVANCED_FACE('',(#2000),#2001,.F.);
#829=PRESENTATION_STYLE_ASSIGNMENT((#2002));
#830=ADVANCED_FACE('',(#2003),#2004,.F.);
#831=PRESENTATION_STYLE_ASSIGNMENT((#2005));
#832=ADVANCED_FACE('',(#2006),#2007,.F.);
#833=PRESENTATION_STYLE_ASSIGNMENT((#2008));
#834=ADVANCED_FACE('',(#2009),#2010,.F.);
#835=PRESENTATION_STYLE_ASSIGNMENT((#2011));
#836=ADVANCED_FACE('',(#2012),#2013,.F.);
#837=PRESENTATION_STYLE_ASSIGNMENT((#2014));
#838=ADVANCED_FACE('',(#2015),#2016,.F.);
#839=PRESENTATION_STYLE_ASSIGNMENT((#2017));
#840=ADVANCED_FACE('',(#2018),#2019,.F.);
#841=PRESENTATION_STYLE_ASSIGNMENT((#2020));
#842=ADVANCED_FACE('',(#2021),#2022,.T.);
#843=PRESENTATION_STYLE_ASSIGNMENT((#2023));
#844=ADVANCED_FACE('',(#2024),#2025,.F.);
#845=PRESENTATION_STYLE_ASSIGNMENT((#2026));
#846=ADVANCED_FACE('',(#2027),#2028,.T.);
#847=PRESENTATION_STYLE_ASSIGNMENT((#2029));
#848=ADVANCED_FACE('',(#2030),#2031,.F.);
#849=PRESENTATION_STYLE_ASSIGNMENT((#2032));
#850=ADVANCED_FACE('',(#2033),#2034,.F.);
#851=PRESENTATION_STYLE_ASSIGNMENT((#2035));
#852=ADVANCED_FACE('',(#2036),#2037,.F.);
#853=PRESENTATION_STYLE_ASSIGNMENT((#2038));
#854=ADVANCED_FACE('',(#2039),#2040,.F.);
#855=PRESENTATION_STYLE_ASSIGNMENT((#2041));
#856=ADVANCED_FACE('',(#2042),#2043,.F.);
#857=PRESENTATION_STYLE_ASSIGNMENT((#2044));
#858=ADVANCED_FACE('',(#2045),#2046,.F.);
#859=PRESENTATION_STYLE_ASSIGNMENT((#2047));
#860=ADVANCED_FACE('',(#2048),#2049,.F.);
#861=PRESENTATION_STYLE_ASSIGNMENT((#2050));
#862=ADVANCED_FACE('',(#2051),#2052,.F.);
#863=PRESENTATION_STYLE_ASSIGNMENT((#2053));
#864=ADVANCED_FACE('',(#2054),#2055,.T.);
#865=PRESENTATION_STYLE_ASSIGNMENT((#2056));
#866=ADVANCED_FACE('',(#2057),#2058,.F.);
#867=PRESENTATION_STYLE_ASSIGNMENT((#2059));
#868=ADVANCED_FACE('',(#2060),#2061,.T.);
#869=PRESENTATION_STYLE_ASSIGNMENT((#2062));
#870=ADVANCED_FACE('',(#2063),#2064,.F.);
#871=PRESENTATION_STYLE_ASSIGNMENT((#2065));
#872=ADVANCED_FACE('',(#2066),#2067,.F.);
#873=PRESENTATION_STYLE_ASSIGNMENT((#2068));
#874=ADVANCED_FACE('',(#2069),#2070,.F.);
#875=PRESENTATION_STYLE_ASSIGNMENT((#2071));
#876=ADVANCED_FACE('',(#2072),#2073,.F.);
#877=PRESENTATION_STYLE_ASSIGNMENT((#2074));
#878=ADVANCED_FACE('',(#2075),#2076,.F.);
#879=PRESENTATION_STYLE_ASSIGNMENT((#2077));
#880=ADVANCED_FACE('',(#2078),#2079,.F.);
#881=PRESENTATION_STYLE_ASSIGNMENT((#2080));
#882=ADVANCED_FACE('',(#2081),#2082,.F.);
#883=PRESENTATION_STYLE_ASSIGNMENT((#2083));
#884=ADVANCED_FACE('',(#2084),#2085,.F.);
#885=PRESENTATION_STYLE_ASSIGNMENT((#2086));
#886=ADVANCED_FACE('',(#2087),#2088,.F.);
#887=PRESENTATION_STYLE_ASSIGNMENT((#2089));
#888=ADVANCED_FACE('',(#2090),#2091,.F.);
#889=PRESENTATION_STYLE_ASSIGNMENT((#2092));
#890=ADVANCED_FACE('',(#2093),#2094,.F.);
#891=PRESENTATION_STYLE_ASSIGNMENT((#2095));
#892=ADVANCED_FACE('',(#2096,#2097),#2098,.F.);
#893=PRESENTATION_STYLE_ASSIGNMENT((#2099));
#894=ADVANCED_FACE('',(#2100),#2101,.F.);
#895=PRESENTATION_STYLE_ASSIGNMENT((#2102));
#896=ADVANCED_FACE('',(#2103),#2104,.F.);
#897=PRESENTATION_STYLE_ASSIGNMENT((#2105));
#898=ADVANCED_FACE('',(#2106),#2107,.F.);
#899=PRESENTATION_STYLE_ASSIGNMENT((#2108));
#900=ADVANCED_FACE('',(#2109),#2110,.F.);
#901=PRESENTATION_STYLE_ASSIGNMENT((#2111));
#902=ADVANCED_FACE('',(#2112),#2113,.F.);
#903=PRESENTATION_STYLE_ASSIGNMENT((#2114));
#904=ADVANCED_FACE('',(#2115),#2116,.T.);
#905=PRESENTATION_STYLE_ASSIGNMENT((#2117));
#906=ADVANCED_FACE('',(#2118),#2119,.F.);
#907=PRESENTATION_STYLE_ASSIGNMENT((#2120));
#908=ADVANCED_FACE('',(#2121),#2122,.T.);
#909=PRESENTATION_STYLE_ASSIGNMENT((#2123));
#910=ADVANCED_FACE('',(#2124),#2125,.F.);
#911=PRESENTATION_STYLE_ASSIGNMENT((#2126));
#912=ADVANCED_FACE('',(#2127),#2128,.F.);
#913=PRESENTATION_STYLE_ASSIGNMENT((#2129));
#914=ADVANCED_FACE('',(#2130),#2131,.F.);
#915=PRESENTATION_STYLE_ASSIGNMENT((#2132));
#916=ADVANCED_FACE('',(#2133,#2134),#2135,.F.);
#917=PRESENTATION_STYLE_ASSIGNMENT((#2136));
#918=ADVANCED_FACE('',(#2137),#2138,.F.);
#919=PRESENTATION_STYLE_ASSIGNMENT((#2139));
#920=ADVANCED_FACE('',(#2140),#2141,.F.);
#921=PRESENTATION_STYLE_ASSIGNMENT((#2142));
#922=ADVANCED_FACE('',(#2143),#2144,.F.);
#923=PRESENTATION_STYLE_ASSIGNMENT((#2145));
#924=ADVANCED_FACE('',(#2146),#2147,.F.);
#925=PRESENTATION_STYLE_ASSIGNMENT((#2148));
#926=ADVANCED_FACE('',(#2149),#2150,.F.);
#927=PRESENTATION_STYLE_ASSIGNMENT((#2151));
#928=ADVANCED_FACE('',(#2152),#2153,.T.);
#929=PRESENTATION_STYLE_ASSIGNMENT((#2154));
#930=ADVANCED_FACE('',(#2155),#2156,.F.);
#931=PRESENTATION_STYLE_ASSIGNMENT((#2157));
#932=ADVANCED_FACE('',(#2158),#2159,.T.);
#933=PRESENTATION_STYLE_ASSIGNMENT((#2160));
#934=ADVANCED_FACE('',(#2161),#2162,.F.);
#935=PRESENTATION_STYLE_ASSIGNMENT((#2163));
#936=ADVANCED_FACE('',(#2164),#2165,.F.);
#937=PRESENTATION_STYLE_ASSIGNMENT((#2166));
#938=ADVANCED_FACE('',(#2167),#2168,.F.);
#939=PRESENTATION_STYLE_ASSIGNMENT((#2169));
#940=ADVANCED_FACE('',(#2170,#2171),#2172,.F.);
#941=PRESENTATION_STYLE_ASSIGNMENT((#2173));
#942=ADVANCED_FACE('',(#2174),#2175,.F.);
#943=PRESENTATION_STYLE_ASSIGNMENT((#2176));
#944=ADVANCED_FACE('',(#2177),#2178,.F.);
#945=PRESENTATION_STYLE_ASSIGNMENT((#2179));
#946=ADVANCED_FACE('',(#2180),#2181,.F.);
#947=PRESENTATION_STYLE_ASSIGNMENT((#2182));
#948=ADVANCED_FACE('',(#2183),#2184,.F.);
#949=PRESENTATION_STYLE_ASSIGNMENT((#2185));
#950=ADVANCED_FACE('',(#2186),#2187,.F.);
#951=PRESENTATION_STYLE_ASSIGNMENT((#2188));
#952=ADVANCED_FACE('',(#2189),#2190,.T.);
#953=PRESENTATION_STYLE_ASSIGNMENT((#2191));
#954=ADVANCED_FACE('',(#2192),#2193,.F.);
#955=PRESENTATION_STYLE_ASSIGNMENT((#2194));
#956=ADVANCED_FACE('',(#2195),#2196,.T.);
#957=PRESENTATION_STYLE_ASSIGNMENT((#2197));
#958=ADVANCED_FACE('',(#2198),#2199,.F.);
#959=PRESENTATION_STYLE_ASSIGNMENT((#2200));
#960=ADVANCED_FACE('',(#2201),#2202,.F.);
#961=PRESENTATION_STYLE_ASSIGNMENT((#2203));
#962=ADVANCED_FACE('',(#2204),#2205,.F.);
#963=PRESENTATION_STYLE_ASSIGNMENT((#2206));
#964=ADVANCED_FACE('',(#2207,#2208),#2209,.F.);
#965=PRESENTATION_STYLE_ASSIGNMENT((#2210));
#966=ADVANCED_FACE('',(#2211),#2212,.F.);
#967=PRESENTATION_STYLE_ASSIGNMENT((#2213));
#968=ADVANCED_FACE('',(#2214),#2215,.F.);
#969=PRESENTATION_STYLE_ASSIGNMENT((#2216));
#970=ADVANCED_FACE('',(#2217),#2218,.F.);
#971=PRESENTATION_STYLE_ASSIGNMENT((#2219));
#972=ADVANCED_FACE('',(#2220),#2221,.F.);
#973=PRESENTATION_STYLE_ASSIGNMENT((#2222));
#974=ADVANCED_FACE('',(#2223),#2224,.F.);
#975=PRESENTATION_STYLE_ASSIGNMENT((#2225));
#976=ADVANCED_FACE('',(#2226),#2227,.T.);
#977=PRESENTATION_STYLE_ASSIGNMENT((#2228));
#978=ADVANCED_FACE('',(#2229),#2230,.F.);
#979=PRESENTATION_STYLE_ASSIGNMENT((#2231));
#980=ADVANCED_FACE('',(#2232),#2233,.T.);
#981=PRESENTATION_STYLE_ASSIGNMENT((#2234));
#982=ADVANCED_FACE('',(#2235),#2236,.F.);
#983=PRESENTATION_STYLE_ASSIGNMENT((#2237));
#984=ADVANCED_FACE('',(#2238),#2239,.F.);
#985=PRESENTATION_STYLE_ASSIGNMENT((#2240));
#986=ADVANCED_FACE('',(#2241),#2242,.F.);
#987=PRESENTATION_STYLE_ASSIGNMENT((#2243));
#988=ADVANCED_FACE('',(#2244,#2245),#2246,.F.);
#989=PRESENTATION_STYLE_ASSIGNMENT((#2247));
#990=ADVANCED_FACE('',(#2248),#2249,.F.);
#991=PRESENTATION_STYLE_ASSIGNMENT((#2250));
#992=ADVANCED_FACE('',(#2251),#2252,.F.);
#993=PRESENTATION_STYLE_ASSIGNMENT((#2253));
#994=ADVANCED_FACE('',(#2254),#2255,.F.);
#995=PRESENTATION_STYLE_ASSIGNMENT((#2256));
#996=ADVANCED_FACE('',(#2257),#2258,.F.);
#997=PRESENTATION_STYLE_ASSIGNMENT((#2259));
#998=ADVANCED_FACE('',(#2260),#2261,.F.);
#999=PRESENTATION_STYLE_ASSIGNMENT((#2262));
#1000=ADVANCED_FACE('',(#2263),#2264,.T.);
#1001=PRESENTATION_STYLE_ASSIGNMENT((#2265));
#1002=ADVANCED_FACE('',(#2266),#2267,.F.);
#1003=PRESENTATION_STYLE_ASSIGNMENT((#2268));
#1004=ADVANCED_FACE('',(#2269),#2270,.T.);
#1005=PRESENTATION_STYLE_ASSIGNMENT((#2271));
#1006=ADVANCED_FACE('',(#2272),#2273,.F.);
#1007=PRESENTATION_STYLE_ASSIGNMENT((#2274));
#1008=ADVANCED_FACE('',(#2275),#2276,.F.);
#1009=PRESENTATION_STYLE_ASSIGNMENT((#2277));
#1010=ADVANCED_FACE('',(#2278),#2279,.F.);
#1011=PRESENTATION_STYLE_ASSIGNMENT((#2280));
#1012=ADVANCED_FACE('',(#2281,#2282),#2283,.F.);
#1013=PRESENTATION_STYLE_ASSIGNMENT((#2284));
#1014=ADVANCED_FACE('',(#2285),#2286,.F.);
#1015=PRESENTATION_STYLE_ASSIGNMENT((#2287));
#1016=ADVANCED_FACE('',(#2288),#2289,.F.);
#1017=PRESENTATION_STYLE_ASSIGNMENT((#2290));
#1018=ADVANCED_FACE('',(#2291),#2292,.F.);
#1019=PRESENTATION_STYLE_ASSIGNMENT((#2293));
#1020=ADVANCED_FACE('',(#2294),#2295,.F.);
#1021=PRESENTATION_STYLE_ASSIGNMENT((#2296));
#1022=ADVANCED_FACE('',(#2297),#2298,.F.);
#1023=PRESENTATION_STYLE_ASSIGNMENT((#2299));
#1024=ADVANCED_FACE('',(#2300),#2301,.T.);
#1025=PRESENTATION_STYLE_ASSIGNMENT((#2302));
#1026=ADVANCED_FACE('',(#2303),#2304,.F.);
#1027=PRESENTATION_STYLE_ASSIGNMENT((#2305));
#1028=ADVANCED_FACE('',(#2306),#2307,.T.);
#1029=PRESENTATION_STYLE_ASSIGNMENT((#2308));
#1030=ADVANCED_FACE('',(#2309),#2310,.F.);
#1031=PRESENTATION_STYLE_ASSIGNMENT((#2311));
#1032=ADVANCED_FACE('',(#2312),#2313,.F.);
#1033=PRESENTATION_STYLE_ASSIGNMENT((#2314));
#1034=ADVANCED_FACE('',(#2315),#2316,.F.);
#1035=PRESENTATION_STYLE_ASSIGNMENT((#2317));
#1036=ADVANCED_FACE('',(#2318,#2319),#2320,.F.);
#1037=PRESENTATION_STYLE_ASSIGNMENT((#2321));
#1038=ADVANCED_FACE('',(#2322),#2323,.F.);
#1039=PRESENTATION_STYLE_ASSIGNMENT((#2324));
#1040=ADVANCED_FACE('',(#2325),#2326,.F.);
#1041=PRESENTATION_STYLE_ASSIGNMENT((#2327));
#1042=ADVANCED_FACE('',(#2328),#2329,.F.);
#1043=PRESENTATION_STYLE_ASSIGNMENT((#2330));
#1044=ADVANCED_FACE('',(#2331),#2332,.F.);
#1045=PRESENTATION_STYLE_ASSIGNMENT((#2333));
#1046=ADVANCED_FACE('',(#2334),#2335,.F.);
#1047=PRESENTATION_STYLE_ASSIGNMENT((#2336));
#1048=ADVANCED_FACE('',(#2337),#2338,.T.);
#1049=PRESENTATION_STYLE_ASSIGNMENT((#2339));
#1050=ADVANCED_FACE('',(#2340),#2341,.F.);
#1051=PRESENTATION_STYLE_ASSIGNMENT((#2342));
#1052=ADVANCED_FACE('',(#2343),#2344,.T.);
#1053=PRESENTATION_STYLE_ASSIGNMENT((#2345));
#1054=ADVANCED_FACE('',(#2346),#2347,.F.);
#1055=PRESENTATION_STYLE_ASSIGNMENT((#2348));
#1056=ADVANCED_FACE('',(#2349),#2350,.F.);
#1057=PRESENTATION_STYLE_ASSIGNMENT((#2351));
#1058=ADVANCED_FACE('',(#2352),#2353,.F.);
#1059=PRESENTATION_STYLE_ASSIGNMENT((#2354));
#1060=ADVANCED_FACE('',(#2355,#2356),#2357,.F.);
#1061=PRESENTATION_STYLE_ASSIGNMENT((#2358));
#1062=ADVANCED_FACE('',(#2359),#2360,.F.);
#1063=PRESENTATION_STYLE_ASSIGNMENT((#2361));
#1064=ADVANCED_FACE('',(#2362),#2363,.F.);
#1065=PRESENTATION_STYLE_ASSIGNMENT((#2364));
#1066=ADVANCED_FACE('',(#2365),#2366,.F.);
#1067=PRESENTATION_STYLE_ASSIGNMENT((#2367));
#1068=ADVANCED_FACE('',(#2368),#2369,.F.);
#1069=PRESENTATION_STYLE_ASSIGNMENT((#2370));
#1070=ADVANCED_FACE('',(#2371),#2372,.F.);
#1071=PRESENTATION_STYLE_ASSIGNMENT((#2373));
#1072=ADVANCED_FACE('',(#2374),#2375,.T.);
#1073=PRESENTATION_STYLE_ASSIGNMENT((#2376));
#1074=ADVANCED_FACE('',(#2377),#2378,.F.);
#1075=PRESENTATION_STYLE_ASSIGNMENT((#2379));
#1076=ADVANCED_FACE('',(#2380),#2381,.T.);
#1077=PRESENTATION_STYLE_ASSIGNMENT((#2382));
#1078=ADVANCED_FACE('',(#2383),#2384,.F.);
#1079=PRESENTATION_STYLE_ASSIGNMENT((#2385));
#1080=ADVANCED_FACE('',(#2386),#2387,.F.);
#1081=PRESENTATION_STYLE_ASSIGNMENT((#2388));
#1082=ADVANCED_FACE('',(#2389),#2390,.F.);
#1083=PRESENTATION_STYLE_ASSIGNMENT((#2391));
#1084=ADVANCED_FACE('',(#2392,#2393),#2394,.F.);
#1085=PRESENTATION_STYLE_ASSIGNMENT((#2395));
#1086=ADVANCED_FACE('',(#2396),#2397,.F.);
#1087=PRESENTATION_STYLE_ASSIGNMENT((#2398));
#1088=ADVANCED_FACE('',(#2399),#2400,.F.);
#1089=PRESENTATION_STYLE_ASSIGNMENT((#2401));
#1090=ADVANCED_FACE('',(#2402),#2403,.F.);
#1091=PRESENTATION_STYLE_ASSIGNMENT((#2404));
#1092=ADVANCED_FACE('',(#2405),#2406,.F.);
#1093=PRESENTATION_STYLE_ASSIGNMENT((#2407));
#1094=ADVANCED_FACE('',(#2408),#2409,.F.);
#1095=PRESENTATION_STYLE_ASSIGNMENT((#2410));
#1096=ADVANCED_FACE('',(#2411),#2412,.T.);
#1097=PRESENTATION_STYLE_ASSIGNMENT((#2413));
#1098=ADVANCED_FACE('',(#2414),#2415,.F.);
#1099=PRESENTATION_STYLE_ASSIGNMENT((#2416));
#1100=ADVANCED_FACE('',(#2417),#2418,.T.);
#1101=PRESENTATION_STYLE_ASSIGNMENT((#2419));
#1102=ADVANCED_FACE('',(#2420),#2421,.F.);
#1103=PRESENTATION_STYLE_ASSIGNMENT((#2422));
#1104=ADVANCED_FACE('',(#2423),#2424,.F.);
#1105=PRESENTATION_STYLE_ASSIGNMENT((#2425));
#1106=ADVANCED_FACE('',(#2426),#2427,.F.);
#1107=PRESENTATION_STYLE_ASSIGNMENT((#2428));
#1108=ADVANCED_FACE('',(#2429,#2430),#2431,.F.);
#1109=PRESENTATION_STYLE_ASSIGNMENT((#2432));
#1110=ADVANCED_FACE('',(#2433),#2434,.F.);
#1111=PRESENTATION_STYLE_ASSIGNMENT((#2435));
#1112=ADVANCED_FACE('',(#2436),#2437,.F.);
#1113=PRESENTATION_STYLE_ASSIGNMENT((#2438));
#1114=ADVANCED_FACE('',(#2439),#2440,.F.);
#1115=PRESENTATION_STYLE_ASSIGNMENT((#2441));
#1116=ADVANCED_FACE('',(#2442),#2443,.F.);
#1117=PRESENTATION_STYLE_ASSIGNMENT((#2444));
#1118=ADVANCED_FACE('',(#2445),#2446,.F.);
#1119=PRESENTATION_STYLE_ASSIGNMENT((#2447));
#1120=ADVANCED_FACE('',(#2448),#2449,.T.);
#1121=PRESENTATION_STYLE_ASSIGNMENT((#2450));
#1122=ADVANCED_FACE('',(#2451),#2452,.F.);
#1123=PRESENTATION_STYLE_ASSIGNMENT((#2453));
#1124=ADVANCED_FACE('',(#2454),#2455,.T.);
#1125=PRESENTATION_STYLE_ASSIGNMENT((#2456));
#1126=ADVANCED_FACE('',(#2457),#2458,.T.);
#1127=PRESENTATION_STYLE_ASSIGNMENT((#2459));
#1128=ADVANCED_FACE('',(#2460),#2461,.T.);
#1129=PRESENTATION_STYLE_ASSIGNMENT((#2462));
#1130=ADVANCED_FACE('',(#2463,#2464),#2465,.T.);
#1131=PRESENTATION_STYLE_ASSIGNMENT((#2466));
#1132=ADVANCED_FACE('',(#2467),#2468,.T.);
#1133=PRESENTATION_STYLE_ASSIGNMENT((#2469));
#1134=ADVANCED_FACE('',(#2470),#2471,.T.);
#1135=PRESENTATION_STYLE_ASSIGNMENT((#2472));
#1136=ADVANCED_FACE('',(#2473),#2474,.F.);
#1137=PRESENTATION_STYLE_ASSIGNMENT((#2475));
#1138=ADVANCED_FACE('',(#2476,#2477),#2478,.T.);
#1139=PRESENTATION_STYLE_ASSIGNMENT((#2479));
#1140=ADVANCED_FACE('',(#2480),#2481,.T.);
#1141=PRESENTATION_STYLE_ASSIGNMENT((#2482));
#1142=ADVANCED_FACE('',(#2483),#2484,.T.);
#1143=PRESENTATION_STYLE_ASSIGNMENT((#2485));
#1144=ADVANCED_FACE('',(#2486),#2487,.T.);
#1145=PRESENTATION_STYLE_ASSIGNMENT((#2488));
#1146=ADVANCED_FACE('',(#2489,#2490),#2491,.T.);
#1147=PRESENTATION_STYLE_ASSIGNMENT((#2492));
#1148=ADVANCED_FACE('',(#2493),#2494,.T.);
#1149=PRESENTATION_STYLE_ASSIGNMENT((#2495));
#1150=ADVANCED_FACE('',(#2496),#2497,.T.);
#1151=PRESENTATION_STYLE_ASSIGNMENT((#2498));
#1152=ADVANCED_FACE('',(#2499),#2500,.F.);
#1153=PRESENTATION_STYLE_ASSIGNMENT((#2501));
#1154=ADVANCED_FACE('',(#2502,#2503),#2504,.T.);
#1155=PRESENTATION_STYLE_ASSIGNMENT((#2505));
#1156=ADVANCED_FACE('',(#2506),#2507,.T.);
#1157=PRESENTATION_STYLE_ASSIGNMENT((#2508));
#1158=ADVANCED_FACE('',(#2509),#2510,.T.);
#1159=PRESENTATION_STYLE_ASSIGNMENT((#2511));
#1160=ADVANCED_FACE('',(#2512),#2513,.T.);
#1161=PRESENTATION_STYLE_ASSIGNMENT((#2514));
#1162=ADVANCED_FACE('',(#2515,#2516),#2517,.T.);
#1163=PRESENTATION_STYLE_ASSIGNMENT((#2518));
#1164=ADVANCED_FACE('',(#2519),#2520,.T.);
#1165=PRESENTATION_STYLE_ASSIGNMENT((#2521));
#1166=ADVANCED_FACE('',(#2522),#2523,.T.);
#1167=PRESENTATION_STYLE_ASSIGNMENT((#2524));
#1168=ADVANCED_FACE('',(#2525),#2526,.F.);
#1169=PRESENTATION_STYLE_ASSIGNMENT((#2527));
#1170=ADVANCED_FACE('',(#2528,#2529),#2530,.T.);
#1171=PRESENTATION_STYLE_ASSIGNMENT((#2531));
#1172=ADVANCED_FACE('',(#2532),#2533,.T.);
#1173=PRESENTATION_STYLE_ASSIGNMENT((#2534));
#1174=ADVANCED_FACE('',(#2535),#2536,.T.);
#1175=PRESENTATION_STYLE_ASSIGNMENT((#2537));
#1176=ADVANCED_FACE('',(#2538),#2539,.T.);
#1177=PRESENTATION_STYLE_ASSIGNMENT((#2540));
#1178=ADVANCED_FACE('',(#2541,#2542),#2543,.T.);
#1179=PRESENTATION_STYLE_ASSIGNMENT((#2544));
#1180=ADVANCED_FACE('',(#2545),#2546,.T.);
#1181=PRESENTATION_STYLE_ASSIGNMENT((#2547));
#1182=ADVANCED_FACE('',(#2548),#2549,.T.);
#1183=PRESENTATION_STYLE_ASSIGNMENT((#2550));
#1184=ADVANCED_FACE('',(#2551),#2552,.F.);
#1185=PRESENTATION_STYLE_ASSIGNMENT((#2553));
#1186=ADVANCED_FACE('',(#2554,#2555),#2556,.T.);
#1187=PRESENTATION_STYLE_ASSIGNMENT((#2557));
#1188=ADVANCED_FACE('',(#2558),#2559,.T.);
#1189=PRESENTATION_STYLE_ASSIGNMENT((#2560));
#1190=ADVANCED_FACE('',(#2561),#2562,.T.);
#1191=PRESENTATION_STYLE_ASSIGNMENT((#2563));
#1192=ADVANCED_FACE('',(#2564),#2565,.T.);
#1193=PRESENTATION_STYLE_ASSIGNMENT((#2566));
#1194=ADVANCED_FACE('',(#2567,#2568),#2569,.T.);
#1195=PRESENTATION_STYLE_ASSIGNMENT((#2570));
#1196=ADVANCED_FACE('',(#2571),#2572,.T.);
#1197=PRESENTATION_STYLE_ASSIGNMENT((#2573));
#1198=ADVANCED_FACE('',(#2574),#2575,.T.);
#1199=PRESENTATION_STYLE_ASSIGNMENT((#2576));
#1200=ADVANCED_FACE('',(#2577),#2578,.F.);
#1201=PRESENTATION_STYLE_ASSIGNMENT((#2579));
#1202=ADVANCED_FACE('',(#2580,#2581),#2582,.T.);
#1203=PRESENTATION_STYLE_ASSIGNMENT((#2583));
#1204=ADVANCED_FACE('',(#2584),#2585,.T.);
#1205=PRESENTATION_STYLE_ASSIGNMENT((#2586));
#1206=ADVANCED_FACE('',(#2587),#2588,.T.);
#1207=PRESENTATION_STYLE_ASSIGNMENT((#2589));
#1208=ADVANCED_FACE('',(#2590),#2591,.T.);
#1209=PRESENTATION_STYLE_ASSIGNMENT((#2592));
#1210=ADVANCED_FACE('',(#2593,#2594),#2595,.T.);
#1211=PRESENTATION_STYLE_ASSIGNMENT((#2596));
#1212=ADVANCED_FACE('',(#2597),#2598,.T.);
#1213=PRESENTATION_STYLE_ASSIGNMENT((#2599));
#1214=ADVANCED_FACE('',(#2600),#2601,.T.);
#1215=PRESENTATION_STYLE_ASSIGNMENT((#2602));
#1216=ADVANCED_FACE('',(#2603),#2604,.F.);
#1217=PRESENTATION_STYLE_ASSIGNMENT((#2605));
#1218=ADVANCED_FACE('',(#2606,#2607),#2608,.T.);
#1219=PRESENTATION_STYLE_ASSIGNMENT((#2609));
#1220=ADVANCED_FACE('',(#2610),#2611,.T.);
#1221=PRESENTATION_STYLE_ASSIGNMENT((#2612));
#1222=ADVANCED_FACE('',(#2613),#2614,.T.);
#1223=PRESENTATION_STYLE_ASSIGNMENT((#2615));
#1224=ADVANCED_FACE('',(#2616),#2617,.T.);
#1225=PRESENTATION_STYLE_ASSIGNMENT((#2618));
#1226=ADVANCED_FACE('',(#2619,#2620),#2621,.T.);
#1227=PRESENTATION_STYLE_ASSIGNMENT((#2622));
#1228=ADVANCED_FACE('',(#2623),#2624,.T.);
#1229=PRESENTATION_STYLE_ASSIGNMENT((#2625));
#1230=ADVANCED_FACE('',(#2626),#2627,.T.);
#1231=PRESENTATION_STYLE_ASSIGNMENT((#2628));
#1232=ADVANCED_FACE('',(#2629),#2630,.F.);
#1233=PRESENTATION_STYLE_ASSIGNMENT((#2631));
#1234=ADVANCED_FACE('',(#2632,#2633),#2634,.T.);
#1235=PRESENTATION_STYLE_ASSIGNMENT((#2635));
#1236=ADVANCED_FACE('',(#2636),#2637,.T.);
#1237=PRESENTATION_STYLE_ASSIGNMENT((#2638));
#1238=ADVANCED_FACE('',(#2639),#2640,.T.);
#1239=PRESENTATION_STYLE_ASSIGNMENT((#2641));
#1240=ADVANCED_FACE('',(#2642),#2643,.T.);
#1241=PRESENTATION_STYLE_ASSIGNMENT((#2644));
#1242=ADVANCED_FACE('',(#2645,#2646),#2647,.T.);
#1243=PRESENTATION_STYLE_ASSIGNMENT((#2648));
#1244=ADVANCED_FACE('',(#2649),#2650,.T.);
#1245=PRESENTATION_STYLE_ASSIGNMENT((#2651));
#1246=ADVANCED_FACE('',(#2652),#2653,.T.);
#1247=PRESENTATION_STYLE_ASSIGNMENT((#2654));
#1248=ADVANCED_FACE('',(#2655),#2656,.F.);
#1249=PRESENTATION_STYLE_ASSIGNMENT((#2657));
#1250=ADVANCED_FACE('',(#2658,#2659),#2660,.T.);
#1251=PRESENTATION_STYLE_ASSIGNMENT((#2661));
#1252=ADVANCED_FACE('',(#2662),#2663,.T.);
#1253=PRESENTATION_STYLE_ASSIGNMENT((#2664));
#1254=ADVANCED_FACE('',(#2665),#2666,.T.);
#1255=PRESENTATION_STYLE_ASSIGNMENT((#2667));
#1256=ADVANCED_FACE('',(#2668),#2669,.T.);
#1257=PRESENTATION_STYLE_ASSIGNMENT((#2670));
#1258=ADVANCED_FACE('',(#2671,#2672),#2673,.T.);
#1259=PRESENTATION_STYLE_ASSIGNMENT((#2674));
#1260=ADVANCED_FACE('',(#2675),#2676,.T.);
#1261=PRESENTATION_STYLE_ASSIGNMENT((#2677));
#1262=ADVANCED_FACE('',(#2678),#2679,.T.);
#1263=PRESENTATION_STYLE_ASSIGNMENT((#2680));
#1264=ADVANCED_FACE('',(#2681),#2682,.F.);
#1265=PRESENTATION_STYLE_ASSIGNMENT((#2683));
#1266=ADVANCED_FACE('',(#2684,#2685),#2686,.T.);
#1267=PRESENTATION_STYLE_ASSIGNMENT((#2687));
#1268=ADVANCED_FACE('',(#2688),#2689,.T.);
#1269=PRESENTATION_STYLE_ASSIGNMENT((#2690));
#1270=ADVANCED_FACE('',(#2691),#2692,.T.);
#1271=PRESENTATION_STYLE_ASSIGNMENT((#2693));
#1272=ADVANCED_FACE('',(#2694),#2695,.T.);
#1273=PRESENTATION_STYLE_ASSIGNMENT((#2696));
#1274=ADVANCED_FACE('',(#2697,#2698),#2699,.T.);
#1275=PRESENTATION_STYLE_ASSIGNMENT((#2700));
#1276=ADVANCED_FACE('',(#2701),#2702,.T.);
#1277=PRESENTATION_STYLE_ASSIGNMENT((#2703));
#1278=ADVANCED_FACE('',(#2704),#2705,.T.);
#1279=PRESENTATION_STYLE_ASSIGNMENT((#2706));
#1280=ADVANCED_FACE('',(#2707),#2708,.F.);
#1281=PRESENTATION_STYLE_ASSIGNMENT((#2709));
#1282=ADVANCED_FACE('',(#2710,#2711),#2712,.T.);
#1283=PRESENTATION_STYLE_ASSIGNMENT((#2713));
#1284=ADVANCED_FACE('',(#2714),#2715,.T.);
#1285=PRESENTATION_STYLE_ASSIGNMENT((#2716));
#1286=ADVANCED_FACE('',(#2717),#2718,.F.);
#1287=PRESENTATION_STYLE_ASSIGNMENT((#2719));
#1288=ADVANCED_FACE('',(#2720),#2721,.F.);
#1289=PRESENTATION_STYLE_ASSIGNMENT((#2722));
#1290=ADVANCED_FACE('',(#2723),#2724,.F.);
#1291=PRESENTATION_STYLE_ASSIGNMENT((#2725));
#1292=ADVANCED_FACE('',(#2726),#2727,.F.);
#1293=PRESENTATION_STYLE_ASSIGNMENT((#2728));
#1294=ADVANCED_FACE('',(#2729),#2730,.F.);
#1295=PRESENTATION_STYLE_ASSIGNMENT((#2731));
#1296=ADVANCED_FACE('',(#2732),#2733,.F.);
#1297=PRESENTATION_STYLE_ASSIGNMENT((#2734));
#1298=ADVANCED_FACE('',(#2735),#2736,.F.);
#1299=PRESENTATION_STYLE_ASSIGNMENT((#2737));
#1300=ADVANCED_FACE('',(#2738),#2739,.F.);
#1301=PRESENTATION_STYLE_ASSIGNMENT((#2740));
#1302=ADVANCED_FACE('',(#2741),#2742,.F.);
#1303=PRESENTATION_STYLE_ASSIGNMENT((#2743));
#1304=ADVANCED_FACE('',(#2744),#2745,.F.);
#1305=PRESENTATION_STYLE_ASSIGNMENT((#2746));
#1306=ADVANCED_FACE('',(#2747,#2748,#2749,#2750,#2751,#2752,#2753,#2754,#2755,#2756,#2757),#2758,.T.);
#1307=PRESENTATION_STYLE_ASSIGNMENT((#2759));
#1308=ADVANCED_FACE('',(#2760),#2761,.T.);
#1309=PRESENTATION_STYLE_ASSIGNMENT((#2762));
#1310=ADVANCED_FACE('',(#2763),#2764,.T.);
#1311=PRESENTATION_STYLE_ASSIGNMENT((#2765));
#1312=ADVANCED_FACE('',(#2766),#2767,.T.);
#1313=PRESENTATION_STYLE_ASSIGNMENT((#2768));
#1314=ADVANCED_FACE('',(#2769),#2770,.T.);
#1315=PRESENTATION_STYLE_ASSIGNMENT((#2771));
#1316=ADVANCED_FACE('',(#2772),#2773,.T.);
#1317=PRESENTATION_STYLE_ASSIGNMENT((#2774));
#1318=ADVANCED_FACE('',(#2775),#2776,.T.);
#1319=PRESENTATION_STYLE_ASSIGNMENT((#2777));
#1320=ADVANCED_FACE('',(#2778),#2779,.T.);
#1321=PRESENTATION_STYLE_ASSIGNMENT((#2780));
#1322=ADVANCED_FACE('',(#2781),#2782,.T.);
#1323=PRESENTATION_STYLE_ASSIGNMENT((#2783));
#1324=ADVANCED_FACE('',(#2784),#2785,.T.);
#1325=PRESENTATION_STYLE_ASSIGNMENT((#2786));
#1326=ADVANCED_FACE('',(#2787),#2788,.T.);
#1327=PRESENTATION_STYLE_ASSIGNMENT((#2789));
#1328=ADVANCED_FACE('',(#2790),#2791,.T.);
#1329=PRESENTATION_STYLE_ASSIGNMENT((#2792));
#1330=ADVANCED_FACE('',(#2793),#2794,.T.);
#1331=PRESENTATION_STYLE_ASSIGNMENT((#2795));
#1332=ADVANCED_FACE('',(#2796),#2797,.T.);
#1333=PRESENTATION_STYLE_ASSIGNMENT((#2798));
#1334=ADVANCED_FACE('',(#2799),#2800,.T.);
#1335=PRESENTATION_STYLE_ASSIGNMENT((#2801));
#1336=ADVANCED_FACE('',(#2802),#2803,.T.);
#1337=PRESENTATION_STYLE_ASSIGNMENT((#2804));
#1338=ADVANCED_FACE('',(#2805),#2806,.T.);
#1339=PRESENTATION_STYLE_ASSIGNMENT((#2807));
#1340=ADVANCED_FACE('',(#2808),#2809,.T.);
#1341=PRESENTATION_STYLE_ASSIGNMENT((#2810));
#1342=ADVANCED_FACE('',(#2811),#2812,.T.);
#1343=PRESENTATION_STYLE_ASSIGNMENT((#2813));
#1344=ADVANCED_FACE('',(#2814),#2815,.T.);
#1345=PRESENTATION_STYLE_ASSIGNMENT((#2816));
#1346=ADVANCED_FACE('',(#2817),#2818,.F.);
#1347=PRESENTATION_STYLE_ASSIGNMENT((#2819));
#1348=ADVANCED_FACE('',(#2820),#2821,.F.);
#1349=PRESENTATION_STYLE_ASSIGNMENT((#2822));
#1350=ADVANCED_FACE('',(#2823),#2824,.F.);
#1351=PRESENTATION_STYLE_ASSIGNMENT((#2825));
#1352=ADVANCED_FACE('',(#2826),#2827,.F.);
#1353=PRESENTATION_STYLE_ASSIGNMENT((#2828));
#1354=ADVANCED_FACE('',(#2829),#2830,.F.);
#1355=PRESENTATION_STYLE_ASSIGNMENT((#2831));
#1356=ADVANCED_FACE('',(#2832),#2833,.F.);
#1357=PRESENTATION_STYLE_ASSIGNMENT((#2834));
#1358=ADVANCED_FACE('',(#2835),#2836,.F.);
#1359=PRESENTATION_STYLE_ASSIGNMENT((#2837));
#1360=ADVANCED_FACE('',(#2838),#2839,.F.);
#1361=PRESENTATION_STYLE_ASSIGNMENT((#2840));
#1362=ADVANCED_FACE('',(#2841),#2842,.F.);
#1363=PRESENTATION_STYLE_ASSIGNMENT((#2843));
#1364=ADVANCED_FACE('',(#2844),#2845,.F.);
#1365=PRESENTATION_STYLE_ASSIGNMENT((#2846));
#1366=ADVANCED_FACE('',(#2847),#2848,.F.);
#1367=PRESENTATION_STYLE_ASSIGNMENT((#2849));
#1368=ADVANCED_FACE('',(#2850),#2851,.F.);
#1369=PRESENTATION_STYLE_ASSIGNMENT((#2852));
#1370=ADVANCED_FACE('',(#2853),#2854,.F.);
#1371=PRESENTATION_STYLE_ASSIGNMENT((#2855));
#1372=ADVANCED_FACE('',(#2856),#2857,.F.);
#1373=PRESENTATION_STYLE_ASSIGNMENT((#2858));
#1374=ADVANCED_FACE('',(#2859),#2860,.F.);
#1375=PRESENTATION_STYLE_ASSIGNMENT((#2861));
#1376=ADVANCED_FACE('',(#2862),#2863,.F.);
#1377=PRESENTATION_STYLE_ASSIGNMENT((#2864));
#1378=ADVANCED_FACE('',(#2865),#2866,.F.);
#1379=PRESENTATION_STYLE_ASSIGNMENT((#2867));
#1380=ADVANCED_FACE('',(#2868),#2869,.F.);
#1381=PRESENTATION_STYLE_ASSIGNMENT((#2870));
#1382=ADVANCED_FACE('',(#2871),#2872,.F.);
#1383=PRESENTATION_STYLE_ASSIGNMENT((#2873));
#1384=ADVANCED_FACE('',(#2874),#2875,.F.);
#1385=PRESENTATION_STYLE_ASSIGNMENT((#2876));
#1386=ADVANCED_FACE('',(#2877),#2878,.T.);
#1387=PRESENTATION_STYLE_ASSIGNMENT((#2879));
#1388=ADVANCED_FACE('',(#2880),#2881,.T.);
#1389=PRESENTATION_STYLE_ASSIGNMENT((#2882));
#1390=ADVANCED_FACE('',(#2883),#2884,.T.);
#1391=PRESENTATION_STYLE_ASSIGNMENT((#2885));
#1392=ADVANCED_FACE('',(#2886),#2887,.T.);
#1393=PRESENTATION_STYLE_ASSIGNMENT((#2888));
#1394=ADVANCED_FACE('',(#2889),#2890,.T.);
#1395=PRESENTATION_STYLE_ASSIGNMENT((#2891));
#1396=ADVANCED_FACE('',(#2892),#2893,.T.);
#1397=PRESENTATION_STYLE_ASSIGNMENT((#2894));
#1398=ADVANCED_FACE('',(#2895),#2896,.T.);
#1399=PRESENTATION_STYLE_ASSIGNMENT((#2897));
#1400=ADVANCED_FACE('',(#2898),#2899,.T.);
#1401=PRESENTATION_STYLE_ASSIGNMENT((#2900));
#1402=ADVANCED_FACE('',(#2901,#2902,#2903,#2904,#2905,#2906,#2907,#2908,#2909,#2910,#2911),#2912,.T.);
#1403=PRESENTATION_STYLE_ASSIGNMENT((#2913));
#1404=ADVANCED_FACE('',(#2914),#2915,.T.);
#1405=PRESENTATION_STYLE_ASSIGNMENT((#2916));
#1406=ADVANCED_FACE('',(#2917),#2918,.T.);
#1407=PRESENTATION_STYLE_ASSIGNMENT((#2919));
#1408=ADVANCED_FACE('',(#2920),#2921,.T.);
#1409=PRESENTATION_STYLE_ASSIGNMENT((#2922));
#1410=ADVANCED_FACE('',(#2923),#2924,.T.);
#1411=PRESENTATION_STYLE_ASSIGNMENT((#2925));
#1412=ADVANCED_FACE('',(#2926),#2927,.T.);
#1413=PRESENTATION_STYLE_ASSIGNMENT((#2928));
#1414=ADVANCED_FACE('',(#2929),#2930,.T.);
#1415=PRESENTATION_STYLE_ASSIGNMENT((#2931));
#1416=ADVANCED_FACE('',(#2932),#2933,.T.);
#1417=PRESENTATION_STYLE_ASSIGNMENT((#2934));
#1418=ADVANCED_FACE('',(#2935),#2936,.T.);
#1419=PRESENTATION_STYLE_ASSIGNMENT((#2937));
#1420=ADVANCED_FACE('',(#2938),#2939,.T.);
#1421=PRESENTATION_STYLE_ASSIGNMENT((#2940));
#1422=ADVANCED_FACE('',(#2941),#2942,.T.);
#1423=PRESENTATION_STYLE_ASSIGNMENT((#2943));
#1424=ADVANCED_FACE('',(#2944),#2945,.T.);
#1425=PRESENTATION_STYLE_ASSIGNMENT((#2946));
#1426=ADVANCED_FACE('',(#2947),#2948,.T.);
#1427=PRESENTATION_STYLE_ASSIGNMENT((#2949));
#1428=ADVANCED_FACE('',(#2950),#2951,.T.);
#1429=PRESENTATION_STYLE_ASSIGNMENT((#2952));
#1430=ADVANCED_FACE('',(#2953),#2954,.T.);
#1431=PRESENTATION_STYLE_ASSIGNMENT((#2955));
#1432=ADVANCED_FACE('',(#2956),#2957,.T.);
#1433=PRESENTATION_STYLE_ASSIGNMENT((#2958));
#1434=ADVANCED_FACE('',(#2959),#2960,.T.);
#1435=PRESENTATION_STYLE_ASSIGNMENT((#2961));
#1436=ADVANCED_FACE('',(#2962),#2963,.T.);
#1437=PRESENTATION_STYLE_ASSIGNMENT((#2964));
#1438=ADVANCED_FACE('',(#2965),#2966,.T.);
#1439=PRESENTATION_STYLE_ASSIGNMENT((#2967));
#1440=ADVANCED_FACE('',(#2968),#2969,.T.);
#1441=PRESENTATION_STYLE_ASSIGNMENT((#2970));
#1442=ADVANCED_FACE('',(#2971),#2972,.T.);
#1443=PRESENTATION_STYLE_ASSIGNMENT((#2973));
#1444=ADVANCED_FACE('',(#2974),#2975,.T.);
#1445=PRESENTATION_STYLE_ASSIGNMENT((#2976));
#1446=ADVANCED_FACE('',(#2977),#2978,.T.);
#1447=PRESENTATION_STYLE_ASSIGNMENT((#2979));
#1448=ADVANCED_FACE('',(#2980),#2981,.T.);
#1449=PRESENTATION_STYLE_ASSIGNMENT((#2982));
#1450=ADVANCED_FACE('',(#2983),#2984,.T.);
#1451=PRESENTATION_STYLE_ASSIGNMENT((#2985));
#1452=ADVANCED_FACE('',(#2986),#2987,.T.);
#1453=PRESENTATION_STYLE_ASSIGNMENT((#2988));
#1454=ADVANCED_FACE('',(#2989),#2990,.T.);
#1455=PRESENTATION_STYLE_ASSIGNMENT((#2991));
#1456=ADVANCED_FACE('',(#2992),#2993,.T.);
#1457=PRESENTATION_STYLE_ASSIGNMENT((#2994));
#1458=ADVANCED_FACE('',(#2995),#2996,.T.);
#1459=PRESENTATION_STYLE_ASSIGNMENT((#2997));
#1460=ADVANCED_FACE('',(#2998),#2999,.T.);
#1461=PRESENTATION_STYLE_ASSIGNMENT((#3000));
#1462=ADVANCED_FACE('',(#3001),#3002,.T.);
#1463=PRESENTATION_STYLE_ASSIGNMENT((#3003));
#1464=ADVANCED_FACE('',(#3004),#3005,.T.);
#1465=PRESENTATION_STYLE_ASSIGNMENT((#3006));
#1466=ADVANCED_FACE('',(#3007),#3008,.T.);
#1467=PRESENTATION_STYLE_ASSIGNMENT((#3009));
#1468=ADVANCED_FACE('',(#3010),#3011,.T.);
#1469=PRESENTATION_STYLE_ASSIGNMENT((#3012));
#1470=ADVANCED_FACE('',(#3013),#3014,.T.);
#1471=PRESENTATION_STYLE_ASSIGNMENT((#3015));
#1472=ADVANCED_FACE('',(#3016),#3017,.T.);
#1473=PRESENTATION_STYLE_ASSIGNMENT((#3018));
#1474=ADVANCED_FACE('',(#3019),#3020,.T.);
#1475=PRESENTATION_STYLE_ASSIGNMENT((#3021));
#1476=ADVANCED_FACE('',(#3022),#3023,.T.);
#1477=PRESENTATION_STYLE_ASSIGNMENT((#3024));
#1478=ADVANCED_FACE('',(#3025),#3026,.T.);
#1479=PRESENTATION_STYLE_ASSIGNMENT((#3027));
#1480=ADVANCED_FACE('',(#3028),#3029,.T.);
#1481=PRESENTATION_STYLE_ASSIGNMENT((#3030));
#1482=ADVANCED_FACE('',(#3031),#3032,.T.);
#1483=PRESENTATION_STYLE_ASSIGNMENT((#3033));
#1484=ADVANCED_FACE('',(#3034),#3035,.T.);
#1485=PRESENTATION_STYLE_ASSIGNMENT((#3036));
#1486=ADVANCED_FACE('',(#3037),#3038,.T.);
#1487=PRESENTATION_STYLE_ASSIGNMENT((#3039));
#1488=ADVANCED_FACE('',(#3040),#3041,.T.);
#1489=PRESENTATION_STYLE_ASSIGNMENT((#3042));
#1490=ADVANCED_FACE('',(#3043),#3044,.T.);
#1491=PRESENTATION_STYLE_ASSIGNMENT((#3045));
#1492=ADVANCED_FACE('',(#3046),#3047,.T.);
#1493=PRESENTATION_STYLE_ASSIGNMENT((#3048));
#1494=ADVANCED_FACE('',(#3049),#3050,.T.);
#1495=PRESENTATION_STYLE_ASSIGNMENT((#3051));
#1496=ADVANCED_FACE('',(#3052),#3053,.T.);
#1497=PRESENTATION_STYLE_ASSIGNMENT((#3054));
#1498=ADVANCED_FACE('',(#3055),#3056,.T.);
#1499=PRESENTATION_STYLE_ASSIGNMENT((#3057));
#1500=ADVANCED_FACE('',(#3058),#3059,.T.);
#1501=PRESENTATION_STYLE_ASSIGNMENT((#3060));
#1502=ADVANCED_FACE('',(#3061),#3062,.T.);
#1503=PRESENTATION_STYLE_ASSIGNMENT((#3063));
#1504=ADVANCED_FACE('',(#3064),#3065,.T.);
#1505=PRESENTATION_STYLE_ASSIGNMENT((#3066));
#1506=ADVANCED_FACE('',(#3067),#3068,.T.);
#1507=PRESENTATION_STYLE_ASSIGNMENT((#3069));
#1508=ADVANCED_FACE('',(#3070),#3071,.T.);
#1509=PRESENTATION_STYLE_ASSIGNMENT((#3072));
#1510=ADVANCED_FACE('',(#3073),#3074,.T.);
#1511=PRESENTATION_STYLE_ASSIGNMENT((#3075));
#1512=ADVANCED_FACE('',(#3076),#3077,.T.);
#1513=PRESENTATION_STYLE_ASSIGNMENT((#3078));
#1514=ADVANCED_FACE('',(#3079),#3080,.T.);
#1515=PRESENTATION_STYLE_ASSIGNMENT((#3081));
#1516=ADVANCED_FACE('',(#3082),#3083,.T.);
#1517=PRESENTATION_STYLE_ASSIGNMENT((#3084));
#1518=ADVANCED_FACE('',(#3085),#3086,.T.);
#1519=PRESENTATION_STYLE_ASSIGNMENT((#3087));
#1520=ADVANCED_FACE('',(#3088),#3089,.T.);
#1521=PRESENTATION_STYLE_ASSIGNMENT((#3090));
#1522=ADVANCED_FACE('',(#3091),#3092,.T.);
#1523=PRESENTATION_STYLE_ASSIGNMENT((#3093));
#1524=ADVANCED_FACE('',(#3094),#3095,.T.);
#1525=PRESENTATION_STYLE_ASSIGNMENT((#3096));
#1526=ADVANCED_FACE('',(#3097),#3098,.T.);
#1527=PRESENTATION_STYLE_ASSIGNMENT((#3099));
#1528=ADVANCED_FACE('',(#3100),#3101,.T.);
#1529=PRODUCT('pcb_connector_801-87-010-10-012101','pcb_connector_801-87-010-10-012101','PART-pcb_connector_801-87-010-10-012101-DESC',(#3102));
#1530=PRODUCT_DEFINITION('','NONE',#3103,#2);
#1531=MANIFOLD_SOLID_BREP('pcb_connector_801-87-010-10-012101',#3104);
#1532=AXIS2_PLACEMENT_3D('',#3105,#3106,#3107);
#1535=LENGTH_MEASURE_WITH_UNIT(LENGTH_MEASURE(1.0),#3108);
#1538=DIMENSIONAL_EXPONENTS(1.0,0.0,0.0,0.0,0.0,0.0,0.0);
#1540=DIMENSIONAL_EXPONENTS(0.0,0.0,0.0,0.0,0.0,0.0,0.0);
#1546=SURFACE_STYLE_USAGE(.BOTH.,#3109);
#1547=FACE_OUTER_BOUND('',#3110,.T.);
#1548=TOROIDAL_SURFACE('',#3111,0.490007719539948,0.200000000000001);
#1549=SURFACE_STYLE_USAGE(.BOTH.,#3112);
#1550=FACE_OUTER_BOUND('',#3113,.T.);
#1551=TOROIDAL_SURFACE('',#3114,0.490007719539948,0.200000000000001);
#1552=SURFACE_STYLE_USAGE(.BOTH.,#3115);
#1553=FACE_OUTER_BOUND('',#3116,.T.);
#1554=TOROIDAL_SURFACE('',#3117,0.490007719539948,0.200000000000001);
#1555=SURFACE_STYLE_USAGE(.BOTH.,#3118);
#1556=FACE_OUTER_BOUND('',#3119,.T.);
#1557=TOROIDAL_SURFACE('',#3120,0.490007719539948,0.200000000000001);
#1558=SURFACE_STYLE_USAGE(.BOTH.,#3121);
#1559=FACE_OUTER_BOUND('',#3122,.T.);
#1560=TOROIDAL_SURFACE('',#3123,0.490007719539948,0.200000000000001);
#1561=SURFACE_STYLE_USAGE(.BOTH.,#3124);
#1562=FACE_OUTER_BOUND('',#3125,.T.);
#1563=TOROIDAL_SURFACE('',#3126,0.490007719539948,0.200000000000001);
#1564=SURFACE_STYLE_USAGE(.BOTH.,#3127);
#1565=FACE_OUTER_BOUND('',#3128,.T.);
#1566=TOROIDAL_SURFACE('',#3129,0.490007719539948,0.200000000000001);
#1567=SURFACE_STYLE_USAGE(.BOTH.,#3130);
#1568=FACE_OUTER_BOUND('',#3131,.T.);
#1569=TOROIDAL_SURFACE('',#3132,0.490007719539948,0.200000000000001);
#1570=SURFACE_STYLE_USAGE(.BOTH.,#3133);
#1571=FACE_OUTER_BOUND('',#3134,.T.);
#1572=TOROIDAL_SURFACE('',#3135,0.490007719539948,0.200000000000001);
#1573=SURFACE_STYLE_USAGE(.BOTH.,#3136);
#1574=FACE_OUTER_BOUND('',#3137,.T.);
#1575=TOROIDAL_SURFACE('',#3138,0.490007719539948,0.200000000000001);
#1576=SURFACE_STYLE_USAGE(.BOTH.,#3139);
#1577=FACE_OUTER_BOUND('',#3140,.T.);
#1578=TOROIDAL_SURFACE('',#3141,0.490007719539948,0.200000000000001);
#1579=SURFACE_STYLE_USAGE(.BOTH.,#3142);
#1580=FACE_OUTER_BOUND('',#3143,.T.);
#1581=TOROIDAL_SURFACE('',#3144,0.490007719539948,0.200000000000001);
#1582=SURFACE_STYLE_USAGE(.BOTH.,#3145);
#1583=FACE_OUTER_BOUND('',#3146,.T.);
#1584=TOROIDAL_SURFACE('',#3147,0.490007719539948,0.200000000000001);
#1585=SURFACE_STYLE_USAGE(.BOTH.,#3148);
#1586=FACE_OUTER_BOUND('',#3149,.T.);
#1587=TOROIDAL_SURFACE('',#3150,0.490007719539948,0.200000000000001);
#1588=SURFACE_STYLE_USAGE(.BOTH.,#3151);
#1589=FACE_OUTER_BOUND('',#3152,.T.);
#1590=TOROIDAL_SURFACE('',#3153,0.490007719539948,0.200000000000001);
#1591=SURFACE_STYLE_USAGE(.BOTH.,#3154);
#1592=FACE_OUTER_BOUND('',#3155,.T.);
#1593=TOROIDAL_SURFACE('',#3156,0.490007719539948,0.200000000000001);
#1594=SURFACE_STYLE_USAGE(.BOTH.,#3157);
#1595=FACE_OUTER_BOUND('',#3158,.T.);
#1596=TOROIDAL_SURFACE('',#3159,0.490007719539948,0.200000000000001);
#1597=SURFACE_STYLE_USAGE(.BOTH.,#3160);
#1598=FACE_OUTER_BOUND('',#3161,.T.);
#1599=TOROIDAL_SURFACE('',#3162,0.490007719539948,0.200000000000001);
#1600=SURFACE_STYLE_USAGE(.BOTH.,#3163);
#1601=FACE_OUTER_BOUND('',#3164,.T.);
#1602=TOROIDAL_SURFACE('',#3165,0.490007719539948,0.200000000000001);
#1603=SURFACE_STYLE_USAGE(.BOTH.,#3166);
#1604=FACE_OUTER_BOUND('',#3167,.T.);
#1605=TOROIDAL_SURFACE('',#3168,0.490007719539948,0.200000000000001);
#1606=SURFACE_STYLE_USAGE(.BOTH.,#3169);
#1607=FACE_OUTER_BOUND('',#3170,.T.);
#1608=CONICAL_SURFACE('',#3171,0.64,0.785398163397448);
#1609=SURFACE_STYLE_USAGE(.BOTH.,#3172);
#1610=FACE_OUTER_BOUND('',#3173,.T.);
#1611=TOROIDAL_SURFACE('',#3174,0.45,0.149999999999999);
#1612=SURFACE_STYLE_USAGE(.BOTH.,#3175);
#1613=FACE_OUTER_BOUND('',#3176,.T.);
#1614=CYLINDRICAL_SURFACE('',#3177,0.3);
#1615=SURFACE_STYLE_USAGE(.BOTH.,#3178);
#1616=FACE_OUTER_BOUND('',#3179,.T.);
#1617=CYLINDRICAL_SURFACE('',#3180,0.74);
#1618=SURFACE_STYLE_USAGE(.BOTH.,#3181);
#1619=FACE_OUTER_BOUND('',#3182,.T.);
#1620=CYLINDRICAL_SURFACE('',#3183,0.825);
#1621=SURFACE_STYLE_USAGE(.BOTH.,#3184);
#1622=FACE_OUTER_BOUND('',#3185,.T.);
#1623=CONICAL_SURFACE('',#3186,0.64,0.785398163397448);
#1624=SURFACE_STYLE_USAGE(.BOTH.,#3187);
#1625=FACE_OUTER_BOUND('',#3188,.T.);
#1626=TOROIDAL_SURFACE('',#3189,0.45,0.149999999999999);
#1627=SURFACE_STYLE_USAGE(.BOTH.,#3190);
#1628=FACE_OUTER_BOUND('',#3191,.T.);
#1629=CYLINDRICAL_SURFACE('',#3192,0.3);
#1630=SURFACE_STYLE_USAGE(.BOTH.,#3193);
#1631=FACE_OUTER_BOUND('',#3194,.T.);
#1632=CYLINDRICAL_SURFACE('',#3195,0.74);
#1633=SURFACE_STYLE_USAGE(.BOTH.,#3196);
#1634=FACE_OUTER_BOUND('',#3197,.T.);
#1635=CYLINDRICAL_SURFACE('',#3198,0.825);
#1636=SURFACE_STYLE_USAGE(.BOTH.,#3199);
#1637=FACE_OUTER_BOUND('',#3200,.T.);
#1638=CONICAL_SURFACE('',#3201,0.64,0.785398163397448);
#1639=SURFACE_STYLE_USAGE(.BOTH.,#3202);
#1640=FACE_OUTER_BOUND('',#3203,.T.);
#1641=TOROIDAL_SURFACE('',#3204,0.45,0.149999999999999);
#1642=SURFACE_STYLE_USAGE(.BOTH.,#3205);
#1643=FACE_OUTER_BOUND('',#3206,.T.);
#1644=CYLINDRICAL_SURFACE('',#3207,0.3);
#1645=SURFACE_STYLE_USAGE(.BOTH.,#3208);
#1646=FACE_OUTER_BOUND('',#3209,.T.);
#1647=CYLINDRICAL_SURFACE('',#3210,0.74);
#1648=SURFACE_STYLE_USAGE(.BOTH.,#3211);
#1649=FACE_OUTER_BOUND('',#3212,.T.);
#1650=CYLINDRICAL_SURFACE('',#3213,0.825);
#1651=SURFACE_STYLE_USAGE(.BOTH.,#3214);
#1652=FACE_OUTER_BOUND('',#3215,.T.);
#1653=CONICAL_SURFACE('',#3216,0.64,0.785398163397448);
#1654=SURFACE_STYLE_USAGE(.BOTH.,#3217);
#1655=FACE_OUTER_BOUND('',#3218,.T.);
#1656=TOROIDAL_SURFACE('',#3219,0.45,0.149999999999999);
#1657=SURFACE_STYLE_USAGE(.BOTH.,#3220);
#1658=FACE_OUTER_BOUND('',#3221,.T.);
#1659=CYLINDRICAL_SURFACE('',#3222,0.3);
#1660=SURFACE_STYLE_USAGE(.BOTH.,#3223);
#1661=FACE_OUTER_BOUND('',#3224,.T.);
#1662=CYLINDRICAL_SURFACE('',#3225,0.74);
#1663=SURFACE_STYLE_USAGE(.BOTH.,#3226);
#1664=FACE_OUTER_BOUND('',#3227,.T.);
#1665=CYLINDRICAL_SURFACE('',#3228,0.825);
#1666=SURFACE_STYLE_USAGE(.BOTH.,#3229);
#1667=FACE_OUTER_BOUND('',#3230,.T.);
#1668=CONICAL_SURFACE('',#3231,0.64,0.785398163397448);
#1669=SURFACE_STYLE_USAGE(.BOTH.,#3232);
#1670=FACE_OUTER_BOUND('',#3233,.T.);
#1671=TOROIDAL_SURFACE('',#3234,0.45,0.149999999999999);
#1672=SURFACE_STYLE_USAGE(.BOTH.,#3235);
#1673=FACE_OUTER_BOUND('',#3236,.T.);
#1674=CYLINDRICAL_SURFACE('',#3237,0.3);
#1675=SURFACE_STYLE_USAGE(.BOTH.,#3238);
#1676=FACE_OUTER_BOUND('',#3239,.T.);
#1677=CYLINDRICAL_SURFACE('',#3240,0.74);
#1678=SURFACE_STYLE_USAGE(.BOTH.,#3241);
#1679=FACE_OUTER_BOUND('',#3242,.T.);
#1680=CYLINDRICAL_SURFACE('',#3243,0.825);
#1681=SURFACE_STYLE_USAGE(.BOTH.,#3244);
#1682=FACE_OUTER_BOUND('',#3245,.T.);
#1683=CONICAL_SURFACE('',#3246,0.64,0.785398163397448);
#1684=SURFACE_STYLE_USAGE(.BOTH.,#3247);
#1685=FACE_OUTER_BOUND('',#3248,.T.);
#1686=TOROIDAL_SURFACE('',#3249,0.45,0.149999999999999);
#1687=SURFACE_STYLE_USAGE(.BOTH.,#3250);
#1688=FACE_OUTER_BOUND('',#3251,.T.);
#1689=CYLINDRICAL_SURFACE('',#3252,0.3);
#1690=SURFACE_STYLE_USAGE(.BOTH.,#3253);
#1691=FACE_OUTER_BOUND('',#3254,.T.);
#1692=CYLINDRICAL_SURFACE('',#3255,0.74);
#1693=SURFACE_STYLE_USAGE(.BOTH.,#3256);
#1694=FACE_OUTER_BOUND('',#3257,.T.);
#1695=CYLINDRICAL_SURFACE('',#3258,0.825);
#1696=SURFACE_STYLE_USAGE(.BOTH.,#3259);
#1697=FACE_OUTER_BOUND('',#3260,.T.);
#1698=CONICAL_SURFACE('',#3261,0.64,0.785398163397448);
#1699=SURFACE_STYLE_USAGE(.BOTH.,#3262);
#1700=FACE_OUTER_BOUND('',#3263,.T.);
#1701=TOROIDAL_SURFACE('',#3264,0.45,0.149999999999999);
#1702=SURFACE_STYLE_USAGE(.BOTH.,#3265);
#1703=FACE_OUTER_BOUND('',#3266,.T.);
#1704=CYLINDRICAL_SURFACE('',#3267,0.3);
#1705=SURFACE_STYLE_USAGE(.BOTH.,#3268);
#1706=FACE_OUTER_BOUND('',#3269,.T.);
#1707=CYLINDRICAL_SURFACE('',#3270,0.74);
#1708=SURFACE_STYLE_USAGE(.BOTH.,#3271);
#1709=FACE_OUTER_BOUND('',#3272,.T.);
#1710=CYLINDRICAL_SURFACE('',#3273,0.825);
#1711=SURFACE_STYLE_USAGE(.BOTH.,#3274);
#1712=FACE_OUTER_BOUND('',#3275,.T.);
#1713=CONICAL_SURFACE('',#3276,0.64,0.785398163397448);
#1714=SURFACE_STYLE_USAGE(.BOTH.,#3277);
#1715=FACE_OUTER_BOUND('',#3278,.T.);
#1716=TOROIDAL_SURFACE('',#3279,0.45,0.149999999999999);
#1717=SURFACE_STYLE_USAGE(.BOTH.,#3280);
#1718=FACE_OUTER_BOUND('',#3281,.T.);
#1719=CYLINDRICAL_SURFACE('',#3282,0.3);
#1720=SURFACE_STYLE_USAGE(.BOTH.,#3283);
#1721=FACE_OUTER_BOUND('',#3284,.T.);
#1722=CYLINDRICAL_SURFACE('',#3285,0.74);
#1723=SURFACE_STYLE_USAGE(.BOTH.,#3286);
#1724=FACE_OUTER_BOUND('',#3287,.T.);
#1725=CYLINDRICAL_SURFACE('',#3288,0.825);
#1726=SURFACE_STYLE_USAGE(.BOTH.,#3289);
#1727=FACE_OUTER_BOUND('',#3290,.T.);
#1728=CONICAL_SURFACE('',#3291,0.64,0.785398163397448);
#1729=SURFACE_STYLE_USAGE(.BOTH.,#3292);
#1730=FACE_OUTER_BOUND('',#3293,.T.);
#1731=TOROIDAL_SURFACE('',#3294,0.45,0.149999999999999);
#1732=SURFACE_STYLE_USAGE(.BOTH.,#3295);
#1733=FACE_OUTER_BOUND('',#3296,.T.);
#1734=CYLINDRICAL_SURFACE('',#3297,0.3);
#1735=SURFACE_STYLE_USAGE(.BOTH.,#3298);
#1736=FACE_OUTER_BOUND('',#3299,.T.);
#1737=CYLINDRICAL_SURFACE('',#3300,0.74);
#1738=SURFACE_STYLE_USAGE(.BOTH.,#3301);
#1739=FACE_OUTER_BOUND('',#3302,.T.);
#1740=CYLINDRICAL_SURFACE('',#3303,0.825);
#1741=SURFACE_STYLE_USAGE(.BOTH.,#3304);
#1742=FACE_OUTER_BOUND('',#3305,.T.);
#1743=CONICAL_SURFACE('',#3306,0.64,0.785398163397448);
#1744=SURFACE_STYLE_USAGE(.BOTH.,#3307);
#1745=FACE_OUTER_BOUND('',#3308,.T.);
#1746=TOROIDAL_SURFACE('',#3309,0.45,0.149999999999999);
#1747=SURFACE_STYLE_USAGE(.BOTH.,#3310);
#1748=FACE_OUTER_BOUND('',#3311,.T.);
#1749=CYLINDRICAL_SURFACE('',#3312,0.3);
#1750=SURFACE_STYLE_USAGE(.BOTH.,#3313);
#1751=FACE_OUTER_BOUND('',#3314,.T.);
#1752=CYLINDRICAL_SURFACE('',#3315,0.74);
#1753=SURFACE_STYLE_USAGE(.BOTH.,#3316);
#1754=FACE_OUTER_BOUND('',#3317,.T.);
#1755=CYLINDRICAL_SURFACE('',#3318,0.825);
#1756=SURFACE_STYLE_USAGE(.BOTH.,#3319);
#1757=FACE_OUTER_BOUND('',#3320,.T.);
#1758=TOROIDAL_SURFACE('',#3321,0.490007719539948,0.200000000000001);
#1759=SURFACE_STYLE_USAGE(.BOTH.,#3322);
#1760=FACE_OUTER_BOUND('',#3323,.T.);
#1761=CONICAL_SURFACE('',#3324,0.362355714018147,1.40080125765056);
#1762=SURFACE_STYLE_USAGE(.BOTH.,#3325);
#1763=FACE_OUTER_BOUND('',#3326,.T.);
#1764=CONICAL_SURFACE('',#3327,0.529862698656095,0.140319165524607);
#1765=SURFACE_STYLE_USAGE(.BOTH.,#3328);
#1766=FACE_OUTER_BOUND('',#3329,.T.);
#1767=CYLINDRICAL_SURFACE('',#3330,0.65);
#1768=SURFACE_STYLE_USAGE(.BOTH.,#3331);
#1769=FACE_OUTER_BOUND('',#3332,.T.);
#1770=CONICAL_SURFACE('',#3333,0.325,1.04719755119661);
#1771=SURFACE_STYLE_USAGE(.BOTH.,#3334);
#1772=FACE_OUTER_BOUND('',#3335,.T.);
#1773=CYLINDRICAL_SURFACE('',#3336,0.74);
#1774=SURFACE_STYLE_USAGE(.BOTH.,#3337);
#1775=FACE_OUTER_BOUND('',#3338,.T.);
#1776=CONICAL_SURFACE('',#3339,0.695,0.785398163397448);
#1777=SURFACE_STYLE_USAGE(.BOTH.,#3340);
#1778=FACE_OUTER_BOUND('',#3341,.T.);
#1779=CYLINDRICAL_SURFACE('',#3342,0.65);
#1780=SURFACE_STYLE_USAGE(.BOTH.,#3343);
#1781=FACE_OUTER_BOUND('',#3344,.T.);
#1782=CONICAL_SURFACE('',#3345,0.565,0.95993108859691);
#1783=SURFACE_STYLE_USAGE(.BOTH.,#3346);
#1784=FACE_OUTER_BOUND('',#3347,.T.);
#1785=CYLINDRICAL_SURFACE('',#3348,0.52);
#1786=SURFACE_STYLE_USAGE(.BOTH.,#3349);
#1787=FACE_OUTER_BOUND('',#3350,.T.);
#1788=CONICAL_SURFACE('',#3351,0.40644529965884,0.144008762885119);
#1789=SURFACE_STYLE_USAGE(.BOTH.,#3352);
#1790=FACE_OUTER_BOUND('',#3353,.T.);
#1791=TOROIDAL_SURFACE('',#3354,0.490007719539948,0.200000000000001);
#1792=SURFACE_STYLE_USAGE(.BOTH.,#3355);
#1793=FACE_OUTER_BOUND('',#3356,.T.);
#1794=CONICAL_SURFACE('',#3357,0.362355714018147,1.40080125765056);
#1795=SURFACE_STYLE_USAGE(.BOTH.,#3358);
#1796=FACE_OUTER_BOUND('',#3359,.T.);
#1797=CONICAL_SURFACE('',#3360,0.529862698656095,0.140319165524607);
#1798=SURFACE_STYLE_USAGE(.BOTH.,#3361);
#1799=FACE_OUTER_BOUND('',#3362,.T.);
#1800=CYLINDRICAL_SURFACE('',#3363,0.65);
#1801=SURFACE_STYLE_USAGE(.BOTH.,#3364);
#1802=FACE_OUTER_BOUND('',#3365,.T.);
#1803=CONICAL_SURFACE('',#3366,0.325,1.04719755119661);
#1804=SURFACE_STYLE_USAGE(.BOTH.,#3367);
#1805=FACE_OUTER_BOUND('',#3368,.T.);
#1806=CYLINDRICAL_SURFACE('',#3369,0.74);
#1807=SURFACE_STYLE_USAGE(.BOTH.,#3370);
#1808=FACE_OUTER_BOUND('',#3371,.T.);
#1809=CONICAL_SURFACE('',#3372,0.695,0.785398163397448);
#1810=SURFACE_STYLE_USAGE(.BOTH.,#3373);
#1811=FACE_OUTER_BOUND('',#3374,.T.);
#1812=CYLINDRICAL_SURFACE('',#3375,0.65);
#1813=SURFACE_STYLE_USAGE(.BOTH.,#3376);
#1814=FACE_OUTER_BOUND('',#3377,.T.);
#1815=CONICAL_SURFACE('',#3378,0.565,0.95993108859691);
#1816=SURFACE_STYLE_USAGE(.BOTH.,#3379);
#1817=FACE_OUTER_BOUND('',#3380,.T.);
#1818=CYLINDRICAL_SURFACE('',#3381,0.52);
#1819=SURFACE_STYLE_USAGE(.BOTH.,#3382);
#1820=FACE_OUTER_BOUND('',#3383,.T.);
#1821=CONICAL_SURFACE('',#3384,0.40644529965884,0.144008762885119);
#1822=SURFACE_STYLE_USAGE(.BOTH.,#3385);
#1823=FACE_OUTER_BOUND('',#3386,.T.);
#1824=TOROIDAL_SURFACE('',#3387,0.490007719539948,0.200000000000001);
#1825=SURFACE_STYLE_USAGE(.BOTH.,#3388);
#1826=FACE_OUTER_BOUND('',#3389,.T.);
#1827=CONICAL_SURFACE('',#3390,0.362355714018147,1.40080125765056);
#1828=SURFACE_STYLE_USAGE(.BOTH.,#3391);
#1829=FACE_OUTER_BOUND('',#3392,.T.);
#1830=CONICAL_SURFACE('',#3393,0.529862698656095,0.140319165524607);
#1831=SURFACE_STYLE_USAGE(.BOTH.,#3394);
#1832=FACE_OUTER_BOUND('',#3395,.T.);
#1833=CYLINDRICAL_SURFACE('',#3396,0.65);
#1834=SURFACE_STYLE_USAGE(.BOTH.,#3397);
#1835=FACE_OUTER_BOUND('',#3398,.T.);
#1836=CONICAL_SURFACE('',#3399,0.325,1.04719755119661);
#1837=SURFACE_STYLE_USAGE(.BOTH.,#3400);
#1838=FACE_OUTER_BOUND('',#3401,.T.);
#1839=CYLINDRICAL_SURFACE('',#3402,0.74);
#1840=SURFACE_STYLE_USAGE(.BOTH.,#3403);
#1841=FACE_OUTER_BOUND('',#3404,.T.);
#1842=CONICAL_SURFACE('',#3405,0.695,0.785398163397448);
#1843=SURFACE_STYLE_USAGE(.BOTH.,#3406);
#1844=FACE_OUTER_BOUND('',#3407,.T.);
#1845=CYLINDRICAL_SURFACE('',#3408,0.65);
#1846=SURFACE_STYLE_USAGE(.BOTH.,#3409);
#1847=FACE_OUTER_BOUND('',#3410,.T.);
#1848=CONICAL_SURFACE('',#3411,0.565,0.95993108859691);
#1849=SURFACE_STYLE_USAGE(.BOTH.,#3412);
#1850=FACE_OUTER_BOUND('',#3413,.T.);
#1851=CYLINDRICAL_SURFACE('',#3414,0.52);
#1852=SURFACE_STYLE_USAGE(.BOTH.,#3415);
#1853=FACE_OUTER_BOUND('',#3416,.T.);
#1854=CONICAL_SURFACE('',#3417,0.40644529965884,0.144008762885119);
#1855=SURFACE_STYLE_USAGE(.BOTH.,#3418);
#1856=FACE_OUTER_BOUND('',#3419,.T.);
#1857=TOROIDAL_SURFACE('',#3420,0.490007719539948,0.200000000000001);
#1858=SURFACE_STYLE_USAGE(.BOTH.,#3421);
#1859=FACE_OUTER_BOUND('',#3422,.T.);
#1860=CONICAL_SURFACE('',#3423,0.362355714018147,1.40080125765056);
#1861=SURFACE_STYLE_USAGE(.BOTH.,#3424);
#1862=FACE_OUTER_BOUND('',#3425,.T.);
#1863=CONICAL_SURFACE('',#3426,0.529862698656095,0.140319165524607);
#1864=SURFACE_STYLE_USAGE(.BOTH.,#3427);
#1865=FACE_OUTER_BOUND('',#3428,.T.);
#1866=CYLINDRICAL_SURFACE('',#3429,0.65);
#1867=SURFACE_STYLE_USAGE(.BOTH.,#3430);
#1868=FACE_OUTER_BOUND('',#3431,.T.);
#1869=CONICAL_SURFACE('',#3432,0.325,1.04719755119661);
#1870=SURFACE_STYLE_USAGE(.BOTH.,#3433);
#1871=FACE_OUTER_BOUND('',#3434,.T.);
#1872=CYLINDRICAL_SURFACE('',#3435,0.74);
#1873=SURFACE_STYLE_USAGE(.BOTH.,#3436);
#1874=FACE_OUTER_BOUND('',#3437,.T.);
#1875=CONICAL_SURFACE('',#3438,0.695,0.785398163397448);
#1876=SURFACE_STYLE_USAGE(.BOTH.,#3439);
#1877=FACE_OUTER_BOUND('',#3440,.T.);
#1878=CYLINDRICAL_SURFACE('',#3441,0.65);
#1879=SURFACE_STYLE_USAGE(.BOTH.,#3442);
#1880=FACE_OUTER_BOUND('',#3443,.T.);
#1881=CONICAL_SURFACE('',#3444,0.565,0.95993108859691);
#1882=SURFACE_STYLE_USAGE(.BOTH.,#3445);
#1883=FACE_OUTER_BOUND('',#3446,.T.);
#1884=CYLINDRICAL_SURFACE('',#3447,0.52);
#1885=SURFACE_STYLE_USAGE(.BOTH.,#3448);
#1886=FACE_OUTER_BOUND('',#3449,.T.);
#1887=CONICAL_SURFACE('',#3450,0.40644529965884,0.144008762885119);
#1888=SURFACE_STYLE_USAGE(.BOTH.,#3451);
#1889=FACE_OUTER_BOUND('',#3452,.T.);
#1890=TOROIDAL_SURFACE('',#3453,0.490007719539948,0.200000000000001);
#1891=SURFACE_STYLE_USAGE(.BOTH.,#3454);
#1892=FACE_OUTER_BOUND('',#3455,.T.);
#1893=CONICAL_SURFACE('',#3456,0.362355714018147,1.40080125765056);
#1894=SURFACE_STYLE_USAGE(.BOTH.,#3457);
#1895=FACE_OUTER_BOUND('',#3458,.T.);
#1896=CONICAL_SURFACE('',#3459,0.529862698656095,0.140319165524607);
#1897=SURFACE_STYLE_USAGE(.BOTH.,#3460);
#1898=FACE_OUTER_BOUND('',#3461,.T.);
#1899=CYLINDRICAL_SURFACE('',#3462,0.65);
#1900=SURFACE_STYLE_USAGE(.BOTH.,#3463);
#1901=FACE_OUTER_BOUND('',#3464,.T.);
#1902=CONICAL_SURFACE('',#3465,0.325,1.04719755119661);
#1903=SURFACE_STYLE_USAGE(.BOTH.,#3466);
#1904=FACE_OUTER_BOUND('',#3467,.T.);
#1905=CYLINDRICAL_SURFACE('',#3468,0.74);
#1906=SURFACE_STYLE_USAGE(.BOTH.,#3469);
#1907=FACE_OUTER_BOUND('',#3470,.T.);
#1908=CONICAL_SURFACE('',#3471,0.695,0.785398163397448);
#1909=SURFACE_STYLE_USAGE(.BOTH.,#3472);
#1910=FACE_OUTER_BOUND('',#3473,.T.);
#1911=CYLINDRICAL_SURFACE('',#3474,0.65);
#1912=SURFACE_STYLE_USAGE(.BOTH.,#3475);
#1913=FACE_OUTER_BOUND('',#3476,.T.);
#1914=CONICAL_SURFACE('',#3477,0.565,0.95993108859691);
#1915=SURFACE_STYLE_USAGE(.BOTH.,#3478);
#1916=FACE_OUTER_BOUND('',#3479,.T.);
#1917=CYLINDRICAL_SURFACE('',#3480,0.52);
#1918=SURFACE_STYLE_USAGE(.BOTH.,#3481);
#1919=FACE_OUTER_BOUND('',#3482,.T.);
#1920=CONICAL_SURFACE('',#3483,0.40644529965884,0.144008762885119);
#1921=SURFACE_STYLE_USAGE(.BOTH.,#3484);
#1922=FACE_OUTER_BOUND('',#3485,.T.);
#1923=TOROIDAL_SURFACE('',#3486,0.490007719539948,0.200000000000001);
#1924=SURFACE_STYLE_USAGE(.BOTH.,#3487);
#1925=FACE_OUTER_BOUND('',#3488,.T.);
#1926=CONICAL_SURFACE('',#3489,0.362355714018147,1.40080125765056);
#1927=SURFACE_STYLE_USAGE(.BOTH.,#3490);
#1928=FACE_OUTER_BOUND('',#3491,.T.);
#1929=CONICAL_SURFACE('',#3492,0.529862698656095,0.140319165524607);
#1930=SURFACE_STYLE_USAGE(.BOTH.,#3493);
#1931=FACE_OUTER_BOUND('',#3494,.T.);
#1932=CYLINDRICAL_SURFACE('',#3495,0.65);
#1933=SURFACE_STYLE_USAGE(.BOTH.,#3496);
#1934=FACE_OUTER_BOUND('',#3497,.T.);
#1935=CONICAL_SURFACE('',#3498,0.325,1.04719755119661);
#1936=SURFACE_STYLE_USAGE(.BOTH.,#3499);
#1937=FACE_OUTER_BOUND('',#3500,.T.);
#1938=CYLINDRICAL_SURFACE('',#3501,0.74);
#1939=SURFACE_STYLE_USAGE(.BOTH.,#3502);
#1940=FACE_OUTER_BOUND('',#3503,.T.);
#1941=CONICAL_SURFACE('',#3504,0.695,0.785398163397448);
#1942=SURFACE_STYLE_USAGE(.BOTH.,#3505);
#1943=FACE_OUTER_BOUND('',#3506,.T.);
#1944=CYLINDRICAL_SURFACE('',#3507,0.65);
#1945=SURFACE_STYLE_USAGE(.BOTH.,#3508);
#1946=FACE_OUTER_BOUND('',#3509,.T.);
#1947=CONICAL_SURFACE('',#3510,0.565,0.95993108859691);
#1948=SURFACE_STYLE_USAGE(.BOTH.,#3511);
#1949=FACE_OUTER_BOUND('',#3512,.T.);
#1950=CYLINDRICAL_SURFACE('',#3513,0.52);
#1951=SURFACE_STYLE_USAGE(.BOTH.,#3514);
#1952=FACE_OUTER_BOUND('',#3515,.T.);
#1953=CONICAL_SURFACE('',#3516,0.40644529965884,0.144008762885119);
#1954=SURFACE_STYLE_USAGE(.BOTH.,#3517);
#1955=FACE_OUTER_BOUND('',#3518,.T.);
#1956=TOROIDAL_SURFACE('',#3519,0.490007719539948,0.200000000000001);
#1957=SURFACE_STYLE_USAGE(.BOTH.,#3520);
#1958=FACE_OUTER_BOUND('',#3521,.T.);
#1959=CONICAL_SURFACE('',#3522,0.362355714018147,1.40080125765056);
#1960=SURFACE_STYLE_USAGE(.BOTH.,#3523);
#1961=FACE_OUTER_BOUND('',#3524,.T.);
#1962=CONICAL_SURFACE('',#3525,0.529862698656095,0.140319165524607);
#1963=SURFACE_STYLE_USAGE(.BOTH.,#3526);
#1964=FACE_OUTER_BOUND('',#3527,.T.);
#1965=CYLINDRICAL_SURFACE('',#3528,0.65);
#1966=SURFACE_STYLE_USAGE(.BOTH.,#3529);
#1967=FACE_OUTER_BOUND('',#3530,.T.);
#1968=CONICAL_SURFACE('',#3531,0.325,1.04719755119661);
#1969=SURFACE_STYLE_USAGE(.BOTH.,#3532);
#1970=FACE_OUTER_BOUND('',#3533,.T.);
#1971=CYLINDRICAL_SURFACE('',#3534,0.74);
#1972=SURFACE_STYLE_USAGE(.BOTH.,#3535);
#1973=FACE_OUTER_BOUND('',#3536,.T.);
#1974=CONICAL_SURFACE('',#3537,0.695,0.785398163397448);
#1975=SURFACE_STYLE_USAGE(.BOTH.,#3538);
#1976=FACE_OUTER_BOUND('',#3539,.T.);
#1977=CYLINDRICAL_SURFACE('',#3540,0.65);
#1978=SURFACE_STYLE_USAGE(.BOTH.,#3541);
#1979=FACE_OUTER_BOUND('',#3542,.T.);
#1980=CONICAL_SURFACE('',#3543,0.565,0.95993108859691);
#1981=SURFACE_STYLE_USAGE(.BOTH.,#3544);
#1982=FACE_OUTER_BOUND('',#3545,.T.);
#1983=CYLINDRICAL_SURFACE('',#3546,0.52);
#1984=SURFACE_STYLE_USAGE(.BOTH.,#3547);
#1985=FACE_OUTER_BOUND('',#3548,.T.);
#1986=CONICAL_SURFACE('',#3549,0.40644529965884,0.144008762885119);
#1987=SURFACE_STYLE_USAGE(.BOTH.,#3550);
#1988=FACE_OUTER_BOUND('',#3551,.T.);
#1989=TOROIDAL_SURFACE('',#3552,0.490007719539948,0.200000000000001);
#1990=SURFACE_STYLE_USAGE(.BOTH.,#3553);
#1991=FACE_OUTER_BOUND('',#3554,.T.);
#1992=CONICAL_SURFACE('',#3555,0.362355714018147,1.40080125765056);
#1993=SURFACE_STYLE_USAGE(.BOTH.,#3556);
#1994=FACE_OUTER_BOUND('',#3557,.T.);
#1995=CONICAL_SURFACE('',#3558,0.529862698656095,0.140319165524607);
#1996=SURFACE_STYLE_USAGE(.BOTH.,#3559);
#1997=FACE_OUTER_BOUND('',#3560,.T.);
#1998=CYLINDRICAL_SURFACE('',#3561,0.65);
#1999=SURFACE_STYLE_USAGE(.BOTH.,#3562);
#2000=FACE_OUTER_BOUND('',#3563,.T.);
#2001=CONICAL_SURFACE('',#3564,0.325,1.04719755119661);
#2002=SURFACE_STYLE_USAGE(.BOTH.,#3565);
#2003=FACE_OUTER_BOUND('',#3566,.T.);
#2004=CYLINDRICAL_SURFACE('',#3567,0.74);
#2005=SURFACE_STYLE_USAGE(.BOTH.,#3568);
#2006=FACE_OUTER_BOUND('',#3569,.T.);
#2007=CONICAL_SURFACE('',#3570,0.695,0.785398163397448);
#2008=SURFACE_STYLE_USAGE(.BOTH.,#3571);
#2009=FACE_OUTER_BOUND('',#3572,.T.);
#2010=CYLINDRICAL_SURFACE('',#3573,0.65);
#2011=SURFACE_STYLE_USAGE(.BOTH.,#3574);
#2012=FACE_OUTER_BOUND('',#3575,.T.);
#2013=CONICAL_SURFACE('',#3576,0.565,0.95993108859691);
#2014=SURFACE_STYLE_USAGE(.BOTH.,#3577);
#2015=FACE_OUTER_BOUND('',#3578,.T.);
#2016=CYLINDRICAL_SURFACE('',#3579,0.52);
#2017=SURFACE_STYLE_USAGE(.BOTH.,#3580);
#2018=FACE_OUTER_BOUND('',#3581,.T.);
#2019=CONICAL_SURFACE('',#3582,0.40644529965884,0.144008762885119);
#2020=SURFACE_STYLE_USAGE(.BOTH.,#3583);
#2021=FACE_OUTER_BOUND('',#3584,.T.);
#2022=TOROIDAL_SURFACE('',#3585,0.490007719539948,0.200000000000001);
#2023=SURFACE_STYLE_USAGE(.BOTH.,#3586);
#2024=FACE_OUTER_BOUND('',#3587,.T.);
#2025=CONICAL_SURFACE('',#3588,0.362355714018147,1.40080125765056);
#2026=SURFACE_STYLE_USAGE(.BOTH.,#3589);
#2027=FACE_OUTER_BOUND('',#3590,.T.);
#2028=CONICAL_SURFACE('',#3591,0.529862698656095,0.140319165524607);
#2029=SURFACE_STYLE_USAGE(.BOTH.,#3592);
#2030=FACE_OUTER_BOUND('',#3593,.T.);
#2031=CYLINDRICAL_SURFACE('',#3594,0.65);
#2032=SURFACE_STYLE_USAGE(.BOTH.,#3595);
#2033=FACE_OUTER_BOUND('',#3596,.T.);
#2034=CONICAL_SURFACE('',#3597,0.325,1.04719755119661);
#2035=SURFACE_STYLE_USAGE(.BOTH.,#3598);
#2036=FACE_OUTER_BOUND('',#3599,.T.);
#2037=CYLINDRICAL_SURFACE('',#3600,0.74);
#2038=SURFACE_STYLE_USAGE(.BOTH.,#3601);
#2039=FACE_OUTER_BOUND('',#3602,.T.);
#2040=CONICAL_SURFACE('',#3603,0.695,0.785398163397448);
#2041=SURFACE_STYLE_USAGE(.BOTH.,#3604);
#2042=FACE_OUTER_BOUND('',#3605,.T.);
#2043=CYLINDRICAL_SURFACE('',#3606,0.65);
#2044=SURFACE_STYLE_USAGE(.BOTH.,#3607);
#2045=FACE_OUTER_BOUND('',#3608,.T.);
#2046=CONICAL_SURFACE('',#3609,0.565,0.95993108859691);
#2047=SURFACE_STYLE_USAGE(.BOTH.,#3610);
#2048=FACE_OUTER_BOUND('',#3611,.T.);
#2049=CYLINDRICAL_SURFACE('',#3612,0.52);
#2050=SURFACE_STYLE_USAGE(.BOTH.,#3613);
#2051=FACE_OUTER_BOUND('',#3614,.T.);
#2052=CONICAL_SURFACE('',#3615,0.40644529965884,0.144008762885119);
#2053=SURFACE_STYLE_USAGE(.BOTH.,#3616);
#2054=FACE_OUTER_BOUND('',#3617,.T.);
#2055=TOROIDAL_SURFACE('',#3618,0.490007719539948,0.200000000000001);
#2056=SURFACE_STYLE_USAGE(.BOTH.,#3619);
#2057=FACE_OUTER_BOUND('',#3620,.T.);
#2058=CONICAL_SURFACE('',#3621,0.362355714018147,1.40080125765056);
#2059=SURFACE_STYLE_USAGE(.BOTH.,#3622);
#2060=FACE_OUTER_BOUND('',#3623,.T.);
#2061=CONICAL_SURFACE('',#3624,0.529862698656095,0.140319165524607);
#2062=SURFACE_STYLE_USAGE(.BOTH.,#3625);
#2063=FACE_OUTER_BOUND('',#3626,.T.);
#2064=CYLINDRICAL_SURFACE('',#3627,0.65);
#2065=SURFACE_STYLE_USAGE(.BOTH.,#3628);
#2066=FACE_OUTER_BOUND('',#3629,.T.);
#2067=CONICAL_SURFACE('',#3630,0.325,1.04719755119661);
#2068=SURFACE_STYLE_USAGE(.BOTH.,#3631);
#2069=FACE_OUTER_BOUND('',#3632,.T.);
#2070=CYLINDRICAL_SURFACE('',#3633,0.74);
#2071=SURFACE_STYLE_USAGE(.BOTH.,#3634);
#2072=FACE_OUTER_BOUND('',#3635,.T.);
#2073=CONICAL_SURFACE('',#3636,0.695,0.785398163397448);
#2074=SURFACE_STYLE_USAGE(.BOTH.,#3637);
#2075=FACE_OUTER_BOUND('',#3638,.T.);
#2076=CYLINDRICAL_SURFACE('',#3639,0.65);
#2077=SURFACE_STYLE_USAGE(.BOTH.,#3640);
#2078=FACE_OUTER_BOUND('',#3641,.T.);
#2079=CONICAL_SURFACE('',#3642,0.565,0.95993108859691);
#2080=SURFACE_STYLE_USAGE(.BOTH.,#3643);
#2081=FACE_OUTER_BOUND('',#3644,.T.);
#2082=CYLINDRICAL_SURFACE('',#3645,0.52);
#2083=SURFACE_STYLE_USAGE(.BOTH.,#3646);
#2084=FACE_OUTER_BOUND('',#3647,.T.);
#2085=CONICAL_SURFACE('',#3648,0.40644529965884,0.144008762885119);
#2086=SURFACE_STYLE_USAGE(.BOTH.,#3649);
#2087=FACE_OUTER_BOUND('',#3650,.T.);
#2088=CONICAL_SURFACE('',#3651,0.40644529965884,0.144008762885119);
#2089=SURFACE_STYLE_USAGE(.BOTH.,#3652);
#2090=FACE_OUTER_BOUND('',#3653,.T.);
#2091=CYLINDRICAL_SURFACE('',#3654,0.52);
#2092=SURFACE_STYLE_USAGE(.BOTH.,#3655);
#2093=FACE_OUTER_BOUND('',#3656,.T.);
#2094=CONICAL_SURFACE('',#3657,0.565,0.95993108859691);
#2095=SURFACE_STYLE_USAGE(.BOTH.,#3658);
#2096=FACE_OUTER_BOUND('',#3659,.T.);
#2097=FACE_BOUND('',#3660,.T.);
#2098=PLANE('',#3661);
#2099=SURFACE_STYLE_USAGE(.BOTH.,#3662);
#2100=FACE_OUTER_BOUND('',#3663,.T.);
#2101=CYLINDRICAL_SURFACE('',#3664,0.65);
#2102=SURFACE_STYLE_USAGE(.BOTH.,#3665);
#2103=FACE_OUTER_BOUND('',#3666,.T.);
#2104=CONICAL_SURFACE('',#3667,0.695,0.785398163397448);
#2105=SURFACE_STYLE_USAGE(.BOTH.,#3668);
#2106=FACE_OUTER_BOUND('',#3669,.T.);
#2107=CYLINDRICAL_SURFACE('',#3670,0.74);
#2108=SURFACE_STYLE_USAGE(.BOTH.,#3671);
#2109=FACE_OUTER_BOUND('',#3672,.T.);
#2110=CONICAL_SURFACE('',#3673,0.325,1.04719755119661);
#2111=SURFACE_STYLE_USAGE(.BOTH.,#3674);
#2112=FACE_OUTER_BOUND('',#3675,.T.);
#2113=CYLINDRICAL_SURFACE('',#3676,0.65);
#2114=SURFACE_STYLE_USAGE(.BOTH.,#3677);
#2115=FACE_OUTER_BOUND('',#3678,.T.);
#2116=CONICAL_SURFACE('',#3679,0.529862698656095,0.140319165524607);
#2117=SURFACE_STYLE_USAGE(.BOTH.,#3680);
#2118=FACE_OUTER_BOUND('',#3681,.T.);
#2119=CONICAL_SURFACE('',#3682,0.362355714018147,1.40080125765056);
#2120=SURFACE_STYLE_USAGE(.BOTH.,#3683);
#2121=FACE_OUTER_BOUND('',#3684,.T.);
#2122=TOROIDAL_SURFACE('',#3685,0.490007719539948,0.200000000000001);
#2123=SURFACE_STYLE_USAGE(.BOTH.,#3686);
#2124=FACE_OUTER_BOUND('',#3687,.T.);
#2125=CONICAL_SURFACE('',#3688,0.40644529965884,0.144008762885119);
#2126=SURFACE_STYLE_USAGE(.BOTH.,#3689);
#2127=FACE_OUTER_BOUND('',#3690,.T.);
#2128=CYLINDRICAL_SURFACE('',#3691,0.52);
#2129=SURFACE_STYLE_USAGE(.BOTH.,#3692);
#2130=FACE_OUTER_BOUND('',#3693,.T.);
#2131=CONICAL_SURFACE('',#3694,0.565,0.95993108859691);
#2132=SURFACE_STYLE_USAGE(.BOTH.,#3695);
#2133=FACE_OUTER_BOUND('',#3696,.T.);
#2134=FACE_BOUND('',#3697,.T.);
#2135=PLANE('',#3698);
#2136=SURFACE_STYLE_USAGE(.BOTH.,#3699);
#2137=FACE_OUTER_BOUND('',#3700,.T.);
#2138=CYLINDRICAL_SURFACE('',#3701,0.65);
#2139=SURFACE_STYLE_USAGE(.BOTH.,#3702);
#2140=FACE_OUTER_BOUND('',#3703,.T.);
#2141=CONICAL_SURFACE('',#3704,0.695,0.785398163397448);
#2142=SURFACE_STYLE_USAGE(.BOTH.,#3705);
#2143=FACE_OUTER_BOUND('',#3706,.T.);
#2144=CYLINDRICAL_SURFACE('',#3707,0.74);
#2145=SURFACE_STYLE_USAGE(.BOTH.,#3708);
#2146=FACE_OUTER_BOUND('',#3709,.T.);
#2147=CONICAL_SURFACE('',#3710,0.325,1.04719755119661);
#2148=SURFACE_STYLE_USAGE(.BOTH.,#3711);
#2149=FACE_OUTER_BOUND('',#3712,.T.);
#2150=CYLINDRICAL_SURFACE('',#3713,0.65);
#2151=SURFACE_STYLE_USAGE(.BOTH.,#3714);
#2152=FACE_OUTER_BOUND('',#3715,.T.);
#2153=CONICAL_SURFACE('',#3716,0.529862698656095,0.140319165524607);
#2154=SURFACE_STYLE_USAGE(.BOTH.,#3717);
#2155=FACE_OUTER_BOUND('',#3718,.T.);
#2156=CONICAL_SURFACE('',#3719,0.362355714018147,1.40080125765056);
#2157=SURFACE_STYLE_USAGE(.BOTH.,#3720);
#2158=FACE_OUTER_BOUND('',#3721,.T.);
#2159=TOROIDAL_SURFACE('',#3722,0.490007719539948,0.200000000000001);
#2160=SURFACE_STYLE_USAGE(.BOTH.,#3723);
#2161=FACE_OUTER_BOUND('',#3724,.T.);
#2162=CONICAL_SURFACE('',#3725,0.40644529965884,0.144008762885119);
#2163=SURFACE_STYLE_USAGE(.BOTH.,#3726);
#2164=FACE_OUTER_BOUND('',#3727,.T.);
#2165=CYLINDRICAL_SURFACE('',#3728,0.52);
#2166=SURFACE_STYLE_USAGE(.BOTH.,#3729);
#2167=FACE_OUTER_BOUND('',#3730,.T.);
#2168=CONICAL_SURFACE('',#3731,0.565,0.95993108859691);
#2169=SURFACE_STYLE_USAGE(.BOTH.,#3732);
#2170=FACE_OUTER_BOUND('',#3733,.T.);
#2171=FACE_BOUND('',#3734,.T.);
#2172=PLANE('',#3735);
#2173=SURFACE_STYLE_USAGE(.BOTH.,#3736);
#2174=FACE_OUTER_BOUND('',#3737,.T.);
#2175=CYLINDRICAL_SURFACE('',#3738,0.65);
#2176=SURFACE_STYLE_USAGE(.BOTH.,#3739);
#2177=FACE_OUTER_BOUND('',#3740,.T.);
#2178=CONICAL_SURFACE('',#3741,0.695,0.785398163397448);
#2179=SURFACE_STYLE_USAGE(.BOTH.,#3742);
#2180=FACE_OUTER_BOUND('',#3743,.T.);
#2181=CYLINDRICAL_SURFACE('',#3744,0.74);
#2182=SURFACE_STYLE_USAGE(.BOTH.,#3745);
#2183=FACE_OUTER_BOUND('',#3746,.T.);
#2184=CONICAL_SURFACE('',#3747,0.325,1.04719755119661);
#2185=SURFACE_STYLE_USAGE(.BOTH.,#3748);
#2186=FACE_OUTER_BOUND('',#3749,.T.);
#2187=CYLINDRICAL_SURFACE('',#3750,0.65);
#2188=SURFACE_STYLE_USAGE(.BOTH.,#3751);
#2189=FACE_OUTER_BOUND('',#3752,.T.);
#2190=CONICAL_SURFACE('',#3753,0.529862698656095,0.140319165524607);
#2191=SURFACE_STYLE_USAGE(.BOTH.,#3754);
#2192=FACE_OUTER_BOUND('',#3755,.T.);
#2193=CONICAL_SURFACE('',#3756,0.362355714018147,1.40080125765056);
#2194=SURFACE_STYLE_USAGE(.BOTH.,#3757);
#2195=FACE_OUTER_BOUND('',#3758,.T.);
#2196=TOROIDAL_SURFACE('',#3759,0.490007719539948,0.200000000000001);
#2197=SURFACE_STYLE_USAGE(.BOTH.,#3760);
#2198=FACE_OUTER_BOUND('',#3761,.T.);
#2199=CONICAL_SURFACE('',#3762,0.40644529965884,0.144008762885119);
#2200=SURFACE_STYLE_USAGE(.BOTH.,#3763);
#2201=FACE_OUTER_BOUND('',#3764,.T.);
#2202=CYLINDRICAL_SURFACE('',#3765,0.52);
#2203=SURFACE_STYLE_USAGE(.BOTH.,#3766);
#2204=FACE_OUTER_BOUND('',#3767,.T.);
#2205=CONICAL_SURFACE('',#3768,0.565,0.95993108859691);
#2206=SURFACE_STYLE_USAGE(.BOTH.,#3769);
#2207=FACE_OUTER_BOUND('',#3770,.T.);
#2208=FACE_BOUND('',#3771,.T.);
#2209=PLANE('',#3772);
#2210=SURFACE_STYLE_USAGE(.BOTH.,#3773);
#2211=FACE_OUTER_BOUND('',#3774,.T.);
#2212=CYLINDRICAL_SURFACE('',#3775,0.65);
#2213=SURFACE_STYLE_USAGE(.BOTH.,#3776);
#2214=FACE_OUTER_BOUND('',#3777,.T.);
#2215=CONICAL_SURFACE('',#3778,0.695,0.785398163397448);
#2216=SURFACE_STYLE_USAGE(.BOTH.,#3779);
#2217=FACE_OUTER_BOUND('',#3780,.T.);
#2218=CYLINDRICAL_SURFACE('',#3781,0.74);
#2219=SURFACE_STYLE_USAGE(.BOTH.,#3782);
#2220=FACE_OUTER_BOUND('',#3783,.T.);
#2221=CONICAL_SURFACE('',#3784,0.325,1.04719755119661);
#2222=SURFACE_STYLE_USAGE(.BOTH.,#3785);
#2223=FACE_OUTER_BOUND('',#3786,.T.);
#2224=CYLINDRICAL_SURFACE('',#3787,0.65);
#2225=SURFACE_STYLE_USAGE(.BOTH.,#3788);
#2226=FACE_OUTER_BOUND('',#3789,.T.);
#2227=CONICAL_SURFACE('',#3790,0.529862698656095,0.140319165524607);
#2228=SURFACE_STYLE_USAGE(.BOTH.,#3791);
#2229=FACE_OUTER_BOUND('',#3792,.T.);
#2230=CONICAL_SURFACE('',#3793,0.362355714018147,1.40080125765056);
#2231=SURFACE_STYLE_USAGE(.BOTH.,#3794);
#2232=FACE_OUTER_BOUND('',#3795,.T.);
#2233=TOROIDAL_SURFACE('',#3796,0.490007719539948,0.200000000000001);
#2234=SURFACE_STYLE_USAGE(.BOTH.,#3797);
#2235=FACE_OUTER_BOUND('',#3798,.T.);
#2236=CONICAL_SURFACE('',#3799,0.40644529965884,0.144008762885119);
#2237=SURFACE_STYLE_USAGE(.BOTH.,#3800);
#2238=FACE_OUTER_BOUND('',#3801,.T.);
#2239=CYLINDRICAL_SURFACE('',#3802,0.52);
#2240=SURFACE_STYLE_USAGE(.BOTH.,#3803);
#2241=FACE_OUTER_BOUND('',#3804,.T.);
#2242=CONICAL_SURFACE('',#3805,0.565,0.95993108859691);
#2243=SURFACE_STYLE_USAGE(.BOTH.,#3806);
#2244=FACE_OUTER_BOUND('',#3807,.T.);
#2245=FACE_BOUND('',#3808,.T.);
#2246=PLANE('',#3809);
#2247=SURFACE_STYLE_USAGE(.BOTH.,#3810);
#2248=FACE_OUTER_BOUND('',#3811,.T.);
#2249=CYLINDRICAL_SURFACE('',#3812,0.65);
#2250=SURFACE_STYLE_USAGE(.BOTH.,#3813);
#2251=FACE_OUTER_BOUND('',#3814,.T.);
#2252=CONICAL_SURFACE('',#3815,0.695,0.785398163397448);
#2253=SURFACE_STYLE_USAGE(.BOTH.,#3816);
#2254=FACE_OUTER_BOUND('',#3817,.T.);
#2255=CYLINDRICAL_SURFACE('',#3818,0.74);
#2256=SURFACE_STYLE_USAGE(.BOTH.,#3819);
#2257=FACE_OUTER_BOUND('',#3820,.T.);
#2258=CONICAL_SURFACE('',#3821,0.325,1.04719755119661);
#2259=SURFACE_STYLE_USAGE(.BOTH.,#3822);
#2260=FACE_OUTER_BOUND('',#3823,.T.);
#2261=CYLINDRICAL_SURFACE('',#3824,0.65);
#2262=SURFACE_STYLE_USAGE(.BOTH.,#3825);
#2263=FACE_OUTER_BOUND('',#3826,.T.);
#2264=CONICAL_SURFACE('',#3827,0.529862698656095,0.140319165524607);
#2265=SURFACE_STYLE_USAGE(.BOTH.,#3828);
#2266=FACE_OUTER_BOUND('',#3829,.T.);
#2267=CONICAL_SURFACE('',#3830,0.362355714018147,1.40080125765056);
#2268=SURFACE_STYLE_USAGE(.BOTH.,#3831);
#2269=FACE_OUTER_BOUND('',#3832,.T.);
#2270=TOROIDAL_SURFACE('',#3833,0.490007719539948,0.200000000000001);
#2271=SURFACE_STYLE_USAGE(.BOTH.,#3834);
#2272=FACE_OUTER_BOUND('',#3835,.T.);
#2273=CONICAL_SURFACE('',#3836,0.40644529965884,0.144008762885119);
#2274=SURFACE_STYLE_USAGE(.BOTH.,#3837);
#2275=FACE_OUTER_BOUND('',#3838,.T.);
#2276=CYLINDRICAL_SURFACE('',#3839,0.52);
#2277=SURFACE_STYLE_USAGE(.BOTH.,#3840);
#2278=FACE_OUTER_BOUND('',#3841,.T.);
#2279=CONICAL_SURFACE('',#3842,0.565,0.95993108859691);
#2280=SURFACE_STYLE_USAGE(.BOTH.,#3843);
#2281=FACE_OUTER_BOUND('',#3844,.T.);
#2282=FACE_BOUND('',#3845,.T.);
#2283=PLANE('',#3846);
#2284=SURFACE_STYLE_USAGE(.BOTH.,#3847);
#2285=FACE_OUTER_BOUND('',#3848,.T.);
#2286=CYLINDRICAL_SURFACE('',#3849,0.65);
#2287=SURFACE_STYLE_USAGE(.BOTH.,#3850);
#2288=FACE_OUTER_BOUND('',#3851,.T.);
#2289=CONICAL_SURFACE('',#3852,0.695,0.785398163397448);
#2290=SURFACE_STYLE_USAGE(.BOTH.,#3853);
#2291=FACE_OUTER_BOUND('',#3854,.T.);
#2292=CYLINDRICAL_SURFACE('',#3855,0.74);
#2293=SURFACE_STYLE_USAGE(.BOTH.,#3856);
#2294=FACE_OUTER_BOUND('',#3857,.T.);
#2295=CONICAL_SURFACE('',#3858,0.325,1.04719755119661);
#2296=SURFACE_STYLE_USAGE(.BOTH.,#3859);
#2297=FACE_OUTER_BOUND('',#3860,.T.);
#2298=CYLINDRICAL_SURFACE('',#3861,0.65);
#2299=SURFACE_STYLE_USAGE(.BOTH.,#3862);
#2300=FACE_OUTER_BOUND('',#3863,.T.);
#2301=CONICAL_SURFACE('',#3864,0.529862698656095,0.140319165524607);
#2302=SURFACE_STYLE_USAGE(.BOTH.,#3865);
#2303=FACE_OUTER_BOUND('',#3866,.T.);
#2304=CONICAL_SURFACE('',#3867,0.362355714018147,1.40080125765056);
#2305=SURFACE_STYLE_USAGE(.BOTH.,#3868);
#2306=FACE_OUTER_BOUND('',#3869,.T.);
#2307=TOROIDAL_SURFACE('',#3870,0.490007719539948,0.200000000000001);
#2308=SURFACE_STYLE_USAGE(.BOTH.,#3871);
#2309=FACE_OUTER_BOUND('',#3872,.T.);
#2310=CONICAL_SURFACE('',#3873,0.40644529965884,0.144008762885119);
#2311=SURFACE_STYLE_USAGE(.BOTH.,#3874);
#2312=FACE_OUTER_BOUND('',#3875,.T.);
#2313=CYLINDRICAL_SURFACE('',#3876,0.52);
#2314=SURFACE_STYLE_USAGE(.BOTH.,#3877);
#2315=FACE_OUTER_BOUND('',#3878,.T.);
#2316=CONICAL_SURFACE('',#3879,0.565,0.95993108859691);
#2317=SURFACE_STYLE_USAGE(.BOTH.,#3880);
#2318=FACE_OUTER_BOUND('',#3881,.T.);
#2319=FACE_BOUND('',#3882,.T.);
#2320=PLANE('',#3883);
#2321=SURFACE_STYLE_USAGE(.BOTH.,#3884);
#2322=FACE_OUTER_BOUND('',#3885,.T.);
#2323=CYLINDRICAL_SURFACE('',#3886,0.65);
#2324=SURFACE_STYLE_USAGE(.BOTH.,#3887);
#2325=FACE_OUTER_BOUND('',#3888,.T.);
#2326=CONICAL_SURFACE('',#3889,0.695,0.785398163397448);
#2327=SURFACE_STYLE_USAGE(.BOTH.,#3890);
#2328=FACE_OUTER_BOUND('',#3891,.T.);
#2329=CYLINDRICAL_SURFACE('',#3892,0.74);
#2330=SURFACE_STYLE_USAGE(.BOTH.,#3893);
#2331=FACE_OUTER_BOUND('',#3894,.T.);
#2332=CONICAL_SURFACE('',#3895,0.325,1.04719755119661);
#2333=SURFACE_STYLE_USAGE(.BOTH.,#3896);
#2334=FACE_OUTER_BOUND('',#3897,.T.);
#2335=CYLINDRICAL_SURFACE('',#3898,0.65);
#2336=SURFACE_STYLE_USAGE(.BOTH.,#3899);
#2337=FACE_OUTER_BOUND('',#3900,.T.);
#2338=CONICAL_SURFACE('',#3901,0.529862698656095,0.140319165524607);
#2339=SURFACE_STYLE_USAGE(.BOTH.,#3902);
#2340=FACE_OUTER_BOUND('',#3903,.T.);
#2341=CONICAL_SURFACE('',#3904,0.362355714018147,1.40080125765056);
#2342=SURFACE_STYLE_USAGE(.BOTH.,#3905);
#2343=FACE_OUTER_BOUND('',#3906,.T.);
#2344=TOROIDAL_SURFACE('',#3907,0.490007719539948,0.200000000000001);
#2345=SURFACE_STYLE_USAGE(.BOTH.,#3908);
#2346=FACE_OUTER_BOUND('',#3909,.T.);
#2347=CONICAL_SURFACE('',#3910,0.40644529965884,0.144008762885119);
#2348=SURFACE_STYLE_USAGE(.BOTH.,#3911);
#2349=FACE_OUTER_BOUND('',#3912,.T.);
#2350=CYLINDRICAL_SURFACE('',#3913,0.52);
#2351=SURFACE_STYLE_USAGE(.BOTH.,#3914);
#2352=FACE_OUTER_BOUND('',#3915,.T.);
#2353=CONICAL_SURFACE('',#3916,0.565,0.95993108859691);
#2354=SURFACE_STYLE_USAGE(.BOTH.,#3917);
#2355=FACE_OUTER_BOUND('',#3918,.T.);
#2356=FACE_BOUND('',#3919,.T.);
#2357=PLANE('',#3920);
#2358=SURFACE_STYLE_USAGE(.BOTH.,#3921);
#2359=FACE_OUTER_BOUND('',#3922,.T.);
#2360=CYLINDRICAL_SURFACE('',#3923,0.65);
#2361=SURFACE_STYLE_USAGE(.BOTH.,#3924);
#2362=FACE_OUTER_BOUND('',#3925,.T.);
#2363=CONICAL_SURFACE('',#3926,0.695,0.785398163397448);
#2364=SURFACE_STYLE_USAGE(.BOTH.,#3927);
#2365=FACE_OUTER_BOUND('',#3928,.T.);
#2366=CYLINDRICAL_SURFACE('',#3929,0.74);
#2367=SURFACE_STYLE_USAGE(.BOTH.,#3930);
#2368=FACE_OUTER_BOUND('',#3931,.T.);
#2369=CONICAL_SURFACE('',#3932,0.325,1.04719755119661);
#2370=SURFACE_STYLE_USAGE(.BOTH.,#3933);
#2371=FACE_OUTER_BOUND('',#3934,.T.);
#2372=CYLINDRICAL_SURFACE('',#3935,0.65);
#2373=SURFACE_STYLE_USAGE(.BOTH.,#3936);
#2374=FACE_OUTER_BOUND('',#3937,.T.);
#2375=CONICAL_SURFACE('',#3938,0.529862698656095,0.140319165524607);
#2376=SURFACE_STYLE_USAGE(.BOTH.,#3939);
#2377=FACE_OUTER_BOUND('',#3940,.T.);
#2378=CONICAL_SURFACE('',#3941,0.362355714018147,1.40080125765056);
#2379=SURFACE_STYLE_USAGE(.BOTH.,#3942);
#2380=FACE_OUTER_BOUND('',#3943,.T.);
#2381=TOROIDAL_SURFACE('',#3944,0.490007719539948,0.200000000000001);
#2382=SURFACE_STYLE_USAGE(.BOTH.,#3945);
#2383=FACE_OUTER_BOUND('',#3946,.T.);
#2384=CONICAL_SURFACE('',#3947,0.40644529965884,0.144008762885119);
#2385=SURFACE_STYLE_USAGE(.BOTH.,#3948);
#2386=FACE_OUTER_BOUND('',#3949,.T.);
#2387=CYLINDRICAL_SURFACE('',#3950,0.52);
#2388=SURFACE_STYLE_USAGE(.BOTH.,#3951);
#2389=FACE_OUTER_BOUND('',#3952,.T.);
#2390=CONICAL_SURFACE('',#3953,0.565,0.95993108859691);
#2391=SURFACE_STYLE_USAGE(.BOTH.,#3954);
#2392=FACE_OUTER_BOUND('',#3955,.T.);
#2393=FACE_BOUND('',#3956,.T.);
#2394=PLANE('',#3957);
#2395=SURFACE_STYLE_USAGE(.BOTH.,#3958);
#2396=FACE_OUTER_BOUND('',#3959,.T.);
#2397=CYLINDRICAL_SURFACE('',#3960,0.65);
#2398=SURFACE_STYLE_USAGE(.BOTH.,#3961);
#2399=FACE_OUTER_BOUND('',#3962,.T.);
#2400=CONICAL_SURFACE('',#3963,0.695,0.785398163397448);
#2401=SURFACE_STYLE_USAGE(.BOTH.,#3964);
#2402=FACE_OUTER_BOUND('',#3965,.T.);
#2403=CYLINDRICAL_SURFACE('',#3966,0.74);
#2404=SURFACE_STYLE_USAGE(.BOTH.,#3967);
#2405=FACE_OUTER_BOUND('',#3968,.T.);
#2406=CONICAL_SURFACE('',#3969,0.325,1.04719755119661);
#2407=SURFACE_STYLE_USAGE(.BOTH.,#3970);
#2408=FACE_OUTER_BOUND('',#3971,.T.);
#2409=CYLINDRICAL_SURFACE('',#3972,0.65);
#2410=SURFACE_STYLE_USAGE(.BOTH.,#3973);
#2411=FACE_OUTER_BOUND('',#3974,.T.);
#2412=CONICAL_SURFACE('',#3975,0.529862698656095,0.140319165524607);
#2413=SURFACE_STYLE_USAGE(.BOTH.,#3976);
#2414=FACE_OUTER_BOUND('',#3977,.T.);
#2415=CONICAL_SURFACE('',#3978,0.362355714018147,1.40080125765056);
#2416=SURFACE_STYLE_USAGE(.BOTH.,#3979);
#2417=FACE_OUTER_BOUND('',#3980,.T.);
#2418=TOROIDAL_SURFACE('',#3981,0.490007719539948,0.200000000000001);
#2419=SURFACE_STYLE_USAGE(.BOTH.,#3982);
#2420=FACE_OUTER_BOUND('',#3983,.T.);
#2421=CONICAL_SURFACE('',#3984,0.40644529965884,0.144008762885119);
#2422=SURFACE_STYLE_USAGE(.BOTH.,#3985);
#2423=FACE_OUTER_BOUND('',#3986,.T.);
#2424=CYLINDRICAL_SURFACE('',#3987,0.52);
#2425=SURFACE_STYLE_USAGE(.BOTH.,#3988);
#2426=FACE_OUTER_BOUND('',#3989,.T.);
#2427=CONICAL_SURFACE('',#3990,0.565,0.95993108859691);
#2428=SURFACE_STYLE_USAGE(.BOTH.,#3991);
#2429=FACE_OUTER_BOUND('',#3992,.T.);
#2430=FACE_BOUND('',#3993,.T.);
#2431=PLANE('',#3994);
#2432=SURFACE_STYLE_USAGE(.BOTH.,#3995);
#2433=FACE_OUTER_BOUND('',#3996,.T.);
#2434=CYLINDRICAL_SURFACE('',#3997,0.65);
#2435=SURFACE_STYLE_USAGE(.BOTH.,#3998);
#2436=FACE_OUTER_BOUND('',#3999,.T.);
#2437=CONICAL_SURFACE('',#4000,0.695,0.785398163397448);
#2438=SURFACE_STYLE_USAGE(.BOTH.,#4001);
#2439=FACE_OUTER_BOUND('',#4002,.T.);
#2440=CYLINDRICAL_SURFACE('',#4003,0.74);
#2441=SURFACE_STYLE_USAGE(.BOTH.,#4004);
#2442=FACE_OUTER_BOUND('',#4005,.T.);
#2443=CONICAL_SURFACE('',#4006,0.325,1.04719755119661);
#2444=SURFACE_STYLE_USAGE(.BOTH.,#4007);
#2445=FACE_OUTER_BOUND('',#4008,.T.);
#2446=CYLINDRICAL_SURFACE('',#4009,0.65);
#2447=SURFACE_STYLE_USAGE(.BOTH.,#4010);
#2448=FACE_OUTER_BOUND('',#4011,.T.);
#2449=CONICAL_SURFACE('',#4012,0.529862698656095,0.140319165524607);
#2450=SURFACE_STYLE_USAGE(.BOTH.,#4013);
#2451=FACE_OUTER_BOUND('',#4014,.T.);
#2452=CONICAL_SURFACE('',#4015,0.362355714018147,1.40080125765056);
#2453=SURFACE_STYLE_USAGE(.BOTH.,#4016);
#2454=FACE_OUTER_BOUND('',#4017,.T.);
#2455=TOROIDAL_SURFACE('',#4018,0.490007719539948,0.200000000000001);
#2456=SURFACE_STYLE_USAGE(.BOTH.,#4019);
#2457=FACE_OUTER_BOUND('',#4020,.T.);
#2458=CYLINDRICAL_SURFACE('',#4021,0.825);
#2459=SURFACE_STYLE_USAGE(.BOTH.,#4022);
#2460=FACE_OUTER_BOUND('',#4023,.T.);
#2461=CYLINDRICAL_SURFACE('',#4024,0.74);
#2462=SURFACE_STYLE_USAGE(.BOTH.,#4025);
#2463=FACE_BOUND('',#4026,.T.);
#2464=FACE_OUTER_BOUND('',#4027,.T.);
#2465=PLANE('',#4028);
#2466=SURFACE_STYLE_USAGE(.BOTH.,#4029);
#2467=FACE_OUTER_BOUND('',#4030,.T.);
#2468=SPHERICAL_SURFACE('',#4031,0.3);
#2469=SURFACE_STYLE_USAGE(.BOTH.,#4032);
#2470=FACE_OUTER_BOUND('',#4033,.T.);
#2471=CYLINDRICAL_SURFACE('',#4034,0.3);
#2472=SURFACE_STYLE_USAGE(.BOTH.,#4035);
#2473=FACE_OUTER_BOUND('',#4036,.T.);
#2474=TOROIDAL_SURFACE('',#4037,0.45,0.149999999999999);
#2475=SURFACE_STYLE_USAGE(.BOTH.,#4038);
#2476=FACE_OUTER_BOUND('',#4039,.T.);
#2477=FACE_BOUND('',#4040,.T.);
#2478=PLANE('',#4041);
#2479=SURFACE_STYLE_USAGE(.BOTH.,#4042);
#2480=FACE_OUTER_BOUND('',#4043,.T.);
#2481=CONICAL_SURFACE('',#4044,0.64,0.785398163397448);
#2482=SURFACE_STYLE_USAGE(.BOTH.,#4045);
#2483=FACE_OUTER_BOUND('',#4046,.T.);
#2484=CYLINDRICAL_SURFACE('',#4047,0.825);
#2485=SURFACE_STYLE_USAGE(.BOTH.,#4048);
#2486=FACE_OUTER_BOUND('',#4049,.T.);
#2487=CYLINDRICAL_SURFACE('',#4050,0.74);
#2488=SURFACE_STYLE_USAGE(.BOTH.,#4051);
#2489=FACE_BOUND('',#4052,.T.);
#2490=FACE_OUTER_BOUND('',#4053,.T.);
#2491=PLANE('',#4054);
#2492=SURFACE_STYLE_USAGE(.BOTH.,#4055);
#2493=FACE_OUTER_BOUND('',#4056,.T.);
#2494=SPHERICAL_SURFACE('',#4057,0.3);
#2495=SURFACE_STYLE_USAGE(.BOTH.,#4058);
#2496=FACE_OUTER_BOUND('',#4059,.T.);
#2497=CYLINDRICAL_SURFACE('',#4060,0.3);
#2498=SURFACE_STYLE_USAGE(.BOTH.,#4061);
#2499=FACE_OUTER_BOUND('',#4062,.T.);
#2500=TOROIDAL_SURFACE('',#4063,0.45,0.149999999999999);
#2501=SURFACE_STYLE_USAGE(.BOTH.,#4064);
#2502=FACE_OUTER_BOUND('',#4065,.T.);
#2503=FACE_BOUND('',#4066,.T.);
#2504=PLANE('',#4067);
#2505=SURFACE_STYLE_USAGE(.BOTH.,#4068);
#2506=FACE_OUTER_BOUND('',#4069,.T.);
#2507=CONICAL_SURFACE('',#4070,0.64,0.785398163397448);
#2508=SURFACE_STYLE_USAGE(.BOTH.,#4071);
#2509=FACE_OUTER_BOUND('',#4072,.T.);
#2510=CYLINDRICAL_SURFACE('',#4073,0.825);
#2511=SURFACE_STYLE_USAGE(.BOTH.,#4074);
#2512=FACE_OUTER_BOUND('',#4075,.T.);
#2513=CYLINDRICAL_SURFACE('',#4076,0.74);
#2514=SURFACE_STYLE_USAGE(.BOTH.,#4077);
#2515=FACE_BOUND('',#4078,.T.);
#2516=FACE_OUTER_BOUND('',#4079,.T.);
#2517=PLANE('',#4080);
#2518=SURFACE_STYLE_USAGE(.BOTH.,#4081);
#2519=FACE_OUTER_BOUND('',#4082,.T.);
#2520=SPHERICAL_SURFACE('',#4083,0.3);
#2521=SURFACE_STYLE_USAGE(.BOTH.,#4084);
#2522=FACE_OUTER_BOUND('',#4085,.T.);
#2523=CYLINDRICAL_SURFACE('',#4086,0.3);
#2524=SURFACE_STYLE_USAGE(.BOTH.,#4087);
#2525=FACE_OUTER_BOUND('',#4088,.T.);
#2526=TOROIDAL_SURFACE('',#4089,0.45,0.149999999999999);
#2527=SURFACE_STYLE_USAGE(.BOTH.,#4090);
#2528=FACE_OUTER_BOUND('',#4091,.T.);
#2529=FACE_BOUND('',#4092,.T.);
#2530=PLANE('',#4093);
#2531=SURFACE_STYLE_USAGE(.BOTH.,#4094);
#2532=FACE_OUTER_BOUND('',#4095,.T.);
#2533=CONICAL_SURFACE('',#4096,0.64,0.785398163397448);
#2534=SURFACE_STYLE_USAGE(.BOTH.,#4097);
#2535=FACE_OUTER_BOUND('',#4098,.T.);
#2536=CYLINDRICAL_SURFACE('',#4099,0.825);
#2537=SURFACE_STYLE_USAGE(.BOTH.,#4100);
#2538=FACE_OUTER_BOUND('',#4101,.T.);
#2539=CYLINDRICAL_SURFACE('',#4102,0.74);
#2540=SURFACE_STYLE_USAGE(.BOTH.,#4103);
#2541=FACE_BOUND('',#4104,.T.);
#2542=FACE_OUTER_BOUND('',#4105,.T.);
#2543=PLANE('',#4106);
#2544=SURFACE_STYLE_USAGE(.BOTH.,#4107);
#2545=FACE_OUTER_BOUND('',#4108,.T.);
#2546=SPHERICAL_SURFACE('',#4109,0.3);
#2547=SURFACE_STYLE_USAGE(.BOTH.,#4110);
#2548=FACE_OUTER_BOUND('',#4111,.T.);
#2549=CYLINDRICAL_SURFACE('',#4112,0.3);
#2550=SURFACE_STYLE_USAGE(.BOTH.,#4113);
#2551=FACE_OUTER_BOUND('',#4114,.T.);
#2552=TOROIDAL_SURFACE('',#4115,0.45,0.149999999999999);
#2553=SURFACE_STYLE_USAGE(.BOTH.,#4116);
#2554=FACE_OUTER_BOUND('',#4117,.T.);
#2555=FACE_BOUND('',#4118,.T.);
#2556=PLANE('',#4119);
#2557=SURFACE_STYLE_USAGE(.BOTH.,#4120);
#2558=FACE_OUTER_BOUND('',#4121,.T.);
#2559=CONICAL_SURFACE('',#4122,0.64,0.785398163397448);
#2560=SURFACE_STYLE_USAGE(.BOTH.,#4123);
#2561=FACE_OUTER_BOUND('',#4124,.T.);
#2562=CYLINDRICAL_SURFACE('',#4125,0.825);
#2563=SURFACE_STYLE_USAGE(.BOTH.,#4126);
#2564=FACE_OUTER_BOUND('',#4127,.T.);
#2565=CYLINDRICAL_SURFACE('',#4128,0.74);
#2566=SURFACE_STYLE_USAGE(.BOTH.,#4129);
#2567=FACE_BOUND('',#4130,.T.);
#2568=FACE_OUTER_BOUND('',#4131,.T.);
#2569=PLANE('',#4132);
#2570=SURFACE_STYLE_USAGE(.BOTH.,#4133);
#2571=FACE_OUTER_BOUND('',#4134,.T.);
#2572=SPHERICAL_SURFACE('',#4135,0.3);
#2573=SURFACE_STYLE_USAGE(.BOTH.,#4136);
#2574=FACE_OUTER_BOUND('',#4137,.T.);
#2575=CYLINDRICAL_SURFACE('',#4138,0.3);
#2576=SURFACE_STYLE_USAGE(.BOTH.,#4139);
#2577=FACE_OUTER_BOUND('',#4140,.T.);
#2578=TOROIDAL_SURFACE('',#4141,0.45,0.149999999999999);
#2579=SURFACE_STYLE_USAGE(.BOTH.,#4142);
#2580=FACE_OUTER_BOUND('',#4143,.T.);
#2581=FACE_BOUND('',#4144,.T.);
#2582=PLANE('',#4145);
#2583=SURFACE_STYLE_USAGE(.BOTH.,#4146);
#2584=FACE_OUTER_BOUND('',#4147,.T.);
#2585=CONICAL_SURFACE('',#4148,0.64,0.785398163397448);
#2586=SURFACE_STYLE_USAGE(.BOTH.,#4149);
#2587=FACE_OUTER_BOUND('',#4150,.T.);
#2588=CYLINDRICAL_SURFACE('',#4151,0.825);
#2589=SURFACE_STYLE_USAGE(.BOTH.,#4152);
#2590=FACE_OUTER_BOUND('',#4153,.T.);
#2591=CYLINDRICAL_SURFACE('',#4154,0.74);
#2592=SURFACE_STYLE_USAGE(.BOTH.,#4155);
#2593=FACE_BOUND('',#4156,.T.);
#2594=FACE_OUTER_BOUND('',#4157,.T.);
#2595=PLANE('',#4158);
#2596=SURFACE_STYLE_USAGE(.BOTH.,#4159);
#2597=FACE_OUTER_BOUND('',#4160,.T.);
#2598=SPHERICAL_SURFACE('',#4161,0.3);
#2599=SURFACE_STYLE_USAGE(.BOTH.,#4162);
#2600=FACE_OUTER_BOUND('',#4163,.T.);
#2601=CYLINDRICAL_SURFACE('',#4164,0.3);
#2602=SURFACE_STYLE_USAGE(.BOTH.,#4165);
#2603=FACE_OUTER_BOUND('',#4166,.T.);
#2604=TOROIDAL_SURFACE('',#4167,0.45,0.149999999999999);
#2605=SURFACE_STYLE_USAGE(.BOTH.,#4168);
#2606=FACE_OUTER_BOUND('',#4169,.T.);
#2607=FACE_BOUND('',#4170,.T.);
#2608=PLANE('',#4171);
#2609=SURFACE_STYLE_USAGE(.BOTH.,#4172);
#2610=FACE_OUTER_BOUND('',#4173,.T.);
#2611=CONICAL_SURFACE('',#4174,0.64,0.785398163397448);
#2612=SURFACE_STYLE_USAGE(.BOTH.,#4175);
#2613=FACE_OUTER_BOUND('',#4176,.T.);
#2614=CYLINDRICAL_SURFACE('',#4177,0.825);
#2615=SURFACE_STYLE_USAGE(.BOTH.,#4178);
#2616=FACE_OUTER_BOUND('',#4179,.T.);
#2617=CYLINDRICAL_SURFACE('',#4180,0.74);
#2618=SURFACE_STYLE_USAGE(.BOTH.,#4181);
#2619=FACE_BOUND('',#4182,.T.);
#2620=FACE_OUTER_BOUND('',#4183,.T.);
#2621=PLANE('',#4184);
#2622=SURFACE_STYLE_USAGE(.BOTH.,#4185);
#2623=FACE_OUTER_BOUND('',#4186,.T.);
#2624=SPHERICAL_SURFACE('',#4187,0.3);
#2625=SURFACE_STYLE_USAGE(.BOTH.,#4188);
#2626=FACE_OUTER_BOUND('',#4189,.T.);
#2627=CYLINDRICAL_SURFACE('',#4190,0.3);
#2628=SURFACE_STYLE_USAGE(.BOTH.,#4191);
#2629=FACE_OUTER_BOUND('',#4192,.T.);
#2630=TOROIDAL_SURFACE('',#4193,0.45,0.149999999999999);
#2631=SURFACE_STYLE_USAGE(.BOTH.,#4194);
#2632=FACE_OUTER_BOUND('',#4195,.T.);
#2633=FACE_BOUND('',#4196,.T.);
#2634=PLANE('',#4197);
#2635=SURFACE_STYLE_USAGE(.BOTH.,#4198);
#2636=FACE_OUTER_BOUND('',#4199,.T.);
#2637=CONICAL_SURFACE('',#4200,0.64,0.785398163397448);
#2638=SURFACE_STYLE_USAGE(.BOTH.,#4201);
#2639=FACE_OUTER_BOUND('',#4202,.T.);
#2640=CYLINDRICAL_SURFACE('',#4203,0.825);
#2641=SURFACE_STYLE_USAGE(.BOTH.,#4204);
#2642=FACE_OUTER_BOUND('',#4205,.T.);
#2643=CYLINDRICAL_SURFACE('',#4206,0.74);
#2644=SURFACE_STYLE_USAGE(.BOTH.,#4207);
#2645=FACE_BOUND('',#4208,.T.);
#2646=FACE_OUTER_BOUND('',#4209,.T.);
#2647=PLANE('',#4210);
#2648=SURFACE_STYLE_USAGE(.BOTH.,#4211);
#2649=FACE_OUTER_BOUND('',#4212,.T.);
#2650=SPHERICAL_SURFACE('',#4213,0.3);
#2651=SURFACE_STYLE_USAGE(.BOTH.,#4214);
#2652=FACE_OUTER_BOUND('',#4215,.T.);
#2653=CYLINDRICAL_SURFACE('',#4216,0.3);
#2654=SURFACE_STYLE_USAGE(.BOTH.,#4217);
#2655=FACE_OUTER_BOUND('',#4218,.T.);
#2656=TOROIDAL_SURFACE('',#4219,0.45,0.149999999999999);
#2657=SURFACE_STYLE_USAGE(.BOTH.,#4220);
#2658=FACE_OUTER_BOUND('',#4221,.T.);
#2659=FACE_BOUND('',#4222,.T.);
#2660=PLANE('',#4223);
#2661=SURFACE_STYLE_USAGE(.BOTH.,#4224);
#2662=FACE_OUTER_BOUND('',#4225,.T.);
#2663=CONICAL_SURFACE('',#4226,0.64,0.785398163397448);
#2664=SURFACE_STYLE_USAGE(.BOTH.,#4227);
#2665=FACE_OUTER_BOUND('',#4228,.T.);
#2666=CYLINDRICAL_SURFACE('',#4229,0.825);
#2667=SURFACE_STYLE_USAGE(.BOTH.,#4230);
#2668=FACE_OUTER_BOUND('',#4231,.T.);
#2669=CYLINDRICAL_SURFACE('',#4232,0.74);
#2670=SURFACE_STYLE_USAGE(.BOTH.,#4233);
#2671=FACE_BOUND('',#4234,.T.);
#2672=FACE_OUTER_BOUND('',#4235,.T.);
#2673=PLANE('',#4236);
#2674=SURFACE_STYLE_USAGE(.BOTH.,#4237);
#2675=FACE_OUTER_BOUND('',#4238,.T.);
#2676=SPHERICAL_SURFACE('',#4239,0.3);
#2677=SURFACE_STYLE_USAGE(.BOTH.,#4240);
#2678=FACE_OUTER_BOUND('',#4241,.T.);
#2679=CYLINDRICAL_SURFACE('',#4242,0.3);
#2680=SURFACE_STYLE_USAGE(.BOTH.,#4243);
#2681=FACE_OUTER_BOUND('',#4244,.T.);
#2682=TOROIDAL_SURFACE('',#4245,0.45,0.149999999999999);
#2683=SURFACE_STYLE_USAGE(.BOTH.,#4246);
#2684=FACE_OUTER_BOUND('',#4247,.T.);
#2685=FACE_BOUND('',#4248,.T.);
#2686=PLANE('',#4249);
#2687=SURFACE_STYLE_USAGE(.BOTH.,#4250);
#2688=FACE_OUTER_BOUND('',#4251,.T.);
#2689=CONICAL_SURFACE('',#4252,0.64,0.785398163397448);
#2690=SURFACE_STYLE_USAGE(.BOTH.,#4253);
#2691=FACE_OUTER_BOUND('',#4254,.T.);
#2692=CYLINDRICAL_SURFACE('',#4255,0.825);
#2693=SURFACE_STYLE_USAGE(.BOTH.,#4256);
#2694=FACE_OUTER_BOUND('',#4257,.T.);
#2695=CYLINDRICAL_SURFACE('',#4258,0.74);
#2696=SURFACE_STYLE_USAGE(.BOTH.,#4259);
#2697=FACE_BOUND('',#4260,.T.);
#2698=FACE_OUTER_BOUND('',#4261,.T.);
#2699=PLANE('',#4262);
#2700=SURFACE_STYLE_USAGE(.BOTH.,#4263);
#2701=FACE_OUTER_BOUND('',#4264,.T.);
#2702=SPHERICAL_SURFACE('',#4265,0.3);
#2703=SURFACE_STYLE_USAGE(.BOTH.,#4266);
#2704=FACE_OUTER_BOUND('',#4267,.T.);
#2705=CYLINDRICAL_SURFACE('',#4268,0.3);
#2706=SURFACE_STYLE_USAGE(.BOTH.,#4269);
#2707=FACE_OUTER_BOUND('',#4270,.T.);
#2708=TOROIDAL_SURFACE('',#4271,0.45,0.149999999999999);
#2709=SURFACE_STYLE_USAGE(.BOTH.,#4272);
#2710=FACE_OUTER_BOUND('',#4273,.T.);
#2711=FACE_BOUND('',#4274,.T.);
#2712=PLANE('',#4275);
#2713=SURFACE_STYLE_USAGE(.BOTH.,#4276);
#2714=FACE_OUTER_BOUND('',#4277,.T.);
#2715=CONICAL_SURFACE('',#4278,0.64,0.785398163397448);
#2716=SURFACE_STYLE_USAGE(.BOTH.,#4279);
#2717=FACE_OUTER_BOUND('',#4280,.T.);
#2718=PLANE('',#4281);
#2719=SURFACE_STYLE_USAGE(.BOTH.,#4282);
#2720=FACE_OUTER_BOUND('',#4283,.T.);
#2721=PLANE('',#4284);
#2722=SURFACE_STYLE_USAGE(.BOTH.,#4285);
#2723=FACE_OUTER_BOUND('',#4286,.T.);
#2724=PLANE('',#4287);
#2725=SURFACE_STYLE_USAGE(.BOTH.,#4288);
#2726=FACE_OUTER_BOUND('',#4289,.T.);
#2727=PLANE('',#4290);
#2728=SURFACE_STYLE_USAGE(.BOTH.,#4291);
#2729=FACE_OUTER_BOUND('',#4292,.T.);
#2730=PLANE('',#4293);
#2731=SURFACE_STYLE_USAGE(.BOTH.,#4294);
#2732=FACE_OUTER_BOUND('',#4295,.T.);
#2733=PLANE('',#4296);
#2734=SURFACE_STYLE_USAGE(.BOTH.,#4297);
#2735=FACE_OUTER_BOUND('',#4298,.T.);
#2736=PLANE('',#4299);
#2737=SURFACE_STYLE_USAGE(.BOTH.,#4300);
#2738=FACE_OUTER_BOUND('',#4301,.T.);
#2739=PLANE('',#4302);
#2740=SURFACE_STYLE_USAGE(.BOTH.,#4303);
#2741=FACE_OUTER_BOUND('',#4304,.T.);
#2742=PLANE('',#4305);
#2743=SURFACE_STYLE_USAGE(.BOTH.,#4306);
#2744=FACE_OUTER_BOUND('',#4307,.T.);
#2745=PLANE('',#4308);
#2746=SURFACE_STYLE_USAGE(.BOTH.,#4309);
#2747=FACE_BOUND('',#4310,.T.);
#2748=FACE_BOUND('',#4311,.T.);
#2749=FACE_BOUND('',#4312,.T.);
#2750=FACE_BOUND('',#4313,.T.);
#2751=FACE_BOUND('',#4314,.T.);
#2752=FACE_BOUND('',#4315,.T.);
#2753=FACE_BOUND('',#4316,.T.);
#2754=FACE_BOUND('',#4317,.T.);
#2755=FACE_BOUND('',#4318,.T.);
#2756=FACE_BOUND('',#4319,.T.);
#2757=FACE_OUTER_BOUND('',#4320,.T.);
#2758=PLANE('',#4321);
#2759=SURFACE_STYLE_USAGE(.BOTH.,#4322);
#2760=FACE_OUTER_BOUND('',#4323,.T.);
#2761=PLANE('',#4324);
#2762=SURFACE_STYLE_USAGE(.BOTH.,#4325);
#2763=FACE_OUTER_BOUND('',#4326,.T.);
#2764=PLANE('',#4327);
#2765=SURFACE_STYLE_USAGE(.BOTH.,#4328);
#2766=FACE_OUTER_BOUND('',#4329,.T.);
#2767=PLANE('',#4330);
#2768=SURFACE_STYLE_USAGE(.BOTH.,#4331);
#2769=FACE_OUTER_BOUND('',#4332,.T.);
#2770=PLANE('',#4333);
#2771=SURFACE_STYLE_USAGE(.BOTH.,#4334);
#2772=FACE_OUTER_BOUND('',#4335,.T.);
#2773=PLANE('',#4336);
#2774=SURFACE_STYLE_USAGE(.BOTH.,#4337);
#2775=FACE_OUTER_BOUND('',#4338,.T.);
#2776=PLANE('',#4339);
#2777=SURFACE_STYLE_USAGE(.BOTH.,#4340);
#2778=FACE_OUTER_BOUND('',#4341,.T.);
#2779=PLANE('',#4342);
#2780=SURFACE_STYLE_USAGE(.BOTH.,#4343);
#2781=FACE_OUTER_BOUND('',#4344,.T.);
#2782=PLANE('',#4345);
#2783=SURFACE_STYLE_USAGE(.BOTH.,#4346);
#2784=FACE_OUTER_BOUND('',#4347,.T.);
#2785=PLANE('',#4348);
#2786=SURFACE_STYLE_USAGE(.BOTH.,#4349);
#2787=FACE_OUTER_BOUND('',#4350,.T.);
#2788=PLANE('',#4351);
#2789=SURFACE_STYLE_USAGE(.BOTH.,#4352);
#2790=FACE_OUTER_BOUND('',#4353,.T.);
#2791=PLANE('',#4354);
#2792=SURFACE_STYLE_USAGE(.BOTH.,#4355);
#2793=FACE_OUTER_BOUND('',#4356,.T.);
#2794=PLANE('',#4357);
#2795=SURFACE_STYLE_USAGE(.BOTH.,#4358);
#2796=FACE_OUTER_BOUND('',#4359,.T.);
#2797=PLANE('',#4360);
#2798=SURFACE_STYLE_USAGE(.BOTH.,#4361);
#2799=FACE_OUTER_BOUND('',#4362,.T.);
#2800=PLANE('',#4363);
#2801=SURFACE_STYLE_USAGE(.BOTH.,#4364);
#2802=FACE_OUTER_BOUND('',#4365,.T.);
#2803=PLANE('',#4366);
#2804=SURFACE_STYLE_USAGE(.BOTH.,#4367);
#2805=FACE_OUTER_BOUND('',#4368,.T.);
#2806=PLANE('',#4369);
#2807=SURFACE_STYLE_USAGE(.BOTH.,#4370);
#2808=FACE_OUTER_BOUND('',#4371,.T.);
#2809=PLANE('',#4372);
#2810=SURFACE_STYLE_USAGE(.BOTH.,#4373);
#2811=FACE_OUTER_BOUND('',#4374,.T.);
#2812=PLANE('',#4375);
#2813=SURFACE_STYLE_USAGE(.BOTH.,#4376);
#2814=FACE_OUTER_BOUND('',#4377,.T.);
#2815=PLANE('',#4378);
#2816=SURFACE_STYLE_USAGE(.BOTH.,#4379);
#2817=FACE_OUTER_BOUND('',#4380,.T.);
#2818=PLANE('',#4381);
#2819=SURFACE_STYLE_USAGE(.BOTH.,#4382);
#2820=FACE_OUTER_BOUND('',#4383,.T.);
#2821=PLANE('',#4384);
#2822=SURFACE_STYLE_USAGE(.BOTH.,#4385);
#2823=FACE_OUTER_BOUND('',#4386,.T.);
#2824=PLANE('',#4387);
#2825=SURFACE_STYLE_USAGE(.BOTH.,#4388);
#2826=FACE_OUTER_BOUND('',#4389,.T.);
#2827=PLANE('',#4390);
#2828=SURFACE_STYLE_USAGE(.BOTH.,#4391);
#2829=FACE_OUTER_BOUND('',#4392,.T.);
#2830=PLANE('',#4393);
#2831=SURFACE_STYLE_USAGE(.BOTH.,#4394);
#2832=FACE_OUTER_BOUND('',#4395,.T.);
#2833=PLANE('',#4396);
#2834=SURFACE_STYLE_USAGE(.BOTH.,#4397);
#2835=FACE_OUTER_BOUND('',#4398,.T.);
#2836=PLANE('',#4399);
#2837=SURFACE_STYLE_USAGE(.BOTH.,#4400);
#2838=FACE_OUTER_BOUND('',#4401,.T.);
#2839=PLANE('',#4402);
#2840=SURFACE_STYLE_USAGE(.BOTH.,#4403);
#2841=FACE_OUTER_BOUND('',#4404,.T.);
#2842=PLANE('',#4405);
#2843=SURFACE_STYLE_USAGE(.BOTH.,#4406);
#2844=FACE_OUTER_BOUND('',#4407,.T.);
#2845=PLANE('',#4408);
#2846=SURFACE_STYLE_USAGE(.BOTH.,#4409);
#2847=FACE_OUTER_BOUND('',#4410,.T.);
#2848=PLANE('',#4411);
#2849=SURFACE_STYLE_USAGE(.BOTH.,#4412);
#2850=FACE_OUTER_BOUND('',#4413,.T.);
#2851=PLANE('',#4414);
#2852=SURFACE_STYLE_USAGE(.BOTH.,#4415);
#2853=FACE_OUTER_BOUND('',#4416,.T.);
#2854=PLANE('',#4417);
#2855=SURFACE_STYLE_USAGE(.BOTH.,#4418);
#2856=FACE_OUTER_BOUND('',#4419,.T.);
#2857=PLANE('',#4420);
#2858=SURFACE_STYLE_USAGE(.BOTH.,#4421);
#2859=FACE_OUTER_BOUND('',#4422,.T.);
#2860=PLANE('',#4423);
#2861=SURFACE_STYLE_USAGE(.BOTH.,#4424);
#2862=FACE_OUTER_BOUND('',#4425,.T.);
#2863=PLANE('',#4426);
#2864=SURFACE_STYLE_USAGE(.BOTH.,#4427);
#2865=FACE_OUTER_BOUND('',#4428,.T.);
#2866=PLANE('',#4429);
#2867=SURFACE_STYLE_USAGE(.BOTH.,#4430);
#2868=FACE_OUTER_BOUND('',#4431,.T.);
#2869=PLANE('',#4432);
#2870=SURFACE_STYLE_USAGE(.BOTH.,#4433);
#2871=FACE_OUTER_BOUND('',#4434,.T.);
#2872=PLANE('',#4435);
#2873=SURFACE_STYLE_USAGE(.BOTH.,#4436);
#2874=FACE_OUTER_BOUND('',#4437,.T.);
#2875=PLANE('',#4438);
#2876=SURFACE_STYLE_USAGE(.BOTH.,#4439);
#2877=FACE_OUTER_BOUND('',#4440,.T.);
#2878=PLANE('',#4441);
#2879=SURFACE_STYLE_USAGE(.BOTH.,#4442);
#2880=FACE_OUTER_BOUND('',#4443,.T.);
#2881=PLANE('',#4444);
#2882=SURFACE_STYLE_USAGE(.BOTH.,#4445);
#2883=FACE_OUTER_BOUND('',#4446,.T.);
#2884=PLANE('',#4447);
#2885=SURFACE_STYLE_USAGE(.BOTH.,#4448);
#2886=FACE_OUTER_BOUND('',#4449,.T.);
#2887=PLANE('',#4450);
#2888=SURFACE_STYLE_USAGE(.BOTH.,#4451);
#2889=FACE_OUTER_BOUND('',#4452,.T.);
#2890=PLANE('',#4453);
#2891=SURFACE_STYLE_USAGE(.BOTH.,#4454);
#2892=FACE_OUTER_BOUND('',#4455,.T.);
#2893=PLANE('',#4456);
#2894=SURFACE_STYLE_USAGE(.BOTH.,#4457);
#2895=FACE_OUTER_BOUND('',#4458,.T.);
#2896=PLANE('',#4459);
#2897=SURFACE_STYLE_USAGE(.BOTH.,#4460);
#2898=FACE_OUTER_BOUND('',#4461,.T.);
#2899=PLANE('',#4462);
#2900=SURFACE_STYLE_USAGE(.BOTH.,#4463);
#2901=FACE_BOUND('',#4464,.T.);
#2902=FACE_BOUND('',#4465,.T.);
#2903=FACE_BOUND('',#4466,.T.);
#2904=FACE_BOUND('',#4467,.T.);
#2905=FACE_BOUND('',#4468,.T.);
#2906=FACE_BOUND('',#4469,.T.);
#2907=FACE_BOUND('',#4470,.T.);
#2908=FACE_BOUND('',#4471,.T.);
#2909=FACE_BOUND('',#4472,.T.);
#2910=FACE_BOUND('',#4473,.T.);
#2911=FACE_OUTER_BOUND('',#4474,.T.);
#2912=PLANE('',#4475);
#2913=SURFACE_STYLE_USAGE(.BOTH.,#4476);
#2914=FACE_OUTER_BOUND('',#4477,.T.);
#2915=PLANE('',#4478);
#2916=SURFACE_STYLE_USAGE(.BOTH.,#4479);
#2917=FACE_OUTER_BOUND('',#4480,.T.);
#2918=PLANE('',#4481);
#2919=SURFACE_STYLE_USAGE(.BOTH.,#4482);
#2920=FACE_OUTER_BOUND('',#4483,.T.);
#2921=PLANE('',#4484);
#2922=SURFACE_STYLE_USAGE(.BOTH.,#4485);
#2923=FACE_OUTER_BOUND('',#4486,.T.);
#2924=PLANE('',#4487);
#2925=SURFACE_STYLE_USAGE(.BOTH.,#4488);
#2926=FACE_OUTER_BOUND('',#4489,.T.);
#2927=PLANE('',#4490);
#2928=SURFACE_STYLE_USAGE(.BOTH.,#4491);
#2929=FACE_OUTER_BOUND('',#4492,.T.);
#2930=PLANE('',#4493);
#2931=SURFACE_STYLE_USAGE(.BOTH.,#4494);
#2932=FACE_OUTER_BOUND('',#4495,.T.);
#2933=PLANE('',#4496);
#2934=SURFACE_STYLE_USAGE(.BOTH.,#4497);
#2935=FACE_OUTER_BOUND('',#4498,.T.);
#2936=PLANE('',#4499);
#2937=SURFACE_STYLE_USAGE(.BOTH.,#4500);
#2938=FACE_OUTER_BOUND('',#4501,.T.);
#2939=PLANE('',#4502);
#2940=SURFACE_STYLE_USAGE(.BOTH.,#4503);
#2941=FACE_OUTER_BOUND('',#4504,.T.);
#2942=PLANE('',#4505);
#2943=SURFACE_STYLE_USAGE(.BOTH.,#4506);
#2944=FACE_OUTER_BOUND('',#4507,.T.);
#2945=PLANE('',#4508);
#2946=SURFACE_STYLE_USAGE(.BOTH.,#4509);
#2947=FACE_OUTER_BOUND('',#4510,.T.);
#2948=PLANE('',#4511);
#2949=SURFACE_STYLE_USAGE(.BOTH.,#4512);
#2950=FACE_OUTER_BOUND('',#4513,.T.);
#2951=PLANE('',#4514);
#2952=SURFACE_STYLE_USAGE(.BOTH.,#4515);
#2953=FACE_OUTER_BOUND('',#4516,.T.);
#2954=PLANE('',#4517);
#2955=SURFACE_STYLE_USAGE(.BOTH.,#4518);
#2956=FACE_OUTER_BOUND('',#4519,.T.);
#2957=PLANE('',#4520);
#2958=SURFACE_STYLE_USAGE(.BOTH.,#4521);
#2959=FACE_OUTER_BOUND('',#4522,.T.);
#2960=PLANE('',#4523);
#2961=SURFACE_STYLE_USAGE(.BOTH.,#4524);
#2962=FACE_OUTER_BOUND('',#4525,.T.);
#2963=PLANE('',#4526);
#2964=SURFACE_STYLE_USAGE(.BOTH.,#4527);
#2965=FACE_OUTER_BOUND('',#4528,.T.);
#2966=PLANE('',#4529);
#2967=SURFACE_STYLE_USAGE(.BOTH.,#4530);
#2968=FACE_OUTER_BOUND('',#4531,.T.);
#2969=PLANE('',#4532);
#2970=SURFACE_STYLE_USAGE(.BOTH.,#4533);
#2971=FACE_OUTER_BOUND('',#4534,.T.);
#2972=PLANE('',#4535);
#2973=SURFACE_STYLE_USAGE(.BOTH.,#4536);
#2974=FACE_OUTER_BOUND('',#4537,.T.);
#2975=PLANE('',#4538);
#2976=SURFACE_STYLE_USAGE(.BOTH.,#4539);
#2977=FACE_OUTER_BOUND('',#4540,.T.);
#2978=PLANE('',#4541);
#2979=SURFACE_STYLE_USAGE(.BOTH.,#4542);
#2980=FACE_OUTER_BOUND('',#4543,.T.);
#2981=PLANE('',#4544);
#2982=SURFACE_STYLE_USAGE(.BOTH.,#4545);
#2983=FACE_OUTER_BOUND('',#4546,.T.);
#2984=PLANE('',#4547);
#2985=SURFACE_STYLE_USAGE(.BOTH.,#4548);
#2986=FACE_OUTER_BOUND('',#4549,.T.);
#2987=PLANE('',#4550);
#2988=SURFACE_STYLE_USAGE(.BOTH.,#4551);
#2989=FACE_OUTER_BOUND('',#4552,.T.);
#2990=PLANE('',#4553);
#2991=SURFACE_STYLE_USAGE(.BOTH.,#4554);
#2992=FACE_OUTER_BOUND('',#4555,.T.);
#2993=PLANE('',#4556);
#2994=SURFACE_STYLE_USAGE(.BOTH.,#4557);
#2995=FACE_OUTER_BOUND('',#4558,.T.);
#2996=PLANE('',#4559);
#2997=SURFACE_STYLE_USAGE(.BOTH.,#4560);
#2998=FACE_OUTER_BOUND('',#4561,.T.);
#2999=PLANE('',#4562);
#3000=SURFACE_STYLE_USAGE(.BOTH.,#4563);
#3001=FACE_OUTER_BOUND('',#4564,.T.);
#3002=PLANE('',#4565);
#3003=SURFACE_STYLE_USAGE(.BOTH.,#4566);
#3004=FACE_OUTER_BOUND('',#4567,.T.);
#3005=PLANE('',#4568);
#3006=SURFACE_STYLE_USAGE(.BOTH.,#4569);
#3007=FACE_OUTER_BOUND('',#4570,.T.);
#3008=PLANE('',#4571);
#3009=SURFACE_STYLE_USAGE(.BOTH.,#4572);
#3010=FACE_OUTER_BOUND('',#4573,.T.);
#3011=PLANE('',#4574);
#3012=SURFACE_STYLE_USAGE(.BOTH.,#4575);
#3013=FACE_OUTER_BOUND('',#4576,.T.);
#3014=PLANE('',#4577);
#3015=SURFACE_STYLE_USAGE(.BOTH.,#4578);
#3016=FACE_OUTER_BOUND('',#4579,.T.);
#3017=PLANE('',#4580);
#3018=SURFACE_STYLE_USAGE(.BOTH.,#4581);
#3019=FACE_OUTER_BOUND('',#4582,.T.);
#3020=PLANE('',#4583);
#3021=SURFACE_STYLE_USAGE(.BOTH.,#4584);
#3022=FACE_OUTER_BOUND('',#4585,.T.);
#3023=PLANE('',#4586);
#3024=SURFACE_STYLE_USAGE(.BOTH.,#4587);
#3025=FACE_OUTER_BOUND('',#4588,.T.);
#3026=PLANE('',#4589);
#3027=SURFACE_STYLE_USAGE(.BOTH.,#4590);
#3028=FACE_OUTER_BOUND('',#4591,.T.);
#3029=PLANE('',#4592);
#3030=SURFACE_STYLE_USAGE(.BOTH.,#4593);
#3031=FACE_OUTER_BOUND('',#4594,.T.);
#3032=PLANE('',#4595);
#3033=SURFACE_STYLE_USAGE(.BOTH.,#4596);
#3034=FACE_OUTER_BOUND('',#4597,.T.);
#3035=PLANE('',#4598);
#3036=SURFACE_STYLE_USAGE(.BOTH.,#4599);
#3037=FACE_OUTER_BOUND('',#4600,.T.);
#3038=PLANE('',#4601);
#3039=SURFACE_STYLE_USAGE(.BOTH.,#4602);
#3040=FACE_OUTER_BOUND('',#4603,.T.);
#3041=PLANE('',#4604);
#3042=SURFACE_STYLE_USAGE(.BOTH.,#4605);
#3043=FACE_OUTER_BOUND('',#4606,.T.);
#3044=PLANE('',#4607);
#3045=SURFACE_STYLE_USAGE(.BOTH.,#4608);
#3046=FACE_OUTER_BOUND('',#4609,.T.);
#3047=PLANE('',#4610);
#3048=SURFACE_STYLE_USAGE(.BOTH.,#4611);
#3049=FACE_OUTER_BOUND('',#4612,.T.);
#3050=PLANE('',#4613);
#3051=SURFACE_STYLE_USAGE(.BOTH.,#4614);
#3052=FACE_OUTER_BOUND('',#4615,.T.);
#3053=PLANE('',#4616);
#3054=SURFACE_STYLE_USAGE(.BOTH.,#4617);
#3055=FACE_OUTER_BOUND('',#4618,.T.);
#3056=PLANE('',#4619);
#3057=SURFACE_STYLE_USAGE(.BOTH.,#4620);
#3058=FACE_OUTER_BOUND('',#4621,.T.);
#3059=PLANE('',#4622);
#3060=SURFACE_STYLE_USAGE(.BOTH.,#4623);
#3061=FACE_OUTER_BOUND('',#4624,.T.);
#3062=PLANE('',#4625);
#3063=SURFACE_STYLE_USAGE(.BOTH.,#4626);
#3064=FACE_OUTER_BOUND('',#4627,.T.);
#3065=PLANE('',#4628);
#3066=SURFACE_STYLE_USAGE(.BOTH.,#4629);
#3067=FACE_OUTER_BOUND('',#4630,.T.);
#3068=PLANE('',#4631);
#3069=SURFACE_STYLE_USAGE(.BOTH.,#4632);
#3070=FACE_OUTER_BOUND('',#4633,.T.);
#3071=PLANE('',#4634);
#3072=SURFACE_STYLE_USAGE(.BOTH.,#4635);
#3073=FACE_OUTER_BOUND('',#4636,.T.);
#3074=PLANE('',#4637);
#3075=SURFACE_STYLE_USAGE(.BOTH.,#4638);
#3076=FACE_OUTER_BOUND('',#4639,.T.);
#3077=PLANE('',#4640);
#3078=SURFACE_STYLE_USAGE(.BOTH.,#4641);
#3079=FACE_OUTER_BOUND('',#4642,.T.);
#3080=PLANE('',#4643);
#3081=SURFACE_STYLE_USAGE(.BOTH.,#4644);
#3082=FACE_OUTER_BOUND('',#4645,.T.);
#3083=PLANE('',#4646);
#3084=SURFACE_STYLE_USAGE(.BOTH.,#4647);
#3085=FACE_OUTER_BOUND('',#4648,.T.);
#3086=PLANE('',#4649);
#3087=SURFACE_STYLE_USAGE(.BOTH.,#4650);
#3088=FACE_OUTER_BOUND('',#4651,.T.);
#3089=PLANE('',#4652);
#3090=SURFACE_STYLE_USAGE(.BOTH.,#4653);
#3091=FACE_OUTER_BOUND('',#4654,.T.);
#3092=PLANE('',#4655);
#3093=SURFACE_STYLE_USAGE(.BOTH.,#4656);
#3094=FACE_OUTER_BOUND('',#4657,.T.);
#3095=PLANE('',#4658);
#3096=SURFACE_STYLE_USAGE(.BOTH.,#4659);
#3097=FACE_OUTER_BOUND('',#4660,.T.);
#3098=PLANE('',#4661);
#3099=SURFACE_STYLE_USAGE(.BOTH.,#4662);
#3100=FACE_OUTER_BOUND('',#4663,.T.);
#3101=PLANE('',#4664);
#3102=PRODUCT_CONTEXT('',#512,'mechanical');
#3103=PRODUCT_DEFINITION_FORMATION_WITH_SPECIFIED_SOURCE(' ','NONE',#1529,.NOT_KNOWN.);
#3104=CLOSED_SHELL('',(#526,#528,#530,#532,#534,#536,#538,#540,#542,#544,#546,#548,#550,#552,#554,#556,#558,#560,#562,#564,#566,#568,#570,#572,#574,#576,#578,#580,#582,#584,#586,#588,#590,#592,#594,#596,#598,#600,#602,#604,#606,#608,#610,#612,#614,#616,#618,#620,#622,#624,#626,#628,#630,#632,#634,#636,#638,#640,#642,#644,#646,#648,#650,#652,#654,#656,#658,#660,#662,#664,#666,#668,#670,#672,#674,#676,#678,#680,#682,#684,#686,#688,#690,#692,#694,#696,#698,#700,#702,#704,#706,#708,#710,#712,#714,#716,#718,#720,#722,#724,#726,#728,#730,#732,#734,#736,#738,#740,#742,#744,#746,#748,#750,#752,#754,#756,#758,#760,#762,#764,#766,#768,#770,#772,#774,#776,#778,#780,#782,#784,#786,#788,#790,#792,#794,#796,#798,#800,#802,#804,#806,#808,#810,#812,#814,#816,#818,#820,#822,#824,#826,#828,#830,#832,#834,#836,#838,#840,#842,#844,#846,#848,#850,#852,#854,#856,#858,#860,#862,#864,#866,#868,#870,#872,#874,#876,#878,#880,#882,#884,#886,#888,#890,#892,#894,#896,#898,#900,#902,#904,#906,#908,#910,#912,#914,#916,#918,#920,#922,#924,#926,#928,#930,#932,#934,#936,#938,#940,#942,#944,#946,#948,#950,#952,#954,#956,#958,#960,#962,#964,#966,#968,#970,#972,#974,#976,#978,#980,#982,#984,#986,#988,#990,#992,#994,#996,#998,#1000,#1002,#1004,#1006,#1008,#1010,#1012,#1014,#1016,#1018,#1020,#1022,#1024,#1026,#1028,#1030,#1032,#1034,#1036,#1038,#1040,#1042,#1044,#1046,#1048,#1050,#1052,#1054,#1056,#1058,#1060,#1062,#1064,#1066,#1068,#1070,#1072,#1074,#1076,#1078,#1080,#1082,#1084,#1086,#1088,#1090,#1092,#1094,#1096,#1098,#1100,#1102,#1104,#1106,#1108,#1110,#1112,#1114,#1116,#1118,#1120,#1122,#1124,#1126,#1128,#1130,#1132,#1134,#1136,#1138,#1140,#1142,#1144,#1146,#1148,#1150,#1152,#1154,#1156,#1158,#1160,#1162,#1164,#1166,#1168,#1170,#1172,#1174,#1176,#1178,#1180,#1182,#1184,#1186,#1188,#1190,#1192,#1194,#1196,#1198,#1200,#1202,#1204,#1206,#1208,#1210,#1212,#1214,#1216,#1218,#1220,#1222,#1224,#1226,#1228,#1230,#1232,#1234,#1236,#1238,#1240,#1242,#1244,#1246,#1248,#1250,#1252,#1254,#1256,#1258,#1260,#1262,#1264,#1266,#1268,#1270,#1272,#1274,#1276,#1278,#1280,#1282,#1284,#1286,#1288,#1290,#1292,#1294,#1296,#1298,#1300,#1302,#1304,#1306,#1308,#1310,#1312,#1314,#1316,#1318,#1320,#1322,#1324,#1326,#1328,#1330,#1332,#1334,#1336,#1338,#1340,#1342,#1344,#1346,#1348,#1350,#1352,#1354,#1356,#1358,#1360,#1362,#1364,#1366,#1368,#1370,#1372,#1374,#1376,#1378,#1380,#1382,#1384,#1386,#1388,#1390,#1392,#1394,#1396,#1398,#1400,#1402,#1404,#1406,#1408,#1410,#1412,#1414,#1416,#1418,#1420,#1422,#1424,#1426,#1428,#1430,#1432,#1434,#1436,#1438,#1440,#1442,#1444,#1446,#1448,#1450,#1452,#1454,#1456,#1458,#1460,#1462,#1464,#1466,#1468,#1470,#1472,#1474,#1476,#1478,#1480,#1482,#1484,#1486,#1488,#1490,#1492,#1494,#1496,#1498,#1500,#1502,#1504,#1506,#1508,#1510,#1512,#1514,#1516,#1518,#1520,#1522,#1524,#1526,#1528));
#3105=CARTESIAN_POINT('',(0.0,0.0,0.0));
#3106=DIRECTION('',(0.0,0.0,1.0));
#3107=DIRECTION('',(1.0,0.0,0.0));
#3108= (NAMED_UNIT(#1538)LENGTH_UNIT()SI_UNIT(.MILLI.,.METRE.));
#3109=SURFACE_SIDE_STYLE('',(#4666));
#3110=EDGE_LOOP('',(#4667,#4668,#4669,#4670,#4671));
#3111=AXIS2_PLACEMENT_3D('',#4672,#4673,#4674);
#3112=SURFACE_SIDE_STYLE('',(#4675));
#3113=EDGE_LOOP('',(#4676,#4677,#4678,#4679,#4680));
#3114=AXIS2_PLACEMENT_3D('',#4681,#4682,#4683);
#3115=SURFACE_SIDE_STYLE('',(#4684));
#3116=EDGE_LOOP('',(#4685,#4686,#4687,#4688,#4689));
#3117=AXIS2_PLACEMENT_3D('',#4690,#4691,#4692);
#3118=SURFACE_SIDE_STYLE('',(#4693));
#3119=EDGE_LOOP('',(#4694,#4695,#4696,#4697,#4698));
#3120=AXIS2_PLACEMENT_3D('',#4699,#4700,#4701);
#3121=SURFACE_SIDE_STYLE('',(#4702));
#3122=EDGE_LOOP('',(#4703,#4704,#4705,#4706,#4707));
#3123=AXIS2_PLACEMENT_3D('',#4708,#4709,#4710);
#3124=SURFACE_SIDE_STYLE('',(#4711));
#3125=EDGE_LOOP('',(#4712,#4713,#4714,#4715,#4716));
#3126=AXIS2_PLACEMENT_3D('',#4717,#4718,#4719);
#3127=SURFACE_SIDE_STYLE('',(#4720));
#3128=EDGE_LOOP('',(#4721,#4722,#4723,#4724,#4725));
#3129=AXIS2_PLACEMENT_3D('',#4726,#4727,#4728);
#3130=SURFACE_SIDE_STYLE('',(#4729));
#3131=EDGE_LOOP('',(#4730,#4731,#4732,#4733,#4734));
#3132=AXIS2_PLACEMENT_3D('',#4735,#4736,#4737);
#3133=SURFACE_SIDE_STYLE('',(#4738));
#3134=EDGE_LOOP('',(#4739,#4740,#4741,#4742,#4743));
#3135=AXIS2_PLACEMENT_3D('',#4744,#4745,#4746);
#3136=SURFACE_SIDE_STYLE('',(#4747));
#3137=EDGE_LOOP('',(#4748,#4749,#4750,#4751,#4752));
#3138=AXIS2_PLACEMENT_3D('',#4753,#4754,#4755);
#3139=SURFACE_SIDE_STYLE('',(#4756));
#3140=EDGE_LOOP('',(#4757,#4758,#4759,#4760,#4761));
#3141=AXIS2_PLACEMENT_3D('',#4762,#4763,#4764);
#3142=SURFACE_SIDE_STYLE('',(#4765));
#3143=EDGE_LOOP('',(#4766,#4767,#4768,#4769,#4770));
#3144=AXIS2_PLACEMENT_3D('',#4771,#4772,#4773);
#3145=SURFACE_SIDE_STYLE('',(#4774));
#3146=EDGE_LOOP('',(#4775,#4776,#4777,#4778,#4779));
#3147=AXIS2_PLACEMENT_3D('',#4780,#4781,#4782);
#3148=SURFACE_SIDE_STYLE('',(#4783));
#3149=EDGE_LOOP('',(#4784,#4785,#4786,#4787,#4788));
#3150=AXIS2_PLACEMENT_3D('',#4789,#4790,#4791);
#3151=SURFACE_SIDE_STYLE('',(#4792));
#3152=EDGE_LOOP('',(#4793,#4794,#4795,#4796,#4797));
#3153=AXIS2_PLACEMENT_3D('',#4798,#4799,#4800);
#3154=SURFACE_SIDE_STYLE('',(#4801));
#3155=EDGE_LOOP('',(#4802,#4803,#4804,#4805,#4806));
#3156=AXIS2_PLACEMENT_3D('',#4807,#4808,#4809);
#3157=SURFACE_SIDE_STYLE('',(#4810));
#3158=EDGE_LOOP('',(#4811,#4812,#4813,#4814,#4815));
#3159=AXIS2_PLACEMENT_3D('',#4816,#4817,#4818);
#3160=SURFACE_SIDE_STYLE('',(#4819));
#3161=EDGE_LOOP('',(#4820,#4821,#4822,#4823,#4824));
#3162=AXIS2_PLACEMENT_3D('',#4825,#4826,#4827);
#3163=SURFACE_SIDE_STYLE('',(#4828));
#3164=EDGE_LOOP('',(#4829,#4830,#4831,#4832,#4833));
#3165=AXIS2_PLACEMENT_3D('',#4834,#4835,#4836);
#3166=SURFACE_SIDE_STYLE('',(#4837));
#3167=EDGE_LOOP('',(#4838,#4839,#4840,#4841,#4842));
#3168=AXIS2_PLACEMENT_3D('',#4843,#4844,#4845);
#3169=SURFACE_SIDE_STYLE('',(#4846));
#3170=EDGE_LOOP('',(#4847,#4848,#4849,#4850));
#3171=AXIS2_PLACEMENT_3D('',#4851,#4852,#4853);
#3172=SURFACE_SIDE_STYLE('',(#4854));
#3173=EDGE_LOOP('',(#4855,#4856,#4857,#4858,#4859));
#3174=AXIS2_PLACEMENT_3D('',#4860,#4861,#4862);
#3175=SURFACE_SIDE_STYLE('',(#4863));
#3176=EDGE_LOOP('',(#4864,#4865,#4866,#4867,#4868,#4869));
#3177=AXIS2_PLACEMENT_3D('',#4870,#4871,#4872);
#3178=SURFACE_SIDE_STYLE('',(#4873));
#3179=EDGE_LOOP('',(#4874,#4875,#4876,#4877));
#3180=AXIS2_PLACEMENT_3D('',#4878,#4879,#4880);
#3181=SURFACE_SIDE_STYLE('',(#4881));
#3182=EDGE_LOOP('',(#4882,#4883,#4884,#4885));
#3183=AXIS2_PLACEMENT_3D('',#4886,#4887,#4888);
#3184=SURFACE_SIDE_STYLE('',(#4889));
#3185=EDGE_LOOP('',(#4890,#4891,#4892,#4893));
#3186=AXIS2_PLACEMENT_3D('',#4894,#4895,#4896);
#3187=SURFACE_SIDE_STYLE('',(#4897));
#3188=EDGE_LOOP('',(#4898,#4899,#4900,#4901,#4902));
#3189=AXIS2_PLACEMENT_3D('',#4903,#4904,#4905);
#3190=SURFACE_SIDE_STYLE('',(#4906));
#3191=EDGE_LOOP('',(#4907,#4908,#4909,#4910,#4911,#4912));
#3192=AXIS2_PLACEMENT_3D('',#4913,#4914,#4915);
#3193=SURFACE_SIDE_STYLE('',(#4916));
#3194=EDGE_LOOP('',(#4917,#4918,#4919,#4920));
#3195=AXIS2_PLACEMENT_3D('',#4921,#4922,#4923);
#3196=SURFACE_SIDE_STYLE('',(#4924));
#3197=EDGE_LOOP('',(#4925,#4926,#4927,#4928));
#3198=AXIS2_PLACEMENT_3D('',#4929,#4930,#4931);
#3199=SURFACE_SIDE_STYLE('',(#4932));
#3200=EDGE_LOOP('',(#4933,#4934,#4935,#4936));
#3201=AXIS2_PLACEMENT_3D('',#4937,#4938,#4939);
#3202=SURFACE_SIDE_STYLE('',(#4940));
#3203=EDGE_LOOP('',(#4941,#4942,#4943,#4944,#4945));
#3204=AXIS2_PLACEMENT_3D('',#4946,#4947,#4948);
#3205=SURFACE_SIDE_STYLE('',(#4949));
#3206=EDGE_LOOP('',(#4950,#4951,#4952,#4953,#4954,#4955));
#3207=AXIS2_PLACEMENT_3D('',#4956,#4957,#4958);
#3208=SURFACE_SIDE_STYLE('',(#4959));
#3209=EDGE_LOOP('',(#4960,#4961,#4962,#4963));
#3210=AXIS2_PLACEMENT_3D('',#4964,#4965,#4966);
#3211=SURFACE_SIDE_STYLE('',(#4967));
#3212=EDGE_LOOP('',(#4968,#4969,#4970,#4971));
#3213=AXIS2_PLACEMENT_3D('',#4972,#4973,#4974);
#3214=SURFACE_SIDE_STYLE('',(#4975));
#3215=EDGE_LOOP('',(#4976,#4977,#4978,#4979));
#3216=AXIS2_PLACEMENT_3D('',#4980,#4981,#4982);
#3217=SURFACE_SIDE_STYLE('',(#4983));
#3218=EDGE_LOOP('',(#4984,#4985,#4986,#4987,#4988));
#3219=AXIS2_PLACEMENT_3D('',#4989,#4990,#4991);
#3220=SURFACE_SIDE_STYLE('',(#4992));
#3221=EDGE_LOOP('',(#4993,#4994,#4995,#4996,#4997,#4998));
#3222=AXIS2_PLACEMENT_3D('',#4999,#5000,#5001);
#3223=SURFACE_SIDE_STYLE('',(#5002));
#3224=EDGE_LOOP('',(#5003,#5004,#5005,#5006));
#3225=AXIS2_PLACEMENT_3D('',#5007,#5008,#5009);
#3226=SURFACE_SIDE_STYLE('',(#5010));
#3227=EDGE_LOOP('',(#5011,#5012,#5013,#5014));
#3228=AXIS2_PLACEMENT_3D('',#5015,#5016,#5017);
#3229=SURFACE_SIDE_STYLE('',(#5018));
#3230=EDGE_LOOP('',(#5019,#5020,#5021,#5022));
#3231=AXIS2_PLACEMENT_3D('',#5023,#5024,#5025);
#3232=SURFACE_SIDE_STYLE('',(#5026));
#3233=EDGE_LOOP('',(#5027,#5028,#5029,#5030,#5031));
#3234=AXIS2_PLACEMENT_3D('',#5032,#5033,#5034);
#3235=SURFACE_SIDE_STYLE('',(#5035));
#3236=EDGE_LOOP('',(#5036,#5037,#5038,#5039,#5040,#5041));
#3237=AXIS2_PLACEMENT_3D('',#5042,#5043,#5044);
#3238=SURFACE_SIDE_STYLE('',(#5045));
#3239=EDGE_LOOP('',(#5046,#5047,#5048,#5049));
#3240=AXIS2_PLACEMENT_3D('',#5050,#5051,#5052);
#3241=SURFACE_SIDE_STYLE('',(#5053));
#3242=EDGE_LOOP('',(#5054,#5055,#5056,#5057));
#3243=AXIS2_PLACEMENT_3D('',#5058,#5059,#5060);
#3244=SURFACE_SIDE_STYLE('',(#5061));
#3245=EDGE_LOOP('',(#5062,#5063,#5064,#5065));
#3246=AXIS2_PLACEMENT_3D('',#5066,#5067,#5068);
#3247=SURFACE_SIDE_STYLE('',(#5069));
#3248=EDGE_LOOP('',(#5070,#5071,#5072,#5073,#5074));
#3249=AXIS2_PLACEMENT_3D('',#5075,#5076,#5077);
#3250=SURFACE_SIDE_STYLE('',(#5078));
#3251=EDGE_LOOP('',(#5079,#5080,#5081,#5082,#5083,#5084));
#3252=AXIS2_PLACEMENT_3D('',#5085,#5086,#5087);
#3253=SURFACE_SIDE_STYLE('',(#5088));
#3254=EDGE_LOOP('',(#5089,#5090,#5091,#5092));
#3255=AXIS2_PLACEMENT_3D('',#5093,#5094,#5095);
#3256=SURFACE_SIDE_STYLE('',(#5096));
#3257=EDGE_LOOP('',(#5097,#5098,#5099,#5100));
#3258=AXIS2_PLACEMENT_3D('',#5101,#5102,#5103);
#3259=SURFACE_SIDE_STYLE('',(#5104));
#3260=EDGE_LOOP('',(#5105,#5106,#5107,#5108));
#3261=AXIS2_PLACEMENT_3D('',#5109,#5110,#5111);
#3262=SURFACE_SIDE_STYLE('',(#5112));
#3263=EDGE_LOOP('',(#5113,#5114,#5115,#5116,#5117));
#3264=AXIS2_PLACEMENT_3D('',#5118,#5119,#5120);
#3265=SURFACE_SIDE_STYLE('',(#5121));
#3266=EDGE_LOOP('',(#5122,#5123,#5124,#5125,#5126,#5127));
#3267=AXIS2_PLACEMENT_3D('',#5128,#5129,#5130);
#3268=SURFACE_SIDE_STYLE('',(#5131));
#3269=EDGE_LOOP('',(#5132,#5133,#5134,#5135));
#3270=AXIS2_PLACEMENT_3D('',#5136,#5137,#5138);
#3271=SURFACE_SIDE_STYLE('',(#5139));
#3272=EDGE_LOOP('',(#5140,#5141,#5142,#5143));
#3273=AXIS2_PLACEMENT_3D('',#5144,#5145,#5146);
#3274=SURFACE_SIDE_STYLE('',(#5147));
#3275=EDGE_LOOP('',(#5148,#5149,#5150,#5151));
#3276=AXIS2_PLACEMENT_3D('',#5152,#5153,#5154);
#3277=SURFACE_SIDE_STYLE('',(#5155));
#3278=EDGE_LOOP('',(#5156,#5157,#5158,#5159,#5160));
#3279=AXIS2_PLACEMENT_3D('',#5161,#5162,#5163);
#3280=SURFACE_SIDE_STYLE('',(#5164));
#3281=EDGE_LOOP('',(#5165,#5166,#5167,#5168,#5169,#5170));
#3282=AXIS2_PLACEMENT_3D('',#5171,#5172,#5173);
#3283=SURFACE_SIDE_STYLE('',(#5174));
#3284=EDGE_LOOP('',(#5175,#5176,#5177,#5178));
#3285=AXIS2_PLACEMENT_3D('',#5179,#5180,#5181);
#3286=SURFACE_SIDE_STYLE('',(#5182));
#3287=EDGE_LOOP('',(#5183,#5184,#5185,#5186));
#3288=AXIS2_PLACEMENT_3D('',#5187,#5188,#5189);
#3289=SURFACE_SIDE_STYLE('',(#5190));
#3290=EDGE_LOOP('',(#5191,#5192,#5193,#5194));
#3291=AXIS2_PLACEMENT_3D('',#5195,#5196,#5197);
#3292=SURFACE_SIDE_STYLE('',(#5198));
#3293=EDGE_LOOP('',(#5199,#5200,#5201,#5202,#5203));
#3294=AXIS2_PLACEMENT_3D('',#5204,#5205,#5206);
#3295=SURFACE_SIDE_STYLE('',(#5207));
#3296=EDGE_LOOP('',(#5208,#5209,#5210,#5211,#5212,#5213));
#3297=AXIS2_PLACEMENT_3D('',#5214,#5215,#5216);
#3298=SURFACE_SIDE_STYLE('',(#5217));
#3299=EDGE_LOOP('',(#5218,#5219,#5220,#5221));
#3300=AXIS2_PLACEMENT_3D('',#5222,#5223,#5224);
#3301=SURFACE_SIDE_STYLE('',(#5225));
#3302=EDGE_LOOP('',(#5226,#5227,#5228,#5229));
#3303=AXIS2_PLACEMENT_3D('',#5230,#5231,#5232);
#3304=SURFACE_SIDE_STYLE('',(#5233));
#3305=EDGE_LOOP('',(#5234,#5235,#5236,#5237));
#3306=AXIS2_PLACEMENT_3D('',#5238,#5239,#5240);
#3307=SURFACE_SIDE_STYLE('',(#5241));
#3308=EDGE_LOOP('',(#5242,#5243,#5244,#5245,#5246));
#3309=AXIS2_PLACEMENT_3D('',#5247,#5248,#5249);
#3310=SURFACE_SIDE_STYLE('',(#5250));
#3311=EDGE_LOOP('',(#5251,#5252,#5253,#5254,#5255,#5256));
#3312=AXIS2_PLACEMENT_3D('',#5257,#5258,#5259);
#3313=SURFACE_SIDE_STYLE('',(#5260));
#3314=EDGE_LOOP('',(#5261,#5262,#5263,#5264));
#3315=AXIS2_PLACEMENT_3D('',#5265,#5266,#5267);
#3316=SURFACE_SIDE_STYLE('',(#5268));
#3317=EDGE_LOOP('',(#5269,#5270,#5271,#5272));
#3318=AXIS2_PLACEMENT_3D('',#5273,#5274,#5275);
#3319=SURFACE_SIDE_STYLE('',(#5276));
#3320=EDGE_LOOP('',(#5277,#5278,#5279,#5280,#5281));
#3321=AXIS2_PLACEMENT_3D('',#5282,#5283,#5284);
#3322=SURFACE_SIDE_STYLE('',(#5285));
#3323=EDGE_LOOP('',(#5286,#5287,#5288,#5289,#5290));
#3324=AXIS2_PLACEMENT_3D('',#5291,#5292,#5293);
#3325=SURFACE_SIDE_STYLE('',(#5294));
#3326=EDGE_LOOP('',(#5295,#5296,#5297,#5298));
#3327=AXIS2_PLACEMENT_3D('',#5299,#5300,#5301);
#3328=SURFACE_SIDE_STYLE('',(#5302));
#3329=EDGE_LOOP('',(#5303,#5304,#5305,#5306));
#3330=AXIS2_PLACEMENT_3D('',#5307,#5308,#5309);
#3331=SURFACE_SIDE_STYLE('',(#5310));
#3332=EDGE_LOOP('',(#5311,#5312,#5313));
#3333=AXIS2_PLACEMENT_3D('',#5314,#5315,#5316);
#3334=SURFACE_SIDE_STYLE('',(#5317));
#3335=EDGE_LOOP('',(#5318,#5319,#5320,#5321));
#3336=AXIS2_PLACEMENT_3D('',#5322,#5323,#5324);
#3337=SURFACE_SIDE_STYLE('',(#5325));
#3338=EDGE_LOOP('',(#5326,#5327,#5328,#5329));
#3339=AXIS2_PLACEMENT_3D('',#5330,#5331,#5332);
#3340=SURFACE_SIDE_STYLE('',(#5333));
#3341=EDGE_LOOP('',(#5334,#5335,#5336,#5337));
#3342=AXIS2_PLACEMENT_3D('',#5338,#5339,#5340);
#3343=SURFACE_SIDE_STYLE('',(#5341));
#3344=EDGE_LOOP('',(#5342,#5343,#5344,#5345));
#3345=AXIS2_PLACEMENT_3D('',#5346,#5347,#5348);
#3346=SURFACE_SIDE_STYLE('',(#5349));
#3347=EDGE_LOOP('',(#5350,#5351,#5352,#5353));
#3348=AXIS2_PLACEMENT_3D('',#5354,#5355,#5356);
#3349=SURFACE_SIDE_STYLE('',(#5357));
#3350=EDGE_LOOP('',(#5358,#5359,#5360,#5361,#5362));
#3351=AXIS2_PLACEMENT_3D('',#5363,#5364,#5365);
#3352=SURFACE_SIDE_STYLE('',(#5366));
#3353=EDGE_LOOP('',(#5367,#5368,#5369,#5370,#5371));
#3354=AXIS2_PLACEMENT_3D('',#5372,#5373,#5374);
#3355=SURFACE_SIDE_STYLE('',(#5375));
#3356=EDGE_LOOP('',(#5376,#5377,#5378,#5379,#5380));
#3357=AXIS2_PLACEMENT_3D('',#5381,#5382,#5383);
#3358=SURFACE_SIDE_STYLE('',(#5384));
#3359=EDGE_LOOP('',(#5385,#5386,#5387,#5388));
#3360=AXIS2_PLACEMENT_3D('',#5389,#5390,#5391);
#3361=SURFACE_SIDE_STYLE('',(#5392));
#3362=EDGE_LOOP('',(#5393,#5394,#5395,#5396));
#3363=AXIS2_PLACEMENT_3D('',#5397,#5398,#5399);
#3364=SURFACE_SIDE_STYLE('',(#5400));
#3365=EDGE_LOOP('',(#5401,#5402,#5403));
#3366=AXIS2_PLACEMENT_3D('',#5404,#5405,#5406);
#3367=SURFACE_SIDE_STYLE('',(#5407));
#3368=EDGE_LOOP('',(#5408,#5409,#5410,#5411));
#3369=AXIS2_PLACEMENT_3D('',#5412,#5413,#5414);
#3370=SURFACE_SIDE_STYLE('',(#5415));
#3371=EDGE_LOOP('',(#5416,#5417,#5418,#5419));
#3372=AXIS2_PLACEMENT_3D('',#5420,#5421,#5422);
#3373=SURFACE_SIDE_STYLE('',(#5423));
#3374=EDGE_LOOP('',(#5424,#5425,#5426,#5427));
#3375=AXIS2_PLACEMENT_3D('',#5428,#5429,#5430);
#3376=SURFACE_SIDE_STYLE('',(#5431));
#3377=EDGE_LOOP('',(#5432,#5433,#5434,#5435));
#3378=AXIS2_PLACEMENT_3D('',#5436,#5437,#5438);
#3379=SURFACE_SIDE_STYLE('',(#5439));
#3380=EDGE_LOOP('',(#5440,#5441,#5442,#5443));
#3381=AXIS2_PLACEMENT_3D('',#5444,#5445,#5446);
#3382=SURFACE_SIDE_STYLE('',(#5447));
#3383=EDGE_LOOP('',(#5448,#5449,#5450,#5451,#5452));
#3384=AXIS2_PLACEMENT_3D('',#5453,#5454,#5455);
#3385=SURFACE_SIDE_STYLE('',(#5456));
#3386=EDGE_LOOP('',(#5457,#5458,#5459,#5460,#5461));
#3387=AXIS2_PLACEMENT_3D('',#5462,#5463,#5464);
#3388=SURFACE_SIDE_STYLE('',(#5465));
#3389=EDGE_LOOP('',(#5466,#5467,#5468,#5469,#5470));
#3390=AXIS2_PLACEMENT_3D('',#5471,#5472,#5473);
#3391=SURFACE_SIDE_STYLE('',(#5474));
#3392=EDGE_LOOP('',(#5475,#5476,#5477,#5478));
#3393=AXIS2_PLACEMENT_3D('',#5479,#5480,#5481);
#3394=SURFACE_SIDE_STYLE('',(#5482));
#3395=EDGE_LOOP('',(#5483,#5484,#5485,#5486));
#3396=AXIS2_PLACEMENT_3D('',#5487,#5488,#5489);
#3397=SURFACE_SIDE_STYLE('',(#5490));
#3398=EDGE_LOOP('',(#5491,#5492,#5493));
#3399=AXIS2_PLACEMENT_3D('',#5494,#5495,#5496);
#3400=SURFACE_SIDE_STYLE('',(#5497));
#3401=EDGE_LOOP('',(#5498,#5499,#5500,#5501));
#3402=AXIS2_PLACEMENT_3D('',#5502,#5503,#5504);
#3403=SURFACE_SIDE_STYLE('',(#5505));
#3404=EDGE_LOOP('',(#5506,#5507,#5508,#5509));
#3405=AXIS2_PLACEMENT_3D('',#5510,#5511,#5512);
#3406=SURFACE_SIDE_STYLE('',(#5513));
#3407=EDGE_LOOP('',(#5514,#5515,#5516,#5517));
#3408=AXIS2_PLACEMENT_3D('',#5518,#5519,#5520);
#3409=SURFACE_SIDE_STYLE('',(#5521));
#3410=EDGE_LOOP('',(#5522,#5523,#5524,#5525));
#3411=AXIS2_PLACEMENT_3D('',#5526,#5527,#5528);
#3412=SURFACE_SIDE_STYLE('',(#5529));
#3413=EDGE_LOOP('',(#5530,#5531,#5532,#5533));
#3414=AXIS2_PLACEMENT_3D('',#5534,#5535,#5536);
#3415=SURFACE_SIDE_STYLE('',(#5537));
#3416=EDGE_LOOP('',(#5538,#5539,#5540,#5541,#5542));
#3417=AXIS2_PLACEMENT_3D('',#5543,#5544,#5545);
#3418=SURFACE_SIDE_STYLE('',(#5546));
#3419=EDGE_LOOP('',(#5547,#5548,#5549,#5550,#5551));
#3420=AXIS2_PLACEMENT_3D('',#5552,#5553,#5554);
#3421=SURFACE_SIDE_STYLE('',(#5555));
#3422=EDGE_LOOP('',(#5556,#5557,#5558,#5559,#5560));
#3423=AXIS2_PLACEMENT_3D('',#5561,#5562,#5563);
#3424=SURFACE_SIDE_STYLE('',(#5564));
#3425=EDGE_LOOP('',(#5565,#5566,#5567,#5568));
#3426=AXIS2_PLACEMENT_3D('',#5569,#5570,#5571);
#3427=SURFACE_SIDE_STYLE('',(#5572));
#3428=EDGE_LOOP('',(#5573,#5574,#5575,#5576));
#3429=AXIS2_PLACEMENT_3D('',#5577,#5578,#5579);
#3430=SURFACE_SIDE_STYLE('',(#5580));
#3431=EDGE_LOOP('',(#5581,#5582,#5583));
#3432=AXIS2_PLACEMENT_3D('',#5584,#5585,#5586);
#3433=SURFACE_SIDE_STYLE('',(#5587));
#3434=EDGE_LOOP('',(#5588,#5589,#5590,#5591));
#3435=AXIS2_PLACEMENT_3D('',#5592,#5593,#5594);
#3436=SURFACE_SIDE_STYLE('',(#5595));
#3437=EDGE_LOOP('',(#5596,#5597,#5598,#5599));
#3438=AXIS2_PLACEMENT_3D('',#5600,#5601,#5602);
#3439=SURFACE_SIDE_STYLE('',(#5603));
#3440=EDGE_LOOP('',(#5604,#5605,#5606,#5607));
#3441=AXIS2_PLACEMENT_3D('',#5608,#5609,#5610);
#3442=SURFACE_SIDE_STYLE('',(#5611));
#3443=EDGE_LOOP('',(#5612,#5613,#5614,#5615));
#3444=AXIS2_PLACEMENT_3D('',#5616,#5617,#5618);
#3445=SURFACE_SIDE_STYLE('',(#5619));
#3446=EDGE_LOOP('',(#5620,#5621,#5622,#5623));
#3447=AXIS2_PLACEMENT_3D('',#5624,#5625,#5626);
#3448=SURFACE_SIDE_STYLE('',(#5627));
#3449=EDGE_LOOP('',(#5628,#5629,#5630,#5631,#5632));
#3450=AXIS2_PLACEMENT_3D('',#5633,#5634,#5635);
#3451=SURFACE_SIDE_STYLE('',(#5636));
#3452=EDGE_LOOP('',(#5637,#5638,#5639,#5640,#5641));
#3453=AXIS2_PLACEMENT_3D('',#5642,#5643,#5644);
#3454=SURFACE_SIDE_STYLE('',(#5645));
#3455=EDGE_LOOP('',(#5646,#5647,#5648,#5649,#5650));
#3456=AXIS2_PLACEMENT_3D('',#5651,#5652,#5653);
#3457=SURFACE_SIDE_STYLE('',(#5654));
#3458=EDGE_LOOP('',(#5655,#5656,#5657,#5658));
#3459=AXIS2_PLACEMENT_3D('',#5659,#5660,#5661);
#3460=SURFACE_SIDE_STYLE('',(#5662));
#3461=EDGE_LOOP('',(#5663,#5664,#5665,#5666));
#3462=AXIS2_PLACEMENT_3D('',#5667,#5668,#5669);
#3463=SURFACE_SIDE_STYLE('',(#5670));
#3464=EDGE_LOOP('',(#5671,#5672,#5673));
#3465=AXIS2_PLACEMENT_3D('',#5674,#5675,#5676);
#3466=SURFACE_SIDE_STYLE('',(#5677));
#3467=EDGE_LOOP('',(#5678,#5679,#5680,#5681));
#3468=AXIS2_PLACEMENT_3D('',#5682,#5683,#5684);
#3469=SURFACE_SIDE_STYLE('',(#5685));
#3470=EDGE_LOOP('',(#5686,#5687,#5688,#5689));
#3471=AXIS2_PLACEMENT_3D('',#5690,#5691,#5692);
#3472=SURFACE_SIDE_STYLE('',(#5693));
#3473=EDGE_LOOP('',(#5694,#5695,#5696,#5697));
#3474=AXIS2_PLACEMENT_3D('',#5698,#5699,#5700);
#3475=SURFACE_SIDE_STYLE('',(#5701));
#3476=EDGE_LOOP('',(#5702,#5703,#5704,#5705));
#3477=AXIS2_PLACEMENT_3D('',#5706,#5707,#5708);
#3478=SURFACE_SIDE_STYLE('',(#5709));
#3479=EDGE_LOOP('',(#5710,#5711,#5712,#5713));
#3480=AXIS2_PLACEMENT_3D('',#5714,#5715,#5716);
#3481=SURFACE_SIDE_STYLE('',(#5717));
#3482=EDGE_LOOP('',(#5718,#5719,#5720,#5721,#5722));
#3483=AXIS2_PLACEMENT_3D('',#5723,#5724,#5725);
#3484=SURFACE_SIDE_STYLE('',(#5726));
#3485=EDGE_LOOP('',(#5727,#5728,#5729,#5730,#5731));
#3486=AXIS2_PLACEMENT_3D('',#5732,#5733,#5734);
#3487=SURFACE_SIDE_STYLE('',(#5735));
#3488=EDGE_LOOP('',(#5736,#5737,#5738,#5739,#5740));
#3489=AXIS2_PLACEMENT_3D('',#5741,#5742,#5743);
#3490=SURFACE_SIDE_STYLE('',(#5744));
#3491=EDGE_LOOP('',(#5745,#5746,#5747,#5748));
#3492=AXIS2_PLACEMENT_3D('',#5749,#5750,#5751);
#3493=SURFACE_SIDE_STYLE('',(#5752));
#3494=EDGE_LOOP('',(#5753,#5754,#5755,#5756));
#3495=AXIS2_PLACEMENT_3D('',#5757,#5758,#5759);
#3496=SURFACE_SIDE_STYLE('',(#5760));
#3497=EDGE_LOOP('',(#5761,#5762,#5763));
#3498=AXIS2_PLACEMENT_3D('',#5764,#5765,#5766);
#3499=SURFACE_SIDE_STYLE('',(#5767));
#3500=EDGE_LOOP('',(#5768,#5769,#5770,#5771));
#3501=AXIS2_PLACEMENT_3D('',#5772,#5773,#5774);
#3502=SURFACE_SIDE_STYLE('',(#5775));
#3503=EDGE_LOOP('',(#5776,#5777,#5778,#5779));
#3504=AXIS2_PLACEMENT_3D('',#5780,#5781,#5782);
#3505=SURFACE_SIDE_STYLE('',(#5783));
#3506=EDGE_LOOP('',(#5784,#5785,#5786,#5787));
#3507=AXIS2_PLACEMENT_3D('',#5788,#5789,#5790);
#3508=SURFACE_SIDE_STYLE('',(#5791));
#3509=EDGE_LOOP('',(#5792,#5793,#5794,#5795));
#3510=AXIS2_PLACEMENT_3D('',#5796,#5797,#5798);
#3511=SURFACE_SIDE_STYLE('',(#5799));
#3512=EDGE_LOOP('',(#5800,#5801,#5802,#5803));
#3513=AXIS2_PLACEMENT_3D('',#5804,#5805,#5806);
#3514=SURFACE_SIDE_STYLE('',(#5807));
#3515=EDGE_LOOP('',(#5808,#5809,#5810,#5811,#5812));
#3516=AXIS2_PLACEMENT_3D('',#5813,#5814,#5815);
#3517=SURFACE_SIDE_STYLE('',(#5816));
#3518=EDGE_LOOP('',(#5817,#5818,#5819,#5820,#5821));
#3519=AXIS2_PLACEMENT_3D('',#5822,#5823,#5824);
#3520=SURFACE_SIDE_STYLE('',(#5825));
#3521=EDGE_LOOP('',(#5826,#5827,#5828,#5829,#5830));
#3522=AXIS2_PLACEMENT_3D('',#5831,#5832,#5833);
#3523=SURFACE_SIDE_STYLE('',(#5834));
#3524=EDGE_LOOP('',(#5835,#5836,#5837,#5838));
#3525=AXIS2_PLACEMENT_3D('',#5839,#5840,#5841);
#3526=SURFACE_SIDE_STYLE('',(#5842));
#3527=EDGE_LOOP('',(#5843,#5844,#5845,#5846));
#3528=AXIS2_PLACEMENT_3D('',#5847,#5848,#5849);
#3529=SURFACE_SIDE_STYLE('',(#5850));
#3530=EDGE_LOOP('',(#5851,#5852,#5853));
#3531=AXIS2_PLACEMENT_3D('',#5854,#5855,#5856);
#3532=SURFACE_SIDE_STYLE('',(#5857));
#3533=EDGE_LOOP('',(#5858,#5859,#5860,#5861));
#3534=AXIS2_PLACEMENT_3D('',#5862,#5863,#5864);
#3535=SURFACE_SIDE_STYLE('',(#5865));
#3536=EDGE_LOOP('',(#5866,#5867,#5868,#5869));
#3537=AXIS2_PLACEMENT_3D('',#5870,#5871,#5872);
#3538=SURFACE_SIDE_STYLE('',(#5873));
#3539=EDGE_LOOP('',(#5874,#5875,#5876,#5877));
#3540=AXIS2_PLACEMENT_3D('',#5878,#5879,#5880);
#3541=SURFACE_SIDE_STYLE('',(#5881));
#3542=EDGE_LOOP('',(#5882,#5883,#5884,#5885));
#3543=AXIS2_PLACEMENT_3D('',#5886,#5887,#5888);
#3544=SURFACE_SIDE_STYLE('',(#5889));
#3545=EDGE_LOOP('',(#5890,#5891,#5892,#5893));
#3546=AXIS2_PLACEMENT_3D('',#5894,#5895,#5896);
#3547=SURFACE_SIDE_STYLE('',(#5897));
#3548=EDGE_LOOP('',(#5898,#5899,#5900,#5901,#5902));
#3549=AXIS2_PLACEMENT_3D('',#5903,#5904,#5905);
#3550=SURFACE_SIDE_STYLE('',(#5906));
#3551=EDGE_LOOP('',(#5907,#5908,#5909,#5910,#5911));
#3552=AXIS2_PLACEMENT_3D('',#5912,#5913,#5914);
#3553=SURFACE_SIDE_STYLE('',(#5915));
#3554=EDGE_LOOP('',(#5916,#5917,#5918,#5919,#5920));
#3555=AXIS2_PLACEMENT_3D('',#5921,#5922,#5923);
#3556=SURFACE_SIDE_STYLE('',(#5924));
#3557=EDGE_LOOP('',(#5925,#5926,#5927,#5928));
#3558=AXIS2_PLACEMENT_3D('',#5929,#5930,#5931);
#3559=SURFACE_SIDE_STYLE('',(#5932));
#3560=EDGE_LOOP('',(#5933,#5934,#5935,#5936));
#3561=AXIS2_PLACEMENT_3D('',#5937,#5938,#5939);
#3562=SURFACE_SIDE_STYLE('',(#5940));
#3563=EDGE_LOOP('',(#5941,#5942,#5943));
#3564=AXIS2_PLACEMENT_3D('',#5944,#5945,#5946);
#3565=SURFACE_SIDE_STYLE('',(#5947));
#3566=EDGE_LOOP('',(#5948,#5949,#5950,#5951));
#3567=AXIS2_PLACEMENT_3D('',#5952,#5953,#5954);
#3568=SURFACE_SIDE_STYLE('',(#5955));
#3569=EDGE_LOOP('',(#5956,#5957,#5958,#5959));
#3570=AXIS2_PLACEMENT_3D('',#5960,#5961,#5962);
#3571=SURFACE_SIDE_STYLE('',(#5963));
#3572=EDGE_LOOP('',(#5964,#5965,#5966,#5967));
#3573=AXIS2_PLACEMENT_3D('',#5968,#5969,#5970);
#3574=SURFACE_SIDE_STYLE('',(#5971));
#3575=EDGE_LOOP('',(#5972,#5973,#5974,#5975));
#3576=AXIS2_PLACEMENT_3D('',#5976,#5977,#5978);
#3577=SURFACE_SIDE_STYLE('',(#5979));
#3578=EDGE_LOOP('',(#5980,#5981,#5982,#5983));
#3579=AXIS2_PLACEMENT_3D('',#5984,#5985,#5986);
#3580=SURFACE_SIDE_STYLE('',(#5987));
#3581=EDGE_LOOP('',(#5988,#5989,#5990,#5991,#5992));
#3582=AXIS2_PLACEMENT_3D('',#5993,#5994,#5995);
#3583=SURFACE_SIDE_STYLE('',(#5996));
#3584=EDGE_LOOP('',(#5997,#5998,#5999,#6000,#6001));
#3585=AXIS2_PLACEMENT_3D('',#6002,#6003,#6004);
#3586=SURFACE_SIDE_STYLE('',(#6005));
#3587=EDGE_LOOP('',(#6006,#6007,#6008,#6009,#6010));
#3588=AXIS2_PLACEMENT_3D('',#6011,#6012,#6013);
#3589=SURFACE_SIDE_STYLE('',(#6014));
#3590=EDGE_LOOP('',(#6015,#6016,#6017,#6018));
#3591=AXIS2_PLACEMENT_3D('',#6019,#6020,#6021);
#3592=SURFACE_SIDE_STYLE('',(#6022));
#3593=EDGE_LOOP('',(#6023,#6024,#6025,#6026));
#3594=AXIS2_PLACEMENT_3D('',#6027,#6028,#6029);
#3595=SURFACE_SIDE_STYLE('',(#6030));
#3596=EDGE_LOOP('',(#6031,#6032,#6033));
#3597=AXIS2_PLACEMENT_3D('',#6034,#6035,#6036);
#3598=SURFACE_SIDE_STYLE('',(#6037));
#3599=EDGE_LOOP('',(#6038,#6039,#6040,#6041));
#3600=AXIS2_PLACEMENT_3D('',#6042,#6043,#6044);
#3601=SURFACE_SIDE_STYLE('',(#6045));
#3602=EDGE_LOOP('',(#6046,#6047,#6048,#6049));
#3603=AXIS2_PLACEMENT_3D('',#6050,#6051,#6052);
#3604=SURFACE_SIDE_STYLE('',(#6053));
#3605=EDGE_LOOP('',(#6054,#6055,#6056,#6057));
#3606=AXIS2_PLACEMENT_3D('',#6058,#6059,#6060);
#3607=SURFACE_SIDE_STYLE('',(#6061));
#3608=EDGE_LOOP('',(#6062,#6063,#6064,#6065));
#3609=AXIS2_PLACEMENT_3D('',#6066,#6067,#6068);
#3610=SURFACE_SIDE_STYLE('',(#6069));
#3611=EDGE_LOOP('',(#6070,#6071,#6072,#6073));
#3612=AXIS2_PLACEMENT_3D('',#6074,#6075,#6076);
#3613=SURFACE_SIDE_STYLE('',(#6077));
#3614=EDGE_LOOP('',(#6078,#6079,#6080,#6081,#6082));
#3615=AXIS2_PLACEMENT_3D('',#6083,#6084,#6085);
#3616=SURFACE_SIDE_STYLE('',(#6086));
#3617=EDGE_LOOP('',(#6087,#6088,#6089,#6090,#6091));
#3618=AXIS2_PLACEMENT_3D('',#6092,#6093,#6094);
#3619=SURFACE_SIDE_STYLE('',(#6095));
#3620=EDGE_LOOP('',(#6096,#6097,#6098,#6099,#6100));
#3621=AXIS2_PLACEMENT_3D('',#6101,#6102,#6103);
#3622=SURFACE_SIDE_STYLE('',(#6104));
#3623=EDGE_LOOP('',(#6105,#6106,#6107,#6108));
#3624=AXIS2_PLACEMENT_3D('',#6109,#6110,#6111);
#3625=SURFACE_SIDE_STYLE('',(#6112));
#3626=EDGE_LOOP('',(#6113,#6114,#6115,#6116));
#3627=AXIS2_PLACEMENT_3D('',#6117,#6118,#6119);
#3628=SURFACE_SIDE_STYLE('',(#6120));
#3629=EDGE_LOOP('',(#6121,#6122,#6123));
#3630=AXIS2_PLACEMENT_3D('',#6124,#6125,#6126);
#3631=SURFACE_SIDE_STYLE('',(#6127));
#3632=EDGE_LOOP('',(#6128,#6129,#6130,#6131));
#3633=AXIS2_PLACEMENT_3D('',#6132,#6133,#6134);
#3634=SURFACE_SIDE_STYLE('',(#6135));
#3635=EDGE_LOOP('',(#6136,#6137,#6138,#6139));
#3636=AXIS2_PLACEMENT_3D('',#6140,#6141,#6142);
#3637=SURFACE_SIDE_STYLE('',(#6143));
#3638=EDGE_LOOP('',(#6144,#6145,#6146,#6147));
#3639=AXIS2_PLACEMENT_3D('',#6148,#6149,#6150);
#3640=SURFACE_SIDE_STYLE('',(#6151));
#3641=EDGE_LOOP('',(#6152,#6153,#6154,#6155));
#3642=AXIS2_PLACEMENT_3D('',#6156,#6157,#6158);
#3643=SURFACE_SIDE_STYLE('',(#6159));
#3644=EDGE_LOOP('',(#6160,#6161,#6162,#6163));
#3645=AXIS2_PLACEMENT_3D('',#6164,#6165,#6166);
#3646=SURFACE_SIDE_STYLE('',(#6167));
#3647=EDGE_LOOP('',(#6168,#6169,#6170,#6171,#6172));
#3648=AXIS2_PLACEMENT_3D('',#6173,#6174,#6175);
#3649=SURFACE_SIDE_STYLE('',(#6176));
#3650=EDGE_LOOP('',(#6177,#6178,#6179,#6180,#6181));
#3651=AXIS2_PLACEMENT_3D('',#6182,#6183,#6184);
#3652=SURFACE_SIDE_STYLE('',(#6185));
#3653=EDGE_LOOP('',(#6186,#6187,#6188,#6189));
#3654=AXIS2_PLACEMENT_3D('',#6190,#6191,#6192);
#3655=SURFACE_SIDE_STYLE('',(#6193));
#3656=EDGE_LOOP('',(#6194,#6195,#6196,#6197));
#3657=AXIS2_PLACEMENT_3D('',#6198,#6199,#6200);
#3658=SURFACE_SIDE_STYLE('',(#6201));
#3659=EDGE_LOOP('',(#6202,#6203));
#3660=EDGE_LOOP('',(#6204,#6205));
#3661=AXIS2_PLACEMENT_3D('',#6206,#6207,#6208);
#3662=SURFACE_SIDE_STYLE('',(#6209));
#3663=EDGE_LOOP('',(#6210,#6211,#6212,#6213));
#3664=AXIS2_PLACEMENT_3D('',#6214,#6215,#6216);
#3665=SURFACE_SIDE_STYLE('',(#6217));
#3666=EDGE_LOOP('',(#6218,#6219,#6220,#6221));
#3667=AXIS2_PLACEMENT_3D('',#6222,#6223,#6224);
#3668=SURFACE_SIDE_STYLE('',(#6225));
#3669=EDGE_LOOP('',(#6226,#6227,#6228,#6229));
#3670=AXIS2_PLACEMENT_3D('',#6230,#6231,#6232);
#3671=SURFACE_SIDE_STYLE('',(#6233));
#3672=EDGE_LOOP('',(#6234,#6235,#6236));
#3673=AXIS2_PLACEMENT_3D('',#6237,#6238,#6239);
#3674=SURFACE_SIDE_STYLE('',(#6240));
#3675=EDGE_LOOP('',(#6241,#6242,#6243,#6244));
#3676=AXIS2_PLACEMENT_3D('',#6245,#6246,#6247);
#3677=SURFACE_SIDE_STYLE('',(#6248));
#3678=EDGE_LOOP('',(#6249,#6250,#6251,#6252));
#3679=AXIS2_PLACEMENT_3D('',#6253,#6254,#6255);
#3680=SURFACE_SIDE_STYLE('',(#6256));
#3681=EDGE_LOOP('',(#6257,#6258,#6259,#6260,#6261));
#3682=AXIS2_PLACEMENT_3D('',#6262,#6263,#6264);
#3683=SURFACE_SIDE_STYLE('',(#6265));
#3684=EDGE_LOOP('',(#6266,#6267,#6268,#6269,#6270));
#3685=AXIS2_PLACEMENT_3D('',#6271,#6272,#6273);
#3686=SURFACE_SIDE_STYLE('',(#6274));
#3687=EDGE_LOOP('',(#6275,#6276,#6277,#6278,#6279));
#3688=AXIS2_PLACEMENT_3D('',#6280,#6281,#6282);
#3689=SURFACE_SIDE_STYLE('',(#6283));
#3690=EDGE_LOOP('',(#6284,#6285,#6286,#6287));
#3691=AXIS2_PLACEMENT_3D('',#6288,#6289,#6290);
#3692=SURFACE_SIDE_STYLE('',(#6291));
#3693=EDGE_LOOP('',(#6292,#6293,#6294,#6295));
#3694=AXIS2_PLACEMENT_3D('',#6296,#6297,#6298);
#3695=SURFACE_SIDE_STYLE('',(#6299));
#3696=EDGE_LOOP('',(#6300,#6301));
#3697=EDGE_LOOP('',(#6302,#6303));
#3698=AXIS2_PLACEMENT_3D('',#6304,#6305,#6306);
#3699=SURFACE_SIDE_STYLE('',(#6307));
#3700=EDGE_LOOP('',(#6308,#6309,#6310,#6311));
#3701=AXIS2_PLACEMENT_3D('',#6312,#6313,#6314);
#3702=SURFACE_SIDE_STYLE('',(#6315));
#3703=EDGE_LOOP('',(#6316,#6317,#6318,#6319));
#3704=AXIS2_PLACEMENT_3D('',#6320,#6321,#6322);
#3705=SURFACE_SIDE_STYLE('',(#6323));
#3706=EDGE_LOOP('',(#6324,#6325,#6326,#6327));
#3707=AXIS2_PLACEMENT_3D('',#6328,#6329,#6330);
#3708=SURFACE_SIDE_STYLE('',(#6331));
#3709=EDGE_LOOP('',(#6332,#6333,#6334));
#3710=AXIS2_PLACEMENT_3D('',#6335,#6336,#6337);
#3711=SURFACE_SIDE_STYLE('',(#6338));
#3712=EDGE_LOOP('',(#6339,#6340,#6341,#6342));
#3713=AXIS2_PLACEMENT_3D('',#6343,#6344,#6345);
#3714=SURFACE_SIDE_STYLE('',(#6346));
#3715=EDGE_LOOP('',(#6347,#6348,#6349,#6350));
#3716=AXIS2_PLACEMENT_3D('',#6351,#6352,#6353);
#3717=SURFACE_SIDE_STYLE('',(#6354));
#3718=EDGE_LOOP('',(#6355,#6356,#6357,#6358,#6359));
#3719=AXIS2_PLACEMENT_3D('',#6360,#6361,#6362);
#3720=SURFACE_SIDE_STYLE('',(#6363));
#3721=EDGE_LOOP('',(#6364,#6365,#6366,#6367,#6368));
#3722=AXIS2_PLACEMENT_3D('',#6369,#6370,#6371);
#3723=SURFACE_SIDE_STYLE('',(#6372));
#3724=EDGE_LOOP('',(#6373,#6374,#6375,#6376,#6377));
#3725=AXIS2_PLACEMENT_3D('',#6378,#6379,#6380);
#3726=SURFACE_SIDE_STYLE('',(#6381));
#3727=EDGE_LOOP('',(#6382,#6383,#6384,#6385));
#3728=AXIS2_PLACEMENT_3D('',#6386,#6387,#6388);
#3729=SURFACE_SIDE_STYLE('',(#6389));
#3730=EDGE_LOOP('',(#6390,#6391,#6392,#6393));
#3731=AXIS2_PLACEMENT_3D('',#6394,#6395,#6396);
#3732=SURFACE_SIDE_STYLE('',(#6397));
#3733=EDGE_LOOP('',(#6398,#6399));
#3734=EDGE_LOOP('',(#6400,#6401));
#3735=AXIS2_PLACEMENT_3D('',#6402,#6403,#6404);
#3736=SURFACE_SIDE_STYLE('',(#6405));
#3737=EDGE_LOOP('',(#6406,#6407,#6408,#6409));
#3738=AXIS2_PLACEMENT_3D('',#6410,#6411,#6412);
#3739=SURFACE_SIDE_STYLE('',(#6413));
#3740=EDGE_LOOP('',(#6414,#6415,#6416,#6417));
#3741=AXIS2_PLACEMENT_3D('',#6418,#6419,#6420);
#3742=SURFACE_SIDE_STYLE('',(#6421));
#3743=EDGE_LOOP('',(#6422,#6423,#6424,#6425));
#3744=AXIS2_PLACEMENT_3D('',#6426,#6427,#6428);
#3745=SURFACE_SIDE_STYLE('',(#6429));
#3746=EDGE_LOOP('',(#6430,#6431,#6432));
#3747=AXIS2_PLACEMENT_3D('',#6433,#6434,#6435);
#3748=SURFACE_SIDE_STYLE('',(#6436));
#3749=EDGE_LOOP('',(#6437,#6438,#6439,#6440));
#3750=AXIS2_PLACEMENT_3D('',#6441,#6442,#6443);
#3751=SURFACE_SIDE_STYLE('',(#6444));
#3752=EDGE_LOOP('',(#6445,#6446,#6447,#6448));
#3753=AXIS2_PLACEMENT_3D('',#6449,#6450,#6451);
#3754=SURFACE_SIDE_STYLE('',(#6452));
#3755=EDGE_LOOP('',(#6453,#6454,#6455,#6456,#6457));
#3756=AXIS2_PLACEMENT_3D('',#6458,#6459,#6460);
#3757=SURFACE_SIDE_STYLE('',(#6461));
#3758=EDGE_LOOP('',(#6462,#6463,#6464,#6465,#6466));
#3759=AXIS2_PLACEMENT_3D('',#6467,#6468,#6469);
#3760=SURFACE_SIDE_STYLE('',(#6470));
#3761=EDGE_LOOP('',(#6471,#6472,#6473,#6474,#6475));
#3762=AXIS2_PLACEMENT_3D('',#6476,#6477,#6478);
#3763=SURFACE_SIDE_STYLE('',(#6479));
#3764=EDGE_LOOP('',(#6480,#6481,#6482,#6483));
#3765=AXIS2_PLACEMENT_3D('',#6484,#6485,#6486);
#3766=SURFACE_SIDE_STYLE('',(#6487));
#3767=EDGE_LOOP('',(#6488,#6489,#6490,#6491));
#3768=AXIS2_PLACEMENT_3D('',#6492,#6493,#6494);
#3769=SURFACE_SIDE_STYLE('',(#6495));
#3770=EDGE_LOOP('',(#6496,#6497));
#3771=EDGE_LOOP('',(#6498,#6499));
#3772=AXIS2_PLACEMENT_3D('',#6500,#6501,#6502);
#3773=SURFACE_SIDE_STYLE('',(#6503));
#3774=EDGE_LOOP('',(#6504,#6505,#6506,#6507));
#3775=AXIS2_PLACEMENT_3D('',#6508,#6509,#6510);
#3776=SURFACE_SIDE_STYLE('',(#6511));
#3777=EDGE_LOOP('',(#6512,#6513,#6514,#6515));
#3778=AXIS2_PLACEMENT_3D('',#6516,#6517,#6518);
#3779=SURFACE_SIDE_STYLE('',(#6519));
#3780=EDGE_LOOP('',(#6520,#6521,#6522,#6523));
#3781=AXIS2_PLACEMENT_3D('',#6524,#6525,#6526);
#3782=SURFACE_SIDE_STYLE('',(#6527));
#3783=EDGE_LOOP('',(#6528,#6529,#6530));
#3784=AXIS2_PLACEMENT_3D('',#6531,#6532,#6533);
#3785=SURFACE_SIDE_STYLE('',(#6534));
#3786=EDGE_LOOP('',(#6535,#6536,#6537,#6538));
#3787=AXIS2_PLACEMENT_3D('',#6539,#6540,#6541);
#3788=SURFACE_SIDE_STYLE('',(#6542));
#3789=EDGE_LOOP('',(#6543,#6544,#6545,#6546));
#3790=AXIS2_PLACEMENT_3D('',#6547,#6548,#6549);
#3791=SURFACE_SIDE_STYLE('',(#6550));
#3792=EDGE_LOOP('',(#6551,#6552,#6553,#6554,#6555));
#3793=AXIS2_PLACEMENT_3D('',#6556,#6557,#6558);
#3794=SURFACE_SIDE_STYLE('',(#6559));
#3795=EDGE_LOOP('',(#6560,#6561,#6562,#6563,#6564));
#3796=AXIS2_PLACEMENT_3D('',#6565,#6566,#6567);
#3797=SURFACE_SIDE_STYLE('',(#6568));
#3798=EDGE_LOOP('',(#6569,#6570,#6571,#6572,#6573));
#3799=AXIS2_PLACEMENT_3D('',#6574,#6575,#6576);
#3800=SURFACE_SIDE_STYLE('',(#6577));
#3801=EDGE_LOOP('',(#6578,#6579,#6580,#6581));
#3802=AXIS2_PLACEMENT_3D('',#6582,#6583,#6584);
#3803=SURFACE_SIDE_STYLE('',(#6585));
#3804=EDGE_LOOP('',(#6586,#6587,#6588,#6589));
#3805=AXIS2_PLACEMENT_3D('',#6590,#6591,#6592);
#3806=SURFACE_SIDE_STYLE('',(#6593));
#3807=EDGE_LOOP('',(#6594,#6595));
#3808=EDGE_LOOP('',(#6596,#6597));
#3809=AXIS2_PLACEMENT_3D('',#6598,#6599,#6600);
#3810=SURFACE_SIDE_STYLE('',(#6601));
#3811=EDGE_LOOP('',(#6602,#6603,#6604,#6605));
#3812=AXIS2_PLACEMENT_3D('',#6606,#6607,#6608);
#3813=SURFACE_SIDE_STYLE('',(#6609));
#3814=EDGE_LOOP('',(#6610,#6611,#6612,#6613));
#3815=AXIS2_PLACEMENT_3D('',#6614,#6615,#6616);
#3816=SURFACE_SIDE_STYLE('',(#6617));
#3817=EDGE_LOOP('',(#6618,#6619,#6620,#6621));
#3818=AXIS2_PLACEMENT_3D('',#6622,#6623,#6624);
#3819=SURFACE_SIDE_STYLE('',(#6625));
#3820=EDGE_LOOP('',(#6626,#6627,#6628));
#3821=AXIS2_PLACEMENT_3D('',#6629,#6630,#6631);
#3822=SURFACE_SIDE_STYLE('',(#6632));
#3823=EDGE_LOOP('',(#6633,#6634,#6635,#6636));
#3824=AXIS2_PLACEMENT_3D('',#6637,#6638,#6639);
#3825=SURFACE_SIDE_STYLE('',(#6640));
#3826=EDGE_LOOP('',(#6641,#6642,#6643,#6644));
#3827=AXIS2_PLACEMENT_3D('',#6645,#6646,#6647);
#3828=SURFACE_SIDE_STYLE('',(#6648));
#3829=EDGE_LOOP('',(#6649,#6650,#6651,#6652,#6653));
#3830=AXIS2_PLACEMENT_3D('',#6654,#6655,#6656);
#3831=SURFACE_SIDE_STYLE('',(#6657));
#3832=EDGE_LOOP('',(#6658,#6659,#6660,#6661,#6662));
#3833=AXIS2_PLACEMENT_3D('',#6663,#6664,#6665);
#3834=SURFACE_SIDE_STYLE('',(#6666));
#3835=EDGE_LOOP('',(#6667,#6668,#6669,#6670,#6671));
#3836=AXIS2_PLACEMENT_3D('',#6672,#6673,#6674);
#3837=SURFACE_SIDE_STYLE('',(#6675));
#3838=EDGE_LOOP('',(#6676,#6677,#6678,#6679));
#3839=AXIS2_PLACEMENT_3D('',#6680,#6681,#6682);
#3840=SURFACE_SIDE_STYLE('',(#6683));
#3841=EDGE_LOOP('',(#6684,#6685,#6686,#6687));
#3842=AXIS2_PLACEMENT_3D('',#6688,#6689,#6690);
#3843=SURFACE_SIDE_STYLE('',(#6691));
#3844=EDGE_LOOP('',(#6692,#6693));
#3845=EDGE_LOOP('',(#6694,#6695));
#3846=AXIS2_PLACEMENT_3D('',#6696,#6697,#6698);
#3847=SURFACE_SIDE_STYLE('',(#6699));
#3848=EDGE_LOOP('',(#6700,#6701,#6702,#6703));
#3849=AXIS2_PLACEMENT_3D('',#6704,#6705,#6706);
#3850=SURFACE_SIDE_STYLE('',(#6707));
#3851=EDGE_LOOP('',(#6708,#6709,#6710,#6711));
#3852=AXIS2_PLACEMENT_3D('',#6712,#6713,#6714);
#3853=SURFACE_SIDE_STYLE('',(#6715));
#3854=EDGE_LOOP('',(#6716,#6717,#6718,#6719));
#3855=AXIS2_PLACEMENT_3D('',#6720,#6721,#6722);
#3856=SURFACE_SIDE_STYLE('',(#6723));
#3857=EDGE_LOOP('',(#6724,#6725,#6726));
#3858=AXIS2_PLACEMENT_3D('',#6727,#6728,#6729);
#3859=SURFACE_SIDE_STYLE('',(#6730));
#3860=EDGE_LOOP('',(#6731,#6732,#6733,#6734));
#3861=AXIS2_PLACEMENT_3D('',#6735,#6736,#6737);
#3862=SURFACE_SIDE_STYLE('',(#6738));
#3863=EDGE_LOOP('',(#6739,#6740,#6741,#6742));
#3864=AXIS2_PLACEMENT_3D('',#6743,#6744,#6745);
#3865=SURFACE_SIDE_STYLE('',(#6746));
#3866=EDGE_LOOP('',(#6747,#6748,#6749,#6750,#6751));
#3867=AXIS2_PLACEMENT_3D('',#6752,#6753,#6754);
#3868=SURFACE_SIDE_STYLE('',(#6755));
#3869=EDGE_LOOP('',(#6756,#6757,#6758,#6759,#6760));
#3870=AXIS2_PLACEMENT_3D('',#6761,#6762,#6763);
#3871=SURFACE_SIDE_STYLE('',(#6764));
#3872=EDGE_LOOP('',(#6765,#6766,#6767,#6768,#6769));
#3873=AXIS2_PLACEMENT_3D('',#6770,#6771,#6772);
#3874=SURFACE_SIDE_STYLE('',(#6773));
#3875=EDGE_LOOP('',(#6774,#6775,#6776,#6777));
#3876=AXIS2_PLACEMENT_3D('',#6778,#6779,#6780);
#3877=SURFACE_SIDE_STYLE('',(#6781));
#3878=EDGE_LOOP('',(#6782,#6783,#6784,#6785));
#3879=AXIS2_PLACEMENT_3D('',#6786,#6787,#6788);
#3880=SURFACE_SIDE_STYLE('',(#6789));
#3881=EDGE_LOOP('',(#6790,#6791));
#3882=EDGE_LOOP('',(#6792,#6793));
#3883=AXIS2_PLACEMENT_3D('',#6794,#6795,#6796);
#3884=SURFACE_SIDE_STYLE('',(#6797));
#3885=EDGE_LOOP('',(#6798,#6799,#6800,#6801));
#3886=AXIS2_PLACEMENT_3D('',#6802,#6803,#6804);
#3887=SURFACE_SIDE_STYLE('',(#6805));
#3888=EDGE_LOOP('',(#6806,#6807,#6808,#6809));
#3889=AXIS2_PLACEMENT_3D('',#6810,#6811,#6812);
#3890=SURFACE_SIDE_STYLE('',(#6813));
#3891=EDGE_LOOP('',(#6814,#6815,#6816,#6817));
#3892=AXIS2_PLACEMENT_3D('',#6818,#6819,#6820);
#3893=SURFACE_SIDE_STYLE('',(#6821));
#3894=EDGE_LOOP('',(#6822,#6823,#6824));
#3895=AXIS2_PLACEMENT_3D('',#6825,#6826,#6827);
#3896=SURFACE_SIDE_STYLE('',(#6828));
#3897=EDGE_LOOP('',(#6829,#6830,#6831,#6832));
#3898=AXIS2_PLACEMENT_3D('',#6833,#6834,#6835);
#3899=SURFACE_SIDE_STYLE('',(#6836));
#3900=EDGE_LOOP('',(#6837,#6838,#6839,#6840));
#3901=AXIS2_PLACEMENT_3D('',#6841,#6842,#6843);
#3902=SURFACE_SIDE_STYLE('',(#6844));
#3903=EDGE_LOOP('',(#6845,#6846,#6847,#6848,#6849));
#3904=AXIS2_PLACEMENT_3D('',#6850,#6851,#6852);
#3905=SURFACE_SIDE_STYLE('',(#6853));
#3906=EDGE_LOOP('',(#6854,#6855,#6856,#6857,#6858));
#3907=AXIS2_PLACEMENT_3D('',#6859,#6860,#6861);
#3908=SURFACE_SIDE_STYLE('',(#6862));
#3909=EDGE_LOOP('',(#6863,#6864,#6865,#6866,#6867));
#3910=AXIS2_PLACEMENT_3D('',#6868,#6869,#6870);
#3911=SURFACE_SIDE_STYLE('',(#6871));
#3912=EDGE_LOOP('',(#6872,#6873,#6874,#6875));
#3913=AXIS2_PLACEMENT_3D('',#6876,#6877,#6878);
#3914=SURFACE_SIDE_STYLE('',(#6879));
#3915=EDGE_LOOP('',(#6880,#6881,#6882,#6883));
#3916=AXIS2_PLACEMENT_3D('',#6884,#6885,#6886);
#3917=SURFACE_SIDE_STYLE('',(#6887));
#3918=EDGE_LOOP('',(#6888,#6889));
#3919=EDGE_LOOP('',(#6890,#6891));
#3920=AXIS2_PLACEMENT_3D('',#6892,#6893,#6894);
#3921=SURFACE_SIDE_STYLE('',(#6895));
#3922=EDGE_LOOP('',(#6896,#6897,#6898,#6899));
#3923=AXIS2_PLACEMENT_3D('',#6900,#6901,#6902);
#3924=SURFACE_SIDE_STYLE('',(#6903));
#3925=EDGE_LOOP('',(#6904,#6905,#6906,#6907));
#3926=AXIS2_PLACEMENT_3D('',#6908,#6909,#6910);
#3927=SURFACE_SIDE_STYLE('',(#6911));
#3928=EDGE_LOOP('',(#6912,#6913,#6914,#6915));
#3929=AXIS2_PLACEMENT_3D('',#6916,#6917,#6918);
#3930=SURFACE_SIDE_STYLE('',(#6919));
#3931=EDGE_LOOP('',(#6920,#6921,#6922));
#3932=AXIS2_PLACEMENT_3D('',#6923,#6924,#6925);
#3933=SURFACE_SIDE_STYLE('',(#6926));
#3934=EDGE_LOOP('',(#6927,#6928,#6929,#6930));
#3935=AXIS2_PLACEMENT_3D('',#6931,#6932,#6933);
#3936=SURFACE_SIDE_STYLE('',(#6934));
#3937=EDGE_LOOP('',(#6935,#6936,#6937,#6938));
#3938=AXIS2_PLACEMENT_3D('',#6939,#6940,#6941);
#3939=SURFACE_SIDE_STYLE('',(#6942));
#3940=EDGE_LOOP('',(#6943,#6944,#6945,#6946,#6947));
#3941=AXIS2_PLACEMENT_3D('',#6948,#6949,#6950);
#3942=SURFACE_SIDE_STYLE('',(#6951));
#3943=EDGE_LOOP('',(#6952,#6953,#6954,#6955,#6956));
#3944=AXIS2_PLACEMENT_3D('',#6957,#6958,#6959);
#3945=SURFACE_SIDE_STYLE('',(#6960));
#3946=EDGE_LOOP('',(#6961,#6962,#6963,#6964,#6965));
#3947=AXIS2_PLACEMENT_3D('',#6966,#6967,#6968);
#3948=SURFACE_SIDE_STYLE('',(#6969));
#3949=EDGE_LOOP('',(#6970,#6971,#6972,#6973));
#3950=AXIS2_PLACEMENT_3D('',#6974,#6975,#6976);
#3951=SURFACE_SIDE_STYLE('',(#6977));
#3952=EDGE_LOOP('',(#6978,#6979,#6980,#6981));
#3953=AXIS2_PLACEMENT_3D('',#6982,#6983,#6984);
#3954=SURFACE_SIDE_STYLE('',(#6985));
#3955=EDGE_LOOP('',(#6986,#6987));
#3956=EDGE_LOOP('',(#6988,#6989));
#3957=AXIS2_PLACEMENT_3D('',#6990,#6991,#6992);
#3958=SURFACE_SIDE_STYLE('',(#6993));
#3959=EDGE_LOOP('',(#6994,#6995,#6996,#6997));
#3960=AXIS2_PLACEMENT_3D('',#6998,#6999,#7000);
#3961=SURFACE_SIDE_STYLE('',(#7001));
#3962=EDGE_LOOP('',(#7002,#7003,#7004,#7005));
#3963=AXIS2_PLACEMENT_3D('',#7006,#7007,#7008);
#3964=SURFACE_SIDE_STYLE('',(#7009));
#3965=EDGE_LOOP('',(#7010,#7011,#7012,#7013));
#3966=AXIS2_PLACEMENT_3D('',#7014,#7015,#7016);
#3967=SURFACE_SIDE_STYLE('',(#7017));
#3968=EDGE_LOOP('',(#7018,#7019,#7020));
#3969=AXIS2_PLACEMENT_3D('',#7021,#7022,#7023);
#3970=SURFACE_SIDE_STYLE('',(#7024));
#3971=EDGE_LOOP('',(#7025,#7026,#7027,#7028));
#3972=AXIS2_PLACEMENT_3D('',#7029,#7030,#7031);
#3973=SURFACE_SIDE_STYLE('',(#7032));
#3974=EDGE_LOOP('',(#7033,#7034,#7035,#7036));
#3975=AXIS2_PLACEMENT_3D('',#7037,#7038,#7039);
#3976=SURFACE_SIDE_STYLE('',(#7040));
#3977=EDGE_LOOP('',(#7041,#7042,#7043,#7044,#7045));
#3978=AXIS2_PLACEMENT_3D('',#7046,#7047,#7048);
#3979=SURFACE_SIDE_STYLE('',(#7049));
#3980=EDGE_LOOP('',(#7050,#7051,#7052,#7053,#7054));
#3981=AXIS2_PLACEMENT_3D('',#7055,#7056,#7057);
#3982=SURFACE_SIDE_STYLE('',(#7058));
#3983=EDGE_LOOP('',(#7059,#7060,#7061,#7062,#7063));
#3984=AXIS2_PLACEMENT_3D('',#7064,#7065,#7066);
#3985=SURFACE_SIDE_STYLE('',(#7067));
#3986=EDGE_LOOP('',(#7068,#7069,#7070,#7071));
#3987=AXIS2_PLACEMENT_3D('',#7072,#7073,#7074);
#3988=SURFACE_SIDE_STYLE('',(#7075));
#3989=EDGE_LOOP('',(#7076,#7077,#7078,#7079));
#3990=AXIS2_PLACEMENT_3D('',#7080,#7081,#7082);
#3991=SURFACE_SIDE_STYLE('',(#7083));
#3992=EDGE_LOOP('',(#7084,#7085));
#3993=EDGE_LOOP('',(#7086,#7087));
#3994=AXIS2_PLACEMENT_3D('',#7088,#7089,#7090);
#3995=SURFACE_SIDE_STYLE('',(#7091));
#3996=EDGE_LOOP('',(#7092,#7093,#7094,#7095));
#3997=AXIS2_PLACEMENT_3D('',#7096,#7097,#7098);
#3998=SURFACE_SIDE_STYLE('',(#7099));
#3999=EDGE_LOOP('',(#7100,#7101,#7102,#7103));
#4000=AXIS2_PLACEMENT_3D('',#7104,#7105,#7106);
#4001=SURFACE_SIDE_STYLE('',(#7107));
#4002=EDGE_LOOP('',(#7108,#7109,#7110,#7111));
#4003=AXIS2_PLACEMENT_3D('',#7112,#7113,#7114);
#4004=SURFACE_SIDE_STYLE('',(#7115));
#4005=EDGE_LOOP('',(#7116,#7117,#7118));
#4006=AXIS2_PLACEMENT_3D('',#7119,#7120,#7121);
#4007=SURFACE_SIDE_STYLE('',(#7122));
#4008=EDGE_LOOP('',(#7123,#7124,#7125,#7126));
#4009=AXIS2_PLACEMENT_3D('',#7127,#7128,#7129);
#4010=SURFACE_SIDE_STYLE('',(#7130));
#4011=EDGE_LOOP('',(#7131,#7132,#7133,#7134));
#4012=AXIS2_PLACEMENT_3D('',#7135,#7136,#7137);
#4013=SURFACE_SIDE_STYLE('',(#7138));
#4014=EDGE_LOOP('',(#7139,#7140,#7141,#7142,#7143));
#4015=AXIS2_PLACEMENT_3D('',#7144,#7145,#7146);
#4016=SURFACE_SIDE_STYLE('',(#7147));
#4017=EDGE_LOOP('',(#7148,#7149,#7150,#7151,#7152));
#4018=AXIS2_PLACEMENT_3D('',#7153,#7154,#7155);
#4019=SURFACE_SIDE_STYLE('',(#7156));
#4020=EDGE_LOOP('',(#7157,#7158,#7159,#7160));
#4021=AXIS2_PLACEMENT_3D('',#7161,#7162,#7163);
#4022=SURFACE_SIDE_STYLE('',(#7164));
#4023=EDGE_LOOP('',(#7165,#7166,#7167,#7168));
#4024=AXIS2_PLACEMENT_3D('',#7169,#7170,#7171);
#4025=SURFACE_SIDE_STYLE('',(#7172));
#4026=EDGE_LOOP('',(#7173,#7174));
#4027=EDGE_LOOP('',(#7175,#7176));
#4028=AXIS2_PLACEMENT_3D('',#7177,#7178,#7179);
#4029=SURFACE_SIDE_STYLE('',(#7180));
#4030=EDGE_LOOP('',(#7181,#7182,#7183,#7184));
#4031=AXIS2_PLACEMENT_3D('',#7185,#7186,#7187);
#4032=SURFACE_SIDE_STYLE('',(#7188));
#4033=EDGE_LOOP('',(#7189,#7190,#7191,#7192,#7193,#7194));
#4034=AXIS2_PLACEMENT_3D('',#7195,#7196,#7197);
#4035=SURFACE_SIDE_STYLE('',(#7198));
#4036=EDGE_LOOP('',(#7199,#7200,#7201,#7202,#7203,#7204));
#4037=AXIS2_PLACEMENT_3D('',#7205,#7206,#7207);
#4038=SURFACE_SIDE_STYLE('',(#7208));
#4039=EDGE_LOOP('',(#7209,#7210));
#4040=EDGE_LOOP('',(#7211,#7212,#7213));
#4041=AXIS2_PLACEMENT_3D('',#7214,#7215,#7216);
#4042=SURFACE_SIDE_STYLE('',(#7217));
#4043=EDGE_LOOP('',(#7218,#7219,#7220,#7221));
#4044=AXIS2_PLACEMENT_3D('',#7222,#7223,#7224);
#4045=SURFACE_SIDE_STYLE('',(#7225));
#4046=EDGE_LOOP('',(#7226,#7227,#7228,#7229));
#4047=AXIS2_PLACEMENT_3D('',#7230,#7231,#7232);
#4048=SURFACE_SIDE_STYLE('',(#7233));
#4049=EDGE_LOOP('',(#7234,#7235,#7236,#7237));
#4050=AXIS2_PLACEMENT_3D('',#7238,#7239,#7240);
#4051=SURFACE_SIDE_STYLE('',(#7241));
#4052=EDGE_LOOP('',(#7242,#7243));
#4053=EDGE_LOOP('',(#7244,#7245));
#4054=AXIS2_PLACEMENT_3D('',#7246,#7247,#7248);
#4055=SURFACE_SIDE_STYLE('',(#7249));
#4056=EDGE_LOOP('',(#7250,#7251,#7252,#7253));
#4057=AXIS2_PLACEMENT_3D('',#7254,#7255,#7256);
#4058=SURFACE_SIDE_STYLE('',(#7257));
#4059=EDGE_LOOP('',(#7258,#7259,#7260,#7261,#7262,#7263));
#4060=AXIS2_PLACEMENT_3D('',#7264,#7265,#7266);
#4061=SURFACE_SIDE_STYLE('',(#7267));
#4062=EDGE_LOOP('',(#7268,#7269,#7270,#7271,#7272,#7273));
#4063=AXIS2_PLACEMENT_3D('',#7274,#7275,#7276);
#4064=SURFACE_SIDE_STYLE('',(#7277));
#4065=EDGE_LOOP('',(#7278,#7279));
#4066=EDGE_LOOP('',(#7280,#7281,#7282));
#4067=AXIS2_PLACEMENT_3D('',#7283,#7284,#7285);
#4068=SURFACE_SIDE_STYLE('',(#7286));
#4069=EDGE_LOOP('',(#7287,#7288,#7289,#7290));
#4070=AXIS2_PLACEMENT_3D('',#7291,#7292,#7293);
#4071=SURFACE_SIDE_STYLE('',(#7294));
#4072=EDGE_LOOP('',(#7295,#7296,#7297,#7298));
#4073=AXIS2_PLACEMENT_3D('',#7299,#7300,#7301);
#4074=SURFACE_SIDE_STYLE('',(#7302));
#4075=EDGE_LOOP('',(#7303,#7304,#7305,#7306));
#4076=AXIS2_PLACEMENT_3D('',#7307,#7308,#7309);
#4077=SURFACE_SIDE_STYLE('',(#7310));
#4078=EDGE_LOOP('',(#7311,#7312));
#4079=EDGE_LOOP('',(#7313,#7314));
#4080=AXIS2_PLACEMENT_3D('',#7315,#7316,#7317);
#4081=SURFACE_SIDE_STYLE('',(#7318));
#4082=EDGE_LOOP('',(#7319,#7320,#7321,#7322));
#4083=AXIS2_PLACEMENT_3D('',#7323,#7324,#7325);
#4084=SURFACE_SIDE_STYLE('',(#7326));
#4085=EDGE_LOOP('',(#7327,#7328,#7329,#7330,#7331,#7332));
#4086=AXIS2_PLACEMENT_3D('',#7333,#7334,#7335);
#4087=SURFACE_SIDE_STYLE('',(#7336));
#4088=EDGE_LOOP('',(#7337,#7338,#7339,#7340,#7341,#7342));
#4089=AXIS2_PLACEMENT_3D('',#7343,#7344,#7345);
#4090=SURFACE_SIDE_STYLE('',(#7346));
#4091=EDGE_LOOP('',(#7347,#7348));
#4092=EDGE_LOOP('',(#7349,#7350,#7351));
#4093=AXIS2_PLACEMENT_3D('',#7352,#7353,#7354);
#4094=SURFACE_SIDE_STYLE('',(#7355));
#4095=EDGE_LOOP('',(#7356,#7357,#7358,#7359));
#4096=AXIS2_PLACEMENT_3D('',#7360,#7361,#7362);
#4097=SURFACE_SIDE_STYLE('',(#7363));
#4098=EDGE_LOOP('',(#7364,#7365,#7366,#7367));
#4099=AXIS2_PLACEMENT_3D('',#7368,#7369,#7370);
#4100=SURFACE_SIDE_STYLE('',(#7371));
#4101=EDGE_LOOP('',(#7372,#7373,#7374,#7375));
#4102=AXIS2_PLACEMENT_3D('',#7376,#7377,#7378);
#4103=SURFACE_SIDE_STYLE('',(#7379));
#4104=EDGE_LOOP('',(#7380,#7381));
#4105=EDGE_LOOP('',(#7382,#7383));
#4106=AXIS2_PLACEMENT_3D('',#7384,#7385,#7386);
#4107=SURFACE_SIDE_STYLE('',(#7387));
#4108=EDGE_LOOP('',(#7388,#7389,#7390,#7391));
#4109=AXIS2_PLACEMENT_3D('',#7392,#7393,#7394);
#4110=SURFACE_SIDE_STYLE('',(#7395));
#4111=EDGE_LOOP('',(#7396,#7397,#7398,#7399,#7400,#7401));
#4112=AXIS2_PLACEMENT_3D('',#7402,#7403,#7404);
#4113=SURFACE_SIDE_STYLE('',(#7405));
#4114=EDGE_LOOP('',(#7406,#7407,#7408,#7409,#7410,#7411));
#4115=AXIS2_PLACEMENT_3D('',#7412,#7413,#7414);
#4116=SURFACE_SIDE_STYLE('',(#7415));
#4117=EDGE_LOOP('',(#7416,#7417));
#4118=EDGE_LOOP('',(#7418,#7419,#7420));
#4119=AXIS2_PLACEMENT_3D('',#7421,#7422,#7423);
#4120=SURFACE_SIDE_STYLE('',(#7424));
#4121=EDGE_LOOP('',(#7425,#7426,#7427,#7428));
#4122=AXIS2_PLACEMENT_3D('',#7429,#7430,#7431);
#4123=SURFACE_SIDE_STYLE('',(#7432));
#4124=EDGE_LOOP('',(#7433,#7434,#7435,#7436));
#4125=AXIS2_PLACEMENT_3D('',#7437,#7438,#7439);
#4126=SURFACE_SIDE_STYLE('',(#7440));
#4127=EDGE_LOOP('',(#7441,#7442,#7443,#7444));
#4128=AXIS2_PLACEMENT_3D('',#7445,#7446,#7447);
#4129=SURFACE_SIDE_STYLE('',(#7448));
#4130=EDGE_LOOP('',(#7449,#7450));
#4131=EDGE_LOOP('',(#7451,#7452));
#4132=AXIS2_PLACEMENT_3D('',#7453,#7454,#7455);
#4133=SURFACE_SIDE_STYLE('',(#7456));
#4134=EDGE_LOOP('',(#7457,#7458,#7459,#7460));
#4135=AXIS2_PLACEMENT_3D('',#7461,#7462,#7463);
#4136=SURFACE_SIDE_STYLE('',(#7464));
#4137=EDGE_LOOP('',(#7465,#7466,#7467,#7468,#7469,#7470));
#4138=AXIS2_PLACEMENT_3D('',#7471,#7472,#7473);
#4139=SURFACE_SIDE_STYLE('',(#7474));
#4140=EDGE_LOOP('',(#7475,#7476,#7477,#7478,#7479,#7480));
#4141=AXIS2_PLACEMENT_3D('',#7481,#7482,#7483);
#4142=SURFACE_SIDE_STYLE('',(#7484));
#4143=EDGE_LOOP('',(#7485,#7486));
#4144=EDGE_LOOP('',(#7487,#7488,#7489));
#4145=AXIS2_PLACEMENT_3D('',#7490,#7491,#7492);
#4146=SURFACE_SIDE_STYLE('',(#7493));
#4147=EDGE_LOOP('',(#7494,#7495,#7496,#7497));
#4148=AXIS2_PLACEMENT_3D('',#7498,#7499,#7500);
#4149=SURFACE_SIDE_STYLE('',(#7501));
#4150=EDGE_LOOP('',(#7502,#7503,#7504,#7505));
#4151=AXIS2_PLACEMENT_3D('',#7506,#7507,#7508);
#4152=SURFACE_SIDE_STYLE('',(#7509));
#4153=EDGE_LOOP('',(#7510,#7511,#7512,#7513));
#4154=AXIS2_PLACEMENT_3D('',#7514,#7515,#7516);
#4155=SURFACE_SIDE_STYLE('',(#7517));
#4156=EDGE_LOOP('',(#7518,#7519));
#4157=EDGE_LOOP('',(#7520,#7521));
#4158=AXIS2_PLACEMENT_3D('',#7522,#7523,#7524);
#4159=SURFACE_SIDE_STYLE('',(#7525));
#4160=EDGE_LOOP('',(#7526,#7527,#7528,#7529));
#4161=AXIS2_PLACEMENT_3D('',#7530,#7531,#7532);
#4162=SURFACE_SIDE_STYLE('',(#7533));
#4163=EDGE_LOOP('',(#7534,#7535,#7536,#7537,#7538,#7539));
#4164=AXIS2_PLACEMENT_3D('',#7540,#7541,#7542);
#4165=SURFACE_SIDE_STYLE('',(#7543));
#4166=EDGE_LOOP('',(#7544,#7545,#7546,#7547,#7548,#7549));
#4167=AXIS2_PLACEMENT_3D('',#7550,#7551,#7552);
#4168=SURFACE_SIDE_STYLE('',(#7553));
#4169=EDGE_LOOP('',(#7554,#7555));
#4170=EDGE_LOOP('',(#7556,#7557,#7558));
#4171=AXIS2_PLACEMENT_3D('',#7559,#7560,#7561);
#4172=SURFACE_SIDE_STYLE('',(#7562));
#4173=EDGE_LOOP('',(#7563,#7564,#7565,#7566));
#4174=AXIS2_PLACEMENT_3D('',#7567,#7568,#7569);
#4175=SURFACE_SIDE_STYLE('',(#7570));
#4176=EDGE_LOOP('',(#7571,#7572,#7573,#7574));
#4177=AXIS2_PLACEMENT_3D('',#7575,#7576,#7577);
#4178=SURFACE_SIDE_STYLE('',(#7578));
#4179=EDGE_LOOP('',(#7579,#7580,#7581,#7582));
#4180=AXIS2_PLACEMENT_3D('',#7583,#7584,#7585);
#4181=SURFACE_SIDE_STYLE('',(#7586));
#4182=EDGE_LOOP('',(#7587,#7588));
#4183=EDGE_LOOP('',(#7589,#7590));
#4184=AXIS2_PLACEMENT_3D('',#7591,#7592,#7593);
#4185=SURFACE_SIDE_STYLE('',(#7594));
#4186=EDGE_LOOP('',(#7595,#7596,#7597,#7598));
#4187=AXIS2_PLACEMENT_3D('',#7599,#7600,#7601);
#4188=SURFACE_SIDE_STYLE('',(#7602));
#4189=EDGE_LOOP('',(#7603,#7604,#7605,#7606,#7607,#7608));
#4190=AXIS2_PLACEMENT_3D('',#7609,#7610,#7611);
#4191=SURFACE_SIDE_STYLE('',(#7612));
#4192=EDGE_LOOP('',(#7613,#7614,#7615,#7616,#7617,#7618));
#4193=AXIS2_PLACEMENT_3D('',#7619,#7620,#7621);
#4194=SURFACE_SIDE_STYLE('',(#7622));
#4195=EDGE_LOOP('',(#7623,#7624));
#4196=EDGE_LOOP('',(#7625,#7626,#7627));
#4197=AXIS2_PLACEMENT_3D('',#7628,#7629,#7630);
#4198=SURFACE_SIDE_STYLE('',(#7631));
#4199=EDGE_LOOP('',(#7632,#7633,#7634,#7635));
#4200=AXIS2_PLACEMENT_3D('',#7636,#7637,#7638);
#4201=SURFACE_SIDE_STYLE('',(#7639));
#4202=EDGE_LOOP('',(#7640,#7641,#7642,#7643));
#4203=AXIS2_PLACEMENT_3D('',#7644,#7645,#7646);
#4204=SURFACE_SIDE_STYLE('',(#7647));
#4205=EDGE_LOOP('',(#7648,#7649,#7650,#7651));
#4206=AXIS2_PLACEMENT_3D('',#7652,#7653,#7654);
#4207=SURFACE_SIDE_STYLE('',(#7655));
#4208=EDGE_LOOP('',(#7656,#7657));
#4209=EDGE_LOOP('',(#7658,#7659));
#4210=AXIS2_PLACEMENT_3D('',#7660,#7661,#7662);
#4211=SURFACE_SIDE_STYLE('',(#7663));
#4212=EDGE_LOOP('',(#7664,#7665,#7666,#7667));
#4213=AXIS2_PLACEMENT_3D('',#7668,#7669,#7670);
#4214=SURFACE_SIDE_STYLE('',(#7671));
#4215=EDGE_LOOP('',(#7672,#7673,#7674,#7675,#7676,#7677));
#4216=AXIS2_PLACEMENT_3D('',#7678,#7679,#7680);
#4217=SURFACE_SIDE_STYLE('',(#7681));
#4218=EDGE_LOOP('',(#7682,#7683,#7684,#7685,#7686,#7687));
#4219=AXIS2_PLACEMENT_3D('',#7688,#7689,#7690);
#4220=SURFACE_SIDE_STYLE('',(#7691));
#4221=EDGE_LOOP('',(#7692,#7693));
#4222=EDGE_LOOP('',(#7694,#7695,#7696));
#4223=AXIS2_PLACEMENT_3D('',#7697,#7698,#7699);
#4224=SURFACE_SIDE_STYLE('',(#7700));
#4225=EDGE_LOOP('',(#7701,#7702,#7703,#7704));
#4226=AXIS2_PLACEMENT_3D('',#7705,#7706,#7707);
#4227=SURFACE_SIDE_STYLE('',(#7708));
#4228=EDGE_LOOP('',(#7709,#7710,#7711,#7712));
#4229=AXIS2_PLACEMENT_3D('',#7713,#7714,#7715);
#4230=SURFACE_SIDE_STYLE('',(#7716));
#4231=EDGE_LOOP('',(#7717,#7718,#7719,#7720));
#4232=AXIS2_PLACEMENT_3D('',#7721,#7722,#7723);
#4233=SURFACE_SIDE_STYLE('',(#7724));
#4234=EDGE_LOOP('',(#7725,#7726));
#4235=EDGE_LOOP('',(#7727,#7728));
#4236=AXIS2_PLACEMENT_3D('',#7729,#7730,#7731);
#4237=SURFACE_SIDE_STYLE('',(#7732));
#4238=EDGE_LOOP('',(#7733,#7734,#7735,#7736));
#4239=AXIS2_PLACEMENT_3D('',#7737,#7738,#7739);
#4240=SURFACE_SIDE_STYLE('',(#7740));
#4241=EDGE_LOOP('',(#7741,#7742,#7743,#7744,#7745,#7746));
#4242=AXIS2_PLACEMENT_3D('',#7747,#7748,#7749);
#4243=SURFACE_SIDE_STYLE('',(#7750));
#4244=EDGE_LOOP('',(#7751,#7752,#7753,#7754,#7755,#7756));
#4245=AXIS2_PLACEMENT_3D('',#7757,#7758,#7759);
#4246=SURFACE_SIDE_STYLE('',(#7760));
#4247=EDGE_LOOP('',(#7761,#7762));
#4248=EDGE_LOOP('',(#7763,#7764,#7765));
#4249=AXIS2_PLACEMENT_3D('',#7766,#7767,#7768);
#4250=SURFACE_SIDE_STYLE('',(#7769));
#4251=EDGE_LOOP('',(#7770,#7771,#7772,#7773));
#4252=AXIS2_PLACEMENT_3D('',#7774,#7775,#7776);
#4253=SURFACE_SIDE_STYLE('',(#7777));
#4254=EDGE_LOOP('',(#7778,#7779,#7780,#7781));
#4255=AXIS2_PLACEMENT_3D('',#7782,#7783,#7784);
#4256=SURFACE_SIDE_STYLE('',(#7785));
#4257=EDGE_LOOP('',(#7786,#7787,#7788,#7789));
#4258=AXIS2_PLACEMENT_3D('',#7790,#7791,#7792);
#4259=SURFACE_SIDE_STYLE('',(#7793));
#4260=EDGE_LOOP('',(#7794,#7795));
#4261=EDGE_LOOP('',(#7796,#7797));
#4262=AXIS2_PLACEMENT_3D('',#7798,#7799,#7800);
#4263=SURFACE_SIDE_STYLE('',(#7801));
#4264=EDGE_LOOP('',(#7802,#7803,#7804,#7805));
#4265=AXIS2_PLACEMENT_3D('',#7806,#7807,#7808);
#4266=SURFACE_SIDE_STYLE('',(#7809));
#4267=EDGE_LOOP('',(#7810,#7811,#7812,#7813,#7814,#7815));
#4268=AXIS2_PLACEMENT_3D('',#7816,#7817,#7818);
#4269=SURFACE_SIDE_STYLE('',(#7819));
#4270=EDGE_LOOP('',(#7820,#7821,#7822,#7823,#7824,#7825));
#4271=AXIS2_PLACEMENT_3D('',#7826,#7827,#7828);
#4272=SURFACE_SIDE_STYLE('',(#7829));
#4273=EDGE_LOOP('',(#7830,#7831));
#4274=EDGE_LOOP('',(#7832,#7833,#7834));
#4275=AXIS2_PLACEMENT_3D('',#7835,#7836,#7837);
#4276=SURFACE_SIDE_STYLE('',(#7838));
#4277=EDGE_LOOP('',(#7839,#7840,#7841,#7842));
#4278=AXIS2_PLACEMENT_3D('',#7843,#7844,#7845);
#4279=SURFACE_SIDE_STYLE('',(#7846));
#4280=EDGE_LOOP('',(#7847,#7848,#7849,#7850));
#4281=AXIS2_PLACEMENT_3D('',#7851,#7852,#7853);
#4282=SURFACE_SIDE_STYLE('',(#7854));
#4283=EDGE_LOOP('',(#7855,#7856,#7857,#7858));
#4284=AXIS2_PLACEMENT_3D('',#7859,#7860,#7861);
#4285=SURFACE_SIDE_STYLE('',(#7862));
#4286=EDGE_LOOP('',(#7863,#7864,#7865,#7866));
#4287=AXIS2_PLACEMENT_3D('',#7867,#7868,#7869);
#4288=SURFACE_SIDE_STYLE('',(#7870));
#4289=EDGE_LOOP('',(#7871,#7872,#7873,#7874));
#4290=AXIS2_PLACEMENT_3D('',#7875,#7876,#7877);
#4291=SURFACE_SIDE_STYLE('',(#7878));
#4292=EDGE_LOOP('',(#7879,#7880,#7881,#7882));
#4293=AXIS2_PLACEMENT_3D('',#7883,#7884,#7885);
#4294=SURFACE_SIDE_STYLE('',(#7886));
#4295=EDGE_LOOP('',(#7887,#7888,#7889,#7890));
#4296=AXIS2_PLACEMENT_3D('',#7891,#7892,#7893);
#4297=SURFACE_SIDE_STYLE('',(#7894));
#4298=EDGE_LOOP('',(#7895,#7896,#7897,#7898));
#4299=AXIS2_PLACEMENT_3D('',#7899,#7900,#7901);
#4300=SURFACE_SIDE_STYLE('',(#7902));
#4301=EDGE_LOOP('',(#7903,#7904,#7905,#7906));
#4302=AXIS2_PLACEMENT_3D('',#7907,#7908,#7909);
#4303=SURFACE_SIDE_STYLE('',(#7910));
#4304=EDGE_LOOP('',(#7911,#7912,#7913,#7914));
#4305=AXIS2_PLACEMENT_3D('',#7915,#7916,#7917);
#4306=SURFACE_SIDE_STYLE('',(#7918));
#4307=EDGE_LOOP('',(#7919,#7920,#7921,#7922));
#4308=AXIS2_PLACEMENT_3D('',#7923,#7924,#7925);
#4309=SURFACE_SIDE_STYLE('',(#7926));
#4310=EDGE_LOOP('',(#7927,#7928));
#4311=EDGE_LOOP('',(#7929,#7930));
#4312=EDGE_LOOP('',(#7931,#7932));
#4313=EDGE_LOOP('',(#7933,#7934));
#4314=EDGE_LOOP('',(#7935,#7936));
#4315=EDGE_LOOP('',(#7937,#7938));
#4316=EDGE_LOOP('',(#7939,#7940));
#4317=EDGE_LOOP('',(#7941,#7942));
#4318=EDGE_LOOP('',(#7943,#7944));
#4319=EDGE_LOOP('',(#7945,#7946));
#4320=EDGE_LOOP('',(#7947,#7948,#7949,#7950,#7951,#7952,#7953,#7954,#7955,#7956,#7957,#7958,#7959,#7960,#7961,#7962,#7963,#7964,#7965,#7966,#7967,#7968,#7969,#7970,#7971,#7972,#7973,#7974,#7975,#7976,#7977,#7978,#7979,#7980,#7981,#7982,#7983,#7984,#7985,#7986));
#4321=AXIS2_PLACEMENT_3D('',#7987,#7988,#7989);
#4322=SURFACE_SIDE_STYLE('',(#7990));
#4323=EDGE_LOOP('',(#7991,#7992,#7993,#7994));
#4324=AXIS2_PLACEMENT_3D('',#7995,#7996,#7997);
#4325=SURFACE_SIDE_STYLE('',(#7998));
#4326=EDGE_LOOP('',(#7999,#8000,#8001,#8002));
#4327=AXIS2_PLACEMENT_3D('',#8003,#8004,#8005);
#4328=SURFACE_SIDE_STYLE('',(#8006));
#4329=EDGE_LOOP('',(#8007,#8008,#8009,#8010));
#4330=AXIS2_PLACEMENT_3D('',#8011,#8012,#8013);
#4331=SURFACE_SIDE_STYLE('',(#8014));
#4332=EDGE_LOOP('',(#8015,#8016,#8017,#8018));
#4333=AXIS2_PLACEMENT_3D('',#8019,#8020,#8021);
#4334=SURFACE_SIDE_STYLE('',(#8022));
#4335=EDGE_LOOP('',(#8023,#8024,#8025,#8026));
#4336=AXIS2_PLACEMENT_3D('',#8027,#8028,#8029);
#4337=SURFACE_SIDE_STYLE('',(#8030));
#4338=EDGE_LOOP('',(#8031,#8032,#8033,#8034));
#4339=AXIS2_PLACEMENT_3D('',#8035,#8036,#8037);
#4340=SURFACE_SIDE_STYLE('',(#8038));
#4341=EDGE_LOOP('',(#8039,#8040,#8041,#8042));
#4342=AXIS2_PLACEMENT_3D('',#8043,#8044,#8045);
#4343=SURFACE_SIDE_STYLE('',(#8046));
#4344=EDGE_LOOP('',(#8047,#8048,#8049,#8050));
#4345=AXIS2_PLACEMENT_3D('',#8051,#8052,#8053);
#4346=SURFACE_SIDE_STYLE('',(#8054));
#4347=EDGE_LOOP('',(#8055,#8056,#8057,#8058));
#4348=AXIS2_PLACEMENT_3D('',#8059,#8060,#8061);
#4349=SURFACE_SIDE_STYLE('',(#8062));
#4350=EDGE_LOOP('',(#8063,#8064,#8065,#8066));
#4351=AXIS2_PLACEMENT_3D('',#8067,#8068,#8069);
#4352=SURFACE_SIDE_STYLE('',(#8070));
#4353=EDGE_LOOP('',(#8071,#8072,#8073,#8074));
#4354=AXIS2_PLACEMENT_3D('',#8075,#8076,#8077);
#4355=SURFACE_SIDE_STYLE('',(#8078));
#4356=EDGE_LOOP('',(#8079,#8080,#8081,#8082));
#4357=AXIS2_PLACEMENT_3D('',#8083,#8084,#8085);
#4358=SURFACE_SIDE_STYLE('',(#8086));
#4359=EDGE_LOOP('',(#8087,#8088,#8089,#8090));
#4360=AXIS2_PLACEMENT_3D('',#8091,#8092,#8093);
#4361=SURFACE_SIDE_STYLE('',(#8094));
#4362=EDGE_LOOP('',(#8095,#8096,#8097,#8098));
#4363=AXIS2_PLACEMENT_3D('',#8099,#8100,#8101);
#4364=SURFACE_SIDE_STYLE('',(#8102));
#4365=EDGE_LOOP('',(#8103,#8104,#8105,#8106));
#4366=AXIS2_PLACEMENT_3D('',#8107,#8108,#8109);
#4367=SURFACE_SIDE_STYLE('',(#8110));
#4368=EDGE_LOOP('',(#8111,#8112,#8113,#8114));
#4369=AXIS2_PLACEMENT_3D('',#8115,#8116,#8117);
#4370=SURFACE_SIDE_STYLE('',(#8118));
#4371=EDGE_LOOP('',(#8119,#8120,#8121,#8122));
#4372=AXIS2_PLACEMENT_3D('',#8123,#8124,#8125);
#4373=SURFACE_SIDE_STYLE('',(#8126));
#4374=EDGE_LOOP('',(#8127,#8128,#8129,#8130));
#4375=AXIS2_PLACEMENT_3D('',#8131,#8132,#8133);
#4376=SURFACE_SIDE_STYLE('',(#8134));
#4377=EDGE_LOOP('',(#8135,#8136,#8137,#8138));
#4378=AXIS2_PLACEMENT_3D('',#8139,#8140,#8141);
#4379=SURFACE_SIDE_STYLE('',(#8142));
#4380=EDGE_LOOP('',(#8143,#8144,#8145,#8146));
#4381=AXIS2_PLACEMENT_3D('',#8147,#8148,#8149);
#4382=SURFACE_SIDE_STYLE('',(#8150));
#4383=EDGE_LOOP('',(#8151,#8152,#8153,#8154));
#4384=AXIS2_PLACEMENT_3D('',#8155,#8156,#8157);
#4385=SURFACE_SIDE_STYLE('',(#8158));
#4386=EDGE_LOOP('',(#8159,#8160,#8161,#8162));
#4387=AXIS2_PLACEMENT_3D('',#8163,#8164,#8165);
#4388=SURFACE_SIDE_STYLE('',(#8166));
#4389=EDGE_LOOP('',(#8167,#8168,#8169,#8170));
#4390=AXIS2_PLACEMENT_3D('',#8171,#8172,#8173);
#4391=SURFACE_SIDE_STYLE('',(#8174));
#4392=EDGE_LOOP('',(#8175,#8176,#8177,#8178));
#4393=AXIS2_PLACEMENT_3D('',#8179,#8180,#8181);
#4394=SURFACE_SIDE_STYLE('',(#8182));
#4395=EDGE_LOOP('',(#8183,#8184,#8185,#8186));
#4396=AXIS2_PLACEMENT_3D('',#8187,#8188,#8189);
#4397=SURFACE_SIDE_STYLE('',(#8190));
#4398=EDGE_LOOP('',(#8191,#8192,#8193,#8194));
#4399=AXIS2_PLACEMENT_3D('',#8195,#8196,#8197);
#4400=SURFACE_SIDE_STYLE('',(#8198));
#4401=EDGE_LOOP('',(#8199,#8200,#8201,#8202));
#4402=AXIS2_PLACEMENT_3D('',#8203,#8204,#8205);
#4403=SURFACE_SIDE_STYLE('',(#8206));
#4404=EDGE_LOOP('',(#8207,#8208,#8209,#8210));
#4405=AXIS2_PLACEMENT_3D('',#8211,#8212,#8213);
#4406=SURFACE_SIDE_STYLE('',(#8214));
#4407=EDGE_LOOP('',(#8215,#8216,#8217,#8218));
#4408=AXIS2_PLACEMENT_3D('',#8219,#8220,#8221);
#4409=SURFACE_SIDE_STYLE('',(#8222));
#4410=EDGE_LOOP('',(#8223,#8224,#8225,#8226));
#4411=AXIS2_PLACEMENT_3D('',#8227,#8228,#8229);
#4412=SURFACE_SIDE_STYLE('',(#8230));
#4413=EDGE_LOOP('',(#8231,#8232,#8233,#8234));
#4414=AXIS2_PLACEMENT_3D('',#8235,#8236,#8237);
#4415=SURFACE_SIDE_STYLE('',(#8238));
#4416=EDGE_LOOP('',(#8239,#8240,#8241,#8242));
#4417=AXIS2_PLACEMENT_3D('',#8243,#8244,#8245);
#4418=SURFACE_SIDE_STYLE('',(#8246));
#4419=EDGE_LOOP('',(#8247,#8248,#8249,#8250));
#4420=AXIS2_PLACEMENT_3D('',#8251,#8252,#8253);
#4421=SURFACE_SIDE_STYLE('',(#8254));
#4422=EDGE_LOOP('',(#8255,#8256,#8257,#8258));
#4423=AXIS2_PLACEMENT_3D('',#8259,#8260,#8261);
#4424=SURFACE_SIDE_STYLE('',(#8262));
#4425=EDGE_LOOP('',(#8263,#8264,#8265,#8266));
#4426=AXIS2_PLACEMENT_3D('',#8267,#8268,#8269);
#4427=SURFACE_SIDE_STYLE('',(#8270));
#4428=EDGE_LOOP('',(#8271,#8272,#8273,#8274));
#4429=AXIS2_PLACEMENT_3D('',#8275,#8276,#8277);
#4430=SURFACE_SIDE_STYLE('',(#8278));
#4431=EDGE_LOOP('',(#8279,#8280,#8281,#8282));
#4432=AXIS2_PLACEMENT_3D('',#8283,#8284,#8285);
#4433=SURFACE_SIDE_STYLE('',(#8286));
#4434=EDGE_LOOP('',(#8287,#8288,#8289,#8290));
#4435=AXIS2_PLACEMENT_3D('',#8291,#8292,#8293);
#4436=SURFACE_SIDE_STYLE('',(#8294));
#4437=EDGE_LOOP('',(#8295,#8296,#8297,#8298));
#4438=AXIS2_PLACEMENT_3D('',#8299,#8300,#8301);
#4439=SURFACE_SIDE_STYLE('',(#8302));
#4440=EDGE_LOOP('',(#8303,#8304,#8305,#8306));
#4441=AXIS2_PLACEMENT_3D('',#8307,#8308,#8309);
#4442=SURFACE_SIDE_STYLE('',(#8310));
#4443=EDGE_LOOP('',(#8311,#8312,#8313,#8314));
#4444=AXIS2_PLACEMENT_3D('',#8315,#8316,#8317);
#4445=SURFACE_SIDE_STYLE('',(#8318));
#4446=EDGE_LOOP('',(#8319,#8320,#8321,#8322,#8323));
#4447=AXIS2_PLACEMENT_3D('',#8324,#8325,#8326);
#4448=SURFACE_SIDE_STYLE('',(#8327));
#4449=EDGE_LOOP('',(#8328,#8329,#8330,#8331,#8332));
#4450=AXIS2_PLACEMENT_3D('',#8333,#8334,#8335);
#4451=SURFACE_SIDE_STYLE('',(#8336));
#4452=EDGE_LOOP('',(#8337,#8338,#8339,#8340));
#4453=AXIS2_PLACEMENT_3D('',#8341,#8342,#8343);
#4454=SURFACE_SIDE_STYLE('',(#8344));
#4455=EDGE_LOOP('',(#8345,#8346,#8347,#8348,#8349));
#4456=AXIS2_PLACEMENT_3D('',#8350,#8351,#8352);
#4457=SURFACE_SIDE_STYLE('',(#8353));
#4458=EDGE_LOOP('',(#8354,#8355,#8356,#8357));
#4459=AXIS2_PLACEMENT_3D('',#8358,#8359,#8360);
#4460=SURFACE_SIDE_STYLE('',(#8361));
#4461=EDGE_LOOP('',(#8362,#8363,#8364,#8365,#8366));
#4462=AXIS2_PLACEMENT_3D('',#8367,#8368,#8369);
#4463=SURFACE_SIDE_STYLE('',(#8370));
#4464=EDGE_LOOP('',(#8371,#8372));
#4465=EDGE_LOOP('',(#8373,#8374));
#4466=EDGE_LOOP('',(#8375,#8376));
#4467=EDGE_LOOP('',(#8377,#8378));
#4468=EDGE_LOOP('',(#8379,#8380));
#4469=EDGE_LOOP('',(#8381,#8382));
#4470=EDGE_LOOP('',(#8383,#8384));
#4471=EDGE_LOOP('',(#8385,#8386));
#4472=EDGE_LOOP('',(#8387,#8388));
#4473=EDGE_LOOP('',(#8389,#8390));
#4474=EDGE_LOOP('',(#8391,#8392,#8393,#8394,#8395,#8396,#8397,#8398,#8399,#8400,#8401,#8402,#8403,#8404,#8405,#8406,#8407,#8408,#8409,#8410,#8411,#8412,#8413,#8414,#8415,#8416,#8417,#8418,#8419,#8420,#8421,#8422,#8423,#8424,#8425,#8426,#8427,#8428,#8429,#8430,#8431,#8432,#8433,#8434,#8435,#8436,#8437,#8438,#8439,#8440,#8441,#8442,#8443,#8444,#8445,#8446,#8447,#8448,#8449,#8450,#8451,#8452,#8453,#8454,#8455,#8456,#8457,#8458,#8459,#8460,#8461,#8462,#8463,#8464,#8465,#8466,#8467,#8468,#8469,#8470));
#4475=AXIS2_PLACEMENT_3D('',#8471,#8472,#8473);
#4476=SURFACE_SIDE_STYLE('',(#8474));
#4477=EDGE_LOOP('',(#8475,#8476,#8477,#8478,#8479));
#4478=AXIS2_PLACEMENT_3D('',#8480,#8481,#8482);
#4479=SURFACE_SIDE_STYLE('',(#8483));
#4480=EDGE_LOOP('',(#8484,#8485,#8486,#8487));
#4481=AXIS2_PLACEMENT_3D('',#8488,#8489,#8490);
#4482=SURFACE_SIDE_STYLE('',(#8491));
#4483=EDGE_LOOP('',(#8492,#8493,#8494,#8495,#8496));
#4484=AXIS2_PLACEMENT_3D('',#8497,#8498,#8499);
#4485=SURFACE_SIDE_STYLE('',(#8500));
#4486=EDGE_LOOP('',(#8501,#8502,#8503,#8504));
#4487=AXIS2_PLACEMENT_3D('',#8505,#8506,#8507);
#4488=SURFACE_SIDE_STYLE('',(#8508));
#4489=EDGE_LOOP('',(#8509,#8510,#8511,#8512,#8513));
#4490=AXIS2_PLACEMENT_3D('',#8514,#8515,#8516);
#4491=SURFACE_SIDE_STYLE('',(#8517));
#4492=EDGE_LOOP('',(#8518,#8519,#8520,#8521,#8522));
#4493=AXIS2_PLACEMENT_3D('',#8523,#8524,#8525);
#4494=SURFACE_SIDE_STYLE('',(#8526));
#4495=EDGE_LOOP('',(#8527,#8528,#8529,#8530));
#4496=AXIS2_PLACEMENT_3D('',#8531,#8532,#8533);
#4497=SURFACE_SIDE_STYLE('',(#8534));
#4498=EDGE_LOOP('',(#8535,#8536,#8537,#8538,#8539));
#4499=AXIS2_PLACEMENT_3D('',#8540,#8541,#8542);
#4500=SURFACE_SIDE_STYLE('',(#8543));
#4501=EDGE_LOOP('',(#8544,#8545,#8546,#8547));
#4502=AXIS2_PLACEMENT_3D('',#8548,#8549,#8550);
#4503=SURFACE_SIDE_STYLE('',(#8551));
#4504=EDGE_LOOP('',(#8552,#8553,#8554,#8555,#8556));
#4505=AXIS2_PLACEMENT_3D('',#8557,#8558,#8559);
#4506=SURFACE_SIDE_STYLE('',(#8560));
#4507=EDGE_LOOP('',(#8561,#8562,#8563,#8564));
#4508=AXIS2_PLACEMENT_3D('',#8565,#8566,#8567);
#4509=SURFACE_SIDE_STYLE('',(#8568));
#4510=EDGE_LOOP('',(#8569,#8570,#8571,#8572,#8573));
#4511=AXIS2_PLACEMENT_3D('',#8574,#8575,#8576);
#4512=SURFACE_SIDE_STYLE('',(#8577));
#4513=EDGE_LOOP('',(#8578,#8579,#8580,#8581,#8582));
#4514=AXIS2_PLACEMENT_3D('',#8583,#8584,#8585);
#4515=SURFACE_SIDE_STYLE('',(#8586));
#4516=EDGE_LOOP('',(#8587,#8588,#8589,#8590));
#4517=AXIS2_PLACEMENT_3D('',#8591,#8592,#8593);
#4518=SURFACE_SIDE_STYLE('',(#8594));
#4519=EDGE_LOOP('',(#8595,#8596,#8597,#8598,#8599));
#4520=AXIS2_PLACEMENT_3D('',#8600,#8601,#8602);
#4521=SURFACE_SIDE_STYLE('',(#8603));
#4522=EDGE_LOOP('',(#8604,#8605,#8606,#8607));
#4523=AXIS2_PLACEMENT_3D('',#8608,#8609,#8610);
#4524=SURFACE_SIDE_STYLE('',(#8611));
#4525=EDGE_LOOP('',(#8612,#8613,#8614,#8615,#8616));
#4526=AXIS2_PLACEMENT_3D('',#8617,#8618,#8619);
#4527=SURFACE_SIDE_STYLE('',(#8620));
#4528=EDGE_LOOP('',(#8621,#8622,#8623,#8624));
#4529=AXIS2_PLACEMENT_3D('',#8625,#8626,#8627);
#4530=SURFACE_SIDE_STYLE('',(#8628));
#4531=EDGE_LOOP('',(#8629,#8630,#8631,#8632,#8633));
#4532=AXIS2_PLACEMENT_3D('',#8634,#8635,#8636);
#4533=SURFACE_SIDE_STYLE('',(#8637));
#4534=EDGE_LOOP('',(#8638,#8639,#8640,#8641,#8642));
#4535=AXIS2_PLACEMENT_3D('',#8643,#8644,#8645);
#4536=SURFACE_SIDE_STYLE('',(#8646));
#4537=EDGE_LOOP('',(#8647,#8648,#8649,#8650));
#4538=AXIS2_PLACEMENT_3D('',#8651,#8652,#8653);
#4539=SURFACE_SIDE_STYLE('',(#8654));
#4540=EDGE_LOOP('',(#8655,#8656,#8657,#8658,#8659));
#4541=AXIS2_PLACEMENT_3D('',#8660,#8661,#8662);
#4542=SURFACE_SIDE_STYLE('',(#8663));
#4543=EDGE_LOOP('',(#8664,#8665,#8666,#8667));
#4544=AXIS2_PLACEMENT_3D('',#8668,#8669,#8670);
#4545=SURFACE_SIDE_STYLE('',(#8671));
#4546=EDGE_LOOP('',(#8672,#8673,#8674,#8675,#8676));
#4547=AXIS2_PLACEMENT_3D('',#8677,#8678,#8679);
#4548=SURFACE_SIDE_STYLE('',(#8680));
#4549=EDGE_LOOP('',(#8681,#8682,#8683,#8684));
#4550=AXIS2_PLACEMENT_3D('',#8685,#8686,#8687);
#4551=SURFACE_SIDE_STYLE('',(#8688));
#4552=EDGE_LOOP('',(#8689,#8690,#8691,#8692,#8693));
#4553=AXIS2_PLACEMENT_3D('',#8694,#8695,#8696);
#4554=SURFACE_SIDE_STYLE('',(#8697));
#4555=EDGE_LOOP('',(#8698,#8699,#8700,#8701,#8702));
#4556=AXIS2_PLACEMENT_3D('',#8703,#8704,#8705);
#4557=SURFACE_SIDE_STYLE('',(#8706));
#4558=EDGE_LOOP('',(#8707,#8708,#8709,#8710));
#4559=AXIS2_PLACEMENT_3D('',#8711,#8712,#8713);
#4560=SURFACE_SIDE_STYLE('',(#8714));
#4561=EDGE_LOOP('',(#8715,#8716,#8717,#8718,#8719));
#4562=AXIS2_PLACEMENT_3D('',#8720,#8721,#8722);
#4563=SURFACE_SIDE_STYLE('',(#8723));
#4564=EDGE_LOOP('',(#8724,#8725,#8726,#8727));
#4565=AXIS2_PLACEMENT_3D('',#8728,#8729,#8730);
#4566=SURFACE_SIDE_STYLE('',(#8731));
#4567=EDGE_LOOP('',(#8732,#8733,#8734,#8735,#8736));
#4568=AXIS2_PLACEMENT_3D('',#8737,#8738,#8739);
#4569=SURFACE_SIDE_STYLE('',(#8740));
#4570=EDGE_LOOP('',(#8741,#8742,#8743,#8744));
#4571=AXIS2_PLACEMENT_3D('',#8745,#8746,#8747);
#4572=SURFACE_SIDE_STYLE('',(#8748));
#4573=EDGE_LOOP('',(#8749,#8750,#8751,#8752,#8753));
#4574=AXIS2_PLACEMENT_3D('',#8754,#8755,#8756);
#4575=SURFACE_SIDE_STYLE('',(#8757));
#4576=EDGE_LOOP('',(#8758,#8759,#8760,#8761,#8762));
#4577=AXIS2_PLACEMENT_3D('',#8763,#8764,#8765);
#4578=SURFACE_SIDE_STYLE('',(#8766));
#4579=EDGE_LOOP('',(#8767,#8768,#8769,#8770));
#4580=AXIS2_PLACEMENT_3D('',#8771,#8772,#8773);
#4581=SURFACE_SIDE_STYLE('',(#8774));
#4582=EDGE_LOOP('',(#8775,#8776,#8777,#8778,#8779));
#4583=AXIS2_PLACEMENT_3D('',#8780,#8781,#8782);
#4584=SURFACE_SIDE_STYLE('',(#8783));
#4585=EDGE_LOOP('',(#8784,#8785,#8786,#8787));
#4586=AXIS2_PLACEMENT_3D('',#8788,#8789,#8790);
#4587=SURFACE_SIDE_STYLE('',(#8791));
#4588=EDGE_LOOP('',(#8792,#8793,#8794,#8795,#8796));
#4589=AXIS2_PLACEMENT_3D('',#8797,#8798,#8799);
#4590=SURFACE_SIDE_STYLE('',(#8800));
#4591=EDGE_LOOP('',(#8801,#8802,#8803,#8804));
#4592=AXIS2_PLACEMENT_3D('',#8805,#8806,#8807);
#4593=SURFACE_SIDE_STYLE('',(#8808));
#4594=EDGE_LOOP('',(#8809,#8810,#8811,#8812,#8813));
#4595=AXIS2_PLACEMENT_3D('',#8814,#8815,#8816);
#4596=SURFACE_SIDE_STYLE('',(#8817));
#4597=EDGE_LOOP('',(#8818,#8819,#8820,#8821,#8822));
#4598=AXIS2_PLACEMENT_3D('',#8823,#8824,#8825);
#4599=SURFACE_SIDE_STYLE('',(#8826));
#4600=EDGE_LOOP('',(#8827,#8828,#8829,#8830));
#4601=AXIS2_PLACEMENT_3D('',#8831,#8832,#8833);
#4602=SURFACE_SIDE_STYLE('',(#8834));
#4603=EDGE_LOOP('',(#8835,#8836,#8837,#8838,#8839));
#4604=AXIS2_PLACEMENT_3D('',#8840,#8841,#8842);
#4605=SURFACE_SIDE_STYLE('',(#8843));
#4606=EDGE_LOOP('',(#8844,#8845,#8846,#8847));
#4607=AXIS2_PLACEMENT_3D('',#8848,#8849,#8850);
#4608=SURFACE_SIDE_STYLE('',(#8851));
#4609=EDGE_LOOP('',(#8852,#8853,#8854,#8855,#8856));
#4610=AXIS2_PLACEMENT_3D('',#8857,#8858,#8859);
#4611=SURFACE_SIDE_STYLE('',(#8860));
#4612=EDGE_LOOP('',(#8861,#8862,#8863,#8864));
#4613=AXIS2_PLACEMENT_3D('',#8865,#8866,#8867);
#4614=SURFACE_SIDE_STYLE('',(#8868));
#4615=EDGE_LOOP('',(#8869,#8870,#8871,#8872,#8873));
#4616=AXIS2_PLACEMENT_3D('',#8874,#8875,#8876);
#4617=SURFACE_SIDE_STYLE('',(#8877));
#4618=EDGE_LOOP('',(#8878,#8879,#8880,#8881,#8882));
#4619=AXIS2_PLACEMENT_3D('',#8883,#8884,#8885);
#4620=SURFACE_SIDE_STYLE('',(#8886));
#4621=EDGE_LOOP('',(#8887,#8888,#8889,#8890));
#4622=AXIS2_PLACEMENT_3D('',#8891,#8892,#8893);
#4623=SURFACE_SIDE_STYLE('',(#8894));
#4624=EDGE_LOOP('',(#8895,#8896,#8897,#8898,#8899));
#4625=AXIS2_PLACEMENT_3D('',#8900,#8901,#8902);
#4626=SURFACE_SIDE_STYLE('',(#8903));
#4627=EDGE_LOOP('',(#8904,#8905,#8906,#8907));
#4628=AXIS2_PLACEMENT_3D('',#8908,#8909,#8910);
#4629=SURFACE_SIDE_STYLE('',(#8911));
#4630=EDGE_LOOP('',(#8912,#8913,#8914,#8915,#8916));
#4631=AXIS2_PLACEMENT_3D('',#8917,#8918,#8919);
#4632=SURFACE_SIDE_STYLE('',(#8920));
#4633=EDGE_LOOP('',(#8921,#8922,#8923,#8924));
#4634=AXIS2_PLACEMENT_3D('',#8925,#8926,#8927);
#4635=SURFACE_SIDE_STYLE('',(#8928));
#4636=EDGE_LOOP('',(#8929,#8930,#8931,#8932,#8933));
#4637=AXIS2_PLACEMENT_3D('',#8934,#8935,#8936);
#4638=SURFACE_SIDE_STYLE('',(#8937));
#4639=EDGE_LOOP('',(#8938,#8939,#8940,#8941,#8942));
#4640=AXIS2_PLACEMENT_3D('',#8943,#8944,#8945);
#4641=SURFACE_SIDE_STYLE('',(#8946));
#4642=EDGE_LOOP('',(#8947,#8948,#8949,#8950));
#4643=AXIS2_PLACEMENT_3D('',#8951,#8952,#8953);
#4644=SURFACE_SIDE_STYLE('',(#8954));
#4645=EDGE_LOOP('',(#8955,#8956,#8957,#8958,#8959));
#4646=AXIS2_PLACEMENT_3D('',#8960,#8961,#8962);
#4647=SURFACE_SIDE_STYLE('',(#8963));
#4648=EDGE_LOOP('',(#8964,#8965,#8966,#8967));
#4649=AXIS2_PLACEMENT_3D('',#8968,#8969,#8970);
#4650=SURFACE_SIDE_STYLE('',(#8971));
#4651=EDGE_LOOP('',(#8972,#8973,#8974,#8975,#8976));
#4652=AXIS2_PLACEMENT_3D('',#8977,#8978,#8979);
#4653=SURFACE_SIDE_STYLE('',(#8980));
#4654=EDGE_LOOP('',(#8981,#8982,#8983,#8984));
#4655=AXIS2_PLACEMENT_3D('',#8985,#8986,#8987);
#4656=SURFACE_SIDE_STYLE('',(#8988));
#4657=EDGE_LOOP('',(#8989,#8990,#8991,#8992,#8993));
#4658=AXIS2_PLACEMENT_3D('',#8994,#8995,#8996);
#4659=SURFACE_SIDE_STYLE('',(#8997));
#4660=EDGE_LOOP('',(#8998,#8999,#9000,#9001,#9002));
#4661=AXIS2_PLACEMENT_3D('',#9003,#9004,#9005);
#4662=SURFACE_SIDE_STYLE('',(#9006));
#4663=EDGE_LOOP('',(#9007,#9008,#9009,#9010));
#4664=AXIS2_PLACEMENT_3D('',#9011,#9012,#9013);
#4666=SURFACE_STYLE_FILL_AREA(#9014);
#4667=ORIENTED_EDGE('',*,*,#9015,.F.);
#4668=ORIENTED_EDGE('',*,*,#9016,.T.);
#4669=ORIENTED_EDGE('',*,*,#9017,.T.);
#4670=ORIENTED_EDGE('',*,*,#9018,.T.);
#4671=ORIENTED_EDGE('',*,*,#9019,.T.);
#4672=CARTESIAN_POINT('',(-11.43,1.91304755078161,0.0));
#4673=DIRECTION('',(0.0,1.0,0.0));
#4674=DIRECTION('',(0.0,0.0,1.0));
#4675=SURFACE_STYLE_FILL_AREA(#9020);
#4676=ORIENTED_EDGE('',*,*,#9021,.F.);
#4677=ORIENTED_EDGE('',*,*,#9022,.T.);
#4678=ORIENTED_EDGE('',*,*,#9023,.T.);
#4679=ORIENTED_EDGE('',*,*,#9024,.T.);
#4680=ORIENTED_EDGE('',*,*,#9025,.T.);
#4681=CARTESIAN_POINT('',(-8.89,1.91304755078161,0.0));
#4682=DIRECTION('',(0.0,1.0,0.0));
#4683=DIRECTION('',(0.0,0.0,1.0));
#4684=SURFACE_STYLE_FILL_AREA(#9026);
#4685=ORIENTED_EDGE('',*,*,#9027,.F.);
#4686=ORIENTED_EDGE('',*,*,#9028,.T.);
#4687=ORIENTED_EDGE('',*,*,#9029,.T.);
#4688=ORIENTED_EDGE('',*,*,#9030,.T.);
#4689=ORIENTED_EDGE('',*,*,#9031,.T.);
#4690=CARTESIAN_POINT('',(-6.35,1.91304755078161,0.0));
#4691=DIRECTION('',(0.0,1.0,0.0));
#4692=DIRECTION('',(0.0,0.0,1.0));
#4693=SURFACE_STYLE_FILL_AREA(#9032);
#4694=ORIENTED_EDGE('',*,*,#9033,.F.);
#4695=ORIENTED_EDGE('',*,*,#9034,.T.);
#4696=ORIENTED_EDGE('',*,*,#9035,.T.);
#4697=ORIENTED_EDGE('',*,*,#9036,.T.);
#4698=ORIENTED_EDGE('',*,*,#9037,.T.);
#4699=CARTESIAN_POINT('',(-3.81,1.91304755078161,0.0));
#4700=DIRECTION('',(0.0,1.0,0.0));
#4701=DIRECTION('',(0.0,0.0,1.0));
#4702=SURFACE_STYLE_FILL_AREA(#9038);
#4703=ORIENTED_EDGE('',*,*,#9039,.F.);
#4704=ORIENTED_EDGE('',*,*,#9040,.T.);
#4705=ORIENTED_EDGE('',*,*,#9041,.T.);
#4706=ORIENTED_EDGE('',*,*,#9042,.T.);
#4707=ORIENTED_EDGE('',*,*,#9043,.T.);
#4708=CARTESIAN_POINT('',(-1.27,1.91304755078161,0.0));
#4709=DIRECTION('',(0.0,1.0,0.0));
#4710=DIRECTION('',(0.0,0.0,1.0));
#4711=SURFACE_STYLE_FILL_AREA(#9044);
#4712=ORIENTED_EDGE('',*,*,#9045,.F.);
#4713=ORIENTED_EDGE('',*,*,#9046,.T.);
#4714=ORIENTED_EDGE('',*,*,#9047,.T.);
#4715=ORIENTED_EDGE('',*,*,#9048,.T.);
#4716=ORIENTED_EDGE('',*,*,#9049,.T.);
#4717=CARTESIAN_POINT('',(1.27,1.91304755078161,0.0));
#4718=DIRECTION('',(0.0,1.0,0.0));
#4719=DIRECTION('',(0.0,0.0,1.0));
#4720=SURFACE_STYLE_FILL_AREA(#9050);
#4721=ORIENTED_EDGE('',*,*,#9051,.F.);
#4722=ORIENTED_EDGE('',*,*,#9052,.T.);
#4723=ORIENTED_EDGE('',*,*,#9053,.T.);
#4724=ORIENTED_EDGE('',*,*,#9054,.T.);
#4725=ORIENTED_EDGE('',*,*,#9055,.T.);
#4726=CARTESIAN_POINT('',(3.81,1.91304755078161,0.0));
#4727=DIRECTION('',(0.0,1.0,0.0));
#4728=DIRECTION('',(0.0,0.0,1.0));
#4729=SURFACE_STYLE_FILL_AREA(#9056);
#4730=ORIENTED_EDGE('',*,*,#9057,.F.);
#4731=ORIENTED_EDGE('',*,*,#9058,.T.);
#4732=ORIENTED_EDGE('',*,*,#9059,.T.);
#4733=ORIENTED_EDGE('',*,*,#9060,.T.);
#4734=ORIENTED_EDGE('',*,*,#9061,.T.);
#4735=CARTESIAN_POINT('',(6.35,1.91304755078161,0.0));
#4736=DIRECTION('',(0.0,1.0,0.0));
#4737=DIRECTION('',(0.0,0.0,1.0));
#4738=SURFACE_STYLE_FILL_AREA(#9062);
#4739=ORIENTED_EDGE('',*,*,#9063,.F.);
#4740=ORIENTED_EDGE('',*,*,#9064,.T.);
#4741=ORIENTED_EDGE('',*,*,#9065,.T.);
#4742=ORIENTED_EDGE('',*,*,#9066,.T.);
#4743=ORIENTED_EDGE('',*,*,#9067,.T.);
#4744=CARTESIAN_POINT('',(8.89,1.91304755078161,0.0));
#4745=DIRECTION('',(0.0,1.0,0.0));
#4746=DIRECTION('',(0.0,0.0,1.0));
#4747=SURFACE_STYLE_FILL_AREA(#9068);
#4748=ORIENTED_EDGE('',*,*,#9069,.F.);
#4749=ORIENTED_EDGE('',*,*,#9070,.T.);
#4750=ORIENTED_EDGE('',*,*,#9071,.T.);
#4751=ORIENTED_EDGE('',*,*,#9072,.T.);
#4752=ORIENTED_EDGE('',*,*,#9073,.T.);
#4753=CARTESIAN_POINT('',(11.43,1.91304755078161,0.0));
#4754=DIRECTION('',(0.0,1.0,0.0));
#4755=DIRECTION('',(0.0,0.0,1.0));
#4756=SURFACE_STYLE_FILL_AREA(#9074);
#4757=ORIENTED_EDGE('',*,*,#9075,.F.);
#4758=ORIENTED_EDGE('',*,*,#9073,.F.);
#4759=ORIENTED_EDGE('',*,*,#9076,.T.);
#4760=ORIENTED_EDGE('',*,*,#9077,.T.);
#4761=ORIENTED_EDGE('',*,*,#9070,.F.);
#4762=CARTESIAN_POINT('',(11.43,1.91304755078161,0.0));
#4763=DIRECTION('',(0.0,1.0,0.0));
#4764=DIRECTION('',(0.0,0.0,1.0));
#4765=SURFACE_STYLE_FILL_AREA(#9078);
#4766=ORIENTED_EDGE('',*,*,#9079,.F.);
#4767=ORIENTED_EDGE('',*,*,#9067,.F.);
#4768=ORIENTED_EDGE('',*,*,#9080,.T.);
#4769=ORIENTED_EDGE('',*,*,#9081,.T.);
#4770=ORIENTED_EDGE('',*,*,#9064,.F.);
#4771=CARTESIAN_POINT('',(8.89,1.91304755078161,0.0));
#4772=DIRECTION('',(0.0,1.0,0.0));
#4773=DIRECTION('',(0.0,0.0,1.0));
#4774=SURFACE_STYLE_FILL_AREA(#9082);
#4775=ORIENTED_EDGE('',*,*,#9083,.F.);
#4776=ORIENTED_EDGE('',*,*,#9061,.F.);
#4777=ORIENTED_EDGE('',*,*,#9084,.T.);
#4778=ORIENTED_EDGE('',*,*,#9085,.T.);
#4779=ORIENTED_EDGE('',*,*,#9058,.F.);
#4780=CARTESIAN_POINT('',(6.35,1.91304755078161,0.0));
#4781=DIRECTION('',(0.0,1.0,0.0));
#4782=DIRECTION('',(0.0,0.0,1.0));
#4783=SURFACE_STYLE_FILL_AREA(#9086);
#4784=ORIENTED_EDGE('',*,*,#9087,.F.);
#4785=ORIENTED_EDGE('',*,*,#9055,.F.);
#4786=ORIENTED_EDGE('',*,*,#9088,.T.);
#4787=ORIENTED_EDGE('',*,*,#9089,.T.);
#4788=ORIENTED_EDGE('',*,*,#9052,.F.);
#4789=CARTESIAN_POINT('',(3.81,1.91304755078161,0.0));
#4790=DIRECTION('',(0.0,1.0,0.0));
#4791=DIRECTION('',(0.0,0.0,1.0));
#4792=SURFACE_STYLE_FILL_AREA(#9090);
#4793=ORIENTED_EDGE('',*,*,#9091,.F.);
#4794=ORIENTED_EDGE('',*,*,#9049,.F.);
#4795=ORIENTED_EDGE('',*,*,#9092,.T.);
#4796=ORIENTED_EDGE('',*,*,#9093,.T.);
#4797=ORIENTED_EDGE('',*,*,#9046,.F.);
#4798=CARTESIAN_POINT('',(1.27,1.91304755078161,0.0));
#4799=DIRECTION('',(0.0,1.0,0.0));
#4800=DIRECTION('',(0.0,0.0,1.0));
#4801=SURFACE_STYLE_FILL_AREA(#9094);
#4802=ORIENTED_EDGE('',*,*,#9095,.F.);
#4803=ORIENTED_EDGE('',*,*,#9043,.F.);
#4804=ORIENTED_EDGE('',*,*,#9096,.T.);
#4805=ORIENTED_EDGE('',*,*,#9097,.T.);
#4806=ORIENTED_EDGE('',*,*,#9040,.F.);
#4807=CARTESIAN_POINT('',(-1.27,1.91304755078161,0.0));
#4808=DIRECTION('',(0.0,1.0,0.0));
#4809=DIRECTION('',(0.0,0.0,1.0));
#4810=SURFACE_STYLE_FILL_AREA(#9098);
#4811=ORIENTED_EDGE('',*,*,#9099,.F.);
#4812=ORIENTED_EDGE('',*,*,#9037,.F.);
#4813=ORIENTED_EDGE('',*,*,#9100,.T.);
#4814=ORIENTED_EDGE('',*,*,#9101,.T.);
#4815=ORIENTED_EDGE('',*,*,#9034,.F.);
#4816=CARTESIAN_POINT('',(-3.81,1.91304755078161,0.0));
#4817=DIRECTION('',(0.0,1.0,0.0));
#4818=DIRECTION('',(0.0,0.0,1.0));
#4819=SURFACE_STYLE_FILL_AREA(#9102);
#4820=ORIENTED_EDGE('',*,*,#9103,.F.);
#4821=ORIENTED_EDGE('',*,*,#9031,.F.);
#4822=ORIENTED_EDGE('',*,*,#9104,.T.);
#4823=ORIENTED_EDGE('',*,*,#9105,.T.);
#4824=ORIENTED_EDGE('',*,*,#9028,.F.);
#4825=CARTESIAN_POINT('',(-6.35,1.91304755078161,0.0));
#4826=DIRECTION('',(0.0,1.0,0.0));
#4827=DIRECTION('',(0.0,0.0,1.0));
#4828=SURFACE_STYLE_FILL_AREA(#9106);
#4829=ORIENTED_EDGE('',*,*,#9107,.F.);
#4830=ORIENTED_EDGE('',*,*,#9025,.F.);
#4831=ORIENTED_EDGE('',*,*,#9108,.T.);
#4832=ORIENTED_EDGE('',*,*,#9109,.T.);
#4833=ORIENTED_EDGE('',*,*,#9022,.F.);
#4834=CARTESIAN_POINT('',(-8.89,1.91304755078161,0.0));
#4835=DIRECTION('',(0.0,1.0,0.0));
#4836=DIRECTION('',(0.0,0.0,1.0));
#4837=SURFACE_STYLE_FILL_AREA(#9110);
#4838=ORIENTED_EDGE('',*,*,#9111,.F.);
#4839=ORIENTED_EDGE('',*,*,#9019,.F.);
#4840=ORIENTED_EDGE('',*,*,#9112,.T.);
#4841=ORIENTED_EDGE('',*,*,#9113,.T.);
#4842=ORIENTED_EDGE('',*,*,#9016,.F.);
#4843=CARTESIAN_POINT('',(-11.43,1.91304755078161,0.0));
#4844=DIRECTION('',(0.0,1.0,0.0));
#4845=DIRECTION('',(0.0,0.0,1.0));
#4846=SURFACE_STYLE_FILL_AREA(#9114);
#4847=ORIENTED_EDGE('',*,*,#9115,.F.);
#4848=ORIENTED_EDGE('',*,*,#9116,.T.);
#4849=ORIENTED_EDGE('',*,*,#9117,.F.);
#4850=ORIENTED_EDGE('',*,*,#9118,.F.);
#4851=CARTESIAN_POINT('',(-11.43,0.100000000000001,0.0));
#4852=DIRECTION('',(-0.0,1.0,-0.0));
#4853=DIRECTION('',(1.0,0.0,0.0));
#4854=SURFACE_STYLE_FILL_AREA(#9119);
#4855=ORIENTED_EDGE('',*,*,#9120,.F.);
#4856=ORIENTED_EDGE('',*,*,#9121,.T.);
#4857=ORIENTED_EDGE('',*,*,#9122,.T.);
#4858=ORIENTED_EDGE('',*,*,#9123,.F.);
#4859=ORIENTED_EDGE('',*,*,#9124,.F.);
#4860=CARTESIAN_POINT('',(-11.43,-0.149999999999998,0.0));
#4861=DIRECTION('',(0.0,1.0,0.0));
#4862=DIRECTION('',(0.0,0.0,1.0));
#4863=SURFACE_STYLE_FILL_AREA(#9125);
#4864=ORIENTED_EDGE('',*,*,#9126,.F.);
#4865=ORIENTED_EDGE('',*,*,#9127,.T.);
#4866=ORIENTED_EDGE('',*,*,#9128,.T.);
#4867=ORIENTED_EDGE('',*,*,#9129,.F.);
#4868=ORIENTED_EDGE('',*,*,#9121,.F.);
#4869=ORIENTED_EDGE('',*,*,#9130,.F.);
#4870=CARTESIAN_POINT('',(-11.43,-1.515,0.0));
#4871=DIRECTION('',(-0.0,1.0,0.0));
#4872=DIRECTION('',(1.0,0.0,0.0));
#4873=SURFACE_STYLE_FILL_AREA(#9131);
#4874=ORIENTED_EDGE('',*,*,#9132,.F.);
#4875=ORIENTED_EDGE('',*,*,#9118,.T.);
#4876=ORIENTED_EDGE('',*,*,#9133,.F.);
#4877=ORIENTED_EDGE('',*,*,#9134,.F.);
#4878=CARTESIAN_POINT('',(-11.43,1.27870834875401,0.0));
#4879=DIRECTION('',(-0.0,1.0,0.0));
#4880=DIRECTION('',(1.0,0.0,0.0));
#4881=SURFACE_STYLE_FILL_AREA(#9135);
#4882=ORIENTED_EDGE('',*,*,#9136,.F.);
#4883=ORIENTED_EDGE('',*,*,#9137,.F.);
#4884=ORIENTED_EDGE('',*,*,#9138,.F.);
#4885=ORIENTED_EDGE('',*,*,#9139,.F.);
#4886=CARTESIAN_POINT('',(-11.43,4.0005,0.0));
#4887=DIRECTION('',(-0.0,1.0,0.0));
#4888=DIRECTION('',(1.0,0.0,0.0));
#4889=SURFACE_STYLE_FILL_AREA(#9140);
#4890=ORIENTED_EDGE('',*,*,#9141,.F.);
#4891=ORIENTED_EDGE('',*,*,#9142,.T.);
#4892=ORIENTED_EDGE('',*,*,#9143,.F.);
#4893=ORIENTED_EDGE('',*,*,#9144,.F.);
#4894=CARTESIAN_POINT('',(-8.89,0.100000000000001,0.0));
#4895=DIRECTION('',(-0.0,1.0,-0.0));
#4896=DIRECTION('',(1.0,0.0,0.0));
#4897=SURFACE_STYLE_FILL_AREA(#9145);
#4898=ORIENTED_EDGE('',*,*,#9146,.F.);
#4899=ORIENTED_EDGE('',*,*,#9147,.T.);
#4900=ORIENTED_EDGE('',*,*,#9148,.T.);
#4901=ORIENTED_EDGE('',*,*,#9149,.F.);
#4902=ORIENTED_EDGE('',*,*,#9150,.F.);
#4903=CARTESIAN_POINT('',(-8.89,-0.149999999999998,0.0));
#4904=DIRECTION('',(0.0,1.0,0.0));
#4905=DIRECTION('',(0.0,0.0,1.0));
#4906=SURFACE_STYLE_FILL_AREA(#9151);
#4907=ORIENTED_EDGE('',*,*,#9152,.F.);
#4908=ORIENTED_EDGE('',*,*,#9153,.T.);
#4909=ORIENTED_EDGE('',*,*,#9154,.T.);
#4910=ORIENTED_EDGE('',*,*,#9155,.F.);
#4911=ORIENTED_EDGE('',*,*,#9147,.F.);
#4912=ORIENTED_EDGE('',*,*,#9156,.F.);
#4913=CARTESIAN_POINT('',(-8.89,-1.515,0.0));
#4914=DIRECTION('',(-0.0,1.0,0.0));
#4915=DIRECTION('',(1.0,0.0,0.0));
#4916=SURFACE_STYLE_FILL_AREA(#9157);
#4917=ORIENTED_EDGE('',*,*,#9158,.F.);
#4918=ORIENTED_EDGE('',*,*,#9144,.T.);
#4919=ORIENTED_EDGE('',*,*,#9159,.F.);
#4920=ORIENTED_EDGE('',*,*,#9160,.F.);
#4921=CARTESIAN_POINT('',(-8.89,1.27870834875401,0.0));
#4922=DIRECTION('',(-0.0,1.0,0.0));
#4923=DIRECTION('',(1.0,0.0,0.0));
#4924=SURFACE_STYLE_FILL_AREA(#9161);
#4925=ORIENTED_EDGE('',*,*,#9162,.F.);
#4926=ORIENTED_EDGE('',*,*,#9163,.F.);
#4927=ORIENTED_EDGE('',*,*,#9164,.F.);
#4928=ORIENTED_EDGE('',*,*,#9165,.F.);
#4929=CARTESIAN_POINT('',(-8.89,4.0005,0.0));
#4930=DIRECTION('',(-0.0,1.0,0.0));
#4931=DIRECTION('',(1.0,0.0,0.0));
#4932=SURFACE_STYLE_FILL_AREA(#9166);
#4933=ORIENTED_EDGE('',*,*,#9167,.F.);
#4934=ORIENTED_EDGE('',*,*,#9168,.T.);
#4935=ORIENTED_EDGE('',*,*,#9169,.F.);
#4936=ORIENTED_EDGE('',*,*,#9170,.F.);
#4937=CARTESIAN_POINT('',(-6.35,0.100000000000001,0.0));
#4938=DIRECTION('',(-0.0,1.0,-0.0));
#4939=DIRECTION('',(1.0,0.0,0.0));
#4940=SURFACE_STYLE_FILL_AREA(#9171);
#4941=ORIENTED_EDGE('',*,*,#9172,.F.);
#4942=ORIENTED_EDGE('',*,*,#9173,.T.);
#4943=ORIENTED_EDGE('',*,*,#9174,.T.);
#4944=ORIENTED_EDGE('',*,*,#9175,.F.);
#4945=ORIENTED_EDGE('',*,*,#9176,.F.);
#4946=CARTESIAN_POINT('',(-6.35,-0.149999999999998,0.0));
#4947=DIRECTION('',(0.0,1.0,0.0));
#4948=DIRECTION('',(0.0,0.0,1.0));
#4949=SURFACE_STYLE_FILL_AREA(#9177);
#4950=ORIENTED_EDGE('',*,*,#9178,.F.);
#4951=ORIENTED_EDGE('',*,*,#9179,.T.);
#4952=ORIENTED_EDGE('',*,*,#9180,.T.);
#4953=ORIENTED_EDGE('',*,*,#9181,.F.);
#4954=ORIENTED_EDGE('',*,*,#9173,.F.);
#4955=ORIENTED_EDGE('',*,*,#9182,.F.);
#4956=CARTESIAN_POINT('',(-6.35,-1.515,0.0));
#4957=DIRECTION('',(-0.0,1.0,0.0));
#4958=DIRECTION('',(1.0,0.0,0.0));
#4959=SURFACE_STYLE_FILL_AREA(#9183);
#4960=ORIENTED_EDGE('',*,*,#9184,.F.);
#4961=ORIENTED_EDGE('',*,*,#9170,.T.);
#4962=ORIENTED_EDGE('',*,*,#9185,.F.);
#4963=ORIENTED_EDGE('',*,*,#9186,.F.);
#4964=CARTESIAN_POINT('',(-6.35,1.27870834875401,0.0));
#4965=DIRECTION('',(-0.0,1.0,0.0));
#4966=DIRECTION('',(1.0,0.0,0.0));
#4967=SURFACE_STYLE_FILL_AREA(#9187);
#4968=ORIENTED_EDGE('',*,*,#9188,.F.);
#4969=ORIENTED_EDGE('',*,*,#9189,.F.);
#4970=ORIENTED_EDGE('',*,*,#9190,.F.);
#4971=ORIENTED_EDGE('',*,*,#9191,.F.);
#4972=CARTESIAN_POINT('',(-6.35,4.0005,0.0));
#4973=DIRECTION('',(-0.0,1.0,0.0));
#4974=DIRECTION('',(1.0,0.0,0.0));
#4975=SURFACE_STYLE_FILL_AREA(#9192);
#4976=ORIENTED_EDGE('',*,*,#9193,.F.);
#4977=ORIENTED_EDGE('',*,*,#9194,.T.);
#4978=ORIENTED_EDGE('',*,*,#9195,.F.);
#4979=ORIENTED_EDGE('',*,*,#9196,.F.);
#4980=CARTESIAN_POINT('',(-3.81,0.100000000000001,0.0));
#4981=DIRECTION('',(-0.0,1.0,-0.0));
#4982=DIRECTION('',(1.0,0.0,0.0));
#4983=SURFACE_STYLE_FILL_AREA(#9197);
#4984=ORIENTED_EDGE('',*,*,#9198,.F.);
#4985=ORIENTED_EDGE('',*,*,#9199,.T.);
#4986=ORIENTED_EDGE('',*,*,#9200,.T.);
#4987=ORIENTED_EDGE('',*,*,#9201,.F.);
#4988=ORIENTED_EDGE('',*,*,#9202,.F.);
#4989=CARTESIAN_POINT('',(-3.81,-0.149999999999998,0.0));
#4990=DIRECTION('',(0.0,1.0,0.0));
#4991=DIRECTION('',(0.0,0.0,1.0));
#4992=SURFACE_STYLE_FILL_AREA(#9203);
#4993=ORIENTED_EDGE('',*,*,#9204,.F.);
#4994=ORIENTED_EDGE('',*,*,#9205,.T.);
#4995=ORIENTED_EDGE('',*,*,#9206,.T.);
#4996=ORIENTED_EDGE('',*,*,#9207,.F.);
#4997=ORIENTED_EDGE('',*,*,#9199,.F.);
#4998=ORIENTED_EDGE('',*,*,#9208,.F.);
#4999=CARTESIAN_POINT('',(-3.81,-1.515,0.0));
#5000=DIRECTION('',(-0.0,1.0,0.0));
#5001=DIRECTION('',(1.0,0.0,0.0));
#5002=SURFACE_STYLE_FILL_AREA(#9209);
#5003=ORIENTED_EDGE('',*,*,#9210,.F.);
#5004=ORIENTED_EDGE('',*,*,#9196,.T.);
#5005=ORIENTED_EDGE('',*,*,#9211,.F.);
#5006=ORIENTED_EDGE('',*,*,#9212,.F.);
#5007=CARTESIAN_POINT('',(-3.81,1.27870834875401,0.0));
#5008=DIRECTION('',(-0.0,1.0,0.0));
#5009=DIRECTION('',(1.0,0.0,0.0));
#5010=SURFACE_STYLE_FILL_AREA(#9213);
#5011=ORIENTED_EDGE('',*,*,#9214,.F.);
#5012=ORIENTED_EDGE('',*,*,#9215,.F.);
#5013=ORIENTED_EDGE('',*,*,#9216,.F.);
#5014=ORIENTED_EDGE('',*,*,#9217,.F.);
#5015=CARTESIAN_POINT('',(-3.81,4.0005,0.0));
#5016=DIRECTION('',(-0.0,1.0,0.0));
#5017=DIRECTION('',(1.0,0.0,0.0));
#5018=SURFACE_STYLE_FILL_AREA(#9218);
#5019=ORIENTED_EDGE('',*,*,#9219,.F.);
#5020=ORIENTED_EDGE('',*,*,#9220,.T.);
#5021=ORIENTED_EDGE('',*,*,#9221,.F.);
#5022=ORIENTED_EDGE('',*,*,#9222,.F.);
#5023=CARTESIAN_POINT('',(-1.27,0.100000000000001,0.0));
#5024=DIRECTION('',(-0.0,1.0,-0.0));
#5025=DIRECTION('',(1.0,0.0,0.0));
#5026=SURFACE_STYLE_FILL_AREA(#9223);
#5027=ORIENTED_EDGE('',*,*,#9224,.F.);
#5028=ORIENTED_EDGE('',*,*,#9225,.T.);
#5029=ORIENTED_EDGE('',*,*,#9226,.T.);
#5030=ORIENTED_EDGE('',*,*,#9227,.F.);
#5031=ORIENTED_EDGE('',*,*,#9228,.F.);
#5032=CARTESIAN_POINT('',(-1.27,-0.149999999999998,0.0));
#5033=DIRECTION('',(0.0,1.0,0.0));
#5034=DIRECTION('',(0.0,0.0,1.0));
#5035=SURFACE_STYLE_FILL_AREA(#9229);
#5036=ORIENTED_EDGE('',*,*,#9230,.F.);
#5037=ORIENTED_EDGE('',*,*,#9231,.T.);
#5038=ORIENTED_EDGE('',*,*,#9232,.T.);
#5039=ORIENTED_EDGE('',*,*,#9233,.F.);
#5040=ORIENTED_EDGE('',*,*,#9225,.F.);
#5041=ORIENTED_EDGE('',*,*,#9234,.F.);
#5042=CARTESIAN_POINT('',(-1.27,-1.515,0.0));
#5043=DIRECTION('',(-0.0,1.0,0.0));
#5044=DIRECTION('',(1.0,0.0,0.0));
#5045=SURFACE_STYLE_FILL_AREA(#9235);
#5046=ORIENTED_EDGE('',*,*,#9236,.F.);
#5047=ORIENTED_EDGE('',*,*,#9222,.T.);
#5048=ORIENTED_EDGE('',*,*,#9237,.F.);
#5049=ORIENTED_EDGE('',*,*,#9238,.F.);
#5050=CARTESIAN_POINT('',(-1.27,1.27870834875401,0.0));
#5051=DIRECTION('',(-0.0,1.0,0.0));
#5052=DIRECTION('',(1.0,0.0,0.0));
#5053=SURFACE_STYLE_FILL_AREA(#9239);
#5054=ORIENTED_EDGE('',*,*,#9240,.F.);
#5055=ORIENTED_EDGE('',*,*,#9241,.F.);
#5056=ORIENTED_EDGE('',*,*,#9242,.F.);
#5057=ORIENTED_EDGE('',*,*,#9243,.F.);
#5058=CARTESIAN_POINT('',(-1.27,4.0005,0.0));
#5059=DIRECTION('',(-0.0,1.0,0.0));
#5060=DIRECTION('',(1.0,0.0,0.0));
#5061=SURFACE_STYLE_FILL_AREA(#9244);
#5062=ORIENTED_EDGE('',*,*,#9245,.F.);
#5063=ORIENTED_EDGE('',*,*,#9246,.T.);
#5064=ORIENTED_EDGE('',*,*,#9247,.F.);
#5065=ORIENTED_EDGE('',*,*,#9248,.F.);
#5066=CARTESIAN_POINT('',(1.27,0.100000000000001,0.0));
#5067=DIRECTION('',(-0.0,1.0,-0.0));
#5068=DIRECTION('',(1.0,0.0,0.0));
#5069=SURFACE_STYLE_FILL_AREA(#9249);
#5070=ORIENTED_EDGE('',*,*,#9250,.F.);
#5071=ORIENTED_EDGE('',*,*,#9251,.T.);
#5072=ORIENTED_EDGE('',*,*,#9252,.T.);
#5073=ORIENTED_EDGE('',*,*,#9253,.F.);
#5074=ORIENTED_EDGE('',*,*,#9254,.F.);
#5075=CARTESIAN_POINT('',(1.27,-0.149999999999998,0.0));
#5076=DIRECTION('',(0.0,1.0,0.0));
#5077=DIRECTION('',(0.0,0.0,1.0));
#5078=SURFACE_STYLE_FILL_AREA(#9255);
#5079=ORIENTED_EDGE('',*,*,#9256,.F.);
#5080=ORIENTED_EDGE('',*,*,#9257,.T.);
#5081=ORIENTED_EDGE('',*,*,#9258,.T.);
#5082=ORIENTED_EDGE('',*,*,#9259,.F.);
#5083=ORIENTED_EDGE('',*,*,#9251,.F.);
#5084=ORIENTED_EDGE('',*,*,#9260,.F.);
#5085=CARTESIAN_POINT('',(1.27,-1.515,0.0));
#5086=DIRECTION('',(-0.0,1.0,0.0));
#5087=DIRECTION('',(1.0,0.0,0.0));
#5088=SURFACE_STYLE_FILL_AREA(#9261);
#5089=ORIENTED_EDGE('',*,*,#9262,.F.);
#5090=ORIENTED_EDGE('',*,*,#9248,.T.);
#5091=ORIENTED_EDGE('',*,*,#9263,.F.);
#5092=ORIENTED_EDGE('',*,*,#9264,.F.);
#5093=CARTESIAN_POINT('',(1.27,1.27870834875401,0.0));
#5094=DIRECTION('',(-0.0,1.0,0.0));
#5095=DIRECTION('',(1.0,0.0,0.0));
#5096=SURFACE_STYLE_FILL_AREA(#9265);
#5097=ORIENTED_EDGE('',*,*,#9266,.F.);
#5098=ORIENTED_EDGE('',*,*,#9267,.F.);
#5099=ORIENTED_EDGE('',*,*,#9268,.F.);
#5100=ORIENTED_EDGE('',*,*,#9269,.F.);
#5101=CARTESIAN_POINT('',(1.27,4.0005,0.0));
#5102=DIRECTION('',(-0.0,1.0,0.0));
#5103=DIRECTION('',(1.0,0.0,0.0));
#5104=SURFACE_STYLE_FILL_AREA(#9270);
#5105=ORIENTED_EDGE('',*,*,#9271,.F.);
#5106=ORIENTED_EDGE('',*,*,#9272,.T.);
#5107=ORIENTED_EDGE('',*,*,#9273,.F.);
#5108=ORIENTED_EDGE('',*,*,#9274,.F.);
#5109=CARTESIAN_POINT('',(3.81,0.100000000000001,0.0));
#5110=DIRECTION('',(-0.0,1.0,-0.0));
#5111=DIRECTION('',(1.0,0.0,0.0));
#5112=SURFACE_STYLE_FILL_AREA(#9275);
#5113=ORIENTED_EDGE('',*,*,#9276,.F.);
#5114=ORIENTED_EDGE('',*,*,#9277,.T.);
#5115=ORIENTED_EDGE('',*,*,#9278,.T.);
#5116=ORIENTED_EDGE('',*,*,#9279,.F.);
#5117=ORIENTED_EDGE('',*,*,#9280,.F.);
#5118=CARTESIAN_POINT('',(3.81,-0.149999999999998,0.0));
#5119=DIRECTION('',(0.0,1.0,0.0));
#5120=DIRECTION('',(0.0,0.0,1.0));
#5121=SURFACE_STYLE_FILL_AREA(#9281);
#5122=ORIENTED_EDGE('',*,*,#9282,.F.);
#5123=ORIENTED_EDGE('',*,*,#9283,.T.);
#5124=ORIENTED_EDGE('',*,*,#9284,.T.);
#5125=ORIENTED_EDGE('',*,*,#9285,.F.);
#5126=ORIENTED_EDGE('',*,*,#9277,.F.);
#5127=ORIENTED_EDGE('',*,*,#9286,.F.);
#5128=CARTESIAN_POINT('',(3.81,-1.515,0.0));
#5129=DIRECTION('',(-0.0,1.0,0.0));
#5130=DIRECTION('',(1.0,0.0,0.0));
#5131=SURFACE_STYLE_FILL_AREA(#9287);
#5132=ORIENTED_EDGE('',*,*,#9288,.F.);
#5133=ORIENTED_EDGE('',*,*,#9274,.T.);
#5134=ORIENTED_EDGE('',*,*,#9289,.F.);
#5135=ORIENTED_EDGE('',*,*,#9290,.F.);
#5136=CARTESIAN_POINT('',(3.81,1.27870834875401,0.0));
#5137=DIRECTION('',(-0.0,1.0,0.0));
#5138=DIRECTION('',(1.0,0.0,0.0));
#5139=SURFACE_STYLE_FILL_AREA(#9291);
#5140=ORIENTED_EDGE('',*,*,#9292,.F.);
#5141=ORIENTED_EDGE('',*,*,#9293,.F.);
#5142=ORIENTED_EDGE('',*,*,#9294,.F.);
#5143=ORIENTED_EDGE('',*,*,#9295,.F.);
#5144=CARTESIAN_POINT('',(3.81,4.0005,0.0));
#5145=DIRECTION('',(-0.0,1.0,0.0));
#5146=DIRECTION('',(1.0,0.0,0.0));
#5147=SURFACE_STYLE_FILL_AREA(#9296);
#5148=ORIENTED_EDGE('',*,*,#9297,.F.);
#5149=ORIENTED_EDGE('',*,*,#9298,.T.);
#5150=ORIENTED_EDGE('',*,*,#9299,.F.);
#5151=ORIENTED_EDGE('',*,*,#9300,.F.);
#5152=CARTESIAN_POINT('',(6.35,0.100000000000001,0.0));
#5153=DIRECTION('',(-0.0,1.0,-0.0));
#5154=DIRECTION('',(1.0,0.0,0.0));
#5155=SURFACE_STYLE_FILL_AREA(#9301);
#5156=ORIENTED_EDGE('',*,*,#9302,.F.);
#5157=ORIENTED_EDGE('',*,*,#9303,.T.);
#5158=ORIENTED_EDGE('',*,*,#9304,.T.);
#5159=ORIENTED_EDGE('',*,*,#9305,.F.);
#5160=ORIENTED_EDGE('',*,*,#9306,.F.);
#5161=CARTESIAN_POINT('',(6.35,-0.149999999999998,0.0));
#5162=DIRECTION('',(0.0,1.0,0.0));
#5163=DIRECTION('',(0.0,0.0,1.0));
#5164=SURFACE_STYLE_FILL_AREA(#9307);
#5165=ORIENTED_EDGE('',*,*,#9308,.F.);
#5166=ORIENTED_EDGE('',*,*,#9309,.T.);
#5167=ORIENTED_EDGE('',*,*,#9310,.T.);
#5168=ORIENTED_EDGE('',*,*,#9311,.F.);
#5169=ORIENTED_EDGE('',*,*,#9303,.F.);
#5170=ORIENTED_EDGE('',*,*,#9312,.F.);
#5171=CARTESIAN_POINT('',(6.35,-1.515,0.0));
#5172=DIRECTION('',(-0.0,1.0,0.0));
#5173=DIRECTION('',(1.0,0.0,0.0));
#5174=SURFACE_STYLE_FILL_AREA(#9313);
#5175=ORIENTED_EDGE('',*,*,#9314,.F.);
#5176=ORIENTED_EDGE('',*,*,#9300,.T.);
#5177=ORIENTED_EDGE('',*,*,#9315,.F.);
#5178=ORIENTED_EDGE('',*,*,#9316,.F.);
#5179=CARTESIAN_POINT('',(6.35,1.27870834875401,0.0));
#5180=DIRECTION('',(-0.0,1.0,0.0));
#5181=DIRECTION('',(1.0,0.0,0.0));
#5182=SURFACE_STYLE_FILL_AREA(#9317);
#5183=ORIENTED_EDGE('',*,*,#9318,.F.);
#5184=ORIENTED_EDGE('',*,*,#9319,.F.);
#5185=ORIENTED_EDGE('',*,*,#9320,.F.);
#5186=ORIENTED_EDGE('',*,*,#9321,.F.);
#5187=CARTESIAN_POINT('',(6.35,4.0005,0.0));
#5188=DIRECTION('',(-0.0,1.0,0.0));
#5189=DIRECTION('',(1.0,0.0,0.0));
#5190=SURFACE_STYLE_FILL_AREA(#9322);
#5191=ORIENTED_EDGE('',*,*,#9323,.F.);
#5192=ORIENTED_EDGE('',*,*,#9324,.T.);
#5193=ORIENTED_EDGE('',*,*,#9325,.F.);
#5194=ORIENTED_EDGE('',*,*,#9326,.F.);
#5195=CARTESIAN_POINT('',(8.89,0.100000000000001,0.0));
#5196=DIRECTION('',(-0.0,1.0,-0.0));
#5197=DIRECTION('',(1.0,0.0,0.0));
#5198=SURFACE_STYLE_FILL_AREA(#9327);
#5199=ORIENTED_EDGE('',*,*,#9328,.F.);
#5200=ORIENTED_EDGE('',*,*,#9329,.T.);
#5201=ORIENTED_EDGE('',*,*,#9330,.T.);
#5202=ORIENTED_EDGE('',*,*,#9331,.F.);
#5203=ORIENTED_EDGE('',*,*,#9332,.F.);
#5204=CARTESIAN_POINT('',(8.89,-0.149999999999998,0.0));
#5205=DIRECTION('',(0.0,1.0,0.0));
#5206=DIRECTION('',(0.0,0.0,1.0));
#5207=SURFACE_STYLE_FILL_AREA(#9333);
#5208=ORIENTED_EDGE('',*,*,#9334,.F.);
#5209=ORIENTED_EDGE('',*,*,#9335,.T.);
#5210=ORIENTED_EDGE('',*,*,#9336,.T.);
#5211=ORIENTED_EDGE('',*,*,#9337,.F.);
#5212=ORIENTED_EDGE('',*,*,#9329,.F.);
#5213=ORIENTED_EDGE('',*,*,#9338,.F.);
#5214=CARTESIAN_POINT('',(8.89,-1.515,0.0));
#5215=DIRECTION('',(-0.0,1.0,0.0));
#5216=DIRECTION('',(1.0,0.0,0.0));
#5217=SURFACE_STYLE_FILL_AREA(#9339);
#5218=ORIENTED_EDGE('',*,*,#9340,.F.);
#5219=ORIENTED_EDGE('',*,*,#9326,.T.);
#5220=ORIENTED_EDGE('',*,*,#9341,.F.);
#5221=ORIENTED_EDGE('',*,*,#9342,.F.);
#5222=CARTESIAN_POINT('',(8.89,1.27870834875401,0.0));
#5223=DIRECTION('',(-0.0,1.0,0.0));
#5224=DIRECTION('',(1.0,0.0,0.0));
#5225=SURFACE_STYLE_FILL_AREA(#9343);
#5226=ORIENTED_EDGE('',*,*,#9344,.F.);
#5227=ORIENTED_EDGE('',*,*,#9345,.F.);
#5228=ORIENTED_EDGE('',*,*,#9346,.F.);
#5229=ORIENTED_EDGE('',*,*,#9347,.F.);
#5230=CARTESIAN_POINT('',(8.89,4.0005,0.0));
#5231=DIRECTION('',(-0.0,1.0,0.0));
#5232=DIRECTION('',(1.0,0.0,0.0));
#5233=SURFACE_STYLE_FILL_AREA(#9348);
#5234=ORIENTED_EDGE('',*,*,#9349,.F.);
#5235=ORIENTED_EDGE('',*,*,#9350,.T.);
#5236=ORIENTED_EDGE('',*,*,#9351,.F.);
#5237=ORIENTED_EDGE('',*,*,#9352,.F.);
#5238=CARTESIAN_POINT('',(11.43,0.100000000000001,0.0));
#5239=DIRECTION('',(-0.0,1.0,-0.0));
#5240=DIRECTION('',(1.0,0.0,0.0));
#5241=SURFACE_STYLE_FILL_AREA(#9353);
#5242=ORIENTED_EDGE('',*,*,#9354,.F.);
#5243=ORIENTED_EDGE('',*,*,#9355,.T.);
#5244=ORIENTED_EDGE('',*,*,#9356,.T.);
#5245=ORIENTED_EDGE('',*,*,#9357,.F.);
#5246=ORIENTED_EDGE('',*,*,#9358,.F.);
#5247=CARTESIAN_POINT('',(11.43,-0.149999999999998,0.0));
#5248=DIRECTION('',(0.0,1.0,0.0));
#5249=DIRECTION('',(0.0,0.0,1.0));
#5250=SURFACE_STYLE_FILL_AREA(#9359);
#5251=ORIENTED_EDGE('',*,*,#9360,.F.);
#5252=ORIENTED_EDGE('',*,*,#9361,.T.);
#5253=ORIENTED_EDGE('',*,*,#9362,.T.);
#5254=ORIENTED_EDGE('',*,*,#9363,.F.);
#5255=ORIENTED_EDGE('',*,*,#9355,.F.);
#5256=ORIENTED_EDGE('',*,*,#9364,.F.);
#5257=CARTESIAN_POINT('',(11.43,-1.515,0.0));
#5258=DIRECTION('',(-0.0,1.0,0.0));
#5259=DIRECTION('',(1.0,0.0,0.0));
#5260=SURFACE_STYLE_FILL_AREA(#9365);
#5261=ORIENTED_EDGE('',*,*,#9366,.F.);
#5262=ORIENTED_EDGE('',*,*,#9352,.T.);
#5263=ORIENTED_EDGE('',*,*,#9367,.F.);
#5264=ORIENTED_EDGE('',*,*,#9368,.F.);
#5265=CARTESIAN_POINT('',(11.43,1.27870834875401,0.0));
#5266=DIRECTION('',(-0.0,1.0,0.0));
#5267=DIRECTION('',(1.0,0.0,0.0));
#5268=SURFACE_STYLE_FILL_AREA(#9369);
#5269=ORIENTED_EDGE('',*,*,#9370,.F.);
#5270=ORIENTED_EDGE('',*,*,#9371,.F.);
#5271=ORIENTED_EDGE('',*,*,#9372,.F.);
#5272=ORIENTED_EDGE('',*,*,#9373,.F.);
#5273=CARTESIAN_POINT('',(11.43,4.0005,0.0));
#5274=DIRECTION('',(-0.0,1.0,0.0));
#5275=DIRECTION('',(1.0,0.0,0.0));
#5276=SURFACE_STYLE_FILL_AREA(#9374);
#5277=ORIENTED_EDGE('',*,*,#9111,.T.);
#5278=ORIENTED_EDGE('',*,*,#9375,.F.);
#5279=ORIENTED_EDGE('',*,*,#9376,.F.);
#5280=ORIENTED_EDGE('',*,*,#9377,.F.);
#5281=ORIENTED_EDGE('',*,*,#9378,.F.);
#5282=CARTESIAN_POINT('',(-11.43,1.91304755078161,0.0));
#5283=DIRECTION('',(0.0,1.0,0.0));
#5284=DIRECTION('',(0.0,0.0,1.0));
#5285=SURFACE_STYLE_FILL_AREA(#9379);
#5286=ORIENTED_EDGE('',*,*,#9380,.F.);
#5287=ORIENTED_EDGE('',*,*,#9376,.T.);
#5288=ORIENTED_EDGE('',*,*,#9381,.T.);
#5289=ORIENTED_EDGE('',*,*,#9382,.F.);
#5290=ORIENTED_EDGE('',*,*,#9383,.F.);
#5291=CARTESIAN_POINT('',(-11.43,1.80813108884611,0.0));
#5292=DIRECTION('',(-0.0,-1.0,-0.0));
#5293=DIRECTION('',(-1.0,0.0,0.0));
#5294=SURFACE_STYLE_FILL_AREA(#9384);
#5295=ORIENTED_EDGE('',*,*,#9385,.F.);
#5296=ORIENTED_EDGE('',*,*,#9386,.F.);
#5297=ORIENTED_EDGE('',*,*,#9387,.F.);
#5298=ORIENTED_EDGE('',*,*,#9388,.T.);
#5299=CARTESIAN_POINT('',(-11.43,2.65054514193498,0.0));
#5300=DIRECTION('',(0.0,1.0,-0.0));
#5301=DIRECTION('',(-1.0,0.0,0.0));
#5302=SURFACE_STYLE_FILL_AREA(#9389);
#5303=ORIENTED_EDGE('',*,*,#9390,.F.);
#5304=ORIENTED_EDGE('',*,*,#9391,.T.);
#5305=ORIENTED_EDGE('',*,*,#9392,.F.);
#5306=ORIENTED_EDGE('',*,*,#9393,.F.);
#5307=CARTESIAN_POINT('',(-11.43,2.00054514193498,0.0));
#5308=DIRECTION('',(0.0,1.0,0.0));
#5309=DIRECTION('',(-1.0,0.0,0.0));
#5310=SURFACE_STYLE_FILL_AREA(#9394);
#5311=ORIENTED_EDGE('',*,*,#9395,.F.);
#5312=ORIENTED_EDGE('',*,*,#9396,.F.);
#5313=ORIENTED_EDGE('',*,*,#9393,.T.);
#5314=CARTESIAN_POINT('',(-11.43,0.312361162513375,0.0));
#5315=DIRECTION('',(0.0,1.0,-0.0));
#5316=DIRECTION('',(-1.0,0.0,0.0));
#5317=SURFACE_STYLE_FILL_AREA(#9397);
#5318=ORIENTED_EDGE('',*,*,#9398,.F.);
#5319=ORIENTED_EDGE('',*,*,#9399,.F.);
#5320=ORIENTED_EDGE('',*,*,#9400,.F.);
#5321=ORIENTED_EDGE('',*,*,#9401,.F.);
#5322=CARTESIAN_POINT('',(-11.43,4.25118232182064,0.0));
#5323=DIRECTION('',(0.0,1.0,0.0));
#5324=DIRECTION('',(-1.0,0.0,0.0));
#5325=SURFACE_STYLE_FILL_AREA(#9402);
#5326=ORIENTED_EDGE('',*,*,#9403,.F.);
#5327=ORIENTED_EDGE('',*,*,#9401,.T.);
#5328=ORIENTED_EDGE('',*,*,#9404,.F.);
#5329=ORIENTED_EDGE('',*,*,#9405,.F.);
#5330=CARTESIAN_POINT('',(-11.43,4.155,0.0));
#5331=DIRECTION('',(0.0,1.0,-0.0));
#5332=DIRECTION('',(-1.0,0.0,0.0));
#5333=SURFACE_STYLE_FILL_AREA(#9406);
#5334=ORIENTED_EDGE('',*,*,#9407,.F.);
#5335=ORIENTED_EDGE('',*,*,#9405,.T.);
#5336=ORIENTED_EDGE('',*,*,#9408,.F.);
#5337=ORIENTED_EDGE('',*,*,#9409,.F.);
#5338=CARTESIAN_POINT('',(-11.43,4.07650933921944,0.0));
#5339=DIRECTION('',(0.0,1.0,0.0));
#5340=DIRECTION('',(-1.0,0.0,0.0));
#5341=SURFACE_STYLE_FILL_AREA(#9410);
#5342=ORIENTED_EDGE('',*,*,#9411,.F.);
#5343=ORIENTED_EDGE('',*,*,#9412,.T.);
#5344=ORIENTED_EDGE('',*,*,#9413,.F.);
#5345=ORIENTED_EDGE('',*,*,#9414,.F.);
#5346=CARTESIAN_POINT('',(-11.43,4.01150933921943,0.0));
#5347=DIRECTION('',(0.0,1.0,-0.0));
#5348=DIRECTION('',(-1.0,0.0,0.0));
#5349=SURFACE_STYLE_FILL_AREA(#9415);
#5350=ORIENTED_EDGE('',*,*,#9416,.F.);
#5351=ORIENTED_EDGE('',*,*,#9414,.T.);
#5352=ORIENTED_EDGE('',*,*,#9417,.F.);
#5353=ORIENTED_EDGE('',*,*,#9418,.F.);
#5354=CARTESIAN_POINT('',(-11.43,3.74650933921944,0.0));
#5355=DIRECTION('',(0.0,1.0,0.0));
#5356=DIRECTION('',(-1.0,0.0,0.0));
#5357=SURFACE_STYLE_FILL_AREA(#9419);
#5358=ORIENTED_EDGE('',*,*,#9420,.F.);
#5359=ORIENTED_EDGE('',*,*,#9418,.T.);
#5360=ORIENTED_EDGE('',*,*,#9421,.F.);
#5361=ORIENTED_EDGE('',*,*,#9017,.F.);
#5362=ORIENTED_EDGE('',*,*,#9113,.F.);
#5363=CARTESIAN_POINT('',(-11.43,2.72995086353911,0.0));
#5364=DIRECTION('',(0.0,1.0,-0.0));
#5365=DIRECTION('',(-1.0,0.0,0.0));
#5366=SURFACE_STYLE_FILL_AREA(#9422);
#5367=ORIENTED_EDGE('',*,*,#9107,.T.);
#5368=ORIENTED_EDGE('',*,*,#9423,.F.);
#5369=ORIENTED_EDGE('',*,*,#9424,.F.);
#5370=ORIENTED_EDGE('',*,*,#9425,.F.);
#5371=ORIENTED_EDGE('',*,*,#9426,.F.);
#5372=CARTESIAN_POINT('',(-8.89,1.91304755078161,0.0));
#5373=DIRECTION('',(0.0,1.0,0.0));
#5374=DIRECTION('',(0.0,0.0,1.0));
#5375=SURFACE_STYLE_FILL_AREA(#9427);
#5376=ORIENTED_EDGE('',*,*,#9428,.F.);
#5377=ORIENTED_EDGE('',*,*,#9424,.T.);
#5378=ORIENTED_EDGE('',*,*,#9429,.T.);
#5379=ORIENTED_EDGE('',*,*,#9430,.F.);
#5380=ORIENTED_EDGE('',*,*,#9431,.F.);
#5381=CARTESIAN_POINT('',(-8.89,1.80813108884611,0.0));
#5382=DIRECTION('',(-0.0,-1.0,-0.0));
#5383=DIRECTION('',(-1.0,0.0,0.0));
#5384=SURFACE_STYLE_FILL_AREA(#9432);
#5385=ORIENTED_EDGE('',*,*,#9433,.F.);
#5386=ORIENTED_EDGE('',*,*,#9434,.F.);
#5387=ORIENTED_EDGE('',*,*,#9435,.F.);
#5388=ORIENTED_EDGE('',*,*,#9436,.T.);
#5389=CARTESIAN_POINT('',(-8.89,2.65054514193498,0.0));
#5390=DIRECTION('',(0.0,1.0,-0.0));
#5391=DIRECTION('',(-1.0,0.0,0.0));
#5392=SURFACE_STYLE_FILL_AREA(#9437);
#5393=ORIENTED_EDGE('',*,*,#9438,.F.);
#5394=ORIENTED_EDGE('',*,*,#9439,.T.);
#5395=ORIENTED_EDGE('',*,*,#9440,.F.);
#5396=ORIENTED_EDGE('',*,*,#9441,.F.);
#5397=CARTESIAN_POINT('',(-8.89,2.00054514193498,0.0));
#5398=DIRECTION('',(0.0,1.0,0.0));
#5399=DIRECTION('',(-1.0,0.0,0.0));
#5400=SURFACE_STYLE_FILL_AREA(#9442);
#5401=ORIENTED_EDGE('',*,*,#9443,.F.);
#5402=ORIENTED_EDGE('',*,*,#9444,.F.);
#5403=ORIENTED_EDGE('',*,*,#9441,.T.);
#5404=CARTESIAN_POINT('',(-8.89,0.312361162513375,0.0));
#5405=DIRECTION('',(0.0,1.0,-0.0));
#5406=DIRECTION('',(-1.0,0.0,0.0));
#5407=SURFACE_STYLE_FILL_AREA(#9445);
#5408=ORIENTED_EDGE('',*,*,#9446,.F.);
#5409=ORIENTED_EDGE('',*,*,#9447,.F.);
#5410=ORIENTED_EDGE('',*,*,#9448,.F.);
#5411=ORIENTED_EDGE('',*,*,#9449,.F.);
#5412=CARTESIAN_POINT('',(-8.89,4.25118232182064,0.0));
#5413=DIRECTION('',(0.0,1.0,0.0));
#5414=DIRECTION('',(-1.0,0.0,0.0));
#5415=SURFACE_STYLE_FILL_AREA(#9450);
#5416=ORIENTED_EDGE('',*,*,#9451,.F.);
#5417=ORIENTED_EDGE('',*,*,#9449,.T.);
#5418=ORIENTED_EDGE('',*,*,#9452,.F.);
#5419=ORIENTED_EDGE('',*,*,#9453,.F.);
#5420=CARTESIAN_POINT('',(-8.89,4.155,0.0));
#5421=DIRECTION('',(0.0,1.0,-0.0));
#5422=DIRECTION('',(-1.0,0.0,0.0));
#5423=SURFACE_STYLE_FILL_AREA(#9454);
#5424=ORIENTED_EDGE('',*,*,#9455,.F.);
#5425=ORIENTED_EDGE('',*,*,#9453,.T.);
#5426=ORIENTED_EDGE('',*,*,#9456,.F.);
#5427=ORIENTED_EDGE('',*,*,#9457,.F.);
#5428=CARTESIAN_POINT('',(-8.89,4.07650933921944,0.0));
#5429=DIRECTION('',(0.0,1.0,0.0));
#5430=DIRECTION('',(-1.0,0.0,0.0));
#5431=SURFACE_STYLE_FILL_AREA(#9458);
#5432=ORIENTED_EDGE('',*,*,#9459,.F.);
#5433=ORIENTED_EDGE('',*,*,#9460,.T.);
#5434=ORIENTED_EDGE('',*,*,#9461,.F.);
#5435=ORIENTED_EDGE('',*,*,#9462,.F.);
#5436=CARTESIAN_POINT('',(-8.89,4.01150933921943,0.0));
#5437=DIRECTION('',(0.0,1.0,-0.0));
#5438=DIRECTION('',(-1.0,0.0,0.0));
#5439=SURFACE_STYLE_FILL_AREA(#9463);
#5440=ORIENTED_EDGE('',*,*,#9464,.F.);
#5441=ORIENTED_EDGE('',*,*,#9462,.T.);
#5442=ORIENTED_EDGE('',*,*,#9465,.F.);
#5443=ORIENTED_EDGE('',*,*,#9466,.F.);
#5444=CARTESIAN_POINT('',(-8.89,3.74650933921944,0.0));
#5445=DIRECTION('',(0.0,1.0,0.0));
#5446=DIRECTION('',(-1.0,0.0,0.0));
#5447=SURFACE_STYLE_FILL_AREA(#9467);
#5448=ORIENTED_EDGE('',*,*,#9468,.F.);
#5449=ORIENTED_EDGE('',*,*,#9466,.T.);
#5450=ORIENTED_EDGE('',*,*,#9469,.F.);
#5451=ORIENTED_EDGE('',*,*,#9023,.F.);
#5452=ORIENTED_EDGE('',*,*,#9109,.F.);
#5453=CARTESIAN_POINT('',(-8.89,2.72995086353911,0.0));
#5454=DIRECTION('',(0.0,1.0,-0.0));
#5455=DIRECTION('',(-1.0,0.0,0.0));
#5456=SURFACE_STYLE_FILL_AREA(#9470);
#5457=ORIENTED_EDGE('',*,*,#9103,.T.);
#5458=ORIENTED_EDGE('',*,*,#9471,.F.);
#5459=ORIENTED_EDGE('',*,*,#9472,.F.);
#5460=ORIENTED_EDGE('',*,*,#9473,.F.);
#5461=ORIENTED_EDGE('',*,*,#9474,.F.);
#5462=CARTESIAN_POINT('',(-6.35,1.91304755078161,0.0));
#5463=DIRECTION('',(0.0,1.0,0.0));
#5464=DIRECTION('',(0.0,0.0,1.0));
#5465=SURFACE_STYLE_FILL_AREA(#9475);
#5466=ORIENTED_EDGE('',*,*,#9476,.F.);
#5467=ORIENTED_EDGE('',*,*,#9472,.T.);
#5468=ORIENTED_EDGE('',*,*,#9477,.T.);
#5469=ORIENTED_EDGE('',*,*,#9478,.F.);
#5470=ORIENTED_EDGE('',*,*,#9479,.F.);
#5471=CARTESIAN_POINT('',(-6.35,1.80813108884611,0.0));
#5472=DIRECTION('',(-0.0,-1.0,-0.0));
#5473=DIRECTION('',(-1.0,0.0,0.0));
#5474=SURFACE_STYLE_FILL_AREA(#9480);
#5475=ORIENTED_EDGE('',*,*,#9481,.F.);
#5476=ORIENTED_EDGE('',*,*,#9482,.F.);
#5477=ORIENTED_EDGE('',*,*,#9483,.F.);
#5478=ORIENTED_EDGE('',*,*,#9484,.T.);
#5479=CARTESIAN_POINT('',(-6.35,2.65054514193498,0.0));
#5480=DIRECTION('',(0.0,1.0,-0.0));
#5481=DIRECTION('',(-1.0,0.0,0.0));
#5482=SURFACE_STYLE_FILL_AREA(#9485);
#5483=ORIENTED_EDGE('',*,*,#9486,.F.);
#5484=ORIENTED_EDGE('',*,*,#9487,.T.);
#5485=ORIENTED_EDGE('',*,*,#9488,.F.);
#5486=ORIENTED_EDGE('',*,*,#9489,.F.);
#5487=CARTESIAN_POINT('',(-6.35,2.00054514193498,0.0));
#5488=DIRECTION('',(0.0,1.0,0.0));
#5489=DIRECTION('',(-1.0,0.0,0.0));
#5490=SURFACE_STYLE_FILL_AREA(#9490);
#5491=ORIENTED_EDGE('',*,*,#9491,.F.);
#5492=ORIENTED_EDGE('',*,*,#9492,.F.);
#5493=ORIENTED_EDGE('',*,*,#9489,.T.);
#5494=CARTESIAN_POINT('',(-6.35,0.312361162513375,0.0));
#5495=DIRECTION('',(0.0,1.0,-0.0));
#5496=DIRECTION('',(-1.0,0.0,0.0));
#5497=SURFACE_STYLE_FILL_AREA(#9493);
#5498=ORIENTED_EDGE('',*,*,#9494,.F.);
#5499=ORIENTED_EDGE('',*,*,#9495,.F.);
#5500=ORIENTED_EDGE('',*,*,#9496,.F.);
#5501=ORIENTED_EDGE('',*,*,#9497,.F.);
#5502=CARTESIAN_POINT('',(-6.35,4.25118232182064,0.0));
#5503=DIRECTION('',(0.0,1.0,0.0));
#5504=DIRECTION('',(-1.0,0.0,0.0));
#5505=SURFACE_STYLE_FILL_AREA(#9498);
#5506=ORIENTED_EDGE('',*,*,#9499,.F.);
#5507=ORIENTED_EDGE('',*,*,#9497,.T.);
#5508=ORIENTED_EDGE('',*,*,#9500,.F.);
#5509=ORIENTED_EDGE('',*,*,#9501,.F.);
#5510=CARTESIAN_POINT('',(-6.35,4.155,0.0));
#5511=DIRECTION('',(0.0,1.0,-0.0));
#5512=DIRECTION('',(-1.0,0.0,0.0));
#5513=SURFACE_STYLE_FILL_AREA(#9502);
#5514=ORIENTED_EDGE('',*,*,#9503,.F.);
#5515=ORIENTED_EDGE('',*,*,#9501,.T.);
#5516=ORIENTED_EDGE('',*,*,#9504,.F.);
#5517=ORIENTED_EDGE('',*,*,#9505,.F.);
#5518=CARTESIAN_POINT('',(-6.35,4.07650933921944,0.0));
#5519=DIRECTION('',(0.0,1.0,0.0));
#5520=DIRECTION('',(-1.0,0.0,0.0));
#5521=SURFACE_STYLE_FILL_AREA(#9506);
#5522=ORIENTED_EDGE('',*,*,#9507,.F.);
#5523=ORIENTED_EDGE('',*,*,#9508,.T.);
#5524=ORIENTED_EDGE('',*,*,#9509,.F.);
#5525=ORIENTED_EDGE('',*,*,#9510,.F.);
#5526=CARTESIAN_POINT('',(-6.35,4.01150933921943,0.0));
#5527=DIRECTION('',(0.0,1.0,-0.0));
#5528=DIRECTION('',(-1.0,0.0,0.0));
#5529=SURFACE_STYLE_FILL_AREA(#9511);
#5530=ORIENTED_EDGE('',*,*,#9512,.F.);
#5531=ORIENTED_EDGE('',*,*,#9510,.T.);
#5532=ORIENTED_EDGE('',*,*,#9513,.F.);
#5533=ORIENTED_EDGE('',*,*,#9514,.F.);
#5534=CARTESIAN_POINT('',(-6.35,3.74650933921944,0.0));
#5535=DIRECTION('',(0.0,1.0,0.0));
#5536=DIRECTION('',(-1.0,0.0,0.0));
#5537=SURFACE_STYLE_FILL_AREA(#9515);
#5538=ORIENTED_EDGE('',*,*,#9516,.F.);
#5539=ORIENTED_EDGE('',*,*,#9514,.T.);
#5540=ORIENTED_EDGE('',*,*,#9517,.F.);
#5541=ORIENTED_EDGE('',*,*,#9029,.F.);
#5542=ORIENTED_EDGE('',*,*,#9105,.F.);
#5543=CARTESIAN_POINT('',(-6.35,2.72995086353911,0.0));
#5544=DIRECTION('',(0.0,1.0,-0.0));
#5545=DIRECTION('',(-1.0,0.0,0.0));
#5546=SURFACE_STYLE_FILL_AREA(#9518);
#5547=ORIENTED_EDGE('',*,*,#9099,.T.);
#5548=ORIENTED_EDGE('',*,*,#9519,.F.);
#5549=ORIENTED_EDGE('',*,*,#9520,.F.);
#5550=ORIENTED_EDGE('',*,*,#9521,.F.);
#5551=ORIENTED_EDGE('',*,*,#9522,.F.);
#5552=CARTESIAN_POINT('',(-3.81,1.91304755078161,0.0));
#5553=DIRECTION('',(0.0,1.0,0.0));
#5554=DIRECTION('',(0.0,0.0,1.0));
#5555=SURFACE_STYLE_FILL_AREA(#9523);
#5556=ORIENTED_EDGE('',*,*,#9524,.F.);
#5557=ORIENTED_EDGE('',*,*,#9520,.T.);
#5558=ORIENTED_EDGE('',*,*,#9525,.T.);
#5559=ORIENTED_EDGE('',*,*,#9526,.F.);
#5560=ORIENTED_EDGE('',*,*,#9527,.F.);
#5561=CARTESIAN_POINT('',(-3.81,1.80813108884611,0.0));
#5562=DIRECTION('',(-0.0,-1.0,-0.0));
#5563=DIRECTION('',(-1.0,0.0,0.0));
#5564=SURFACE_STYLE_FILL_AREA(#9528);
#5565=ORIENTED_EDGE('',*,*,#9529,.F.);
#5566=ORIENTED_EDGE('',*,*,#9530,.F.);
#5567=ORIENTED_EDGE('',*,*,#9531,.F.);
#5568=ORIENTED_EDGE('',*,*,#9532,.T.);
#5569=CARTESIAN_POINT('',(-3.81,2.65054514193498,0.0));
#5570=DIRECTION('',(0.0,1.0,-0.0));
#5571=DIRECTION('',(-1.0,0.0,0.0));
#5572=SURFACE_STYLE_FILL_AREA(#9533);
#5573=ORIENTED_EDGE('',*,*,#9534,.F.);
#5574=ORIENTED_EDGE('',*,*,#9535,.T.);
#5575=ORIENTED_EDGE('',*,*,#9536,.F.);
#5576=ORIENTED_EDGE('',*,*,#9537,.F.);
#5577=CARTESIAN_POINT('',(-3.81,2.00054514193498,0.0));
#5578=DIRECTION('',(0.0,1.0,0.0));
#5579=DIRECTION('',(-1.0,0.0,0.0));
#5580=SURFACE_STYLE_FILL_AREA(#9538);
#5581=ORIENTED_EDGE('',*,*,#9539,.F.);
#5582=ORIENTED_EDGE('',*,*,#9540,.F.);
#5583=ORIENTED_EDGE('',*,*,#9537,.T.);
#5584=CARTESIAN_POINT('',(-3.81,0.312361162513375,0.0));
#5585=DIRECTION('',(0.0,1.0,-0.0));
#5586=DIRECTION('',(-1.0,0.0,0.0));
#5587=SURFACE_STYLE_FILL_AREA(#9541);
#5588=ORIENTED_EDGE('',*,*,#9542,.F.);
#5589=ORIENTED_EDGE('',*,*,#9543,.F.);
#5590=ORIENTED_EDGE('',*,*,#9544,.F.);
#5591=ORIENTED_EDGE('',*,*,#9545,.F.);
#5592=CARTESIAN_POINT('',(-3.81,4.25118232182064,0.0));
#5593=DIRECTION('',(0.0,1.0,0.0));
#5594=DIRECTION('',(-1.0,0.0,0.0));
#5595=SURFACE_STYLE_FILL_AREA(#9546);
#5596=ORIENTED_EDGE('',*,*,#9547,.F.);
#5597=ORIENTED_EDGE('',*,*,#9545,.T.);
#5598=ORIENTED_EDGE('',*,*,#9548,.F.);
#5599=ORIENTED_EDGE('',*,*,#9549,.F.);
#5600=CARTESIAN_POINT('',(-3.81,4.155,0.0));
#5601=DIRECTION('',(0.0,1.0,-0.0));
#5602=DIRECTION('',(-1.0,0.0,0.0));
#5603=SURFACE_STYLE_FILL_AREA(#9550);
#5604=ORIENTED_EDGE('',*,*,#9551,.F.);
#5605=ORIENTED_EDGE('',*,*,#9549,.T.);
#5606=ORIENTED_EDGE('',*,*,#9552,.F.);
#5607=ORIENTED_EDGE('',*,*,#9553,.F.);
#5608=CARTESIAN_POINT('',(-3.81,4.07650933921944,0.0));
#5609=DIRECTION('',(0.0,1.0,0.0));
#5610=DIRECTION('',(-1.0,0.0,0.0));
#5611=SURFACE_STYLE_FILL_AREA(#9554);
#5612=ORIENTED_EDGE('',*,*,#9555,.F.);
#5613=ORIENTED_EDGE('',*,*,#9556,.T.);
#5614=ORIENTED_EDGE('',*,*,#9557,.F.);
#5615=ORIENTED_EDGE('',*,*,#9558,.F.);
#5616=CARTESIAN_POINT('',(-3.81,4.01150933921943,0.0));
#5617=DIRECTION('',(0.0,1.0,-0.0));
#5618=DIRECTION('',(-1.0,0.0,0.0));
#5619=SURFACE_STYLE_FILL_AREA(#9559);
#5620=ORIENTED_EDGE('',*,*,#9560,.F.);
#5621=ORIENTED_EDGE('',*,*,#9558,.T.);
#5622=ORIENTED_EDGE('',*,*,#9561,.F.);
#5623=ORIENTED_EDGE('',*,*,#9562,.F.);
#5624=CARTESIAN_POINT('',(-3.81,3.74650933921944,0.0));
#5625=DIRECTION('',(0.0,1.0,0.0));
#5626=DIRECTION('',(-1.0,0.0,0.0));
#5627=SURFACE_STYLE_FILL_AREA(#9563);
#5628=ORIENTED_EDGE('',*,*,#9564,.F.);
#5629=ORIENTED_EDGE('',*,*,#9562,.T.);
#5630=ORIENTED_EDGE('',*,*,#9565,.F.);
#5631=ORIENTED_EDGE('',*,*,#9035,.F.);
#5632=ORIENTED_EDGE('',*,*,#9101,.F.);
#5633=CARTESIAN_POINT('',(-3.81,2.72995086353911,0.0));
#5634=DIRECTION('',(0.0,1.0,-0.0));
#5635=DIRECTION('',(-1.0,0.0,0.0));
#5636=SURFACE_STYLE_FILL_AREA(#9566);
#5637=ORIENTED_EDGE('',*,*,#9095,.T.);
#5638=ORIENTED_EDGE('',*,*,#9567,.F.);
#5639=ORIENTED_EDGE('',*,*,#9568,.F.);
#5640=ORIENTED_EDGE('',*,*,#9569,.F.);
#5641=ORIENTED_EDGE('',*,*,#9570,.F.);
#5642=CARTESIAN_POINT('',(-1.27,1.91304755078161,0.0));
#5643=DIRECTION('',(0.0,1.0,0.0));
#5644=DIRECTION('',(0.0,0.0,1.0));
#5645=SURFACE_STYLE_FILL_AREA(#9571);
#5646=ORIENTED_EDGE('',*,*,#9572,.F.);
#5647=ORIENTED_EDGE('',*,*,#9568,.T.);
#5648=ORIENTED_EDGE('',*,*,#9573,.T.);
#5649=ORIENTED_EDGE('',*,*,#9574,.F.);
#5650=ORIENTED_EDGE('',*,*,#9575,.F.);
#5651=CARTESIAN_POINT('',(-1.27,1.80813108884611,0.0));
#5652=DIRECTION('',(-0.0,-1.0,-0.0));
#5653=DIRECTION('',(-1.0,0.0,0.0));
#5654=SURFACE_STYLE_FILL_AREA(#9576);
#5655=ORIENTED_EDGE('',*,*,#9577,.F.);
#5656=ORIENTED_EDGE('',*,*,#9578,.F.);
#5657=ORIENTED_EDGE('',*,*,#9579,.F.);
#5658=ORIENTED_EDGE('',*,*,#9580,.T.);
#5659=CARTESIAN_POINT('',(-1.27,2.65054514193498,0.0));
#5660=DIRECTION('',(0.0,1.0,-0.0));
#5661=DIRECTION('',(-1.0,0.0,0.0));
#5662=SURFACE_STYLE_FILL_AREA(#9581);
#5663=ORIENTED_EDGE('',*,*,#9582,.F.);
#5664=ORIENTED_EDGE('',*,*,#9583,.T.);
#5665=ORIENTED_EDGE('',*,*,#9584,.F.);
#5666=ORIENTED_EDGE('',*,*,#9585,.F.);
#5667=CARTESIAN_POINT('',(-1.27,2.00054514193498,0.0));
#5668=DIRECTION('',(0.0,1.0,0.0));
#5669=DIRECTION('',(-1.0,0.0,0.0));
#5670=SURFACE_STYLE_FILL_AREA(#9586);
#5671=ORIENTED_EDGE('',*,*,#9587,.F.);
#5672=ORIENTED_EDGE('',*,*,#9588,.F.);
#5673=ORIENTED_EDGE('',*,*,#9585,.T.);
#5674=CARTESIAN_POINT('',(-1.27,0.312361162513375,0.0));
#5675=DIRECTION('',(0.0,1.0,-0.0));
#5676=DIRECTION('',(-1.0,0.0,0.0));
#5677=SURFACE_STYLE_FILL_AREA(#9589);
#5678=ORIENTED_EDGE('',*,*,#9590,.F.);
#5679=ORIENTED_EDGE('',*,*,#9591,.F.);
#5680=ORIENTED_EDGE('',*,*,#9592,.F.);
#5681=ORIENTED_EDGE('',*,*,#9593,.F.);
#5682=CARTESIAN_POINT('',(-1.27,4.25118232182064,0.0));
#5683=DIRECTION('',(0.0,1.0,0.0));
#5684=DIRECTION('',(-1.0,0.0,0.0));
#5685=SURFACE_STYLE_FILL_AREA(#9594);
#5686=ORIENTED_EDGE('',*,*,#9595,.F.);
#5687=ORIENTED_EDGE('',*,*,#9593,.T.);
#5688=ORIENTED_EDGE('',*,*,#9596,.F.);
#5689=ORIENTED_EDGE('',*,*,#9597,.F.);
#5690=CARTESIAN_POINT('',(-1.27,4.155,0.0));
#5691=DIRECTION('',(0.0,1.0,-0.0));
#5692=DIRECTION('',(-1.0,0.0,0.0));
#5693=SURFACE_STYLE_FILL_AREA(#9598);
#5694=ORIENTED_EDGE('',*,*,#9599,.F.);
#5695=ORIENTED_EDGE('',*,*,#9597,.T.);
#5696=ORIENTED_EDGE('',*,*,#9600,.F.);
#5697=ORIENTED_EDGE('',*,*,#9601,.F.);
#5698=CARTESIAN_POINT('',(-1.27,4.07650933921944,0.0));
#5699=DIRECTION('',(0.0,1.0,0.0));
#5700=DIRECTION('',(-1.0,0.0,0.0));
#5701=SURFACE_STYLE_FILL_AREA(#9602);
#5702=ORIENTED_EDGE('',*,*,#9603,.F.);
#5703=ORIENTED_EDGE('',*,*,#9604,.T.);
#5704=ORIENTED_EDGE('',*,*,#9605,.F.);
#5705=ORIENTED_EDGE('',*,*,#9606,.F.);
#5706=CARTESIAN_POINT('',(-1.27,4.01150933921943,0.0));
#5707=DIRECTION('',(0.0,1.0,-0.0));
#5708=DIRECTION('',(-1.0,0.0,0.0));
#5709=SURFACE_STYLE_FILL_AREA(#9607);
#5710=ORIENTED_EDGE('',*,*,#9608,.F.);
#5711=ORIENTED_EDGE('',*,*,#9606,.T.);
#5712=ORIENTED_EDGE('',*,*,#9609,.F.);
#5713=ORIENTED_EDGE('',*,*,#9610,.F.);
#5714=CARTESIAN_POINT('',(-1.27,3.74650933921944,0.0));
#5715=DIRECTION('',(0.0,1.0,0.0));
#5716=DIRECTION('',(-1.0,0.0,0.0));
#5717=SURFACE_STYLE_FILL_AREA(#9611);
#5718=ORIENTED_EDGE('',*,*,#9612,.F.);
#5719=ORIENTED_EDGE('',*,*,#9610,.T.);
#5720=ORIENTED_EDGE('',*,*,#9613,.F.);
#5721=ORIENTED_EDGE('',*,*,#9041,.F.);
#5722=ORIENTED_EDGE('',*,*,#9097,.F.);
#5723=CARTESIAN_POINT('',(-1.27,2.72995086353911,0.0));
#5724=DIRECTION('',(0.0,1.0,-0.0));
#5725=DIRECTION('',(-1.0,0.0,0.0));
#5726=SURFACE_STYLE_FILL_AREA(#9614);
#5727=ORIENTED_EDGE('',*,*,#9091,.T.);
#5728=ORIENTED_EDGE('',*,*,#9615,.F.);
#5729=ORIENTED_EDGE('',*,*,#9616,.F.);
#5730=ORIENTED_EDGE('',*,*,#9617,.F.);
#5731=ORIENTED_EDGE('',*,*,#9618,.F.);
#5732=CARTESIAN_POINT('',(1.27,1.91304755078161,0.0));
#5733=DIRECTION('',(0.0,1.0,0.0));
#5734=DIRECTION('',(0.0,0.0,1.0));
#5735=SURFACE_STYLE_FILL_AREA(#9619);
#5736=ORIENTED_EDGE('',*,*,#9620,.F.);
#5737=ORIENTED_EDGE('',*,*,#9616,.T.);
#5738=ORIENTED_EDGE('',*,*,#9621,.T.);
#5739=ORIENTED_EDGE('',*,*,#9622,.F.);
#5740=ORIENTED_EDGE('',*,*,#9623,.F.);
#5741=CARTESIAN_POINT('',(1.27,1.80813108884611,0.0));
#5742=DIRECTION('',(-0.0,-1.0,-0.0));
#5743=DIRECTION('',(-1.0,0.0,0.0));
#5744=SURFACE_STYLE_FILL_AREA(#9624);
#5745=ORIENTED_EDGE('',*,*,#9625,.F.);
#5746=ORIENTED_EDGE('',*,*,#9626,.F.);
#5747=ORIENTED_EDGE('',*,*,#9627,.F.);
#5748=ORIENTED_EDGE('',*,*,#9628,.T.);
#5749=CARTESIAN_POINT('',(1.27,2.65054514193498,0.0));
#5750=DIRECTION('',(0.0,1.0,-0.0));
#5751=DIRECTION('',(-1.0,0.0,0.0));
#5752=SURFACE_STYLE_FILL_AREA(#9629);
#5753=ORIENTED_EDGE('',*,*,#9630,.F.);
#5754=ORIENTED_EDGE('',*,*,#9631,.T.);
#5755=ORIENTED_EDGE('',*,*,#9632,.F.);
#5756=ORIENTED_EDGE('',*,*,#9633,.F.);
#5757=CARTESIAN_POINT('',(1.27,2.00054514193498,0.0));
#5758=DIRECTION('',(0.0,1.0,0.0));
#5759=DIRECTION('',(-1.0,0.0,0.0));
#5760=SURFACE_STYLE_FILL_AREA(#9634);
#5761=ORIENTED_EDGE('',*,*,#9635,.F.);
#5762=ORIENTED_EDGE('',*,*,#9636,.F.);
#5763=ORIENTED_EDGE('',*,*,#9633,.T.);
#5764=CARTESIAN_POINT('',(1.27,0.312361162513375,0.0));
#5765=DIRECTION('',(0.0,1.0,-0.0));
#5766=DIRECTION('',(-1.0,0.0,0.0));
#5767=SURFACE_STYLE_FILL_AREA(#9637);
#5768=ORIENTED_EDGE('',*,*,#9638,.F.);
#5769=ORIENTED_EDGE('',*,*,#9639,.F.);
#5770=ORIENTED_EDGE('',*,*,#9640,.F.);
#5771=ORIENTED_EDGE('',*,*,#9641,.F.);
#5772=CARTESIAN_POINT('',(1.27,4.25118232182064,0.0));
#5773=DIRECTION('',(0.0,1.0,0.0));
#5774=DIRECTION('',(-1.0,0.0,0.0));
#5775=SURFACE_STYLE_FILL_AREA(#9642);
#5776=ORIENTED_EDGE('',*,*,#9643,.F.);
#5777=ORIENTED_EDGE('',*,*,#9641,.T.);
#5778=ORIENTED_EDGE('',*,*,#9644,.F.);
#5779=ORIENTED_EDGE('',*,*,#9645,.F.);
#5780=CARTESIAN_POINT('',(1.27,4.155,0.0));
#5781=DIRECTION('',(0.0,1.0,-0.0));
#5782=DIRECTION('',(-1.0,0.0,0.0));
#5783=SURFACE_STYLE_FILL_AREA(#9646);
#5784=ORIENTED_EDGE('',*,*,#9647,.F.);
#5785=ORIENTED_EDGE('',*,*,#9645,.T.);
#5786=ORIENTED_EDGE('',*,*,#9648,.F.);
#5787=ORIENTED_EDGE('',*,*,#9649,.F.);
#5788=CARTESIAN_POINT('',(1.27,4.07650933921944,0.0));
#5789=DIRECTION('',(0.0,1.0,0.0));
#5790=DIRECTION('',(-1.0,0.0,0.0));
#5791=SURFACE_STYLE_FILL_AREA(#9650);
#5792=ORIENTED_EDGE('',*,*,#9651,.F.);
#5793=ORIENTED_EDGE('',*,*,#9652,.T.);
#5794=ORIENTED_EDGE('',*,*,#9653,.F.);
#5795=ORIENTED_EDGE('',*,*,#9654,.F.);
#5796=CARTESIAN_POINT('',(1.27,4.01150933921943,0.0));
#5797=DIRECTION('',(0.0,1.0,-0.0));
#5798=DIRECTION('',(-1.0,0.0,0.0));
#5799=SURFACE_STYLE_FILL_AREA(#9655);
#5800=ORIENTED_EDGE('',*,*,#9656,.F.);
#5801=ORIENTED_EDGE('',*,*,#9654,.T.);
#5802=ORIENTED_EDGE('',*,*,#9657,.F.);
#5803=ORIENTED_EDGE('',*,*,#9658,.F.);
#5804=CARTESIAN_POINT('',(1.27,3.74650933921944,0.0));
#5805=DIRECTION('',(0.0,1.0,0.0));
#5806=DIRECTION('',(-1.0,0.0,0.0));
#5807=SURFACE_STYLE_FILL_AREA(#9659);
#5808=ORIENTED_EDGE('',*,*,#9660,.F.);
#5809=ORIENTED_EDGE('',*,*,#9658,.T.);
#5810=ORIENTED_EDGE('',*,*,#9661,.F.);
#5811=ORIENTED_EDGE('',*,*,#9047,.F.);
#5812=ORIENTED_EDGE('',*,*,#9093,.F.);
#5813=CARTESIAN_POINT('',(1.27,2.72995086353911,0.0));
#5814=DIRECTION('',(0.0,1.0,-0.0));
#5815=DIRECTION('',(-1.0,0.0,0.0));
#5816=SURFACE_STYLE_FILL_AREA(#9662);
#5817=ORIENTED_EDGE('',*,*,#9087,.T.);
#5818=ORIENTED_EDGE('',*,*,#9663,.F.);
#5819=ORIENTED_EDGE('',*,*,#9664,.F.);
#5820=ORIENTED_EDGE('',*,*,#9665,.F.);
#5821=ORIENTED_EDGE('',*,*,#9666,.F.);
#5822=CARTESIAN_POINT('',(3.81,1.91304755078161,0.0));
#5823=DIRECTION('',(0.0,1.0,0.0));
#5824=DIRECTION('',(0.0,0.0,1.0));
#5825=SURFACE_STYLE_FILL_AREA(#9667);
#5826=ORIENTED_EDGE('',*,*,#9668,.F.);
#5827=ORIENTED_EDGE('',*,*,#9664,.T.);
#5828=ORIENTED_EDGE('',*,*,#9669,.T.);
#5829=ORIENTED_EDGE('',*,*,#9670,.F.);
#5830=ORIENTED_EDGE('',*,*,#9671,.F.);
#5831=CARTESIAN_POINT('',(3.81,1.80813108884611,0.0));
#5832=DIRECTION('',(-0.0,-1.0,-0.0));
#5833=DIRECTION('',(-1.0,0.0,0.0));
#5834=SURFACE_STYLE_FILL_AREA(#9672);
#5835=ORIENTED_EDGE('',*,*,#9673,.F.);
#5836=ORIENTED_EDGE('',*,*,#9674,.F.);
#5837=ORIENTED_EDGE('',*,*,#9675,.F.);
#5838=ORIENTED_EDGE('',*,*,#9676,.T.);
#5839=CARTESIAN_POINT('',(3.81,2.65054514193498,0.0));
#5840=DIRECTION('',(0.0,1.0,-0.0));
#5841=DIRECTION('',(-1.0,0.0,0.0));
#5842=SURFACE_STYLE_FILL_AREA(#9677);
#5843=ORIENTED_EDGE('',*,*,#9678,.F.);
#5844=ORIENTED_EDGE('',*,*,#9679,.T.);
#5845=ORIENTED_EDGE('',*,*,#9680,.F.);
#5846=ORIENTED_EDGE('',*,*,#9681,.F.);
#5847=CARTESIAN_POINT('',(3.81,2.00054514193498,0.0));
#5848=DIRECTION('',(0.0,1.0,0.0));
#5849=DIRECTION('',(-1.0,0.0,0.0));
#5850=SURFACE_STYLE_FILL_AREA(#9682);
#5851=ORIENTED_EDGE('',*,*,#9683,.F.);
#5852=ORIENTED_EDGE('',*,*,#9684,.F.);
#5853=ORIENTED_EDGE('',*,*,#9681,.T.);
#5854=CARTESIAN_POINT('',(3.81,0.312361162513375,0.0));
#5855=DIRECTION('',(0.0,1.0,-0.0));
#5856=DIRECTION('',(-1.0,0.0,0.0));
#5857=SURFACE_STYLE_FILL_AREA(#9685);
#5858=ORIENTED_EDGE('',*,*,#9686,.F.);
#5859=ORIENTED_EDGE('',*,*,#9687,.F.);
#5860=ORIENTED_EDGE('',*,*,#9688,.F.);
#5861=ORIENTED_EDGE('',*,*,#9689,.F.);
#5862=CARTESIAN_POINT('',(3.81,4.25118232182064,0.0));
#5863=DIRECTION('',(0.0,1.0,0.0));
#5864=DIRECTION('',(-1.0,0.0,0.0));
#5865=SURFACE_STYLE_FILL_AREA(#9690);
#5866=ORIENTED_EDGE('',*,*,#9691,.F.);
#5867=ORIENTED_EDGE('',*,*,#9689,.T.);
#5868=ORIENTED_EDGE('',*,*,#9692,.F.);
#5869=ORIENTED_EDGE('',*,*,#9693,.F.);
#5870=CARTESIAN_POINT('',(3.81,4.155,0.0));
#5871=DIRECTION('',(0.0,1.0,-0.0));
#5872=DIRECTION('',(-1.0,0.0,0.0));
#5873=SURFACE_STYLE_FILL_AREA(#9694);
#5874=ORIENTED_EDGE('',*,*,#9695,.F.);
#5875=ORIENTED_EDGE('',*,*,#9693,.T.);
#5876=ORIENTED_EDGE('',*,*,#9696,.F.);
#5877=ORIENTED_EDGE('',*,*,#9697,.F.);
#5878=CARTESIAN_POINT('',(3.81,4.07650933921944,0.0));
#5879=DIRECTION('',(0.0,1.0,0.0));
#5880=DIRECTION('',(-1.0,0.0,0.0));
#5881=SURFACE_STYLE_FILL_AREA(#9698);
#5882=ORIENTED_EDGE('',*,*,#9699,.F.);
#5883=ORIENTED_EDGE('',*,*,#9700,.T.);
#5884=ORIENTED_EDGE('',*,*,#9701,.F.);
#5885=ORIENTED_EDGE('',*,*,#9702,.F.);
#5886=CARTESIAN_POINT('',(3.81,4.01150933921943,0.0));
#5887=DIRECTION('',(0.0,1.0,-0.0));
#5888=DIRECTION('',(-1.0,0.0,0.0));
#5889=SURFACE_STYLE_FILL_AREA(#9703);
#5890=ORIENTED_EDGE('',*,*,#9704,.F.);
#5891=ORIENTED_EDGE('',*,*,#9702,.T.);
#5892=ORIENTED_EDGE('',*,*,#9705,.F.);
#5893=ORIENTED_EDGE('',*,*,#9706,.F.);
#5894=CARTESIAN_POINT('',(3.81,3.74650933921944,0.0));
#5895=DIRECTION('',(0.0,1.0,0.0));
#5896=DIRECTION('',(-1.0,0.0,0.0));
#5897=SURFACE_STYLE_FILL_AREA(#9707);
#5898=ORIENTED_EDGE('',*,*,#9708,.F.);
#5899=ORIENTED_EDGE('',*,*,#9706,.T.);
#5900=ORIENTED_EDGE('',*,*,#9709,.F.);
#5901=ORIENTED_EDGE('',*,*,#9053,.F.);
#5902=ORIENTED_EDGE('',*,*,#9089,.F.);
#5903=CARTESIAN_POINT('',(3.81,2.72995086353911,0.0));
#5904=DIRECTION('',(0.0,1.0,-0.0));
#5905=DIRECTION('',(-1.0,0.0,0.0));
#5906=SURFACE_STYLE_FILL_AREA(#9710);
#5907=ORIENTED_EDGE('',*,*,#9083,.T.);
#5908=ORIENTED_EDGE('',*,*,#9711,.F.);
#5909=ORIENTED_EDGE('',*,*,#9712,.F.);
#5910=ORIENTED_EDGE('',*,*,#9713,.F.);
#5911=ORIENTED_EDGE('',*,*,#9714,.F.);
#5912=CARTESIAN_POINT('',(6.35,1.91304755078161,0.0));
#5913=DIRECTION('',(0.0,1.0,0.0));
#5914=DIRECTION('',(0.0,0.0,1.0));
#5915=SURFACE_STYLE_FILL_AREA(#9715);
#5916=ORIENTED_EDGE('',*,*,#9716,.F.);
#5917=ORIENTED_EDGE('',*,*,#9712,.T.);
#5918=ORIENTED_EDGE('',*,*,#9717,.T.);
#5919=ORIENTED_EDGE('',*,*,#9718,.F.);
#5920=ORIENTED_EDGE('',*,*,#9719,.F.);
#5921=CARTESIAN_POINT('',(6.35,1.80813108884611,0.0));
#5922=DIRECTION('',(-0.0,-1.0,-0.0));
#5923=DIRECTION('',(-1.0,0.0,0.0));
#5924=SURFACE_STYLE_FILL_AREA(#9720);
#5925=ORIENTED_EDGE('',*,*,#9721,.F.);
#5926=ORIENTED_EDGE('',*,*,#9722,.F.);
#5927=ORIENTED_EDGE('',*,*,#9723,.F.);
#5928=ORIENTED_EDGE('',*,*,#9724,.T.);
#5929=CARTESIAN_POINT('',(6.35,2.65054514193498,0.0));
#5930=DIRECTION('',(0.0,1.0,-0.0));
#5931=DIRECTION('',(-1.0,0.0,0.0));
#5932=SURFACE_STYLE_FILL_AREA(#9725);
#5933=ORIENTED_EDGE('',*,*,#9726,.F.);
#5934=ORIENTED_EDGE('',*,*,#9727,.T.);
#5935=ORIENTED_EDGE('',*,*,#9728,.F.);
#5936=ORIENTED_EDGE('',*,*,#9729,.F.);
#5937=CARTESIAN_POINT('',(6.35,2.00054514193498,0.0));
#5938=DIRECTION('',(0.0,1.0,0.0));
#5939=DIRECTION('',(-1.0,0.0,0.0));
#5940=SURFACE_STYLE_FILL_AREA(#9730);
#5941=ORIENTED_EDGE('',*,*,#9731,.F.);
#5942=ORIENTED_EDGE('',*,*,#9732,.F.);
#5943=ORIENTED_EDGE('',*,*,#9729,.T.);
#5944=CARTESIAN_POINT('',(6.35,0.312361162513375,0.0));
#5945=DIRECTION('',(0.0,1.0,-0.0));
#5946=DIRECTION('',(-1.0,0.0,0.0));
#5947=SURFACE_STYLE_FILL_AREA(#9733);
#5948=ORIENTED_EDGE('',*,*,#9734,.F.);
#5949=ORIENTED_EDGE('',*,*,#9735,.F.);
#5950=ORIENTED_EDGE('',*,*,#9736,.F.);
#5951=ORIENTED_EDGE('',*,*,#9737,.F.);
#5952=CARTESIAN_POINT('',(6.35,4.25118232182064,0.0));
#5953=DIRECTION('',(0.0,1.0,0.0));
#5954=DIRECTION('',(-1.0,0.0,0.0));
#5955=SURFACE_STYLE_FILL_AREA(#9738);
#5956=ORIENTED_EDGE('',*,*,#9739,.F.);
#5957=ORIENTED_EDGE('',*,*,#9737,.T.);
#5958=ORIENTED_EDGE('',*,*,#9740,.F.);
#5959=ORIENTED_EDGE('',*,*,#9741,.F.);
#5960=CARTESIAN_POINT('',(6.35,4.155,0.0));
#5961=DIRECTION('',(0.0,1.0,-0.0));
#5962=DIRECTION('',(-1.0,0.0,0.0));
#5963=SURFACE_STYLE_FILL_AREA(#9742);
#5964=ORIENTED_EDGE('',*,*,#9743,.F.);
#5965=ORIENTED_EDGE('',*,*,#9741,.T.);
#5966=ORIENTED_EDGE('',*,*,#9744,.F.);
#5967=ORIENTED_EDGE('',*,*,#9745,.F.);
#5968=CARTESIAN_POINT('',(6.35,4.07650933921944,0.0));
#5969=DIRECTION('',(0.0,1.0,0.0));
#5970=DIRECTION('',(-1.0,0.0,0.0));
#5971=SURFACE_STYLE_FILL_AREA(#9746);
#5972=ORIENTED_EDGE('',*,*,#9747,.F.);
#5973=ORIENTED_EDGE('',*,*,#9748,.T.);
#5974=ORIENTED_EDGE('',*,*,#9749,.F.);
#5975=ORIENTED_EDGE('',*,*,#9750,.F.);
#5976=CARTESIAN_POINT('',(6.35,4.01150933921943,0.0));
#5977=DIRECTION('',(0.0,1.0,-0.0));
#5978=DIRECTION('',(-1.0,0.0,0.0));
#5979=SURFACE_STYLE_FILL_AREA(#9751);
#5980=ORIENTED_EDGE('',*,*,#9752,.F.);
#5981=ORIENTED_EDGE('',*,*,#9750,.T.);
#5982=ORIENTED_EDGE('',*,*,#9753,.F.);
#5983=ORIENTED_EDGE('',*,*,#9754,.F.);
#5984=CARTESIAN_POINT('',(6.35,3.74650933921944,0.0));
#5985=DIRECTION('',(0.0,1.0,0.0));
#5986=DIRECTION('',(-1.0,0.0,0.0));
#5987=SURFACE_STYLE_FILL_AREA(#9755);
#5988=ORIENTED_EDGE('',*,*,#9756,.F.);
#5989=ORIENTED_EDGE('',*,*,#9754,.T.);
#5990=ORIENTED_EDGE('',*,*,#9757,.F.);
#5991=ORIENTED_EDGE('',*,*,#9059,.F.);
#5992=ORIENTED_EDGE('',*,*,#9085,.F.);
#5993=CARTESIAN_POINT('',(6.35,2.72995086353911,0.0));
#5994=DIRECTION('',(0.0,1.0,-0.0));
#5995=DIRECTION('',(-1.0,0.0,0.0));
#5996=SURFACE_STYLE_FILL_AREA(#9758);
#5997=ORIENTED_EDGE('',*,*,#9079,.T.);
#5998=ORIENTED_EDGE('',*,*,#9759,.F.);
#5999=ORIENTED_EDGE('',*,*,#9760,.F.);
#6000=ORIENTED_EDGE('',*,*,#9761,.F.);
#6001=ORIENTED_EDGE('',*,*,#9762,.F.);
#6002=CARTESIAN_POINT('',(8.89,1.91304755078161,0.0));
#6003=DIRECTION('',(0.0,1.0,0.0));
#6004=DIRECTION('',(0.0,0.0,1.0));
#6005=SURFACE_STYLE_FILL_AREA(#9763);
#6006=ORIENTED_EDGE('',*,*,#9764,.F.);
#6007=ORIENTED_EDGE('',*,*,#9760,.T.);
#6008=ORIENTED_EDGE('',*,*,#9765,.T.);
#6009=ORIENTED_EDGE('',*,*,#9766,.F.);
#6010=ORIENTED_EDGE('',*,*,#9767,.F.);
#6011=CARTESIAN_POINT('',(8.89,1.80813108884611,0.0));
#6012=DIRECTION('',(-0.0,-1.0,-0.0));
#6013=DIRECTION('',(-1.0,0.0,0.0));
#6014=SURFACE_STYLE_FILL_AREA(#9768);
#6015=ORIENTED_EDGE('',*,*,#9769,.F.);
#6016=ORIENTED_EDGE('',*,*,#9770,.F.);
#6017=ORIENTED_EDGE('',*,*,#9771,.F.);
#6018=ORIENTED_EDGE('',*,*,#9772,.T.);
#6019=CARTESIAN_POINT('',(8.89,2.65054514193498,0.0));
#6020=DIRECTION('',(0.0,1.0,-0.0));
#6021=DIRECTION('',(-1.0,0.0,0.0));
#6022=SURFACE_STYLE_FILL_AREA(#9773);
#6023=ORIENTED_EDGE('',*,*,#9774,.F.);
#6024=ORIENTED_EDGE('',*,*,#9775,.T.);
#6025=ORIENTED_EDGE('',*,*,#9776,.F.);
#6026=ORIENTED_EDGE('',*,*,#9777,.F.);
#6027=CARTESIAN_POINT('',(8.89,2.00054514193498,0.0));
#6028=DIRECTION('',(0.0,1.0,0.0));
#6029=DIRECTION('',(-1.0,0.0,0.0));
#6030=SURFACE_STYLE_FILL_AREA(#9778);
#6031=ORIENTED_EDGE('',*,*,#9779,.F.);
#6032=ORIENTED_EDGE('',*,*,#9780,.F.);
#6033=ORIENTED_EDGE('',*,*,#9777,.T.);
#6034=CARTESIAN_POINT('',(8.89,0.312361162513375,0.0));
#6035=DIRECTION('',(0.0,1.0,-0.0));
#6036=DIRECTION('',(-1.0,0.0,0.0));
#6037=SURFACE_STYLE_FILL_AREA(#9781);
#6038=ORIENTED_EDGE('',*,*,#9782,.F.);
#6039=ORIENTED_EDGE('',*,*,#9783,.F.);
#6040=ORIENTED_EDGE('',*,*,#9784,.F.);
#6041=ORIENTED_EDGE('',*,*,#9785,.F.);
#6042=CARTESIAN_POINT('',(8.89,4.25118232182064,0.0));
#6043=DIRECTION('',(0.0,1.0,0.0));
#6044=DIRECTION('',(-1.0,0.0,0.0));
#6045=SURFACE_STYLE_FILL_AREA(#9786);
#6046=ORIENTED_EDGE('',*,*,#9787,.F.);
#6047=ORIENTED_EDGE('',*,*,#9785,.T.);
#6048=ORIENTED_EDGE('',*,*,#9788,.F.);
#6049=ORIENTED_EDGE('',*,*,#9789,.F.);
#6050=CARTESIAN_POINT('',(8.89,4.155,0.0));
#6051=DIRECTION('',(0.0,1.0,-0.0));
#6052=DIRECTION('',(-1.0,0.0,0.0));
#6053=SURFACE_STYLE_FILL_AREA(#9790);
#6054=ORIENTED_EDGE('',*,*,#9791,.F.);
#6055=ORIENTED_EDGE('',*,*,#9789,.T.);
#6056=ORIENTED_EDGE('',*,*,#9792,.F.);
#6057=ORIENTED_EDGE('',*,*,#9793,.F.);
#6058=CARTESIAN_POINT('',(8.89,4.07650933921944,0.0));
#6059=DIRECTION('',(0.0,1.0,0.0));
#6060=DIRECTION('',(-1.0,0.0,0.0));
#6061=SURFACE_STYLE_FILL_AREA(#9794);
#6062=ORIENTED_EDGE('',*,*,#9795,.F.);
#6063=ORIENTED_EDGE('',*,*,#9796,.T.);
#6064=ORIENTED_EDGE('',*,*,#9797,.F.);
#6065=ORIENTED_EDGE('',*,*,#9798,.F.);
#6066=CARTESIAN_POINT('',(8.89,4.01150933921943,0.0));
#6067=DIRECTION('',(0.0,1.0,-0.0));
#6068=DIRECTION('',(-1.0,0.0,0.0));
#6069=SURFACE_STYLE_FILL_AREA(#9799);
#6070=ORIENTED_EDGE('',*,*,#9800,.F.);
#6071=ORIENTED_EDGE('',*,*,#9798,.T.);
#6072=ORIENTED_EDGE('',*,*,#9801,.F.);
#6073=ORIENTED_EDGE('',*,*,#9802,.F.);
#6074=CARTESIAN_POINT('',(8.89,3.74650933921944,0.0));
#6075=DIRECTION('',(0.0,1.0,0.0));
#6076=DIRECTION('',(-1.0,0.0,0.0));
#6077=SURFACE_STYLE_FILL_AREA(#9803);
#6078=ORIENTED_EDGE('',*,*,#9804,.F.);
#6079=ORIENTED_EDGE('',*,*,#9802,.T.);
#6080=ORIENTED_EDGE('',*,*,#9805,.F.);
#6081=ORIENTED_EDGE('',*,*,#9065,.F.);
#6082=ORIENTED_EDGE('',*,*,#9081,.F.);
#6083=CARTESIAN_POINT('',(8.89,2.72995086353911,0.0));
#6084=DIRECTION('',(0.0,1.0,-0.0));
#6085=DIRECTION('',(-1.0,0.0,0.0));
#6086=SURFACE_STYLE_FILL_AREA(#9806);
#6087=ORIENTED_EDGE('',*,*,#9075,.T.);
#6088=ORIENTED_EDGE('',*,*,#9807,.F.);
#6089=ORIENTED_EDGE('',*,*,#9808,.F.);
#6090=ORIENTED_EDGE('',*,*,#9809,.F.);
#6091=ORIENTED_EDGE('',*,*,#9810,.F.);
#6092=CARTESIAN_POINT('',(11.43,1.91304755078161,0.0));
#6093=DIRECTION('',(0.0,1.0,0.0));
#6094=DIRECTION('',(0.0,0.0,1.0));
#6095=SURFACE_STYLE_FILL_AREA(#9811);
#6096=ORIENTED_EDGE('',*,*,#9812,.F.);
#6097=ORIENTED_EDGE('',*,*,#9808,.T.);
#6098=ORIENTED_EDGE('',*,*,#9813,.T.);
#6099=ORIENTED_EDGE('',*,*,#9814,.F.);
#6100=ORIENTED_EDGE('',*,*,#9815,.F.);
#6101=CARTESIAN_POINT('',(11.43,1.80813108884611,0.0));
#6102=DIRECTION('',(-0.0,-1.0,-0.0));
#6103=DIRECTION('',(-1.0,0.0,0.0));
#6104=SURFACE_STYLE_FILL_AREA(#9816);
#6105=ORIENTED_EDGE('',*,*,#9817,.F.);
#6106=ORIENTED_EDGE('',*,*,#9818,.F.);
#6107=ORIENTED_EDGE('',*,*,#9819,.F.);
#6108=ORIENTED_EDGE('',*,*,#9820,.T.);
#6109=CARTESIAN_POINT('',(11.43,2.65054514193498,0.0));
#6110=DIRECTION('',(0.0,1.0,-0.0));
#6111=DIRECTION('',(-1.0,0.0,0.0));
#6112=SURFACE_STYLE_FILL_AREA(#9821);
#6113=ORIENTED_EDGE('',*,*,#9822,.F.);
#6114=ORIENTED_EDGE('',*,*,#9823,.T.);
#6115=ORIENTED_EDGE('',*,*,#9824,.F.);
#6116=ORIENTED_EDGE('',*,*,#9825,.F.);
#6117=CARTESIAN_POINT('',(11.43,2.00054514193498,0.0));
#6118=DIRECTION('',(0.0,1.0,0.0));
#6119=DIRECTION('',(-1.0,0.0,0.0));
#6120=SURFACE_STYLE_FILL_AREA(#9826);
#6121=ORIENTED_EDGE('',*,*,#9827,.F.);
#6122=ORIENTED_EDGE('',*,*,#9828,.F.);
#6123=ORIENTED_EDGE('',*,*,#9825,.T.);
#6124=CARTESIAN_POINT('',(11.43,0.312361162513375,0.0));
#6125=DIRECTION('',(0.0,1.0,-0.0));
#6126=DIRECTION('',(-1.0,0.0,0.0));
#6127=SURFACE_STYLE_FILL_AREA(#9829);
#6128=ORIENTED_EDGE('',*,*,#9830,.F.);
#6129=ORIENTED_EDGE('',*,*,#9831,.F.);
#6130=ORIENTED_EDGE('',*,*,#9832,.F.);
#6131=ORIENTED_EDGE('',*,*,#9833,.F.);
#6132=CARTESIAN_POINT('',(11.43,4.25118232182064,0.0));
#6133=DIRECTION('',(0.0,1.0,0.0));
#6134=DIRECTION('',(-1.0,0.0,0.0));
#6135=SURFACE_STYLE_FILL_AREA(#9834);
#6136=ORIENTED_EDGE('',*,*,#9835,.F.);
#6137=ORIENTED_EDGE('',*,*,#9833,.T.);
#6138=ORIENTED_EDGE('',*,*,#9836,.F.);
#6139=ORIENTED_EDGE('',*,*,#9837,.F.);
#6140=CARTESIAN_POINT('',(11.43,4.155,0.0));
#6141=DIRECTION('',(0.0,1.0,-0.0));
#6142=DIRECTION('',(-1.0,0.0,0.0));
#6143=SURFACE_STYLE_FILL_AREA(#9838);
#6144=ORIENTED_EDGE('',*,*,#9839,.F.);
#6145=ORIENTED_EDGE('',*,*,#9837,.T.);
#6146=ORIENTED_EDGE('',*,*,#9840,.F.);
#6147=ORIENTED_EDGE('',*,*,#9841,.F.);
#6148=CARTESIAN_POINT('',(11.43,4.07650933921944,0.0));
#6149=DIRECTION('',(0.0,1.0,0.0));
#6150=DIRECTION('',(-1.0,0.0,0.0));
#6151=SURFACE_STYLE_FILL_AREA(#9842);
#6152=ORIENTED_EDGE('',*,*,#9843,.F.);
#6153=ORIENTED_EDGE('',*,*,#9844,.T.);
#6154=ORIENTED_EDGE('',*,*,#9845,.F.);
#6155=ORIENTED_EDGE('',*,*,#9846,.F.);
#6156=CARTESIAN_POINT('',(11.43,4.01150933921943,0.0));
#6157=DIRECTION('',(0.0,1.0,-0.0));
#6158=DIRECTION('',(-1.0,0.0,0.0));
#6159=SURFACE_STYLE_FILL_AREA(#9847);
#6160=ORIENTED_EDGE('',*,*,#9848,.F.);
#6161=ORIENTED_EDGE('',*,*,#9846,.T.);
#6162=ORIENTED_EDGE('',*,*,#9849,.F.);
#6163=ORIENTED_EDGE('',*,*,#9850,.F.);
#6164=CARTESIAN_POINT('',(11.43,3.74650933921944,0.0));
#6165=DIRECTION('',(0.0,1.0,0.0));
#6166=DIRECTION('',(-1.0,0.0,0.0));
#6167=SURFACE_STYLE_FILL_AREA(#9851);
#6168=ORIENTED_EDGE('',*,*,#9852,.F.);
#6169=ORIENTED_EDGE('',*,*,#9850,.T.);
#6170=ORIENTED_EDGE('',*,*,#9853,.F.);
#6171=ORIENTED_EDGE('',*,*,#9071,.F.);
#6172=ORIENTED_EDGE('',*,*,#9077,.F.);
#6173=CARTESIAN_POINT('',(11.43,2.72995086353911,0.0));
#6174=DIRECTION('',(0.0,1.0,-0.0));
#6175=DIRECTION('',(-1.0,0.0,0.0));
#6176=SURFACE_STYLE_FILL_AREA(#9854);
#6177=ORIENTED_EDGE('',*,*,#9852,.T.);
#6178=ORIENTED_EDGE('',*,*,#9076,.F.);
#6179=ORIENTED_EDGE('',*,*,#9072,.F.);
#6180=ORIENTED_EDGE('',*,*,#9853,.T.);
#6181=ORIENTED_EDGE('',*,*,#9855,.T.);
#6182=CARTESIAN_POINT('',(11.43,2.72995086353911,0.0));
#6183=DIRECTION('',(0.0,1.0,-0.0));
#6184=DIRECTION('',(-1.0,0.0,0.0));
#6185=SURFACE_STYLE_FILL_AREA(#9856);
#6186=ORIENTED_EDGE('',*,*,#9848,.T.);
#6187=ORIENTED_EDGE('',*,*,#9855,.F.);
#6188=ORIENTED_EDGE('',*,*,#9849,.T.);
#6189=ORIENTED_EDGE('',*,*,#9857,.T.);
#6190=CARTESIAN_POINT('',(11.43,3.74650933921944,0.0));
#6191=DIRECTION('',(0.0,1.0,0.0));
#6192=DIRECTION('',(-1.0,0.0,0.0));
#6193=SURFACE_STYLE_FILL_AREA(#9858);
#6194=ORIENTED_EDGE('',*,*,#9843,.T.);
#6195=ORIENTED_EDGE('',*,*,#9857,.F.);
#6196=ORIENTED_EDGE('',*,*,#9845,.T.);
#6197=ORIENTED_EDGE('',*,*,#9859,.T.);
#6198=CARTESIAN_POINT('',(11.43,4.01150933921943,0.0));
#6199=DIRECTION('',(0.0,1.0,-0.0));
#6200=DIRECTION('',(-1.0,0.0,0.0));
#6201=SURFACE_STYLE_FILL_AREA(#9860);
#6202=ORIENTED_EDGE('',*,*,#9841,.T.);
#6203=ORIENTED_EDGE('',*,*,#9861,.T.);
#6204=ORIENTED_EDGE('',*,*,#9844,.F.);
#6205=ORIENTED_EDGE('',*,*,#9859,.F.);
#6206=CARTESIAN_POINT('',(10.8,4.04301867843887,0.0));
#6207=DIRECTION('',(0.0,-1.0,0.0));
#6208=DIRECTION('',(1.0,0.0,0.0));
#6209=SURFACE_STYLE_FILL_AREA(#9862);
#6210=ORIENTED_EDGE('',*,*,#9839,.T.);
#6211=ORIENTED_EDGE('',*,*,#9861,.F.);
#6212=ORIENTED_EDGE('',*,*,#9840,.T.);
#6213=ORIENTED_EDGE('',*,*,#9863,.T.);
#6214=CARTESIAN_POINT('',(11.43,4.07650933921944,0.0));
#6215=DIRECTION('',(0.0,1.0,0.0));
#6216=DIRECTION('',(-1.0,0.0,0.0));
#6217=SURFACE_STYLE_FILL_AREA(#9864);
#6218=ORIENTED_EDGE('',*,*,#9835,.T.);
#6219=ORIENTED_EDGE('',*,*,#9863,.F.);
#6220=ORIENTED_EDGE('',*,*,#9836,.T.);
#6221=ORIENTED_EDGE('',*,*,#9865,.T.);
#6222=CARTESIAN_POINT('',(11.43,4.155,0.0));
#6223=DIRECTION('',(0.0,1.0,-0.0));
#6224=DIRECTION('',(-1.0,0.0,0.0));
#6225=SURFACE_STYLE_FILL_AREA(#9866);
#6226=ORIENTED_EDGE('',*,*,#9830,.T.);
#6227=ORIENTED_EDGE('',*,*,#9865,.F.);
#6228=ORIENTED_EDGE('',*,*,#9832,.T.);
#6229=ORIENTED_EDGE('',*,*,#9867,.F.);
#6230=CARTESIAN_POINT('',(11.43,4.25118232182064,0.0));
#6231=DIRECTION('',(0.0,1.0,0.0));
#6232=DIRECTION('',(-1.0,0.0,0.0));
#6233=SURFACE_STYLE_FILL_AREA(#9868);
#6234=ORIENTED_EDGE('',*,*,#9827,.T.);
#6235=ORIENTED_EDGE('',*,*,#9869,.T.);
#6236=ORIENTED_EDGE('',*,*,#9828,.T.);
#6237=CARTESIAN_POINT('',(11.43,0.312361162513375,0.0));
#6238=DIRECTION('',(0.0,1.0,-0.0));
#6239=DIRECTION('',(-1.0,0.0,0.0));
#6240=SURFACE_STYLE_FILL_AREA(#9870);
#6241=ORIENTED_EDGE('',*,*,#9822,.T.);
#6242=ORIENTED_EDGE('',*,*,#9869,.F.);
#6243=ORIENTED_EDGE('',*,*,#9824,.T.);
#6244=ORIENTED_EDGE('',*,*,#9818,.T.);
#6245=CARTESIAN_POINT('',(11.43,2.00054514193498,0.0));
#6246=DIRECTION('',(0.0,1.0,0.0));
#6247=DIRECTION('',(-1.0,0.0,0.0));
#6248=SURFACE_STYLE_FILL_AREA(#9871);
#6249=ORIENTED_EDGE('',*,*,#9817,.T.);
#6250=ORIENTED_EDGE('',*,*,#9815,.T.);
#6251=ORIENTED_EDGE('',*,*,#9819,.T.);
#6252=ORIENTED_EDGE('',*,*,#9823,.F.);
#6253=CARTESIAN_POINT('',(11.43,2.65054514193498,0.0));
#6254=DIRECTION('',(0.0,1.0,-0.0));
#6255=DIRECTION('',(-1.0,0.0,0.0));
#6256=SURFACE_STYLE_FILL_AREA(#9872);
#6257=ORIENTED_EDGE('',*,*,#9812,.T.);
#6258=ORIENTED_EDGE('',*,*,#9820,.F.);
#6259=ORIENTED_EDGE('',*,*,#9814,.T.);
#6260=ORIENTED_EDGE('',*,*,#9873,.T.);
#6261=ORIENTED_EDGE('',*,*,#9809,.T.);
#6262=CARTESIAN_POINT('',(11.43,1.80813108884611,0.0));
#6263=DIRECTION('',(-0.0,-1.0,-0.0));
#6264=DIRECTION('',(-1.0,0.0,0.0));
#6265=SURFACE_STYLE_FILL_AREA(#9874);
#6266=ORIENTED_EDGE('',*,*,#9069,.T.);
#6267=ORIENTED_EDGE('',*,*,#9810,.T.);
#6268=ORIENTED_EDGE('',*,*,#9873,.F.);
#6269=ORIENTED_EDGE('',*,*,#9813,.F.);
#6270=ORIENTED_EDGE('',*,*,#9807,.T.);
#6271=CARTESIAN_POINT('',(11.43,1.91304755078161,0.0));
#6272=DIRECTION('',(0.0,1.0,0.0));
#6273=DIRECTION('',(0.0,0.0,1.0));
#6274=SURFACE_STYLE_FILL_AREA(#9875);
#6275=ORIENTED_EDGE('',*,*,#9804,.T.);
#6276=ORIENTED_EDGE('',*,*,#9080,.F.);
#6277=ORIENTED_EDGE('',*,*,#9066,.F.);
#6278=ORIENTED_EDGE('',*,*,#9805,.T.);
#6279=ORIENTED_EDGE('',*,*,#9876,.T.);
#6280=CARTESIAN_POINT('',(8.89,2.72995086353911,0.0));
#6281=DIRECTION('',(0.0,1.0,-0.0));
#6282=DIRECTION('',(-1.0,0.0,0.0));
#6283=SURFACE_STYLE_FILL_AREA(#9877);
#6284=ORIENTED_EDGE('',*,*,#9800,.T.);
#6285=ORIENTED_EDGE('',*,*,#9876,.F.);
#6286=ORIENTED_EDGE('',*,*,#9801,.T.);
#6287=ORIENTED_EDGE('',*,*,#9878,.T.);
#6288=CARTESIAN_POINT('',(8.89,3.74650933921944,0.0));
#6289=DIRECTION('',(0.0,1.0,0.0));
#6290=DIRECTION('',(-1.0,0.0,0.0));
#6291=SURFACE_STYLE_FILL_AREA(#9879);
#6292=ORIENTED_EDGE('',*,*,#9795,.T.);
#6293=ORIENTED_EDGE('',*,*,#9878,.F.);
#6294=ORIENTED_EDGE('',*,*,#9797,.T.);
#6295=ORIENTED_EDGE('',*,*,#9880,.T.);
#6296=CARTESIAN_POINT('',(8.89,4.01150933921943,0.0));
#6297=DIRECTION('',(0.0,1.0,-0.0));
#6298=DIRECTION('',(-1.0,0.0,0.0));
#6299=SURFACE_STYLE_FILL_AREA(#9881);
#6300=ORIENTED_EDGE('',*,*,#9793,.T.);
#6301=ORIENTED_EDGE('',*,*,#9882,.T.);
#6302=ORIENTED_EDGE('',*,*,#9796,.F.);
#6303=ORIENTED_EDGE('',*,*,#9880,.F.);
#6304=CARTESIAN_POINT('',(8.26,4.04301867843887,0.0));
#6305=DIRECTION('',(0.0,-1.0,0.0));
#6306=DIRECTION('',(1.0,0.0,0.0));
#6307=SURFACE_STYLE_FILL_AREA(#9883);
#6308=ORIENTED_EDGE('',*,*,#9791,.T.);
#6309=ORIENTED_EDGE('',*,*,#9882,.F.);
#6310=ORIENTED_EDGE('',*,*,#9792,.T.);
#6311=ORIENTED_EDGE('',*,*,#9884,.T.);
#6312=CARTESIAN_POINT('',(8.89,4.07650933921944,0.0));
#6313=DIRECTION('',(0.0,1.0,0.0));
#6314=DIRECTION('',(-1.0,0.0,0.0));
#6315=SURFACE_STYLE_FILL_AREA(#9885);
#6316=ORIENTED_EDGE('',*,*,#9787,.T.);
#6317=ORIENTED_EDGE('',*,*,#9884,.F.);
#6318=ORIENTED_EDGE('',*,*,#9788,.T.);
#6319=ORIENTED_EDGE('',*,*,#9886,.T.);
#6320=CARTESIAN_POINT('',(8.89,4.155,0.0));
#6321=DIRECTION('',(0.0,1.0,-0.0));
#6322=DIRECTION('',(-1.0,0.0,0.0));
#6323=SURFACE_STYLE_FILL_AREA(#9887);
#6324=ORIENTED_EDGE('',*,*,#9782,.T.);
#6325=ORIENTED_EDGE('',*,*,#9886,.F.);
#6326=ORIENTED_EDGE('',*,*,#9784,.T.);
#6327=ORIENTED_EDGE('',*,*,#9888,.F.);
#6328=CARTESIAN_POINT('',(8.89,4.25118232182064,0.0));
#6329=DIRECTION('',(0.0,1.0,0.0));
#6330=DIRECTION('',(-1.0,0.0,0.0));
#6331=SURFACE_STYLE_FILL_AREA(#9889);
#6332=ORIENTED_EDGE('',*,*,#9779,.T.);
#6333=ORIENTED_EDGE('',*,*,#9890,.T.);
#6334=ORIENTED_EDGE('',*,*,#9780,.T.);
#6335=CARTESIAN_POINT('',(8.89,0.312361162513375,0.0));
#6336=DIRECTION('',(0.0,1.0,-0.0));
#6337=DIRECTION('',(-1.0,0.0,0.0));
#6338=SURFACE_STYLE_FILL_AREA(#9891);
#6339=ORIENTED_EDGE('',*,*,#9774,.T.);
#6340=ORIENTED_EDGE('',*,*,#9890,.F.);
#6341=ORIENTED_EDGE('',*,*,#9776,.T.);
#6342=ORIENTED_EDGE('',*,*,#9770,.T.);
#6343=CARTESIAN_POINT('',(8.89,2.00054514193498,0.0));
#6344=DIRECTION('',(0.0,1.0,0.0));
#6345=DIRECTION('',(-1.0,0.0,0.0));
#6346=SURFACE_STYLE_FILL_AREA(#9892);
#6347=ORIENTED_EDGE('',*,*,#9769,.T.);
#6348=ORIENTED_EDGE('',*,*,#9767,.T.);
#6349=ORIENTED_EDGE('',*,*,#9771,.T.);
#6350=ORIENTED_EDGE('',*,*,#9775,.F.);
#6351=CARTESIAN_POINT('',(8.89,2.65054514193498,0.0));
#6352=DIRECTION('',(0.0,1.0,-0.0));
#6353=DIRECTION('',(-1.0,0.0,0.0));
#6354=SURFACE_STYLE_FILL_AREA(#9893);
#6355=ORIENTED_EDGE('',*,*,#9764,.T.);
#6356=ORIENTED_EDGE('',*,*,#9772,.F.);
#6357=ORIENTED_EDGE('',*,*,#9766,.T.);
#6358=ORIENTED_EDGE('',*,*,#9894,.T.);
#6359=ORIENTED_EDGE('',*,*,#9761,.T.);
#6360=CARTESIAN_POINT('',(8.89,1.80813108884611,0.0));
#6361=DIRECTION('',(-0.0,-1.0,-0.0));
#6362=DIRECTION('',(-1.0,0.0,0.0));
#6363=SURFACE_STYLE_FILL_AREA(#9895);
#6364=ORIENTED_EDGE('',*,*,#9063,.T.);
#6365=ORIENTED_EDGE('',*,*,#9762,.T.);
#6366=ORIENTED_EDGE('',*,*,#9894,.F.);
#6367=ORIENTED_EDGE('',*,*,#9765,.F.);
#6368=ORIENTED_EDGE('',*,*,#9759,.T.);
#6369=CARTESIAN_POINT('',(8.89,1.91304755078161,0.0));
#6370=DIRECTION('',(0.0,1.0,0.0));
#6371=DIRECTION('',(0.0,0.0,1.0));
#6372=SURFACE_STYLE_FILL_AREA(#9896);
#6373=ORIENTED_EDGE('',*,*,#9756,.T.);
#6374=ORIENTED_EDGE('',*,*,#9084,.F.);
#6375=ORIENTED_EDGE('',*,*,#9060,.F.);
#6376=ORIENTED_EDGE('',*,*,#9757,.T.);
#6377=ORIENTED_EDGE('',*,*,#9897,.T.);
#6378=CARTESIAN_POINT('',(6.35,2.72995086353911,0.0));
#6379=DIRECTION('',(0.0,1.0,-0.0));
#6380=DIRECTION('',(-1.0,0.0,0.0));
#6381=SURFACE_STYLE_FILL_AREA(#9898);
#6382=ORIENTED_EDGE('',*,*,#9752,.T.);
#6383=ORIENTED_EDGE('',*,*,#9897,.F.);
#6384=ORIENTED_EDGE('',*,*,#9753,.T.);
#6385=ORIENTED_EDGE('',*,*,#9899,.T.);
#6386=CARTESIAN_POINT('',(6.35,3.74650933921944,0.0));
#6387=DIRECTION('',(0.0,1.0,0.0));
#6388=DIRECTION('',(-1.0,0.0,0.0));
#6389=SURFACE_STYLE_FILL_AREA(#9900);
#6390=ORIENTED_EDGE('',*,*,#9747,.T.);
#6391=ORIENTED_EDGE('',*,*,#9899,.F.);
#6392=ORIENTED_EDGE('',*,*,#9749,.T.);
#6393=ORIENTED_EDGE('',*,*,#9901,.T.);
#6394=CARTESIAN_POINT('',(6.35,4.01150933921943,0.0));
#6395=DIRECTION('',(0.0,1.0,-0.0));
#6396=DIRECTION('',(-1.0,0.0,0.0));
#6397=SURFACE_STYLE_FILL_AREA(#9902);
#6398=ORIENTED_EDGE('',*,*,#9745,.T.);
#6399=ORIENTED_EDGE('',*,*,#9903,.T.);
#6400=ORIENTED_EDGE('',*,*,#9748,.F.);
#6401=ORIENTED_EDGE('',*,*,#9901,.F.);
#6402=CARTESIAN_POINT('',(5.72,4.04301867843887,0.0));
#6403=DIRECTION('',(0.0,-1.0,0.0));
#6404=DIRECTION('',(1.0,0.0,0.0));
#6405=SURFACE_STYLE_FILL_AREA(#9904);
#6406=ORIENTED_EDGE('',*,*,#9743,.T.);
#6407=ORIENTED_EDGE('',*,*,#9903,.F.);
#6408=ORIENTED_EDGE('',*,*,#9744,.T.);
#6409=ORIENTED_EDGE('',*,*,#9905,.T.);
#6410=CARTESIAN_POINT('',(6.35,4.07650933921944,0.0));
#6411=DIRECTION('',(0.0,1.0,0.0));
#6412=DIRECTION('',(-1.0,0.0,0.0));
#6413=SURFACE_STYLE_FILL_AREA(#9906);
#6414=ORIENTED_EDGE('',*,*,#9739,.T.);
#6415=ORIENTED_EDGE('',*,*,#9905,.F.);
#6416=ORIENTED_EDGE('',*,*,#9740,.T.);
#6417=ORIENTED_EDGE('',*,*,#9907,.T.);
#6418=CARTESIAN_POINT('',(6.35,4.155,0.0));
#6419=DIRECTION('',(0.0,1.0,-0.0));
#6420=DIRECTION('',(-1.0,0.0,0.0));
#6421=SURFACE_STYLE_FILL_AREA(#9908);
#6422=ORIENTED_EDGE('',*,*,#9734,.T.);
#6423=ORIENTED_EDGE('',*,*,#9907,.F.);
#6424=ORIENTED_EDGE('',*,*,#9736,.T.);
#6425=ORIENTED_EDGE('',*,*,#9909,.F.);
#6426=CARTESIAN_POINT('',(6.35,4.25118232182064,0.0));
#6427=DIRECTION('',(0.0,1.0,0.0));
#6428=DIRECTION('',(-1.0,0.0,0.0));
#6429=SURFACE_STYLE_FILL_AREA(#9910);
#6430=ORIENTED_EDGE('',*,*,#9731,.T.);
#6431=ORIENTED_EDGE('',*,*,#9911,.T.);
#6432=ORIENTED_EDGE('',*,*,#9732,.T.);
#6433=CARTESIAN_POINT('',(6.35,0.312361162513375,0.0));
#6434=DIRECTION('',(0.0,1.0,-0.0));
#6435=DIRECTION('',(-1.0,0.0,0.0));
#6436=SURFACE_STYLE_FILL_AREA(#9912);
#6437=ORIENTED_EDGE('',*,*,#9726,.T.);
#6438=ORIENTED_EDGE('',*,*,#9911,.F.);
#6439=ORIENTED_EDGE('',*,*,#9728,.T.);
#6440=ORIENTED_EDGE('',*,*,#9722,.T.);
#6441=CARTESIAN_POINT('',(6.35,2.00054514193498,0.0));
#6442=DIRECTION('',(0.0,1.0,0.0));
#6443=DIRECTION('',(-1.0,0.0,0.0));
#6444=SURFACE_STYLE_FILL_AREA(#9913);
#6445=ORIENTED_EDGE('',*,*,#9721,.T.);
#6446=ORIENTED_EDGE('',*,*,#9719,.T.);
#6447=ORIENTED_EDGE('',*,*,#9723,.T.);
#6448=ORIENTED_EDGE('',*,*,#9727,.F.);
#6449=CARTESIAN_POINT('',(6.35,2.65054514193498,0.0));
#6450=DIRECTION('',(0.0,1.0,-0.0));
#6451=DIRECTION('',(-1.0,0.0,0.0));
#6452=SURFACE_STYLE_FILL_AREA(#9914);
#6453=ORIENTED_EDGE('',*,*,#9716,.T.);
#6454=ORIENTED_EDGE('',*,*,#9724,.F.);
#6455=ORIENTED_EDGE('',*,*,#9718,.T.);
#6456=ORIENTED_EDGE('',*,*,#9915,.T.);
#6457=ORIENTED_EDGE('',*,*,#9713,.T.);
#6458=CARTESIAN_POINT('',(6.35,1.80813108884611,0.0));
#6459=DIRECTION('',(-0.0,-1.0,-0.0));
#6460=DIRECTION('',(-1.0,0.0,0.0));
#6461=SURFACE_STYLE_FILL_AREA(#9916);
#6462=ORIENTED_EDGE('',*,*,#9057,.T.);
#6463=ORIENTED_EDGE('',*,*,#9714,.T.);
#6464=ORIENTED_EDGE('',*,*,#9915,.F.);
#6465=ORIENTED_EDGE('',*,*,#9717,.F.);
#6466=ORIENTED_EDGE('',*,*,#9711,.T.);
#6467=CARTESIAN_POINT('',(6.35,1.91304755078161,0.0));
#6468=DIRECTION('',(0.0,1.0,0.0));
#6469=DIRECTION('',(0.0,0.0,1.0));
#6470=SURFACE_STYLE_FILL_AREA(#9917);
#6471=ORIENTED_EDGE('',*,*,#9708,.T.);
#6472=ORIENTED_EDGE('',*,*,#9088,.F.);
#6473=ORIENTED_EDGE('',*,*,#9054,.F.);
#6474=ORIENTED_EDGE('',*,*,#9709,.T.);
#6475=ORIENTED_EDGE('',*,*,#9918,.T.);
#6476=CARTESIAN_POINT('',(3.81,2.72995086353911,0.0));
#6477=DIRECTION('',(0.0,1.0,-0.0));
#6478=DIRECTION('',(-1.0,0.0,0.0));
#6479=SURFACE_STYLE_FILL_AREA(#9919);
#6480=ORIENTED_EDGE('',*,*,#9704,.T.);
#6481=ORIENTED_EDGE('',*,*,#9918,.F.);
#6482=ORIENTED_EDGE('',*,*,#9705,.T.);
#6483=ORIENTED_EDGE('',*,*,#9920,.T.);
#6484=CARTESIAN_POINT('',(3.81,3.74650933921944,0.0));
#6485=DIRECTION('',(0.0,1.0,0.0));
#6486=DIRECTION('',(-1.0,0.0,0.0));
#6487=SURFACE_STYLE_FILL_AREA(#9921);
#6488=ORIENTED_EDGE('',*,*,#9699,.T.);
#6489=ORIENTED_EDGE('',*,*,#9920,.F.);
#6490=ORIENTED_EDGE('',*,*,#9701,.T.);
#6491=ORIENTED_EDGE('',*,*,#9922,.T.);
#6492=CARTESIAN_POINT('',(3.81,4.01150933921943,0.0));
#6493=DIRECTION('',(0.0,1.0,-0.0));
#6494=DIRECTION('',(-1.0,0.0,0.0));
#6495=SURFACE_STYLE_FILL_AREA(#9923);
#6496=ORIENTED_EDGE('',*,*,#9697,.T.);
#6497=ORIENTED_EDGE('',*,*,#9924,.T.);
#6498=ORIENTED_EDGE('',*,*,#9700,.F.);
#6499=ORIENTED_EDGE('',*,*,#9922,.F.);
#6500=CARTESIAN_POINT('',(3.18,4.04301867843887,0.0));
#6501=DIRECTION('',(0.0,-1.0,0.0));
#6502=DIRECTION('',(1.0,0.0,0.0));
#6503=SURFACE_STYLE_FILL_AREA(#9925);
#6504=ORIENTED_EDGE('',*,*,#9695,.T.);
#6505=ORIENTED_EDGE('',*,*,#9924,.F.);
#6506=ORIENTED_EDGE('',*,*,#9696,.T.);
#6507=ORIENTED_EDGE('',*,*,#9926,.T.);
#6508=CARTESIAN_POINT('',(3.81,4.07650933921944,0.0));
#6509=DIRECTION('',(0.0,1.0,0.0));
#6510=DIRECTION('',(-1.0,0.0,0.0));
#6511=SURFACE_STYLE_FILL_AREA(#9927);
#6512=ORIENTED_EDGE('',*,*,#9691,.T.);
#6513=ORIENTED_EDGE('',*,*,#9926,.F.);
#6514=ORIENTED_EDGE('',*,*,#9692,.T.);
#6515=ORIENTED_EDGE('',*,*,#9928,.T.);
#6516=CARTESIAN_POINT('',(3.81,4.155,0.0));
#6517=DIRECTION('',(0.0,1.0,-0.0));
#6518=DIRECTION('',(-1.0,0.0,0.0));
#6519=SURFACE_STYLE_FILL_AREA(#9929);
#6520=ORIENTED_EDGE('',*,*,#9686,.T.);
#6521=ORIENTED_EDGE('',*,*,#9928,.F.);
#6522=ORIENTED_EDGE('',*,*,#9688,.T.);
#6523=ORIENTED_EDGE('',*,*,#9930,.F.);
#6524=CARTESIAN_POINT('',(3.81,4.25118232182064,0.0));
#6525=DIRECTION('',(0.0,1.0,0.0));
#6526=DIRECTION('',(-1.0,0.0,0.0));
#6527=SURFACE_STYLE_FILL_AREA(#9931);
#6528=ORIENTED_EDGE('',*,*,#9683,.T.);
#6529=ORIENTED_EDGE('',*,*,#9932,.T.);
#6530=ORIENTED_EDGE('',*,*,#9684,.T.);
#6531=CARTESIAN_POINT('',(3.81,0.312361162513375,0.0));
#6532=DIRECTION('',(0.0,1.0,-0.0));
#6533=DIRECTION('',(-1.0,0.0,0.0));
#6534=SURFACE_STYLE_FILL_AREA(#9933);
#6535=ORIENTED_EDGE('',*,*,#9678,.T.);
#6536=ORIENTED_EDGE('',*,*,#9932,.F.);
#6537=ORIENTED_EDGE('',*,*,#9680,.T.);
#6538=ORIENTED_EDGE('',*,*,#9674,.T.);
#6539=CARTESIAN_POINT('',(3.81,2.00054514193498,0.0));
#6540=DIRECTION('',(0.0,1.0,0.0));
#6541=DIRECTION('',(-1.0,0.0,0.0));
#6542=SURFACE_STYLE_FILL_AREA(#9934);
#6543=ORIENTED_EDGE('',*,*,#9673,.T.);
#6544=ORIENTED_EDGE('',*,*,#9671,.T.);
#6545=ORIENTED_EDGE('',*,*,#9675,.T.);
#6546=ORIENTED_EDGE('',*,*,#9679,.F.);
#6547=CARTESIAN_POINT('',(3.81,2.65054514193498,0.0));
#6548=DIRECTION('',(0.0,1.0,-0.0));
#6549=DIRECTION('',(-1.0,0.0,0.0));
#6550=SURFACE_STYLE_FILL_AREA(#9935);
#6551=ORIENTED_EDGE('',*,*,#9668,.T.);
#6552=ORIENTED_EDGE('',*,*,#9676,.F.);
#6553=ORIENTED_EDGE('',*,*,#9670,.T.);
#6554=ORIENTED_EDGE('',*,*,#9936,.T.);
#6555=ORIENTED_EDGE('',*,*,#9665,.T.);
#6556=CARTESIAN_POINT('',(3.81,1.80813108884611,0.0));
#6557=DIRECTION('',(-0.0,-1.0,-0.0));
#6558=DIRECTION('',(-1.0,0.0,0.0));
#6559=SURFACE_STYLE_FILL_AREA(#9937);
#6560=ORIENTED_EDGE('',*,*,#9051,.T.);
#6561=ORIENTED_EDGE('',*,*,#9666,.T.);
#6562=ORIENTED_EDGE('',*,*,#9936,.F.);
#6563=ORIENTED_EDGE('',*,*,#9669,.F.);
#6564=ORIENTED_EDGE('',*,*,#9663,.T.);
#6565=CARTESIAN_POINT('',(3.81,1.91304755078161,0.0));
#6566=DIRECTION('',(0.0,1.0,0.0));
#6567=DIRECTION('',(0.0,0.0,1.0));
#6568=SURFACE_STYLE_FILL_AREA(#9938);
#6569=ORIENTED_EDGE('',*,*,#9660,.T.);
#6570=ORIENTED_EDGE('',*,*,#9092,.F.);
#6571=ORIENTED_EDGE('',*,*,#9048,.F.);
#6572=ORIENTED_EDGE('',*,*,#9661,.T.);
#6573=ORIENTED_EDGE('',*,*,#9939,.T.);
#6574=CARTESIAN_POINT('',(1.27,2.72995086353911,0.0));
#6575=DIRECTION('',(0.0,1.0,-0.0));
#6576=DIRECTION('',(-1.0,0.0,0.0));
#6577=SURFACE_STYLE_FILL_AREA(#9940);
#6578=ORIENTED_EDGE('',*,*,#9656,.T.);
#6579=ORIENTED_EDGE('',*,*,#9939,.F.);
#6580=ORIENTED_EDGE('',*,*,#9657,.T.);
#6581=ORIENTED_EDGE('',*,*,#9941,.T.);
#6582=CARTESIAN_POINT('',(1.27,3.74650933921944,0.0));
#6583=DIRECTION('',(0.0,1.0,0.0));
#6584=DIRECTION('',(-1.0,0.0,0.0));
#6585=SURFACE_STYLE_FILL_AREA(#9942);
#6586=ORIENTED_EDGE('',*,*,#9651,.T.);
#6587=ORIENTED_EDGE('',*,*,#9941,.F.);
#6588=ORIENTED_EDGE('',*,*,#9653,.T.);
#6589=ORIENTED_EDGE('',*,*,#9943,.T.);
#6590=CARTESIAN_POINT('',(1.27,4.01150933921943,0.0));
#6591=DIRECTION('',(0.0,1.0,-0.0));
#6592=DIRECTION('',(-1.0,0.0,0.0));
#6593=SURFACE_STYLE_FILL_AREA(#9944);
#6594=ORIENTED_EDGE('',*,*,#9649,.T.);
#6595=ORIENTED_EDGE('',*,*,#9945,.T.);
#6596=ORIENTED_EDGE('',*,*,#9652,.F.);
#6597=ORIENTED_EDGE('',*,*,#9943,.F.);
#6598=CARTESIAN_POINT('',(0.639999999999999,4.04301867843887,0.0));
#6599=DIRECTION('',(0.0,-1.0,0.0));
#6600=DIRECTION('',(1.0,0.0,0.0));
#6601=SURFACE_STYLE_FILL_AREA(#9946);
#6602=ORIENTED_EDGE('',*,*,#9647,.T.);
#6603=ORIENTED_EDGE('',*,*,#9945,.F.);
#6604=ORIENTED_EDGE('',*,*,#9648,.T.);
#6605=ORIENTED_EDGE('',*,*,#9947,.T.);
#6606=CARTESIAN_POINT('',(1.27,4.07650933921944,0.0));
#6607=DIRECTION('',(0.0,1.0,0.0));
#6608=DIRECTION('',(-1.0,0.0,0.0));
#6609=SURFACE_STYLE_FILL_AREA(#9948);
#6610=ORIENTED_EDGE('',*,*,#9643,.T.);
#6611=ORIENTED_EDGE('',*,*,#9947,.F.);
#6612=ORIENTED_EDGE('',*,*,#9644,.T.);
#6613=ORIENTED_EDGE('',*,*,#9949,.T.);
#6614=CARTESIAN_POINT('',(1.27,4.155,0.0));
#6615=DIRECTION('',(0.0,1.0,-0.0));
#6616=DIRECTION('',(-1.0,0.0,0.0));
#6617=SURFACE_STYLE_FILL_AREA(#9950);
#6618=ORIENTED_EDGE('',*,*,#9638,.T.);
#6619=ORIENTED_EDGE('',*,*,#9949,.F.);
#6620=ORIENTED_EDGE('',*,*,#9640,.T.);
#6621=ORIENTED_EDGE('',*,*,#9951,.F.);
#6622=CARTESIAN_POINT('',(1.27,4.25118232182064,0.0));
#6623=DIRECTION('',(0.0,1.0,0.0));
#6624=DIRECTION('',(-1.0,0.0,0.0));
#6625=SURFACE_STYLE_FILL_AREA(#9952);
#6626=ORIENTED_EDGE('',*,*,#9635,.T.);
#6627=ORIENTED_EDGE('',*,*,#9953,.T.);
#6628=ORIENTED_EDGE('',*,*,#9636,.T.);
#6629=CARTESIAN_POINT('',(1.27,0.312361162513375,0.0));
#6630=DIRECTION('',(0.0,1.0,-0.0));
#6631=DIRECTION('',(-1.0,0.0,0.0));
#6632=SURFACE_STYLE_FILL_AREA(#9954);
#6633=ORIENTED_EDGE('',*,*,#9630,.T.);
#6634=ORIENTED_EDGE('',*,*,#9953,.F.);
#6635=ORIENTED_EDGE('',*,*,#9632,.T.);
#6636=ORIENTED_EDGE('',*,*,#9626,.T.);
#6637=CARTESIAN_POINT('',(1.27,2.00054514193498,0.0));
#6638=DIRECTION('',(0.0,1.0,0.0));
#6639=DIRECTION('',(-1.0,0.0,0.0));
#6640=SURFACE_STYLE_FILL_AREA(#9955);
#6641=ORIENTED_EDGE('',*,*,#9625,.T.);
#6642=ORIENTED_EDGE('',*,*,#9623,.T.);
#6643=ORIENTED_EDGE('',*,*,#9627,.T.);
#6644=ORIENTED_EDGE('',*,*,#9631,.F.);
#6645=CARTESIAN_POINT('',(1.27,2.65054514193498,0.0));
#6646=DIRECTION('',(0.0,1.0,-0.0));
#6647=DIRECTION('',(-1.0,0.0,0.0));
#6648=SURFACE_STYLE_FILL_AREA(#9956);
#6649=ORIENTED_EDGE('',*,*,#9620,.T.);
#6650=ORIENTED_EDGE('',*,*,#9628,.F.);
#6651=ORIENTED_EDGE('',*,*,#9622,.T.);
#6652=ORIENTED_EDGE('',*,*,#9957,.T.);
#6653=ORIENTED_EDGE('',*,*,#9617,.T.);
#6654=CARTESIAN_POINT('',(1.27,1.80813108884611,0.0));
#6655=DIRECTION('',(-0.0,-1.0,-0.0));
#6656=DIRECTION('',(-1.0,0.0,0.0));
#6657=SURFACE_STYLE_FILL_AREA(#9958);
#6658=ORIENTED_EDGE('',*,*,#9045,.T.);
#6659=ORIENTED_EDGE('',*,*,#9618,.T.);
#6660=ORIENTED_EDGE('',*,*,#9957,.F.);
#6661=ORIENTED_EDGE('',*,*,#9621,.F.);
#6662=ORIENTED_EDGE('',*,*,#9615,.T.);
#6663=CARTESIAN_POINT('',(1.27,1.91304755078161,0.0));
#6664=DIRECTION('',(0.0,1.0,0.0));
#6665=DIRECTION('',(0.0,0.0,1.0));
#6666=SURFACE_STYLE_FILL_AREA(#9959);
#6667=ORIENTED_EDGE('',*,*,#9612,.T.);
#6668=ORIENTED_EDGE('',*,*,#9096,.F.);
#6669=ORIENTED_EDGE('',*,*,#9042,.F.);
#6670=ORIENTED_EDGE('',*,*,#9613,.T.);
#6671=ORIENTED_EDGE('',*,*,#9960,.T.);
#6672=CARTESIAN_POINT('',(-1.27,2.72995086353911,0.0));
#6673=DIRECTION('',(0.0,1.0,-0.0));
#6674=DIRECTION('',(-1.0,0.0,0.0));
#6675=SURFACE_STYLE_FILL_AREA(#9961);
#6676=ORIENTED_EDGE('',*,*,#9608,.T.);
#6677=ORIENTED_EDGE('',*,*,#9960,.F.);
#6678=ORIENTED_EDGE('',*,*,#9609,.T.);
#6679=ORIENTED_EDGE('',*,*,#9962,.T.);
#6680=CARTESIAN_POINT('',(-1.27,3.74650933921944,0.0));
#6681=DIRECTION('',(0.0,1.0,0.0));
#6682=DIRECTION('',(-1.0,0.0,0.0));
#6683=SURFACE_STYLE_FILL_AREA(#9963);
#6684=ORIENTED_EDGE('',*,*,#9603,.T.);
#6685=ORIENTED_EDGE('',*,*,#9962,.F.);
#6686=ORIENTED_EDGE('',*,*,#9605,.T.);
#6687=ORIENTED_EDGE('',*,*,#9964,.T.);
#6688=CARTESIAN_POINT('',(-1.27,4.01150933921943,0.0));
#6689=DIRECTION('',(0.0,1.0,-0.0));
#6690=DIRECTION('',(-1.0,0.0,0.0));
#6691=SURFACE_STYLE_FILL_AREA(#9965);
#6692=ORIENTED_EDGE('',*,*,#9601,.T.);
#6693=ORIENTED_EDGE('',*,*,#9966,.T.);
#6694=ORIENTED_EDGE('',*,*,#9604,.F.);
#6695=ORIENTED_EDGE('',*,*,#9964,.F.);
#6696=CARTESIAN_POINT('',(-1.9,4.04301867843887,0.0));
#6697=DIRECTION('',(0.0,-1.0,0.0));
#6698=DIRECTION('',(1.0,0.0,0.0));
#6699=SURFACE_STYLE_FILL_AREA(#9967);
#6700=ORIENTED_EDGE('',*,*,#9599,.T.);
#6701=ORIENTED_EDGE('',*,*,#9966,.F.);
#6702=ORIENTED_EDGE('',*,*,#9600,.T.);
#6703=ORIENTED_EDGE('',*,*,#9968,.T.);
#6704=CARTESIAN_POINT('',(-1.27,4.07650933921944,0.0));
#6705=DIRECTION('',(0.0,1.0,0.0));
#6706=DIRECTION('',(-1.0,0.0,0.0));
#6707=SURFACE_STYLE_FILL_AREA(#9969);
#6708=ORIENTED_EDGE('',*,*,#9595,.T.);
#6709=ORIENTED_EDGE('',*,*,#9968,.F.);
#6710=ORIENTED_EDGE('',*,*,#9596,.T.);
#6711=ORIENTED_EDGE('',*,*,#9970,.T.);
#6712=CARTESIAN_POINT('',(-1.27,4.155,0.0));
#6713=DIRECTION('',(0.0,1.0,-0.0));
#6714=DIRECTION('',(-1.0,0.0,0.0));
#6715=SURFACE_STYLE_FILL_AREA(#9971);
#6716=ORIENTED_EDGE('',*,*,#9590,.T.);
#6717=ORIENTED_EDGE('',*,*,#9970,.F.);
#6718=ORIENTED_EDGE('',*,*,#9592,.T.);
#6719=ORIENTED_EDGE('',*,*,#9972,.F.);
#6720=CARTESIAN_POINT('',(-1.27,4.25118232182064,0.0));
#6721=DIRECTION('',(0.0,1.0,0.0));
#6722=DIRECTION('',(-1.0,0.0,0.0));
#6723=SURFACE_STYLE_FILL_AREA(#9973);
#6724=ORIENTED_EDGE('',*,*,#9587,.T.);
#6725=ORIENTED_EDGE('',*,*,#9974,.T.);
#6726=ORIENTED_EDGE('',*,*,#9588,.T.);
#6727=CARTESIAN_POINT('',(-1.27,0.312361162513375,0.0));
#6728=DIRECTION('',(0.0,1.0,-0.0));
#6729=DIRECTION('',(-1.0,0.0,0.0));
#6730=SURFACE_STYLE_FILL_AREA(#9975);
#6731=ORIENTED_EDGE('',*,*,#9582,.T.);
#6732=ORIENTED_EDGE('',*,*,#9974,.F.);
#6733=ORIENTED_EDGE('',*,*,#9584,.T.);
#6734=ORIENTED_EDGE('',*,*,#9578,.T.);
#6735=CARTESIAN_POINT('',(-1.27,2.00054514193498,0.0));
#6736=DIRECTION('',(0.0,1.0,0.0));
#6737=DIRECTION('',(-1.0,0.0,0.0));
#6738=SURFACE_STYLE_FILL_AREA(#9976);
#6739=ORIENTED_EDGE('',*,*,#9577,.T.);
#6740=ORIENTED_EDGE('',*,*,#9575,.T.);
#6741=ORIENTED_EDGE('',*,*,#9579,.T.);
#6742=ORIENTED_EDGE('',*,*,#9583,.F.);
#6743=CARTESIAN_POINT('',(-1.27,2.65054514193498,0.0));
#6744=DIRECTION('',(0.0,1.0,-0.0));
#6745=DIRECTION('',(-1.0,0.0,0.0));
#6746=SURFACE_STYLE_FILL_AREA(#9977);
#6747=ORIENTED_EDGE('',*,*,#9572,.T.);
#6748=ORIENTED_EDGE('',*,*,#9580,.F.);
#6749=ORIENTED_EDGE('',*,*,#9574,.T.);
#6750=ORIENTED_EDGE('',*,*,#9978,.T.);
#6751=ORIENTED_EDGE('',*,*,#9569,.T.);
#6752=CARTESIAN_POINT('',(-1.27,1.80813108884611,0.0));
#6753=DIRECTION('',(-0.0,-1.0,-0.0));
#6754=DIRECTION('',(-1.0,0.0,0.0));
#6755=SURFACE_STYLE_FILL_AREA(#9979);
#6756=ORIENTED_EDGE('',*,*,#9039,.T.);
#6757=ORIENTED_EDGE('',*,*,#9570,.T.);
#6758=ORIENTED_EDGE('',*,*,#9978,.F.);
#6759=ORIENTED_EDGE('',*,*,#9573,.F.);
#6760=ORIENTED_EDGE('',*,*,#9567,.T.);
#6761=CARTESIAN_POINT('',(-1.27,1.91304755078161,0.0));
#6762=DIRECTION('',(0.0,1.0,0.0));
#6763=DIRECTION('',(0.0,0.0,1.0));
#6764=SURFACE_STYLE_FILL_AREA(#9980);
#6765=ORIENTED_EDGE('',*,*,#9564,.T.);
#6766=ORIENTED_EDGE('',*,*,#9100,.F.);
#6767=ORIENTED_EDGE('',*,*,#9036,.F.);
#6768=ORIENTED_EDGE('',*,*,#9565,.T.);
#6769=ORIENTED_EDGE('',*,*,#9981,.T.);
#6770=CARTESIAN_POINT('',(-3.81,2.72995086353911,0.0));
#6771=DIRECTION('',(0.0,1.0,-0.0));
#6772=DIRECTION('',(-1.0,0.0,0.0));
#6773=SURFACE_STYLE_FILL_AREA(#9982);
#6774=ORIENTED_EDGE('',*,*,#9560,.T.);
#6775=ORIENTED_EDGE('',*,*,#9981,.F.);
#6776=ORIENTED_EDGE('',*,*,#9561,.T.);
#6777=ORIENTED_EDGE('',*,*,#9983,.T.);
#6778=CARTESIAN_POINT('',(-3.81,3.74650933921944,0.0));
#6779=DIRECTION('',(0.0,1.0,0.0));
#6780=DIRECTION('',(-1.0,0.0,0.0));
#6781=SURFACE_STYLE_FILL_AREA(#9984);
#6782=ORIENTED_EDGE('',*,*,#9555,.T.);
#6783=ORIENTED_EDGE('',*,*,#9983,.F.);
#6784=ORIENTED_EDGE('',*,*,#9557,.T.);
#6785=ORIENTED_EDGE('',*,*,#9985,.T.);
#6786=CARTESIAN_POINT('',(-3.81,4.01150933921943,0.0));
#6787=DIRECTION('',(0.0,1.0,-0.0));
#6788=DIRECTION('',(-1.0,0.0,0.0));
#6789=SURFACE_STYLE_FILL_AREA(#9986);
#6790=ORIENTED_EDGE('',*,*,#9553,.T.);
#6791=ORIENTED_EDGE('',*,*,#9987,.T.);
#6792=ORIENTED_EDGE('',*,*,#9556,.F.);
#6793=ORIENTED_EDGE('',*,*,#9985,.F.);
#6794=CARTESIAN_POINT('',(-4.44,4.04301867843887,0.0));
#6795=DIRECTION('',(0.0,-1.0,0.0));
#6796=DIRECTION('',(1.0,0.0,0.0));
#6797=SURFACE_STYLE_FILL_AREA(#9988);
#6798=ORIENTED_EDGE('',*,*,#9551,.T.);
#6799=ORIENTED_EDGE('',*,*,#9987,.F.);
#6800=ORIENTED_EDGE('',*,*,#9552,.T.);
#6801=ORIENTED_EDGE('',*,*,#9989,.T.);
#6802=CARTESIAN_POINT('',(-3.81,4.07650933921944,0.0));
#6803=DIRECTION('',(0.0,1.0,0.0));
#6804=DIRECTION('',(-1.0,0.0,0.0));
#6805=SURFACE_STYLE_FILL_AREA(#9990);
#6806=ORIENTED_EDGE('',*,*,#9547,.T.);
#6807=ORIENTED_EDGE('',*,*,#9989,.F.);
#6808=ORIENTED_EDGE('',*,*,#9548,.T.);
#6809=ORIENTED_EDGE('',*,*,#9991,.T.);
#6810=CARTESIAN_POINT('',(-3.81,4.155,0.0));
#6811=DIRECTION('',(0.0,1.0,-0.0));
#6812=DIRECTION('',(-1.0,0.0,0.0));
#6813=SURFACE_STYLE_FILL_AREA(#9992);
#6814=ORIENTED_EDGE('',*,*,#9542,.T.);
#6815=ORIENTED_EDGE('',*,*,#9991,.F.);
#6816=ORIENTED_EDGE('',*,*,#9544,.T.);
#6817=ORIENTED_EDGE('',*,*,#9993,.F.);
#6818=CARTESIAN_POINT('',(-3.81,4.25118232182064,0.0));
#6819=DIRECTION('',(0.0,1.0,0.0));
#6820=DIRECTION('',(-1.0,0.0,0.0));
#6821=SURFACE_STYLE_FILL_AREA(#9994);
#6822=ORIENTED_EDGE('',*,*,#9539,.T.);
#6823=ORIENTED_EDGE('',*,*,#9995,.T.);
#6824=ORIENTED_EDGE('',*,*,#9540,.T.);
#6825=CARTESIAN_POINT('',(-3.81,0.312361162513375,0.0));
#6826=DIRECTION('',(0.0,1.0,-0.0));
#6827=DIRECTION('',(-1.0,0.0,0.0));
#6828=SURFACE_STYLE_FILL_AREA(#9996);
#6829=ORIENTED_EDGE('',*,*,#9534,.T.);
#6830=ORIENTED_EDGE('',*,*,#9995,.F.);
#6831=ORIENTED_EDGE('',*,*,#9536,.T.);
#6832=ORIENTED_EDGE('',*,*,#9530,.T.);
#6833=CARTESIAN_POINT('',(-3.81,2.00054514193498,0.0));
#6834=DIRECTION('',(0.0,1.0,0.0));
#6835=DIRECTION('',(-1.0,0.0,0.0));
#6836=SURFACE_STYLE_FILL_AREA(#9997);
#6837=ORIENTED_EDGE('',*,*,#9529,.T.);
#6838=ORIENTED_EDGE('',*,*,#9527,.T.);
#6839=ORIENTED_EDGE('',*,*,#9531,.T.);
#6840=ORIENTED_EDGE('',*,*,#9535,.F.);
#6841=CARTESIAN_POINT('',(-3.81,2.65054514193498,0.0));
#6842=DIRECTION('',(0.0,1.0,-0.0));
#6843=DIRECTION('',(-1.0,0.0,0.0));
#6844=SURFACE_STYLE_FILL_AREA(#9998);
#6845=ORIENTED_EDGE('',*,*,#9524,.T.);
#6846=ORIENTED_EDGE('',*,*,#9532,.F.);
#6847=ORIENTED_EDGE('',*,*,#9526,.T.);
#6848=ORIENTED_EDGE('',*,*,#9999,.T.);
#6849=ORIENTED_EDGE('',*,*,#9521,.T.);
#6850=CARTESIAN_POINT('',(-3.81,1.80813108884611,0.0));
#6851=DIRECTION('',(-0.0,-1.0,-0.0));
#6852=DIRECTION('',(-1.0,0.0,0.0));
#6853=SURFACE_STYLE_FILL_AREA(#10000);
#6854=ORIENTED_EDGE('',*,*,#9033,.T.);
#6855=ORIENTED_EDGE('',*,*,#9522,.T.);
#6856=ORIENTED_EDGE('',*,*,#9999,.F.);
#6857=ORIENTED_EDGE('',*,*,#9525,.F.);
#6858=ORIENTED_EDGE('',*,*,#9519,.T.);
#6859=CARTESIAN_POINT('',(-3.81,1.91304755078161,0.0));
#6860=DIRECTION('',(0.0,1.0,0.0));
#6861=DIRECTION('',(0.0,0.0,1.0));
#6862=SURFACE_STYLE_FILL_AREA(#10001);
#6863=ORIENTED_EDGE('',*,*,#9516,.T.);
#6864=ORIENTED_EDGE('',*,*,#9104,.F.);
#6865=ORIENTED_EDGE('',*,*,#9030,.F.);
#6866=ORIENTED_EDGE('',*,*,#9517,.T.);
#6867=ORIENTED_EDGE('',*,*,#10002,.T.);
#6868=CARTESIAN_POINT('',(-6.35,2.72995086353911,0.0));
#6869=DIRECTION('',(0.0,1.0,-0.0));
#6870=DIRECTION('',(-1.0,0.0,0.0));
#6871=SURFACE_STYLE_FILL_AREA(#10003);
#6872=ORIENTED_EDGE('',*,*,#9512,.T.);
#6873=ORIENTED_EDGE('',*,*,#10002,.F.);
#6874=ORIENTED_EDGE('',*,*,#9513,.T.);
#6875=ORIENTED_EDGE('',*,*,#10004,.T.);
#6876=CARTESIAN_POINT('',(-6.35,3.74650933921944,0.0));
#6877=DIRECTION('',(0.0,1.0,0.0));
#6878=DIRECTION('',(-1.0,0.0,0.0));
#6879=SURFACE_STYLE_FILL_AREA(#10005);
#6880=ORIENTED_EDGE('',*,*,#9507,.T.);
#6881=ORIENTED_EDGE('',*,*,#10004,.F.);
#6882=ORIENTED_EDGE('',*,*,#9509,.T.);
#6883=ORIENTED_EDGE('',*,*,#10006,.T.);
#6884=CARTESIAN_POINT('',(-6.35,4.01150933921943,0.0));
#6885=DIRECTION('',(0.0,1.0,-0.0));
#6886=DIRECTION('',(-1.0,0.0,0.0));
#6887=SURFACE_STYLE_FILL_AREA(#10007);
#6888=ORIENTED_EDGE('',*,*,#9505,.T.);
#6889=ORIENTED_EDGE('',*,*,#10008,.T.);
#6890=ORIENTED_EDGE('',*,*,#9508,.F.);
#6891=ORIENTED_EDGE('',*,*,#10006,.F.);
#6892=CARTESIAN_POINT('',(-6.98,4.04301867843887,0.0));
#6893=DIRECTION('',(0.0,-1.0,0.0));
#6894=DIRECTION('',(1.0,0.0,0.0));
#6895=SURFACE_STYLE_FILL_AREA(#10009);
#6896=ORIENTED_EDGE('',*,*,#9503,.T.);
#6897=ORIENTED_EDGE('',*,*,#10008,.F.);
#6898=ORIENTED_EDGE('',*,*,#9504,.T.);
#6899=ORIENTED_EDGE('',*,*,#10010,.T.);
#6900=CARTESIAN_POINT('',(-6.35,4.07650933921944,0.0));
#6901=DIRECTION('',(0.0,1.0,0.0));
#6902=DIRECTION('',(-1.0,0.0,0.0));
#6903=SURFACE_STYLE_FILL_AREA(#10011);
#6904=ORIENTED_EDGE('',*,*,#9499,.T.);
#6905=ORIENTED_EDGE('',*,*,#10010,.F.);
#6906=ORIENTED_EDGE('',*,*,#9500,.T.);
#6907=ORIENTED_EDGE('',*,*,#10012,.T.);
#6908=CARTESIAN_POINT('',(-6.35,4.155,0.0));
#6909=DIRECTION('',(0.0,1.0,-0.0));
#6910=DIRECTION('',(-1.0,0.0,0.0));
#6911=SURFACE_STYLE_FILL_AREA(#10013);
#6912=ORIENTED_EDGE('',*,*,#9494,.T.);
#6913=ORIENTED_EDGE('',*,*,#10012,.F.);
#6914=ORIENTED_EDGE('',*,*,#9496,.T.);
#6915=ORIENTED_EDGE('',*,*,#10014,.F.);
#6916=CARTESIAN_POINT('',(-6.35,4.25118232182064,0.0));
#6917=DIRECTION('',(0.0,1.0,0.0));
#6918=DIRECTION('',(-1.0,0.0,0.0));
#6919=SURFACE_STYLE_FILL_AREA(#10015);
#6920=ORIENTED_EDGE('',*,*,#9491,.T.);
#6921=ORIENTED_EDGE('',*,*,#10016,.T.);
#6922=ORIENTED_EDGE('',*,*,#9492,.T.);
#6923=CARTESIAN_POINT('',(-6.35,0.312361162513375,0.0));
#6924=DIRECTION('',(0.0,1.0,-0.0));
#6925=DIRECTION('',(-1.0,0.0,0.0));
#6926=SURFACE_STYLE_FILL_AREA(#10017);
#6927=ORIENTED_EDGE('',*,*,#9486,.T.);
#6928=ORIENTED_EDGE('',*,*,#10016,.F.);
#6929=ORIENTED_EDGE('',*,*,#9488,.T.);
#6930=ORIENTED_EDGE('',*,*,#9482,.T.);
#6931=CARTESIAN_POINT('',(-6.35,2.00054514193498,0.0));
#6932=DIRECTION('',(0.0,1.0,0.0));
#6933=DIRECTION('',(-1.0,0.0,0.0));
#6934=SURFACE_STYLE_FILL_AREA(#10018);
#6935=ORIENTED_EDGE('',*,*,#9481,.T.);
#6936=ORIENTED_EDGE('',*,*,#9479,.T.);
#6937=ORIENTED_EDGE('',*,*,#9483,.T.);
#6938=ORIENTED_EDGE('',*,*,#9487,.F.);
#6939=CARTESIAN_POINT('',(-6.35,2.65054514193498,0.0));
#6940=DIRECTION('',(0.0,1.0,-0.0));
#6941=DIRECTION('',(-1.0,0.0,0.0));
#6942=SURFACE_STYLE_FILL_AREA(#10019);
#6943=ORIENTED_EDGE('',*,*,#9476,.T.);
#6944=ORIENTED_EDGE('',*,*,#9484,.F.);
#6945=ORIENTED_EDGE('',*,*,#9478,.T.);
#6946=ORIENTED_EDGE('',*,*,#10020,.T.);
#6947=ORIENTED_EDGE('',*,*,#9473,.T.);
#6948=CARTESIAN_POINT('',(-6.35,1.80813108884611,0.0));
#6949=DIRECTION('',(-0.0,-1.0,-0.0));
#6950=DIRECTION('',(-1.0,0.0,0.0));
#6951=SURFACE_STYLE_FILL_AREA(#10021);
#6952=ORIENTED_EDGE('',*,*,#9027,.T.);
#6953=ORIENTED_EDGE('',*,*,#9474,.T.);
#6954=ORIENTED_EDGE('',*,*,#10020,.F.);
#6955=ORIENTED_EDGE('',*,*,#9477,.F.);
#6956=ORIENTED_EDGE('',*,*,#9471,.T.);
#6957=CARTESIAN_POINT('',(-6.35,1.91304755078161,0.0));
#6958=DIRECTION('',(0.0,1.0,0.0));
#6959=DIRECTION('',(0.0,0.0,1.0));
#6960=SURFACE_STYLE_FILL_AREA(#10022);
#6961=ORIENTED_EDGE('',*,*,#9468,.T.);
#6962=ORIENTED_EDGE('',*,*,#9108,.F.);
#6963=ORIENTED_EDGE('',*,*,#9024,.F.);
#6964=ORIENTED_EDGE('',*,*,#9469,.T.);
#6965=ORIENTED_EDGE('',*,*,#10023,.T.);
#6966=CARTESIAN_POINT('',(-8.89,2.72995086353911,0.0));
#6967=DIRECTION('',(0.0,1.0,-0.0));
#6968=DIRECTION('',(-1.0,0.0,0.0));
#6969=SURFACE_STYLE_FILL_AREA(#10024);
#6970=ORIENTED_EDGE('',*,*,#9464,.T.);
#6971=ORIENTED_EDGE('',*,*,#10023,.F.);
#6972=ORIENTED_EDGE('',*,*,#9465,.T.);
#6973=ORIENTED_EDGE('',*,*,#10025,.T.);
#6974=CARTESIAN_POINT('',(-8.89,3.74650933921944,0.0));
#6975=DIRECTION('',(0.0,1.0,0.0));
#6976=DIRECTION('',(-1.0,0.0,0.0));
#6977=SURFACE_STYLE_FILL_AREA(#10026);
#6978=ORIENTED_EDGE('',*,*,#9459,.T.);
#6979=ORIENTED_EDGE('',*,*,#10025,.F.);
#6980=ORIENTED_EDGE('',*,*,#9461,.T.);
#6981=ORIENTED_EDGE('',*,*,#10027,.T.);
#6982=CARTESIAN_POINT('',(-8.89,4.01150933921943,0.0));
#6983=DIRECTION('',(0.0,1.0,-0.0));
#6984=DIRECTION('',(-1.0,0.0,0.0));
#6985=SURFACE_STYLE_FILL_AREA(#10028);
#6986=ORIENTED_EDGE('',*,*,#9457,.T.);
#6987=ORIENTED_EDGE('',*,*,#10029,.T.);
#6988=ORIENTED_EDGE('',*,*,#9460,.F.);
#6989=ORIENTED_EDGE('',*,*,#10027,.F.);
#6990=CARTESIAN_POINT('',(-9.52,4.04301867843887,0.0));
#6991=DIRECTION('',(0.0,-1.0,0.0));
#6992=DIRECTION('',(1.0,0.0,0.0));
#6993=SURFACE_STYLE_FILL_AREA(#10030);
#6994=ORIENTED_EDGE('',*,*,#9455,.T.);
#6995=ORIENTED_EDGE('',*,*,#10029,.F.);
#6996=ORIENTED_EDGE('',*,*,#9456,.T.);
#6997=ORIENTED_EDGE('',*,*,#10031,.T.);
#6998=CARTESIAN_POINT('',(-8.89,4.07650933921944,0.0));
#6999=DIRECTION('',(0.0,1.0,0.0));
#7000=DIRECTION('',(-1.0,0.0,0.0));
#7001=SURFACE_STYLE_FILL_AREA(#10032);
#7002=ORIENTED_EDGE('',*,*,#9451,.T.);
#7003=ORIENTED_EDGE('',*,*,#10031,.F.);
#7004=ORIENTED_EDGE('',*,*,#9452,.T.);
#7005=ORIENTED_EDGE('',*,*,#10033,.T.);
#7006=CARTESIAN_POINT('',(-8.89,4.155,0.0));
#7007=DIRECTION('',(0.0,1.0,-0.0));
#7008=DIRECTION('',(-1.0,0.0,0.0));
#7009=SURFACE_STYLE_FILL_AREA(#10034);
#7010=ORIENTED_EDGE('',*,*,#9446,.T.);
#7011=ORIENTED_EDGE('',*,*,#10033,.F.);
#7012=ORIENTED_EDGE('',*,*,#9448,.T.);
#7013=ORIENTED_EDGE('',*,*,#10035,.F.);
#7014=CARTESIAN_POINT('',(-8.89,4.25118232182064,0.0));
#7015=DIRECTION('',(0.0,1.0,0.0));
#7016=DIRECTION('',(-1.0,0.0,0.0));
#7017=SURFACE_STYLE_FILL_AREA(#10036);
#7018=ORIENTED_EDGE('',*,*,#9443,.T.);
#7019=ORIENTED_EDGE('',*,*,#10037,.T.);
#7020=ORIENTED_EDGE('',*,*,#9444,.T.);
#7021=CARTESIAN_POINT('',(-8.89,0.312361162513375,0.0));
#7022=DIRECTION('',(0.0,1.0,-0.0));
#7023=DIRECTION('',(-1.0,0.0,0.0));
#7024=SURFACE_STYLE_FILL_AREA(#10038);
#7025=ORIENTED_EDGE('',*,*,#9438,.T.);
#7026=ORIENTED_EDGE('',*,*,#10037,.F.);
#7027=ORIENTED_EDGE('',*,*,#9440,.T.);
#7028=ORIENTED_EDGE('',*,*,#9434,.T.);
#7029=CARTESIAN_POINT('',(-8.89,2.00054514193498,0.0));
#7030=DIRECTION('',(0.0,1.0,0.0));
#7031=DIRECTION('',(-1.0,0.0,0.0));
#7032=SURFACE_STYLE_FILL_AREA(#10039);
#7033=ORIENTED_EDGE('',*,*,#9433,.T.);
#7034=ORIENTED_EDGE('',*,*,#9431,.T.);
#7035=ORIENTED_EDGE('',*,*,#9435,.T.);
#7036=ORIENTED_EDGE('',*,*,#9439,.F.);
#7037=CARTESIAN_POINT('',(-8.89,2.65054514193498,0.0));
#7038=DIRECTION('',(0.0,1.0,-0.0));
#7039=DIRECTION('',(-1.0,0.0,0.0));
#7040=SURFACE_STYLE_FILL_AREA(#10040);
#7041=ORIENTED_EDGE('',*,*,#9428,.T.);
#7042=ORIENTED_EDGE('',*,*,#9436,.F.);
#7043=ORIENTED_EDGE('',*,*,#9430,.T.);
#7044=ORIENTED_EDGE('',*,*,#10041,.T.);
#7045=ORIENTED_EDGE('',*,*,#9425,.T.);
#7046=CARTESIAN_POINT('',(-8.89,1.80813108884611,0.0));
#7047=DIRECTION('',(-0.0,-1.0,-0.0));
#7048=DIRECTION('',(-1.0,0.0,0.0));
#7049=SURFACE_STYLE_FILL_AREA(#10042);
#7050=ORIENTED_EDGE('',*,*,#9021,.T.);
#7051=ORIENTED_EDGE('',*,*,#9426,.T.);
#7052=ORIENTED_EDGE('',*,*,#10041,.F.);
#7053=ORIENTED_EDGE('',*,*,#9429,.F.);
#7054=ORIENTED_EDGE('',*,*,#9423,.T.);
#7055=CARTESIAN_POINT('',(-8.89,1.91304755078161,0.0));
#7056=DIRECTION('',(0.0,1.0,0.0));
#7057=DIRECTION('',(0.0,0.0,1.0));
#7058=SURFACE_STYLE_FILL_AREA(#10043);
#7059=ORIENTED_EDGE('',*,*,#9420,.T.);
#7060=ORIENTED_EDGE('',*,*,#9112,.F.);
#7061=ORIENTED_EDGE('',*,*,#9018,.F.);
#7062=ORIENTED_EDGE('',*,*,#9421,.T.);
#7063=ORIENTED_EDGE('',*,*,#10044,.T.);
#7064=CARTESIAN_POINT('',(-11.43,2.72995086353911,0.0));
#7065=DIRECTION('',(0.0,1.0,-0.0));
#7066=DIRECTION('',(-1.0,0.0,0.0));
#7067=SURFACE_STYLE_FILL_AREA(#10045);
#7068=ORIENTED_EDGE('',*,*,#9416,.T.);
#7069=ORIENTED_EDGE('',*,*,#10044,.F.);
#7070=ORIENTED_EDGE('',*,*,#9417,.T.);
#7071=ORIENTED_EDGE('',*,*,#10046,.T.);
#7072=CARTESIAN_POINT('',(-11.43,3.74650933921944,0.0));
#7073=DIRECTION('',(0.0,1.0,0.0));
#7074=DIRECTION('',(-1.0,0.0,0.0));
#7075=SURFACE_STYLE_FILL_AREA(#10047);
#7076=ORIENTED_EDGE('',*,*,#9411,.T.);
#7077=ORIENTED_EDGE('',*,*,#10046,.F.);
#7078=ORIENTED_EDGE('',*,*,#9413,.T.);
#7079=ORIENTED_EDGE('',*,*,#10048,.T.);
#7080=CARTESIAN_POINT('',(-11.43,4.01150933921943,0.0));
#7081=DIRECTION('',(0.0,1.0,-0.0));
#7082=DIRECTION('',(-1.0,0.0,0.0));
#7083=SURFACE_STYLE_FILL_AREA(#10049);
#7084=ORIENTED_EDGE('',*,*,#9409,.T.);
#7085=ORIENTED_EDGE('',*,*,#10050,.T.);
#7086=ORIENTED_EDGE('',*,*,#9412,.F.);
#7087=ORIENTED_EDGE('',*,*,#10048,.F.);
#7088=CARTESIAN_POINT('',(-12.06,4.04301867843887,0.0));
#7089=DIRECTION('',(0.0,-1.0,0.0));
#7090=DIRECTION('',(1.0,0.0,0.0));
#7091=SURFACE_STYLE_FILL_AREA(#10051);
#7092=ORIENTED_EDGE('',*,*,#9407,.T.);
#7093=ORIENTED_EDGE('',*,*,#10050,.F.);
#7094=ORIENTED_EDGE('',*,*,#9408,.T.);
#7095=ORIENTED_EDGE('',*,*,#10052,.T.);
#7096=CARTESIAN_POINT('',(-11.43,4.07650933921944,0.0));
#7097=DIRECTION('',(0.0,1.0,0.0));
#7098=DIRECTION('',(-1.0,0.0,0.0));
#7099=SURFACE_STYLE_FILL_AREA(#10053);
#7100=ORIENTED_EDGE('',*,*,#9403,.T.);
#7101=ORIENTED_EDGE('',*,*,#10052,.F.);
#7102=ORIENTED_EDGE('',*,*,#9404,.T.);
#7103=ORIENTED_EDGE('',*,*,#10054,.T.);
#7104=CARTESIAN_POINT('',(-11.43,4.155,0.0));
#7105=DIRECTION('',(0.0,1.0,-0.0));
#7106=DIRECTION('',(-1.0,0.0,0.0));
#7107=SURFACE_STYLE_FILL_AREA(#10055);
#7108=ORIENTED_EDGE('',*,*,#9398,.T.);
#7109=ORIENTED_EDGE('',*,*,#10054,.F.);
#7110=ORIENTED_EDGE('',*,*,#9400,.T.);
#7111=ORIENTED_EDGE('',*,*,#10056,.F.);
#7112=CARTESIAN_POINT('',(-11.43,4.25118232182064,0.0));
#7113=DIRECTION('',(0.0,1.0,0.0));
#7114=DIRECTION('',(-1.0,0.0,0.0));
#7115=SURFACE_STYLE_FILL_AREA(#10057);
#7116=ORIENTED_EDGE('',*,*,#9395,.T.);
#7117=ORIENTED_EDGE('',*,*,#10058,.T.);
#7118=ORIENTED_EDGE('',*,*,#9396,.T.);
#7119=CARTESIAN_POINT('',(-11.43,0.312361162513375,0.0));
#7120=DIRECTION('',(0.0,1.0,-0.0));
#7121=DIRECTION('',(-1.0,0.0,0.0));
#7122=SURFACE_STYLE_FILL_AREA(#10059);
#7123=ORIENTED_EDGE('',*,*,#9390,.T.);
#7124=ORIENTED_EDGE('',*,*,#10058,.F.);
#7125=ORIENTED_EDGE('',*,*,#9392,.T.);
#7126=ORIENTED_EDGE('',*,*,#9386,.T.);
#7127=CARTESIAN_POINT('',(-11.43,2.00054514193498,0.0));
#7128=DIRECTION('',(0.0,1.0,0.0));
#7129=DIRECTION('',(-1.0,0.0,0.0));
#7130=SURFACE_STYLE_FILL_AREA(#10060);
#7131=ORIENTED_EDGE('',*,*,#9385,.T.);
#7132=ORIENTED_EDGE('',*,*,#9383,.T.);
#7133=ORIENTED_EDGE('',*,*,#9387,.T.);
#7134=ORIENTED_EDGE('',*,*,#9391,.F.);
#7135=CARTESIAN_POINT('',(-11.43,2.65054514193498,0.0));
#7136=DIRECTION('',(0.0,1.0,-0.0));
#7137=DIRECTION('',(-1.0,0.0,0.0));
#7138=SURFACE_STYLE_FILL_AREA(#10061);
#7139=ORIENTED_EDGE('',*,*,#9380,.T.);
#7140=ORIENTED_EDGE('',*,*,#9388,.F.);
#7141=ORIENTED_EDGE('',*,*,#9382,.T.);
#7142=ORIENTED_EDGE('',*,*,#10062,.T.);
#7143=ORIENTED_EDGE('',*,*,#9377,.T.);
#7144=CARTESIAN_POINT('',(-11.43,1.80813108884611,0.0));
#7145=DIRECTION('',(-0.0,-1.0,-0.0));
#7146=DIRECTION('',(-1.0,0.0,0.0));
#7147=SURFACE_STYLE_FILL_AREA(#10063);
#7148=ORIENTED_EDGE('',*,*,#9015,.T.);
#7149=ORIENTED_EDGE('',*,*,#9378,.T.);
#7150=ORIENTED_EDGE('',*,*,#10062,.F.);
#7151=ORIENTED_EDGE('',*,*,#9381,.F.);
#7152=ORIENTED_EDGE('',*,*,#9375,.T.);
#7153=CARTESIAN_POINT('',(-11.43,1.91304755078161,0.0));
#7154=DIRECTION('',(0.0,1.0,0.0));
#7155=DIRECTION('',(0.0,0.0,1.0));
#7156=SURFACE_STYLE_FILL_AREA(#10064);
#7157=ORIENTED_EDGE('',*,*,#9370,.T.);
#7158=ORIENTED_EDGE('',*,*,#10065,.F.);
#7159=ORIENTED_EDGE('',*,*,#9372,.T.);
#7160=ORIENTED_EDGE('',*,*,#10066,.F.);
#7161=CARTESIAN_POINT('',(11.43,4.0005,0.0));
#7162=DIRECTION('',(-0.0,1.0,0.0));
#7163=DIRECTION('',(1.0,0.0,0.0));
#7164=SURFACE_STYLE_FILL_AREA(#10067);
#7165=ORIENTED_EDGE('',*,*,#9366,.T.);
#7166=ORIENTED_EDGE('',*,*,#10068,.F.);
#7167=ORIENTED_EDGE('',*,*,#9367,.T.);
#7168=ORIENTED_EDGE('',*,*,#10069,.T.);
#7169=CARTESIAN_POINT('',(11.43,1.27870834875401,0.0));
#7170=DIRECTION('',(-0.0,1.0,0.0));
#7171=DIRECTION('',(1.0,0.0,0.0));
#7172=SURFACE_STYLE_FILL_AREA(#10070);
#7173=ORIENTED_EDGE('',*,*,#9831,.T.);
#7174=ORIENTED_EDGE('',*,*,#9867,.T.);
#7175=ORIENTED_EDGE('',*,*,#9373,.T.);
#7176=ORIENTED_EDGE('',*,*,#10065,.T.);
#7177=CARTESIAN_POINT('',(11.8425,4.201,0.0));
#7178=DIRECTION('',(-0.0,1.0,0.0));
#7179=DIRECTION('',(1.0,0.0,0.0));
#7180=SURFACE_STYLE_FILL_AREA(#10071);
#7181=ORIENTED_EDGE('',*,*,#9361,.F.);
#7182=ORIENTED_EDGE('',*,*,#10072,.F.);
#7183=ORIENTED_EDGE('',*,*,#10073,.F.);
#7184=ORIENTED_EDGE('',*,*,#9362,.F.);
#7185=CARTESIAN_POINT('',(11.43,-2.88,0.0));
#7186=DIRECTION('',(0.0,0.0,1.0));
#7187=DIRECTION('',(1.0,0.0,0.0));
#7188=SURFACE_STYLE_FILL_AREA(#10074);
#7189=ORIENTED_EDGE('',*,*,#9360,.T.);
#7190=ORIENTED_EDGE('',*,*,#10075,.F.);
#7191=ORIENTED_EDGE('',*,*,#9356,.F.);
#7192=ORIENTED_EDGE('',*,*,#9363,.T.);
#7193=ORIENTED_EDGE('',*,*,#10073,.T.);
#7194=ORIENTED_EDGE('',*,*,#10072,.T.);
#7195=CARTESIAN_POINT('',(11.43,-1.515,0.0));
#7196=DIRECTION('',(-0.0,1.0,0.0));
#7197=DIRECTION('',(1.0,0.0,0.0));
#7198=SURFACE_STYLE_FILL_AREA(#10076);
#7199=ORIENTED_EDGE('',*,*,#9354,.T.);
#7200=ORIENTED_EDGE('',*,*,#10077,.F.);
#7201=ORIENTED_EDGE('',*,*,#10078,.F.);
#7202=ORIENTED_EDGE('',*,*,#9357,.T.);
#7203=ORIENTED_EDGE('',*,*,#10075,.T.);
#7204=ORIENTED_EDGE('',*,*,#9364,.T.);
#7205=CARTESIAN_POINT('',(11.43,-0.149999999999998,0.0));
#7206=DIRECTION('',(0.0,1.0,0.0));
#7207=DIRECTION('',(0.0,0.0,1.0));
#7208=SURFACE_STYLE_FILL_AREA(#10079);
#7209=ORIENTED_EDGE('',*,*,#9350,.F.);
#7210=ORIENTED_EDGE('',*,*,#10080,.F.);
#7211=ORIENTED_EDGE('',*,*,#10077,.T.);
#7212=ORIENTED_EDGE('',*,*,#9358,.T.);
#7213=ORIENTED_EDGE('',*,*,#10078,.T.);
#7214=CARTESIAN_POINT('',(11.925,1.20736753927986E-15,0.0));
#7215=DIRECTION('',(-7.09309154621624E-15,-1.0,-0.0));
#7216=DIRECTION('',(-1.0,7.09309154621624E-15,0.0));
#7217=SURFACE_STYLE_FILL_AREA(#10081);
#7218=ORIENTED_EDGE('',*,*,#9349,.T.);
#7219=ORIENTED_EDGE('',*,*,#10069,.F.);
#7220=ORIENTED_EDGE('',*,*,#9351,.T.);
#7221=ORIENTED_EDGE('',*,*,#10080,.T.);
#7222=CARTESIAN_POINT('',(11.43,0.100000000000001,0.0));
#7223=DIRECTION('',(-0.0,1.0,-0.0));
#7224=DIRECTION('',(1.0,0.0,0.0));
#7225=SURFACE_STYLE_FILL_AREA(#10082);
#7226=ORIENTED_EDGE('',*,*,#9344,.T.);
#7227=ORIENTED_EDGE('',*,*,#10083,.F.);
#7228=ORIENTED_EDGE('',*,*,#9346,.T.);
#7229=ORIENTED_EDGE('',*,*,#10084,.F.);
#7230=CARTESIAN_POINT('',(8.89,4.0005,0.0));
#7231=DIRECTION('',(-0.0,1.0,0.0));
#7232=DIRECTION('',(1.0,0.0,0.0));
#7233=SURFACE_STYLE_FILL_AREA(#10085);
#7234=ORIENTED_EDGE('',*,*,#9340,.T.);
#7235=ORIENTED_EDGE('',*,*,#10086,.F.);
#7236=ORIENTED_EDGE('',*,*,#9341,.T.);
#7237=ORIENTED_EDGE('',*,*,#10087,.T.);
#7238=CARTESIAN_POINT('',(8.89,1.27870834875401,0.0));
#7239=DIRECTION('',(-0.0,1.0,0.0));
#7240=DIRECTION('',(1.0,0.0,0.0));
#7241=SURFACE_STYLE_FILL_AREA(#10088);
#7242=ORIENTED_EDGE('',*,*,#9783,.T.);
#7243=ORIENTED_EDGE('',*,*,#9888,.T.);
#7244=ORIENTED_EDGE('',*,*,#9347,.T.);
#7245=ORIENTED_EDGE('',*,*,#10083,.T.);
#7246=CARTESIAN_POINT('',(9.3025,4.201,0.0));
#7247=DIRECTION('',(-0.0,1.0,0.0));
#7248=DIRECTION('',(1.0,0.0,0.0));
#7249=SURFACE_STYLE_FILL_AREA(#10089);
#7250=ORIENTED_EDGE('',*,*,#9335,.F.);
#7251=ORIENTED_EDGE('',*,*,#10090,.F.);
#7252=ORIENTED_EDGE('',*,*,#10091,.F.);
#7253=ORIENTED_EDGE('',*,*,#9336,.F.);
#7254=CARTESIAN_POINT('',(8.89,-2.88,0.0));
#7255=DIRECTION('',(0.0,0.0,1.0));
#7256=DIRECTION('',(1.0,0.0,0.0));
#7257=SURFACE_STYLE_FILL_AREA(#10092);
#7258=ORIENTED_EDGE('',*,*,#9334,.T.);
#7259=ORIENTED_EDGE('',*,*,#10093,.F.);
#7260=ORIENTED_EDGE('',*,*,#9330,.F.);
#7261=ORIENTED_EDGE('',*,*,#9337,.T.);
#7262=ORIENTED_EDGE('',*,*,#10091,.T.);
#7263=ORIENTED_EDGE('',*,*,#10090,.T.);
#7264=CARTESIAN_POINT('',(8.89,-1.515,0.0));
#7265=DIRECTION('',(-0.0,1.0,0.0));
#7266=DIRECTION('',(1.0,0.0,0.0));
#7267=SURFACE_STYLE_FILL_AREA(#10094);
#7268=ORIENTED_EDGE('',*,*,#9328,.T.);
#7269=ORIENTED_EDGE('',*,*,#10095,.F.);
#7270=ORIENTED_EDGE('',*,*,#10096,.F.);
#7271=ORIENTED_EDGE('',*,*,#9331,.T.);
#7272=ORIENTED_EDGE('',*,*,#10093,.T.);
#7273=ORIENTED_EDGE('',*,*,#9338,.T.);
#7274=CARTESIAN_POINT('',(8.89,-0.149999999999998,0.0));
#7275=DIRECTION('',(0.0,1.0,0.0));
#7276=DIRECTION('',(0.0,0.0,1.0));
#7277=SURFACE_STYLE_FILL_AREA(#10097);
#7278=ORIENTED_EDGE('',*,*,#9324,.F.);
#7279=ORIENTED_EDGE('',*,*,#10098,.F.);
#7280=ORIENTED_EDGE('',*,*,#10095,.T.);
#7281=ORIENTED_EDGE('',*,*,#9332,.T.);
#7282=ORIENTED_EDGE('',*,*,#10096,.T.);
#7283=CARTESIAN_POINT('',(9.385,1.20736753927986E-15,0.0));
#7284=DIRECTION('',(-7.09309154621624E-15,-1.0,-0.0));
#7285=DIRECTION('',(-1.0,7.09309154621624E-15,0.0));
#7286=SURFACE_STYLE_FILL_AREA(#10099);
#7287=ORIENTED_EDGE('',*,*,#9323,.T.);
#7288=ORIENTED_EDGE('',*,*,#10087,.F.);
#7289=ORIENTED_EDGE('',*,*,#9325,.T.);
#7290=ORIENTED_EDGE('',*,*,#10098,.T.);
#7291=CARTESIAN_POINT('',(8.89,0.100000000000001,0.0));
#7292=DIRECTION('',(-0.0,1.0,-0.0));
#7293=DIRECTION('',(1.0,0.0,0.0));
#7294=SURFACE_STYLE_FILL_AREA(#10100);
#7295=ORIENTED_EDGE('',*,*,#9318,.T.);
#7296=ORIENTED_EDGE('',*,*,#10101,.F.);
#7297=ORIENTED_EDGE('',*,*,#9320,.T.);
#7298=ORIENTED_EDGE('',*,*,#10102,.F.);
#7299=CARTESIAN_POINT('',(6.35,4.0005,0.0));
#7300=DIRECTION('',(-0.0,1.0,0.0));
#7301=DIRECTION('',(1.0,0.0,0.0));
#7302=SURFACE_STYLE_FILL_AREA(#10103);
#7303=ORIENTED_EDGE('',*,*,#9314,.T.);
#7304=ORIENTED_EDGE('',*,*,#10104,.F.);
#7305=ORIENTED_EDGE('',*,*,#9315,.T.);
#7306=ORIENTED_EDGE('',*,*,#10105,.T.);
#7307=CARTESIAN_POINT('',(6.35,1.27870834875401,0.0));
#7308=DIRECTION('',(-0.0,1.0,0.0));
#7309=DIRECTION('',(1.0,0.0,0.0));
#7310=SURFACE_STYLE_FILL_AREA(#10106);
#7311=ORIENTED_EDGE('',*,*,#9735,.T.);
#7312=ORIENTED_EDGE('',*,*,#9909,.T.);
#7313=ORIENTED_EDGE('',*,*,#9321,.T.);
#7314=ORIENTED_EDGE('',*,*,#10101,.T.);
#7315=CARTESIAN_POINT('',(6.7625,4.201,0.0));
#7316=DIRECTION('',(-0.0,1.0,0.0));
#7317=DIRECTION('',(1.0,0.0,0.0));
#7318=SURFACE_STYLE_FILL_AREA(#10107);
#7319=ORIENTED_EDGE('',*,*,#9309,.F.);
#7320=ORIENTED_EDGE('',*,*,#10108,.F.);
#7321=ORIENTED_EDGE('',*,*,#10109,.F.);
#7322=ORIENTED_EDGE('',*,*,#9310,.F.);
#7323=CARTESIAN_POINT('',(6.35,-2.88,0.0));
#7324=DIRECTION('',(0.0,0.0,1.0));
#7325=DIRECTION('',(1.0,0.0,0.0));
#7326=SURFACE_STYLE_FILL_AREA(#10110);
#7327=ORIENTED_EDGE('',*,*,#9308,.T.);
#7328=ORIENTED_EDGE('',*,*,#10111,.F.);
#7329=ORIENTED_EDGE('',*,*,#9304,.F.);
#7330=ORIENTED_EDGE('',*,*,#9311,.T.);
#7331=ORIENTED_EDGE('',*,*,#10109,.T.);
#7332=ORIENTED_EDGE('',*,*,#10108,.T.);
#7333=CARTESIAN_POINT('',(6.35,-1.515,0.0));
#7334=DIRECTION('',(-0.0,1.0,0.0));
#7335=DIRECTION('',(1.0,0.0,0.0));
#7336=SURFACE_STYLE_FILL_AREA(#10112);
#7337=ORIENTED_EDGE('',*,*,#9302,.T.);
#7338=ORIENTED_EDGE('',*,*,#10113,.F.);
#7339=ORIENTED_EDGE('',*,*,#10114,.F.);
#7340=ORIENTED_EDGE('',*,*,#9305,.T.);
#7341=ORIENTED_EDGE('',*,*,#10111,.T.);
#7342=ORIENTED_EDGE('',*,*,#9312,.T.);
#7343=CARTESIAN_POINT('',(6.35,-0.149999999999998,0.0));
#7344=DIRECTION('',(0.0,1.0,0.0));
#7345=DIRECTION('',(0.0,0.0,1.0));
#7346=SURFACE_STYLE_FILL_AREA(#10115);
#7347=ORIENTED_EDGE('',*,*,#9298,.F.);
#7348=ORIENTED_EDGE('',*,*,#10116,.F.);
#7349=ORIENTED_EDGE('',*,*,#10113,.T.);
#7350=ORIENTED_EDGE('',*,*,#9306,.T.);
#7351=ORIENTED_EDGE('',*,*,#10114,.T.);
#7352=CARTESIAN_POINT('',(6.845,1.20736753927986E-15,0.0));
#7353=DIRECTION('',(-7.09309154621624E-15,-1.0,-0.0));
#7354=DIRECTION('',(-1.0,7.09309154621624E-15,0.0));
#7355=SURFACE_STYLE_FILL_AREA(#10117);
#7356=ORIENTED_EDGE('',*,*,#9297,.T.);
#7357=ORIENTED_EDGE('',*,*,#10105,.F.);
#7358=ORIENTED_EDGE('',*,*,#9299,.T.);
#7359=ORIENTED_EDGE('',*,*,#10116,.T.);
#7360=CARTESIAN_POINT('',(6.35,0.100000000000001,0.0));
#7361=DIRECTION('',(-0.0,1.0,-0.0));
#7362=DIRECTION('',(1.0,0.0,0.0));
#7363=SURFACE_STYLE_FILL_AREA(#10118);
#7364=ORIENTED_EDGE('',*,*,#9292,.T.);
#7365=ORIENTED_EDGE('',*,*,#10119,.F.);
#7366=ORIENTED_EDGE('',*,*,#9294,.T.);
#7367=ORIENTED_EDGE('',*,*,#10120,.F.);
#7368=CARTESIAN_POINT('',(3.81,4.0005,0.0));
#7369=DIRECTION('',(-0.0,1.0,0.0));
#7370=DIRECTION('',(1.0,0.0,0.0));
#7371=SURFACE_STYLE_FILL_AREA(#10121);
#7372=ORIENTED_EDGE('',*,*,#9288,.T.);
#7373=ORIENTED_EDGE('',*,*,#10122,.F.);
#7374=ORIENTED_EDGE('',*,*,#9289,.T.);
#7375=ORIENTED_EDGE('',*,*,#10123,.T.);
#7376=CARTESIAN_POINT('',(3.81,1.27870834875401,0.0));
#7377=DIRECTION('',(-0.0,1.0,0.0));
#7378=DIRECTION('',(1.0,0.0,0.0));
#7379=SURFACE_STYLE_FILL_AREA(#10124);
#7380=ORIENTED_EDGE('',*,*,#9687,.T.);
#7381=ORIENTED_EDGE('',*,*,#9930,.T.);
#7382=ORIENTED_EDGE('',*,*,#9295,.T.);
#7383=ORIENTED_EDGE('',*,*,#10119,.T.);
#7384=CARTESIAN_POINT('',(4.2225,4.201,0.0));
#7385=DIRECTION('',(-0.0,1.0,0.0));
#7386=DIRECTION('',(1.0,0.0,0.0));
#7387=SURFACE_STYLE_FILL_AREA(#10125);
#7388=ORIENTED_EDGE('',*,*,#9283,.F.);
#7389=ORIENTED_EDGE('',*,*,#10126,.F.);
#7390=ORIENTED_EDGE('',*,*,#10127,.F.);
#7391=ORIENTED_EDGE('',*,*,#9284,.F.);
#7392=CARTESIAN_POINT('',(3.81,-2.88,0.0));
#7393=DIRECTION('',(0.0,0.0,1.0));
#7394=DIRECTION('',(1.0,0.0,0.0));
#7395=SURFACE_STYLE_FILL_AREA(#10128);
#7396=ORIENTED_EDGE('',*,*,#9282,.T.);
#7397=ORIENTED_EDGE('',*,*,#10129,.F.);
#7398=ORIENTED_EDGE('',*,*,#9278,.F.);
#7399=ORIENTED_EDGE('',*,*,#9285,.T.);
#7400=ORIENTED_EDGE('',*,*,#10127,.T.);
#7401=ORIENTED_EDGE('',*,*,#10126,.T.);
#7402=CARTESIAN_POINT('',(3.81,-1.515,0.0));
#7403=DIRECTION('',(-0.0,1.0,0.0));
#7404=DIRECTION('',(1.0,0.0,0.0));
#7405=SURFACE_STYLE_FILL_AREA(#10130);
#7406=ORIENTED_EDGE('',*,*,#9276,.T.);
#7407=ORIENTED_EDGE('',*,*,#10131,.F.);
#7408=ORIENTED_EDGE('',*,*,#10132,.F.);
#7409=ORIENTED_EDGE('',*,*,#9279,.T.);
#7410=ORIENTED_EDGE('',*,*,#10129,.T.);
#7411=ORIENTED_EDGE('',*,*,#9286,.T.);
#7412=CARTESIAN_POINT('',(3.81,-0.149999999999998,0.0));
#7413=DIRECTION('',(0.0,1.0,0.0));
#7414=DIRECTION('',(0.0,0.0,1.0));
#7415=SURFACE_STYLE_FILL_AREA(#10133);
#7416=ORIENTED_EDGE('',*,*,#9272,.F.);
#7417=ORIENTED_EDGE('',*,*,#10134,.F.);
#7418=ORIENTED_EDGE('',*,*,#10131,.T.);
#7419=ORIENTED_EDGE('',*,*,#9280,.T.);
#7420=ORIENTED_EDGE('',*,*,#10132,.T.);
#7421=CARTESIAN_POINT('',(4.305,1.20736753927986E-15,0.0));
#7422=DIRECTION('',(-7.09309154621624E-15,-1.0,-0.0));
#7423=DIRECTION('',(-1.0,7.09309154621624E-15,0.0));
#7424=SURFACE_STYLE_FILL_AREA(#10135);
#7425=ORIENTED_EDGE('',*,*,#9271,.T.);
#7426=ORIENTED_EDGE('',*,*,#10123,.F.);
#7427=ORIENTED_EDGE('',*,*,#9273,.T.);
#7428=ORIENTED_EDGE('',*,*,#10134,.T.);
#7429=CARTESIAN_POINT('',(3.81,0.100000000000001,0.0));
#7430=DIRECTION('',(-0.0,1.0,-0.0));
#7431=DIRECTION('',(1.0,0.0,0.0));
#7432=SURFACE_STYLE_FILL_AREA(#10136);
#7433=ORIENTED_EDGE('',*,*,#9266,.T.);
#7434=ORIENTED_EDGE('',*,*,#10137,.F.);
#7435=ORIENTED_EDGE('',*,*,#9268,.T.);
#7436=ORIENTED_EDGE('',*,*,#10138,.F.);
#7437=CARTESIAN_POINT('',(1.27,4.0005,0.0));
#7438=DIRECTION('',(-0.0,1.0,0.0));
#7439=DIRECTION('',(1.0,0.0,0.0));
#7440=SURFACE_STYLE_FILL_AREA(#10139);
#7441=ORIENTED_EDGE('',*,*,#9262,.T.);
#7442=ORIENTED_EDGE('',*,*,#10140,.F.);
#7443=ORIENTED_EDGE('',*,*,#9263,.T.);
#7444=ORIENTED_EDGE('',*,*,#10141,.T.);
#7445=CARTESIAN_POINT('',(1.27,1.27870834875401,0.0));
#7446=DIRECTION('',(-0.0,1.0,0.0));
#7447=DIRECTION('',(1.0,0.0,0.0));
#7448=SURFACE_STYLE_FILL_AREA(#10142);
#7449=ORIENTED_EDGE('',*,*,#9639,.T.);
#7450=ORIENTED_EDGE('',*,*,#9951,.T.);
#7451=ORIENTED_EDGE('',*,*,#9269,.T.);
#7452=ORIENTED_EDGE('',*,*,#10137,.T.);
#7453=CARTESIAN_POINT('',(1.6825,4.201,0.0));
#7454=DIRECTION('',(-0.0,1.0,0.0));
#7455=DIRECTION('',(1.0,0.0,0.0));
#7456=SURFACE_STYLE_FILL_AREA(#10143);
#7457=ORIENTED_EDGE('',*,*,#9257,.F.);
#7458=ORIENTED_EDGE('',*,*,#10144,.F.);
#7459=ORIENTED_EDGE('',*,*,#10145,.F.);
#7460=ORIENTED_EDGE('',*,*,#9258,.F.);
#7461=CARTESIAN_POINT('',(1.27,-2.88,0.0));
#7462=DIRECTION('',(0.0,0.0,1.0));
#7463=DIRECTION('',(1.0,0.0,0.0));
#7464=SURFACE_STYLE_FILL_AREA(#10146);
#7465=ORIENTED_EDGE('',*,*,#9256,.T.);
#7466=ORIENTED_EDGE('',*,*,#10147,.F.);
#7467=ORIENTED_EDGE('',*,*,#9252,.F.);
#7468=ORIENTED_EDGE('',*,*,#9259,.T.);
#7469=ORIENTED_EDGE('',*,*,#10145,.T.);
#7470=ORIENTED_EDGE('',*,*,#10144,.T.);
#7471=CARTESIAN_POINT('',(1.27,-1.515,0.0));
#7472=DIRECTION('',(-0.0,1.0,0.0));
#7473=DIRECTION('',(1.0,0.0,0.0));
#7474=SURFACE_STYLE_FILL_AREA(#10148);
#7475=ORIENTED_EDGE('',*,*,#9250,.T.);
#7476=ORIENTED_EDGE('',*,*,#10149,.F.);
#7477=ORIENTED_EDGE('',*,*,#10150,.F.);
#7478=ORIENTED_EDGE('',*,*,#9253,.T.);
#7479=ORIENTED_EDGE('',*,*,#10147,.T.);
#7480=ORIENTED_EDGE('',*,*,#9260,.T.);
#7481=CARTESIAN_POINT('',(1.27,-0.149999999999998,0.0));
#7482=DIRECTION('',(0.0,1.0,0.0));
#7483=DIRECTION('',(0.0,0.0,1.0));
#7484=SURFACE_STYLE_FILL_AREA(#10151);
#7485=ORIENTED_EDGE('',*,*,#9246,.F.);
#7486=ORIENTED_EDGE('',*,*,#10152,.F.);
#7487=ORIENTED_EDGE('',*,*,#10149,.T.);
#7488=ORIENTED_EDGE('',*,*,#9254,.T.);
#7489=ORIENTED_EDGE('',*,*,#10150,.T.);
#7490=CARTESIAN_POINT('',(1.765,1.20736753927986E-15,0.0));
#7491=DIRECTION('',(-7.09309154621624E-15,-1.0,-0.0));
#7492=DIRECTION('',(-1.0,7.09309154621624E-15,0.0));
#7493=SURFACE_STYLE_FILL_AREA(#10153);
#7494=ORIENTED_EDGE('',*,*,#9245,.T.);
#7495=ORIENTED_EDGE('',*,*,#10141,.F.);
#7496=ORIENTED_EDGE('',*,*,#9247,.T.);
#7497=ORIENTED_EDGE('',*,*,#10152,.T.);
#7498=CARTESIAN_POINT('',(1.27,0.100000000000001,0.0));
#7499=DIRECTION('',(-0.0,1.0,-0.0));
#7500=DIRECTION('',(1.0,0.0,0.0));
#7501=SURFACE_STYLE_FILL_AREA(#10154);
#7502=ORIENTED_EDGE('',*,*,#9240,.T.);
#7503=ORIENTED_EDGE('',*,*,#10155,.F.);
#7504=ORIENTED_EDGE('',*,*,#9242,.T.);
#7505=ORIENTED_EDGE('',*,*,#10156,.F.);
#7506=CARTESIAN_POINT('',(-1.27,4.0005,0.0));
#7507=DIRECTION('',(-0.0,1.0,0.0));
#7508=DIRECTION('',(1.0,0.0,0.0));
#7509=SURFACE_STYLE_FILL_AREA(#10157);
#7510=ORIENTED_EDGE('',*,*,#9236,.T.);
#7511=ORIENTED_EDGE('',*,*,#10158,.F.);
#7512=ORIENTED_EDGE('',*,*,#9237,.T.);
#7513=ORIENTED_EDGE('',*,*,#10159,.T.);
#7514=CARTESIAN_POINT('',(-1.27,1.27870834875401,0.0));
#7515=DIRECTION('',(-0.0,1.0,0.0));
#7516=DIRECTION('',(1.0,0.0,0.0));
#7517=SURFACE_STYLE_FILL_AREA(#10160);
#7518=ORIENTED_EDGE('',*,*,#9591,.T.);
#7519=ORIENTED_EDGE('',*,*,#9972,.T.);
#7520=ORIENTED_EDGE('',*,*,#9243,.T.);
#7521=ORIENTED_EDGE('',*,*,#10155,.T.);
#7522=CARTESIAN_POINT('',(-0.8575,4.201,0.0));
#7523=DIRECTION('',(-0.0,1.0,0.0));
#7524=DIRECTION('',(1.0,0.0,0.0));
#7525=SURFACE_STYLE_FILL_AREA(#10161);
#7526=ORIENTED_EDGE('',*,*,#9231,.F.);
#7527=ORIENTED_EDGE('',*,*,#10162,.F.);
#7528=ORIENTED_EDGE('',*,*,#10163,.F.);
#7529=ORIENTED_EDGE('',*,*,#9232,.F.);
#7530=CARTESIAN_POINT('',(-1.27,-2.88,0.0));
#7531=DIRECTION('',(0.0,0.0,1.0));
#7532=DIRECTION('',(1.0,0.0,0.0));
#7533=SURFACE_STYLE_FILL_AREA(#10164);
#7534=ORIENTED_EDGE('',*,*,#9230,.T.);
#7535=ORIENTED_EDGE('',*,*,#10165,.F.);
#7536=ORIENTED_EDGE('',*,*,#9226,.F.);
#7537=ORIENTED_EDGE('',*,*,#9233,.T.);
#7538=ORIENTED_EDGE('',*,*,#10163,.T.);
#7539=ORIENTED_EDGE('',*,*,#10162,.T.);
#7540=CARTESIAN_POINT('',(-1.27,-1.515,0.0));
#7541=DIRECTION('',(-0.0,1.0,0.0));
#7542=DIRECTION('',(1.0,0.0,0.0));
#7543=SURFACE_STYLE_FILL_AREA(#10166);
#7544=ORIENTED_EDGE('',*,*,#9224,.T.);
#7545=ORIENTED_EDGE('',*,*,#10167,.F.);
#7546=ORIENTED_EDGE('',*,*,#10168,.F.);
#7547=ORIENTED_EDGE('',*,*,#9227,.T.);
#7548=ORIENTED_EDGE('',*,*,#10165,.T.);
#7549=ORIENTED_EDGE('',*,*,#9234,.T.);
#7550=CARTESIAN_POINT('',(-1.27,-0.149999999999998,0.0));
#7551=DIRECTION('',(0.0,1.0,0.0));
#7552=DIRECTION('',(0.0,0.0,1.0));
#7553=SURFACE_STYLE_FILL_AREA(#10169);
#7554=ORIENTED_EDGE('',*,*,#9220,.F.);
#7555=ORIENTED_EDGE('',*,*,#10170,.F.);
#7556=ORIENTED_EDGE('',*,*,#10167,.T.);
#7557=ORIENTED_EDGE('',*,*,#9228,.T.);
#7558=ORIENTED_EDGE('',*,*,#10168,.T.);
#7559=CARTESIAN_POINT('',(-0.775,1.20736753927986E-15,0.0));
#7560=DIRECTION('',(-7.09309154621624E-15,-1.0,-0.0));
#7561=DIRECTION('',(-1.0,7.09309154621624E-15,0.0));
#7562=SURFACE_STYLE_FILL_AREA(#10171);
#7563=ORIENTED_EDGE('',*,*,#9219,.T.);
#7564=ORIENTED_EDGE('',*,*,#10159,.F.);
#7565=ORIENTED_EDGE('',*,*,#9221,.T.);
#7566=ORIENTED_EDGE('',*,*,#10170,.T.);
#7567=CARTESIAN_POINT('',(-1.27,0.100000000000001,0.0));
#7568=DIRECTION('',(-0.0,1.0,-0.0));
#7569=DIRECTION('',(1.0,0.0,0.0));
#7570=SURFACE_STYLE_FILL_AREA(#10172);
#7571=ORIENTED_EDGE('',*,*,#9214,.T.);
#7572=ORIENTED_EDGE('',*,*,#10173,.F.);
#7573=ORIENTED_EDGE('',*,*,#9216,.T.);
#7574=ORIENTED_EDGE('',*,*,#10174,.F.);
#7575=CARTESIAN_POINT('',(-3.81,4.0005,0.0));
#7576=DIRECTION('',(-0.0,1.0,0.0));
#7577=DIRECTION('',(1.0,0.0,0.0));
#7578=SURFACE_STYLE_FILL_AREA(#10175);
#7579=ORIENTED_EDGE('',*,*,#9210,.T.);
#7580=ORIENTED_EDGE('',*,*,#10176,.F.);
#7581=ORIENTED_EDGE('',*,*,#9211,.T.);
#7582=ORIENTED_EDGE('',*,*,#10177,.T.);
#7583=CARTESIAN_POINT('',(-3.81,1.27870834875401,0.0));
#7584=DIRECTION('',(-0.0,1.0,0.0));
#7585=DIRECTION('',(1.0,0.0,0.0));
#7586=SURFACE_STYLE_FILL_AREA(#10178);
#7587=ORIENTED_EDGE('',*,*,#9543,.T.);
#7588=ORIENTED_EDGE('',*,*,#9993,.T.);
#7589=ORIENTED_EDGE('',*,*,#9217,.T.);
#7590=ORIENTED_EDGE('',*,*,#10173,.T.);
#7591=CARTESIAN_POINT('',(-3.3975,4.201,0.0));
#7592=DIRECTION('',(-0.0,1.0,0.0));
#7593=DIRECTION('',(1.0,0.0,0.0));
#7594=SURFACE_STYLE_FILL_AREA(#10179);
#7595=ORIENTED_EDGE('',*,*,#9205,.F.);
#7596=ORIENTED_EDGE('',*,*,#10180,.F.);
#7597=ORIENTED_EDGE('',*,*,#10181,.F.);
#7598=ORIENTED_EDGE('',*,*,#9206,.F.);
#7599=CARTESIAN_POINT('',(-3.81,-2.88,0.0));
#7600=DIRECTION('',(0.0,0.0,1.0));
#7601=DIRECTION('',(1.0,0.0,0.0));
#7602=SURFACE_STYLE_FILL_AREA(#10182);
#7603=ORIENTED_EDGE('',*,*,#9204,.T.);
#7604=ORIENTED_EDGE('',*,*,#10183,.F.);
#7605=ORIENTED_EDGE('',*,*,#9200,.F.);
#7606=ORIENTED_EDGE('',*,*,#9207,.T.);
#7607=ORIENTED_EDGE('',*,*,#10181,.T.);
#7608=ORIENTED_EDGE('',*,*,#10180,.T.);
#7609=CARTESIAN_POINT('',(-3.81,-1.515,0.0));
#7610=DIRECTION('',(-0.0,1.0,0.0));
#7611=DIRECTION('',(1.0,0.0,0.0));
#7612=SURFACE_STYLE_FILL_AREA(#10184);
#7613=ORIENTED_EDGE('',*,*,#9198,.T.);
#7614=ORIENTED_EDGE('',*,*,#10185,.F.);
#7615=ORIENTED_EDGE('',*,*,#10186,.F.);
#7616=ORIENTED_EDGE('',*,*,#9201,.T.);
#7617=ORIENTED_EDGE('',*,*,#10183,.T.);
#7618=ORIENTED_EDGE('',*,*,#9208,.T.);
#7619=CARTESIAN_POINT('',(-3.81,-0.149999999999998,0.0));
#7620=DIRECTION('',(0.0,1.0,0.0));
#7621=DIRECTION('',(0.0,0.0,1.0));
#7622=SURFACE_STYLE_FILL_AREA(#10187);
#7623=ORIENTED_EDGE('',*,*,#9194,.F.);
#7624=ORIENTED_EDGE('',*,*,#10188,.F.);
#7625=ORIENTED_EDGE('',*,*,#10185,.T.);
#7626=ORIENTED_EDGE('',*,*,#9202,.T.);
#7627=ORIENTED_EDGE('',*,*,#10186,.T.);
#7628=CARTESIAN_POINT('',(-3.315,1.20736753927986E-15,0.0));
#7629=DIRECTION('',(-7.09309154621624E-15,-1.0,-0.0));
#7630=DIRECTION('',(-1.0,7.09309154621624E-15,0.0));
#7631=SURFACE_STYLE_FILL_AREA(#10189);
#7632=ORIENTED_EDGE('',*,*,#9193,.T.);
#7633=ORIENTED_EDGE('',*,*,#10177,.F.);
#7634=ORIENTED_EDGE('',*,*,#9195,.T.);
#7635=ORIENTED_EDGE('',*,*,#10188,.T.);
#7636=CARTESIAN_POINT('',(-3.81,0.100000000000001,0.0));
#7637=DIRECTION('',(-0.0,1.0,-0.0));
#7638=DIRECTION('',(1.0,0.0,0.0));
#7639=SURFACE_STYLE_FILL_AREA(#10190);
#7640=ORIENTED_EDGE('',*,*,#9188,.T.);
#7641=ORIENTED_EDGE('',*,*,#10191,.F.);
#7642=ORIENTED_EDGE('',*,*,#9190,.T.);
#7643=ORIENTED_EDGE('',*,*,#10192,.F.);
#7644=CARTESIAN_POINT('',(-6.35,4.0005,0.0));
#7645=DIRECTION('',(-0.0,1.0,0.0));
#7646=DIRECTION('',(1.0,0.0,0.0));
#7647=SURFACE_STYLE_FILL_AREA(#10193);
#7648=ORIENTED_EDGE('',*,*,#9184,.T.);
#7649=ORIENTED_EDGE('',*,*,#10194,.F.);
#7650=ORIENTED_EDGE('',*,*,#9185,.T.);
#7651=ORIENTED_EDGE('',*,*,#10195,.T.);
#7652=CARTESIAN_POINT('',(-6.35,1.27870834875401,0.0));
#7653=DIRECTION('',(-0.0,1.0,0.0));
#7654=DIRECTION('',(1.0,0.0,0.0));
#7655=SURFACE_STYLE_FILL_AREA(#10196);
#7656=ORIENTED_EDGE('',*,*,#9495,.T.);
#7657=ORIENTED_EDGE('',*,*,#10014,.T.);
#7658=ORIENTED_EDGE('',*,*,#9191,.T.);
#7659=ORIENTED_EDGE('',*,*,#10191,.T.);
#7660=CARTESIAN_POINT('',(-5.9375,4.201,0.0));
#7661=DIRECTION('',(-0.0,1.0,0.0));
#7662=DIRECTION('',(1.0,0.0,0.0));
#7663=SURFACE_STYLE_FILL_AREA(#10197);
#7664=ORIENTED_EDGE('',*,*,#9179,.F.);
#7665=ORIENTED_EDGE('',*,*,#10198,.F.);
#7666=ORIENTED_EDGE('',*,*,#10199,.F.);
#7667=ORIENTED_EDGE('',*,*,#9180,.F.);
#7668=CARTESIAN_POINT('',(-6.35,-2.88,0.0));
#7669=DIRECTION('',(0.0,0.0,1.0));
#7670=DIRECTION('',(1.0,0.0,0.0));
#7671=SURFACE_STYLE_FILL_AREA(#10200);
#7672=ORIENTED_EDGE('',*,*,#9178,.T.);
#7673=ORIENTED_EDGE('',*,*,#10201,.F.);
#7674=ORIENTED_EDGE('',*,*,#9174,.F.);
#7675=ORIENTED_EDGE('',*,*,#9181,.T.);
#7676=ORIENTED_EDGE('',*,*,#10199,.T.);
#7677=ORIENTED_EDGE('',*,*,#10198,.T.);
#7678=CARTESIAN_POINT('',(-6.35,-1.515,0.0));
#7679=DIRECTION('',(-0.0,1.0,0.0));
#7680=DIRECTION('',(1.0,0.0,0.0));
#7681=SURFACE_STYLE_FILL_AREA(#10202);
#7682=ORIENTED_EDGE('',*,*,#9172,.T.);
#7683=ORIENTED_EDGE('',*,*,#10203,.F.);
#7684=ORIENTED_EDGE('',*,*,#10204,.F.);
#7685=ORIENTED_EDGE('',*,*,#9175,.T.);
#7686=ORIENTED_EDGE('',*,*,#10201,.T.);
#7687=ORIENTED_EDGE('',*,*,#9182,.T.);
#7688=CARTESIAN_POINT('',(-6.35,-0.149999999999998,0.0));
#7689=DIRECTION('',(0.0,1.0,0.0));
#7690=DIRECTION('',(0.0,0.0,1.0));
#7691=SURFACE_STYLE_FILL_AREA(#10205);
#7692=ORIENTED_EDGE('',*,*,#9168,.F.);
#7693=ORIENTED_EDGE('',*,*,#10206,.F.);
#7694=ORIENTED_EDGE('',*,*,#10203,.T.);
#7695=ORIENTED_EDGE('',*,*,#9176,.T.);
#7696=ORIENTED_EDGE('',*,*,#10204,.T.);
#7697=CARTESIAN_POINT('',(-5.855,1.20736753927986E-15,0.0));
#7698=DIRECTION('',(-7.09309154621624E-15,-1.0,-0.0));
#7699=DIRECTION('',(-1.0,7.09309154621624E-15,0.0));
#7700=SURFACE_STYLE_FILL_AREA(#10207);
#7701=ORIENTED_EDGE('',*,*,#9167,.T.);
#7702=ORIENTED_EDGE('',*,*,#10195,.F.);
#7703=ORIENTED_EDGE('',*,*,#9169,.T.);
#7704=ORIENTED_EDGE('',*,*,#10206,.T.);
#7705=CARTESIAN_POINT('',(-6.35,0.100000000000001,0.0));
#7706=DIRECTION('',(-0.0,1.0,-0.0));
#7707=DIRECTION('',(1.0,0.0,0.0));
#7708=SURFACE_STYLE_FILL_AREA(#10208);
#7709=ORIENTED_EDGE('',*,*,#9162,.T.);
#7710=ORIENTED_EDGE('',*,*,#10209,.F.);
#7711=ORIENTED_EDGE('',*,*,#9164,.T.);
#7712=ORIENTED_EDGE('',*,*,#10210,.F.);
#7713=CARTESIAN_POINT('',(-8.89,4.0005,0.0));
#7714=DIRECTION('',(-0.0,1.0,0.0));
#7715=DIRECTION('',(1.0,0.0,0.0));
#7716=SURFACE_STYLE_FILL_AREA(#10211);
#7717=ORIENTED_EDGE('',*,*,#9158,.T.);
#7718=ORIENTED_EDGE('',*,*,#10212,.F.);
#7719=ORIENTED_EDGE('',*,*,#9159,.T.);
#7720=ORIENTED_EDGE('',*,*,#10213,.T.);
#7721=CARTESIAN_POINT('',(-8.89,1.27870834875401,0.0));
#7722=DIRECTION('',(-0.0,1.0,0.0));
#7723=DIRECTION('',(1.0,0.0,0.0));
#7724=SURFACE_STYLE_FILL_AREA(#10214);
#7725=ORIENTED_EDGE('',*,*,#9447,.T.);
#7726=ORIENTED_EDGE('',*,*,#10035,.T.);
#7727=ORIENTED_EDGE('',*,*,#9165,.T.);
#7728=ORIENTED_EDGE('',*,*,#10209,.T.);
#7729=CARTESIAN_POINT('',(-8.4775,4.201,0.0));
#7730=DIRECTION('',(-0.0,1.0,0.0));
#7731=DIRECTION('',(1.0,0.0,0.0));
#7732=SURFACE_STYLE_FILL_AREA(#10215);
#7733=ORIENTED_EDGE('',*,*,#9153,.F.);
#7734=ORIENTED_EDGE('',*,*,#10216,.F.);
#7735=ORIENTED_EDGE('',*,*,#10217,.F.);
#7736=ORIENTED_EDGE('',*,*,#9154,.F.);
#7737=CARTESIAN_POINT('',(-8.89,-2.88,0.0));
#7738=DIRECTION('',(0.0,0.0,1.0));
#7739=DIRECTION('',(1.0,0.0,0.0));
#7740=SURFACE_STYLE_FILL_AREA(#10218);
#7741=ORIENTED_EDGE('',*,*,#9152,.T.);
#7742=ORIENTED_EDGE('',*,*,#10219,.F.);
#7743=ORIENTED_EDGE('',*,*,#9148,.F.);
#7744=ORIENTED_EDGE('',*,*,#9155,.T.);
#7745=ORIENTED_EDGE('',*,*,#10217,.T.);
#7746=ORIENTED_EDGE('',*,*,#10216,.T.);
#7747=CARTESIAN_POINT('',(-8.89,-1.515,0.0));
#7748=DIRECTION('',(-0.0,1.0,0.0));
#7749=DIRECTION('',(1.0,0.0,0.0));
#7750=SURFACE_STYLE_FILL_AREA(#10220);
#7751=ORIENTED_EDGE('',*,*,#9146,.T.);
#7752=ORIENTED_EDGE('',*,*,#10221,.F.);
#7753=ORIENTED_EDGE('',*,*,#10222,.F.);
#7754=ORIENTED_EDGE('',*,*,#9149,.T.);
#7755=ORIENTED_EDGE('',*,*,#10219,.T.);
#7756=ORIENTED_EDGE('',*,*,#9156,.T.);
#7757=CARTESIAN_POINT('',(-8.89,-0.149999999999998,0.0));
#7758=DIRECTION('',(0.0,1.0,0.0));
#7759=DIRECTION('',(0.0,0.0,1.0));
#7760=SURFACE_STYLE_FILL_AREA(#10223);
#7761=ORIENTED_EDGE('',*,*,#9142,.F.);
#7762=ORIENTED_EDGE('',*,*,#10224,.F.);
#7763=ORIENTED_EDGE('',*,*,#10221,.T.);
#7764=ORIENTED_EDGE('',*,*,#9150,.T.);
#7765=ORIENTED_EDGE('',*,*,#10222,.T.);
#7766=CARTESIAN_POINT('',(-8.395,1.20736753927986E-15,0.0));
#7767=DIRECTION('',(-7.09309154621624E-15,-1.0,-0.0));
#7768=DIRECTION('',(-1.0,7.09309154621624E-15,0.0));
#7769=SURFACE_STYLE_FILL_AREA(#10225);
#7770=ORIENTED_EDGE('',*,*,#9141,.T.);
#7771=ORIENTED_EDGE('',*,*,#10213,.F.);
#7772=ORIENTED_EDGE('',*,*,#9143,.T.);
#7773=ORIENTED_EDGE('',*,*,#10224,.T.);
#7774=CARTESIAN_POINT('',(-8.89,0.100000000000001,0.0));
#7775=DIRECTION('',(-0.0,1.0,-0.0));
#7776=DIRECTION('',(1.0,0.0,0.0));
#7777=SURFACE_STYLE_FILL_AREA(#10226);
#7778=ORIENTED_EDGE('',*,*,#9136,.T.);
#7779=ORIENTED_EDGE('',*,*,#10227,.F.);
#7780=ORIENTED_EDGE('',*,*,#9138,.T.);
#7781=ORIENTED_EDGE('',*,*,#10228,.F.);
#7782=CARTESIAN_POINT('',(-11.43,4.0005,0.0));
#7783=DIRECTION('',(-0.0,1.0,0.0));
#7784=DIRECTION('',(1.0,0.0,0.0));
#7785=SURFACE_STYLE_FILL_AREA(#10229);
#7786=ORIENTED_EDGE('',*,*,#9132,.T.);
#7787=ORIENTED_EDGE('',*,*,#10230,.F.);
#7788=ORIENTED_EDGE('',*,*,#9133,.T.);
#7789=ORIENTED_EDGE('',*,*,#10231,.T.);
#7790=CARTESIAN_POINT('',(-11.43,1.27870834875401,0.0));
#7791=DIRECTION('',(-0.0,1.0,0.0));
#7792=DIRECTION('',(1.0,0.0,0.0));
#7793=SURFACE_STYLE_FILL_AREA(#10232);
#7794=ORIENTED_EDGE('',*,*,#9399,.T.);
#7795=ORIENTED_EDGE('',*,*,#10056,.T.);
#7796=ORIENTED_EDGE('',*,*,#9139,.T.);
#7797=ORIENTED_EDGE('',*,*,#10227,.T.);
#7798=CARTESIAN_POINT('',(-11.0175,4.201,0.0));
#7799=DIRECTION('',(-0.0,1.0,0.0));
#7800=DIRECTION('',(1.0,0.0,0.0));
#7801=SURFACE_STYLE_FILL_AREA(#10233);
#7802=ORIENTED_EDGE('',*,*,#9127,.F.);
#7803=ORIENTED_EDGE('',*,*,#10234,.F.);
#7804=ORIENTED_EDGE('',*,*,#10235,.F.);
#7805=ORIENTED_EDGE('',*,*,#9128,.F.);
#7806=CARTESIAN_POINT('',(-11.43,-2.88,0.0));
#7807=DIRECTION('',(0.0,0.0,1.0));
#7808=DIRECTION('',(1.0,0.0,0.0));
#7809=SURFACE_STYLE_FILL_AREA(#10236);
#7810=ORIENTED_EDGE('',*,*,#9126,.T.);
#7811=ORIENTED_EDGE('',*,*,#10237,.F.);
#7812=ORIENTED_EDGE('',*,*,#9122,.F.);
#7813=ORIENTED_EDGE('',*,*,#9129,.T.);
#7814=ORIENTED_EDGE('',*,*,#10235,.T.);
#7815=ORIENTED_EDGE('',*,*,#10234,.T.);
#7816=CARTESIAN_POINT('',(-11.43,-1.515,0.0));
#7817=DIRECTION('',(-0.0,1.0,0.0));
#7818=DIRECTION('',(1.0,0.0,0.0));
#7819=SURFACE_STYLE_FILL_AREA(#10238);
#7820=ORIENTED_EDGE('',*,*,#9120,.T.);
#7821=ORIENTED_EDGE('',*,*,#10239,.F.);
#7822=ORIENTED_EDGE('',*,*,#10240,.F.);
#7823=ORIENTED_EDGE('',*,*,#9123,.T.);
#7824=ORIENTED_EDGE('',*,*,#10237,.T.);
#7825=ORIENTED_EDGE('',*,*,#9130,.T.);
#7826=CARTESIAN_POINT('',(-11.43,-0.149999999999998,0.0));
#7827=DIRECTION('',(0.0,1.0,0.0));
#7828=DIRECTION('',(0.0,0.0,1.0));
#7829=SURFACE_STYLE_FILL_AREA(#10241);
#7830=ORIENTED_EDGE('',*,*,#9116,.F.);
#7831=ORIENTED_EDGE('',*,*,#10242,.F.);
#7832=ORIENTED_EDGE('',*,*,#10239,.T.);
#7833=ORIENTED_EDGE('',*,*,#9124,.T.);
#7834=ORIENTED_EDGE('',*,*,#10240,.T.);
#7835=CARTESIAN_POINT('',(-10.935,1.20736753927986E-15,0.0));
#7836=DIRECTION('',(-7.09309154621624E-15,-1.0,-0.0));
#7837=DIRECTION('',(-1.0,7.09309154621624E-15,0.0));
#7838=SURFACE_STYLE_FILL_AREA(#10243);
#7839=ORIENTED_EDGE('',*,*,#9115,.T.);
#7840=ORIENTED_EDGE('',*,*,#10231,.F.);
#7841=ORIENTED_EDGE('',*,*,#9117,.T.);
#7842=ORIENTED_EDGE('',*,*,#10242,.T.);
#7843=CARTESIAN_POINT('',(-11.43,0.100000000000001,0.0));
#7844=DIRECTION('',(-0.0,1.0,-0.0));
#7845=DIRECTION('',(1.0,0.0,0.0));
#7846=SURFACE_STYLE_FILL_AREA(#10244);
#7847=ORIENTED_EDGE('',*,*,#10245,.F.);
#7848=ORIENTED_EDGE('',*,*,#10246,.F.);
#7849=ORIENTED_EDGE('',*,*,#10247,.T.);
#7850=ORIENTED_EDGE('',*,*,#10248,.F.);
#7851=CARTESIAN_POINT('',(0.0,-0.35,0.87));
#7852=DIRECTION('',(0.0,0.0,1.0));
#7853=DIRECTION('',(1.0,0.0,0.0));
#7854=SURFACE_STYLE_FILL_AREA(#10249);
#7855=ORIENTED_EDGE('',*,*,#10250,.F.);
#7856=ORIENTED_EDGE('',*,*,#10251,.F.);
#7857=ORIENTED_EDGE('',*,*,#10252,.T.);
#7858=ORIENTED_EDGE('',*,*,#10253,.F.);
#7859=CARTESIAN_POINT('',(0.0,-0.35,0.87));
#7860=DIRECTION('',(0.0,0.0,1.0));
#7861=DIRECTION('',(1.0,0.0,0.0));
#7862=SURFACE_STYLE_FILL_AREA(#10254);
#7863=ORIENTED_EDGE('',*,*,#10255,.F.);
#7864=ORIENTED_EDGE('',*,*,#10256,.F.);
#7865=ORIENTED_EDGE('',*,*,#10257,.T.);
#7866=ORIENTED_EDGE('',*,*,#10258,.F.);
#7867=CARTESIAN_POINT('',(0.0,-0.35,0.87));
#7868=DIRECTION('',(0.0,0.0,1.0));
#7869=DIRECTION('',(1.0,0.0,0.0));
#7870=SURFACE_STYLE_FILL_AREA(#10259);
#7871=ORIENTED_EDGE('',*,*,#10260,.F.);
#7872=ORIENTED_EDGE('',*,*,#10261,.F.);
#7873=ORIENTED_EDGE('',*,*,#10262,.T.);
#7874=ORIENTED_EDGE('',*,*,#10263,.F.);
#7875=CARTESIAN_POINT('',(0.0,-0.35,0.87));
#7876=DIRECTION('',(0.0,0.0,1.0));
#7877=DIRECTION('',(1.0,0.0,0.0));
#7878=SURFACE_STYLE_FILL_AREA(#10264);
#7879=ORIENTED_EDGE('',*,*,#10265,.F.);
#7880=ORIENTED_EDGE('',*,*,#10266,.F.);
#7881=ORIENTED_EDGE('',*,*,#10267,.T.);
#7882=ORIENTED_EDGE('',*,*,#10268,.F.);
#7883=CARTESIAN_POINT('',(0.0,-0.35,0.87));
#7884=DIRECTION('',(0.0,0.0,1.0));
#7885=DIRECTION('',(1.0,0.0,0.0));
#7886=SURFACE_STYLE_FILL_AREA(#10269);
#7887=ORIENTED_EDGE('',*,*,#10270,.F.);
#7888=ORIENTED_EDGE('',*,*,#10271,.F.);
#7889=ORIENTED_EDGE('',*,*,#10272,.T.);
#7890=ORIENTED_EDGE('',*,*,#10273,.F.);
#7891=CARTESIAN_POINT('',(0.0,-0.35,0.87));
#7892=DIRECTION('',(0.0,0.0,1.0));
#7893=DIRECTION('',(1.0,0.0,0.0));
#7894=SURFACE_STYLE_FILL_AREA(#10274);
#7895=ORIENTED_EDGE('',*,*,#10275,.F.);
#7896=ORIENTED_EDGE('',*,*,#10276,.F.);
#7897=ORIENTED_EDGE('',*,*,#10277,.T.);
#7898=ORIENTED_EDGE('',*,*,#10278,.F.);
#7899=CARTESIAN_POINT('',(0.0,-0.35,0.87));
#7900=DIRECTION('',(0.0,0.0,1.0));
#7901=DIRECTION('',(1.0,0.0,0.0));
#7902=SURFACE_STYLE_FILL_AREA(#10279);
#7903=ORIENTED_EDGE('',*,*,#10280,.F.);
#7904=ORIENTED_EDGE('',*,*,#10281,.F.);
#7905=ORIENTED_EDGE('',*,*,#10282,.T.);
#7906=ORIENTED_EDGE('',*,*,#10283,.F.);
#7907=CARTESIAN_POINT('',(0.0,-0.35,0.87));
#7908=DIRECTION('',(0.0,0.0,1.0));
#7909=DIRECTION('',(1.0,0.0,0.0));
#7910=SURFACE_STYLE_FILL_AREA(#10284);
#7911=ORIENTED_EDGE('',*,*,#10285,.F.);
#7912=ORIENTED_EDGE('',*,*,#10286,.F.);
#7913=ORIENTED_EDGE('',*,*,#10287,.T.);
#7914=ORIENTED_EDGE('',*,*,#10288,.F.);
#7915=CARTESIAN_POINT('',(0.0,-0.35,0.87));
#7916=DIRECTION('',(0.0,0.0,1.0));
#7917=DIRECTION('',(1.0,0.0,0.0));
#7918=SURFACE_STYLE_FILL_AREA(#10289);
#7919=ORIENTED_EDGE('',*,*,#10290,.T.);
#7920=ORIENTED_EDGE('',*,*,#10291,.F.);
#7921=ORIENTED_EDGE('',*,*,#10292,.F.);
#7922=ORIENTED_EDGE('',*,*,#10293,.F.);
#7923=CARTESIAN_POINT('',(0.0,-0.35,0.87));
#7924=DIRECTION('',(0.0,0.0,1.0));
#7925=DIRECTION('',(1.0,0.0,0.0));
#7926=SURFACE_STYLE_FILL_AREA(#10294);
#7927=ORIENTED_EDGE('',*,*,#10068,.T.);
#7928=ORIENTED_EDGE('',*,*,#9368,.T.);
#7929=ORIENTED_EDGE('',*,*,#10086,.T.);
#7930=ORIENTED_EDGE('',*,*,#9342,.T.);
#7931=ORIENTED_EDGE('',*,*,#10104,.T.);
#7932=ORIENTED_EDGE('',*,*,#9316,.T.);
#7933=ORIENTED_EDGE('',*,*,#10122,.T.);
#7934=ORIENTED_EDGE('',*,*,#9290,.T.);
#7935=ORIENTED_EDGE('',*,*,#10140,.T.);
#7936=ORIENTED_EDGE('',*,*,#9264,.T.);
#7937=ORIENTED_EDGE('',*,*,#10158,.T.);
#7938=ORIENTED_EDGE('',*,*,#9238,.T.);
#7939=ORIENTED_EDGE('',*,*,#10176,.T.);
#7940=ORIENTED_EDGE('',*,*,#9212,.T.);
#7941=ORIENTED_EDGE('',*,*,#10194,.T.);
#7942=ORIENTED_EDGE('',*,*,#9186,.T.);
#7943=ORIENTED_EDGE('',*,*,#10212,.T.);
#7944=ORIENTED_EDGE('',*,*,#9160,.T.);
#7945=ORIENTED_EDGE('',*,*,#10230,.T.);
#7946=ORIENTED_EDGE('',*,*,#9134,.T.);
#7947=ORIENTED_EDGE('',*,*,#10295,.F.);
#7948=ORIENTED_EDGE('',*,*,#10291,.T.);
#7949=ORIENTED_EDGE('',*,*,#10296,.F.);
#7950=ORIENTED_EDGE('',*,*,#10288,.T.);
#7951=ORIENTED_EDGE('',*,*,#10297,.F.);
#7952=ORIENTED_EDGE('',*,*,#10283,.T.);
#7953=ORIENTED_EDGE('',*,*,#10298,.F.);
#7954=ORIENTED_EDGE('',*,*,#10278,.T.);
#7955=ORIENTED_EDGE('',*,*,#10299,.F.);
#7956=ORIENTED_EDGE('',*,*,#10273,.T.);
#7957=ORIENTED_EDGE('',*,*,#10300,.F.);
#7958=ORIENTED_EDGE('',*,*,#10268,.T.);
#7959=ORIENTED_EDGE('',*,*,#10301,.F.);
#7960=ORIENTED_EDGE('',*,*,#10263,.T.);
#7961=ORIENTED_EDGE('',*,*,#10302,.F.);
#7962=ORIENTED_EDGE('',*,*,#10258,.T.);
#7963=ORIENTED_EDGE('',*,*,#10303,.F.);
#7964=ORIENTED_EDGE('',*,*,#10253,.T.);
#7965=ORIENTED_EDGE('',*,*,#10304,.F.);
#7966=ORIENTED_EDGE('',*,*,#10248,.T.);
#7967=ORIENTED_EDGE('',*,*,#10305,.F.);
#7968=ORIENTED_EDGE('',*,*,#10306,.T.);
#7969=ORIENTED_EDGE('',*,*,#10307,.F.);
#7970=ORIENTED_EDGE('',*,*,#10308,.T.);
#7971=ORIENTED_EDGE('',*,*,#10309,.F.);
#7972=ORIENTED_EDGE('',*,*,#10310,.T.);
#7973=ORIENTED_EDGE('',*,*,#10311,.F.);
#7974=ORIENTED_EDGE('',*,*,#10312,.T.);
#7975=ORIENTED_EDGE('',*,*,#10313,.F.);
#7976=ORIENTED_EDGE('',*,*,#10314,.T.);
#7977=ORIENTED_EDGE('',*,*,#10315,.F.);
#7978=ORIENTED_EDGE('',*,*,#10316,.T.);
#7979=ORIENTED_EDGE('',*,*,#10317,.F.);
#7980=ORIENTED_EDGE('',*,*,#10318,.T.);
#7981=ORIENTED_EDGE('',*,*,#10319,.F.);
#7982=ORIENTED_EDGE('',*,*,#10320,.T.);
#7983=ORIENTED_EDGE('',*,*,#10321,.F.);
#7984=ORIENTED_EDGE('',*,*,#10322,.T.);
#7985=ORIENTED_EDGE('',*,*,#10323,.F.);
#7986=ORIENTED_EDGE('',*,*,#10324,.T.);
#7987=CARTESIAN_POINT('',(0.0,0.3,0.0));
#7988=DIRECTION('',(0.0,-1.0,0.0));
#7989=DIRECTION('',(0.0,0.0,-1.0));
#7990=SURFACE_STYLE_FILL_AREA(#10325);
#7991=ORIENTED_EDGE('',*,*,#10326,.T.);
#7992=ORIENTED_EDGE('',*,*,#10322,.F.);
#7993=ORIENTED_EDGE('',*,*,#10327,.F.);
#7994=ORIENTED_EDGE('',*,*,#10328,.F.);
#7995=CARTESIAN_POINT('',(0.0,-0.35,-0.87));
#7996=DIRECTION('',(0.0,0.0,1.0));
#7997=DIRECTION('',(1.0,0.0,0.0));
#7998=SURFACE_STYLE_FILL_AREA(#10329);
#7999=ORIENTED_EDGE('',*,*,#10330,.T.);
#8000=ORIENTED_EDGE('',*,*,#10320,.F.);
#8001=ORIENTED_EDGE('',*,*,#10331,.F.);
#8002=ORIENTED_EDGE('',*,*,#10332,.F.);
#8003=CARTESIAN_POINT('',(0.0,-0.35,-0.87));
#8004=DIRECTION('',(0.0,0.0,1.0));
#8005=DIRECTION('',(1.0,0.0,0.0));
#8006=SURFACE_STYLE_FILL_AREA(#10333);
#8007=ORIENTED_EDGE('',*,*,#10334,.T.);
#8008=ORIENTED_EDGE('',*,*,#10318,.F.);
#8009=ORIENTED_EDGE('',*,*,#10335,.F.);
#8010=ORIENTED_EDGE('',*,*,#10336,.F.);
#8011=CARTESIAN_POINT('',(0.0,-0.35,-0.87));
#8012=DIRECTION('',(0.0,0.0,1.0));
#8013=DIRECTION('',(1.0,0.0,0.0));
#8014=SURFACE_STYLE_FILL_AREA(#10337);
#8015=ORIENTED_EDGE('',*,*,#10338,.T.);
#8016=ORIENTED_EDGE('',*,*,#10316,.F.);
#8017=ORIENTED_EDGE('',*,*,#10339,.F.);
#8018=ORIENTED_EDGE('',*,*,#10340,.F.);
#8019=CARTESIAN_POINT('',(0.0,-0.35,-0.87));
#8020=DIRECTION('',(0.0,0.0,1.0));
#8021=DIRECTION('',(1.0,0.0,0.0));
#8022=SURFACE_STYLE_FILL_AREA(#10341);
#8023=ORIENTED_EDGE('',*,*,#10342,.T.);
#8024=ORIENTED_EDGE('',*,*,#10314,.F.);
#8025=ORIENTED_EDGE('',*,*,#10343,.F.);
#8026=ORIENTED_EDGE('',*,*,#10344,.F.);
#8027=CARTESIAN_POINT('',(0.0,-0.35,-0.87));
#8028=DIRECTION('',(0.0,0.0,1.0));
#8029=DIRECTION('',(1.0,0.0,0.0));
#8030=SURFACE_STYLE_FILL_AREA(#10345);
#8031=ORIENTED_EDGE('',*,*,#10346,.T.);
#8032=ORIENTED_EDGE('',*,*,#10312,.F.);
#8033=ORIENTED_EDGE('',*,*,#10347,.F.);
#8034=ORIENTED_EDGE('',*,*,#10348,.F.);
#8035=CARTESIAN_POINT('',(0.0,-0.35,-0.87));
#8036=DIRECTION('',(0.0,0.0,1.0));
#8037=DIRECTION('',(1.0,0.0,0.0));
#8038=SURFACE_STYLE_FILL_AREA(#10349);
#8039=ORIENTED_EDGE('',*,*,#10350,.T.);
#8040=ORIENTED_EDGE('',*,*,#10310,.F.);
#8041=ORIENTED_EDGE('',*,*,#10351,.F.);
#8042=ORIENTED_EDGE('',*,*,#10352,.F.);
#8043=CARTESIAN_POINT('',(0.0,-0.35,-0.87));
#8044=DIRECTION('',(0.0,0.0,1.0));
#8045=DIRECTION('',(1.0,0.0,0.0));
#8046=SURFACE_STYLE_FILL_AREA(#10353);
#8047=ORIENTED_EDGE('',*,*,#10354,.T.);
#8048=ORIENTED_EDGE('',*,*,#10308,.F.);
#8049=ORIENTED_EDGE('',*,*,#10355,.F.);
#8050=ORIENTED_EDGE('',*,*,#10356,.F.);
#8051=CARTESIAN_POINT('',(0.0,-0.35,-0.87));
#8052=DIRECTION('',(0.0,0.0,1.0));
#8053=DIRECTION('',(1.0,0.0,0.0));
#8054=SURFACE_STYLE_FILL_AREA(#10357);
#8055=ORIENTED_EDGE('',*,*,#10358,.F.);
#8056=ORIENTED_EDGE('',*,*,#10359,.F.);
#8057=ORIENTED_EDGE('',*,*,#10360,.T.);
#8058=ORIENTED_EDGE('',*,*,#10306,.F.);
#8059=CARTESIAN_POINT('',(0.0,-0.35,-0.87));
#8060=DIRECTION('',(0.0,0.0,1.0));
#8061=DIRECTION('',(1.0,0.0,0.0));
#8062=SURFACE_STYLE_FILL_AREA(#10361);
#8063=ORIENTED_EDGE('',*,*,#10362,.T.);
#8064=ORIENTED_EDGE('',*,*,#10324,.F.);
#8065=ORIENTED_EDGE('',*,*,#10363,.F.);
#8066=ORIENTED_EDGE('',*,*,#10364,.F.);
#8067=CARTESIAN_POINT('',(0.0,-0.35,-0.87));
#8068=DIRECTION('',(0.0,0.0,1.0));
#8069=DIRECTION('',(1.0,0.0,0.0));
#8070=SURFACE_STYLE_FILL_AREA(#10365);
#8071=ORIENTED_EDGE('',*,*,#10295,.T.);
#8072=ORIENTED_EDGE('',*,*,#10366,.T.);
#8073=ORIENTED_EDGE('',*,*,#10367,.T.);
#8074=ORIENTED_EDGE('',*,*,#10368,.F.);
#8075=CARTESIAN_POINT('',(12.7,0.0,0.0));
#8076=DIRECTION('',(1.0,0.0,0.0));
#8077=DIRECTION('',(0.0,6.12303176911189E-17,-1.0));
#8078=SURFACE_STYLE_FILL_AREA(#10369);
#8079=ORIENTED_EDGE('',*,*,#10323,.T.);
#8080=ORIENTED_EDGE('',*,*,#10370,.T.);
#8081=ORIENTED_EDGE('',*,*,#10371,.T.);
#8082=ORIENTED_EDGE('',*,*,#10372,.F.);
#8083=CARTESIAN_POINT('',(10.1142028356341,5.32703763912734E-17,-0.87));
#8084=DIRECTION('',(-4.51682600769318E-16,6.12303176911189E-17,-1.0));
#8085=DIRECTION('',(-1.0,-2.76566691406561E-32,4.51682600769318E-16));
#8086=SURFACE_STYLE_FILL_AREA(#10373);
#8087=ORIENTED_EDGE('',*,*,#10321,.T.);
#8088=ORIENTED_EDGE('',*,*,#10374,.T.);
#8089=ORIENTED_EDGE('',*,*,#10375,.T.);
#8090=ORIENTED_EDGE('',*,*,#10376,.F.);
#8091=CARTESIAN_POINT('',(7.56573309885791,5.32703763912734E-17,-0.87));
#8092=DIRECTION('',(0.0,6.12303176911189E-17,-1.0));
#8093=DIRECTION('',(-1.0,0.0,0.0));
#8094=SURFACE_STYLE_FILL_AREA(#10377);
#8095=ORIENTED_EDGE('',*,*,#10319,.T.);
#8096=ORIENTED_EDGE('',*,*,#10378,.T.);
#8097=ORIENTED_EDGE('',*,*,#10379,.T.);
#8098=ORIENTED_EDGE('',*,*,#10380,.F.);
#8099=CARTESIAN_POINT('',(5.02573309885791,5.32703763912734E-17,-0.87));
#8100=DIRECTION('',(0.0,6.12303176911189E-17,-1.0));
#8101=DIRECTION('',(-1.0,0.0,0.0));
#8102=SURFACE_STYLE_FILL_AREA(#10381);
#8103=ORIENTED_EDGE('',*,*,#10317,.T.);
#8104=ORIENTED_EDGE('',*,*,#10382,.T.);
#8105=ORIENTED_EDGE('',*,*,#10383,.T.);
#8106=ORIENTED_EDGE('',*,*,#10384,.F.);
#8107=CARTESIAN_POINT('',(2.48573309885791,5.32703763912734E-17,-0.87));
#8108=DIRECTION('',(0.0,6.12303176911189E-17,-1.0));
#8109=DIRECTION('',(-1.0,0.0,0.0));
#8110=SURFACE_STYLE_FILL_AREA(#10385);
#8111=ORIENTED_EDGE('',*,*,#10315,.T.);
#8112=ORIENTED_EDGE('',*,*,#10386,.T.);
#8113=ORIENTED_EDGE('',*,*,#10387,.T.);
#8114=ORIENTED_EDGE('',*,*,#10388,.F.);
#8115=CARTESIAN_POINT('',(-0.0542669011420926,5.32703763912734E-17,-0.87));
#8116=DIRECTION('',(0.0,6.12303176911189E-17,-1.0));
#8117=DIRECTION('',(-1.0,0.0,0.0));
#8118=SURFACE_STYLE_FILL_AREA(#10389);
#8119=ORIENTED_EDGE('',*,*,#10313,.T.);
#8120=ORIENTED_EDGE('',*,*,#10390,.T.);
#8121=ORIENTED_EDGE('',*,*,#10391,.T.);
#8122=ORIENTED_EDGE('',*,*,#10392,.F.);
#8123=CARTESIAN_POINT('',(-2.59426690114209,5.32703763912734E-17,-0.87));
#8124=DIRECTION('',(0.0,6.12303176911189E-17,-1.0));
#8125=DIRECTION('',(-1.0,0.0,0.0));
#8126=SURFACE_STYLE_FILL_AREA(#10393);
#8127=ORIENTED_EDGE('',*,*,#10311,.T.);
#8128=ORIENTED_EDGE('',*,*,#10394,.T.);
#8129=ORIENTED_EDGE('',*,*,#10395,.T.);
#8130=ORIENTED_EDGE('',*,*,#10396,.F.);
#8131=CARTESIAN_POINT('',(-5.13426690114209,5.32703763912734E-17,-0.87));
#8132=DIRECTION('',(0.0,6.12303176911189E-17,-1.0));
#8133=DIRECTION('',(-1.0,0.0,0.0));
#8134=SURFACE_STYLE_FILL_AREA(#10397);
#8135=ORIENTED_EDGE('',*,*,#10309,.T.);
#8136=ORIENTED_EDGE('',*,*,#10398,.T.);
#8137=ORIENTED_EDGE('',*,*,#10399,.T.);
#8138=ORIENTED_EDGE('',*,*,#10400,.F.);
#8139=CARTESIAN_POINT('',(-7.67426690114209,5.32703763912734E-17,-0.87));
#8140=DIRECTION('',(0.0,6.12303176911189E-17,-1.0));
#8141=DIRECTION('',(-1.0,0.0,0.0));
#8142=SURFACE_STYLE_FILL_AREA(#10401);
#8143=ORIENTED_EDGE('',*,*,#10364,.T.);
#8144=ORIENTED_EDGE('',*,*,#10402,.T.);
#8145=ORIENTED_EDGE('',*,*,#10403,.T.);
#8146=ORIENTED_EDGE('',*,*,#10404,.T.);
#8147=CARTESIAN_POINT('',(-11.53,0.0,0.0));
#8148=DIRECTION('',(-0.0,1.0,6.12303176911189E-17));
#8149=DIRECTION('',(1.0,0.0,0.0));
#8150=SURFACE_STYLE_FILL_AREA(#10405);
#8151=ORIENTED_EDGE('',*,*,#10328,.T.);
#8152=ORIENTED_EDGE('',*,*,#10406,.F.);
#8153=ORIENTED_EDGE('',*,*,#10407,.F.);
#8154=ORIENTED_EDGE('',*,*,#10408,.F.);
#8155=CARTESIAN_POINT('',(-11.53,0.0,0.0));
#8156=DIRECTION('',(-0.0,1.0,6.12303176911189E-17));
#8157=DIRECTION('',(1.0,0.0,0.0));
#8158=SURFACE_STYLE_FILL_AREA(#10409);
#8159=ORIENTED_EDGE('',*,*,#10332,.T.);
#8160=ORIENTED_EDGE('',*,*,#10410,.F.);
#8161=ORIENTED_EDGE('',*,*,#10411,.F.);
#8162=ORIENTED_EDGE('',*,*,#10412,.F.);
#8163=CARTESIAN_POINT('',(-11.53,0.0,0.0));
#8164=DIRECTION('',(-0.0,1.0,6.12303176911189E-17));
#8165=DIRECTION('',(1.0,0.0,0.0));
#8166=SURFACE_STYLE_FILL_AREA(#10413);
#8167=ORIENTED_EDGE('',*,*,#10336,.T.);
#8168=ORIENTED_EDGE('',*,*,#10414,.F.);
#8169=ORIENTED_EDGE('',*,*,#10415,.F.);
#8170=ORIENTED_EDGE('',*,*,#10416,.F.);
#8171=CARTESIAN_POINT('',(-11.53,0.0,0.0));
#8172=DIRECTION('',(-0.0,1.0,6.12303176911189E-17));
#8173=DIRECTION('',(1.0,0.0,0.0));
#8174=SURFACE_STYLE_FILL_AREA(#10417);
#8175=ORIENTED_EDGE('',*,*,#10340,.T.);
#8176=ORIENTED_EDGE('',*,*,#10418,.F.);
#8177=ORIENTED_EDGE('',*,*,#10419,.F.);
#8178=ORIENTED_EDGE('',*,*,#10420,.F.);
#8179=CARTESIAN_POINT('',(-11.53,0.0,0.0));
#8180=DIRECTION('',(-0.0,1.0,6.12303176911189E-17));
#8181=DIRECTION('',(1.0,0.0,0.0));
#8182=SURFACE_STYLE_FILL_AREA(#10421);
#8183=ORIENTED_EDGE('',*,*,#10344,.T.);
#8184=ORIENTED_EDGE('',*,*,#10422,.F.);
#8185=ORIENTED_EDGE('',*,*,#10423,.F.);
#8186=ORIENTED_EDGE('',*,*,#10424,.F.);
#8187=CARTESIAN_POINT('',(-11.53,0.0,0.0));
#8188=DIRECTION('',(-0.0,1.0,6.12303176911189E-17));
#8189=DIRECTION('',(1.0,0.0,0.0));
#8190=SURFACE_STYLE_FILL_AREA(#10425);
#8191=ORIENTED_EDGE('',*,*,#10348,.T.);
#8192=ORIENTED_EDGE('',*,*,#10426,.F.);
#8193=ORIENTED_EDGE('',*,*,#10427,.F.);
#8194=ORIENTED_EDGE('',*,*,#10428,.F.);
#8195=CARTESIAN_POINT('',(-11.53,0.0,0.0));
#8196=DIRECTION('',(-0.0,1.0,6.12303176911189E-17));
#8197=DIRECTION('',(1.0,0.0,0.0));
#8198=SURFACE_STYLE_FILL_AREA(#10429);
#8199=ORIENTED_EDGE('',*,*,#10352,.T.);
#8200=ORIENTED_EDGE('',*,*,#10430,.F.);
#8201=ORIENTED_EDGE('',*,*,#10431,.F.);
#8202=ORIENTED_EDGE('',*,*,#10432,.F.);
#8203=CARTESIAN_POINT('',(-11.53,0.0,0.0));
#8204=DIRECTION('',(-0.0,1.0,6.12303176911189E-17));
#8205=DIRECTION('',(1.0,0.0,0.0));
#8206=SURFACE_STYLE_FILL_AREA(#10433);
#8207=ORIENTED_EDGE('',*,*,#10356,.T.);
#8208=ORIENTED_EDGE('',*,*,#10434,.F.);
#8209=ORIENTED_EDGE('',*,*,#10435,.F.);
#8210=ORIENTED_EDGE('',*,*,#10436,.F.);
#8211=CARTESIAN_POINT('',(-11.53,0.0,0.0));
#8212=DIRECTION('',(-0.0,1.0,6.12303176911189E-17));
#8213=DIRECTION('',(1.0,0.0,0.0));
#8214=SURFACE_STYLE_FILL_AREA(#10437);
#8215=ORIENTED_EDGE('',*,*,#10359,.T.);
#8216=ORIENTED_EDGE('',*,*,#10438,.T.);
#8217=ORIENTED_EDGE('',*,*,#10439,.T.);
#8218=ORIENTED_EDGE('',*,*,#10440,.T.);
#8219=CARTESIAN_POINT('',(-11.53,0.0,0.0));
#8220=DIRECTION('',(-0.0,1.0,6.12303176911189E-17));
#8221=DIRECTION('',(1.0,0.0,0.0));
#8222=SURFACE_STYLE_FILL_AREA(#10441);
#8223=ORIENTED_EDGE('',*,*,#10246,.T.);
#8224=ORIENTED_EDGE('',*,*,#10442,.T.);
#8225=ORIENTED_EDGE('',*,*,#10443,.T.);
#8226=ORIENTED_EDGE('',*,*,#10444,.T.);
#8227=CARTESIAN_POINT('',(-11.53,0.0,0.0));
#8228=DIRECTION('',(-0.0,1.0,6.12303176911189E-17));
#8229=DIRECTION('',(1.0,0.0,0.0));
#8230=SURFACE_STYLE_FILL_AREA(#10445);
#8231=ORIENTED_EDGE('',*,*,#10251,.T.);
#8232=ORIENTED_EDGE('',*,*,#10446,.F.);
#8233=ORIENTED_EDGE('',*,*,#10447,.F.);
#8234=ORIENTED_EDGE('',*,*,#10448,.F.);
#8235=CARTESIAN_POINT('',(-11.53,0.0,0.0));
#8236=DIRECTION('',(-0.0,1.0,6.12303176911189E-17));
#8237=DIRECTION('',(1.0,0.0,0.0));
#8238=SURFACE_STYLE_FILL_AREA(#10449);
#8239=ORIENTED_EDGE('',*,*,#10256,.T.);
#8240=ORIENTED_EDGE('',*,*,#10450,.F.);
#8241=ORIENTED_EDGE('',*,*,#10451,.F.);
#8242=ORIENTED_EDGE('',*,*,#10452,.F.);
#8243=CARTESIAN_POINT('',(-11.53,0.0,0.0));
#8244=DIRECTION('',(-0.0,1.0,6.12303176911189E-17));
#8245=DIRECTION('',(1.0,0.0,0.0));
#8246=SURFACE_STYLE_FILL_AREA(#10453);
#8247=ORIENTED_EDGE('',*,*,#10261,.T.);
#8248=ORIENTED_EDGE('',*,*,#10454,.F.);
#8249=ORIENTED_EDGE('',*,*,#10455,.F.);
#8250=ORIENTED_EDGE('',*,*,#10456,.F.);
#8251=CARTESIAN_POINT('',(-11.53,0.0,0.0));
#8252=DIRECTION('',(-0.0,1.0,6.12303176911189E-17));
#8253=DIRECTION('',(1.0,0.0,0.0));
#8254=SURFACE_STYLE_FILL_AREA(#10457);
#8255=ORIENTED_EDGE('',*,*,#10266,.T.);
#8256=ORIENTED_EDGE('',*,*,#10458,.F.);
#8257=ORIENTED_EDGE('',*,*,#10459,.F.);
#8258=ORIENTED_EDGE('',*,*,#10460,.F.);
#8259=CARTESIAN_POINT('',(-11.53,0.0,0.0));
#8260=DIRECTION('',(-0.0,1.0,6.12303176911189E-17));
#8261=DIRECTION('',(1.0,0.0,0.0));
#8262=SURFACE_STYLE_FILL_AREA(#10461);
#8263=ORIENTED_EDGE('',*,*,#10271,.T.);
#8264=ORIENTED_EDGE('',*,*,#10462,.F.);
#8265=ORIENTED_EDGE('',*,*,#10463,.F.);
#8266=ORIENTED_EDGE('',*,*,#10464,.F.);
#8267=CARTESIAN_POINT('',(-11.53,0.0,0.0));
#8268=DIRECTION('',(-0.0,1.0,6.12303176911189E-17));
#8269=DIRECTION('',(1.0,0.0,0.0));
#8270=SURFACE_STYLE_FILL_AREA(#10465);
#8271=ORIENTED_EDGE('',*,*,#10276,.T.);
#8272=ORIENTED_EDGE('',*,*,#10466,.F.);
#8273=ORIENTED_EDGE('',*,*,#10467,.F.);
#8274=ORIENTED_EDGE('',*,*,#10468,.F.);
#8275=CARTESIAN_POINT('',(-11.53,0.0,0.0));
#8276=DIRECTION('',(-0.0,1.0,6.12303176911189E-17));
#8277=DIRECTION('',(1.0,0.0,0.0));
#8278=SURFACE_STYLE_FILL_AREA(#10469);
#8279=ORIENTED_EDGE('',*,*,#10281,.T.);
#8280=ORIENTED_EDGE('',*,*,#10470,.F.);
#8281=ORIENTED_EDGE('',*,*,#10471,.F.);
#8282=ORIENTED_EDGE('',*,*,#10472,.F.);
#8283=CARTESIAN_POINT('',(-11.53,0.0,0.0));
#8284=DIRECTION('',(-0.0,1.0,6.12303176911189E-17));
#8285=DIRECTION('',(1.0,0.0,0.0));
#8286=SURFACE_STYLE_FILL_AREA(#10473);
#8287=ORIENTED_EDGE('',*,*,#10286,.T.);
#8288=ORIENTED_EDGE('',*,*,#10474,.F.);
#8289=ORIENTED_EDGE('',*,*,#10475,.F.);
#8290=ORIENTED_EDGE('',*,*,#10476,.F.);
#8291=CARTESIAN_POINT('',(-11.53,0.0,0.0));
#8292=DIRECTION('',(-0.0,1.0,6.12303176911189E-17));
#8293=DIRECTION('',(1.0,0.0,0.0));
#8294=SURFACE_STYLE_FILL_AREA(#10477);
#8295=ORIENTED_EDGE('',*,*,#10293,.T.);
#8296=ORIENTED_EDGE('',*,*,#10478,.T.);
#8297=ORIENTED_EDGE('',*,*,#10479,.T.);
#8298=ORIENTED_EDGE('',*,*,#10480,.T.);
#8299=CARTESIAN_POINT('',(-11.53,0.0,0.0));
#8300=DIRECTION('',(-0.0,1.0,6.12303176911189E-17));
#8301=DIRECTION('',(1.0,0.0,0.0));
#8302=SURFACE_STYLE_FILL_AREA(#10481);
#8303=ORIENTED_EDGE('',*,*,#10307,.T.);
#8304=ORIENTED_EDGE('',*,*,#10482,.T.);
#8305=ORIENTED_EDGE('',*,*,#10483,.T.);
#8306=ORIENTED_EDGE('',*,*,#10484,.F.);
#8307=CARTESIAN_POINT('',(-10.2142669011421,5.32703763912734E-17,-0.87));
#8308=DIRECTION('',(0.0,6.12303176911189E-17,-1.0));
#8309=DIRECTION('',(-1.0,0.0,0.0));
#8310=SURFACE_STYLE_FILL_AREA(#10485);
#8311=ORIENTED_EDGE('',*,*,#10486,.T.);
#8312=ORIENTED_EDGE('',*,*,#10487,.F.);
#8313=ORIENTED_EDGE('',*,*,#10403,.F.);
#8314=ORIENTED_EDGE('',*,*,#10488,.T.);
#8315=CARTESIAN_POINT('',(11.53,7.7762503467721E-17,-1.27));
#8316=DIRECTION('',(0.0,6.12303176911189E-17,-1.0));
#8317=DIRECTION('',(-1.0,0.0,0.0));
#8318=SURFACE_STYLE_FILL_AREA(#10489);
#8319=ORIENTED_EDGE('',*,*,#10490,.T.);
#8320=ORIENTED_EDGE('',*,*,#10366,.F.);
#8321=ORIENTED_EDGE('',*,*,#10362,.F.);
#8322=ORIENTED_EDGE('',*,*,#10404,.F.);
#8323=ORIENTED_EDGE('',*,*,#10487,.T.);
#8324=CARTESIAN_POINT('',(12.606738468369,6.55164399294972E-17,-1.07));
#8325=DIRECTION('',(0.906307787036651,2.58770504284513E-17,-0.422618261740696));
#8326=DIRECTION('',(-0.422618261740696,5.54935137261891E-17,-0.906307787036652));
#8327=SURFACE_STYLE_FILL_AREA(#10491);
#8328=ORIENTED_EDGE('',*,*,#10492,.T.);
#8329=ORIENTED_EDGE('',*,*,#10493,.F.);
#8330=ORIENTED_EDGE('',*,*,#10478,.F.);
#8331=ORIENTED_EDGE('',*,*,#10292,.T.);
#8332=ORIENTED_EDGE('',*,*,#10368,.T.);
#8333=CARTESIAN_POINT('',(12.606738468369,-6.55164399294972E-17,1.07));
#8334=DIRECTION('',(0.906307787036652,-2.58770504284512E-17,0.422618261740696));
#8335=DIRECTION('',(0.422618261740696,5.54935137261891E-17,-0.906307787036652));
#8336=SURFACE_STYLE_FILL_AREA(#10494);
#8337=ORIENTED_EDGE('',*,*,#10495,.T.);
#8338=ORIENTED_EDGE('',*,*,#10496,.F.);
#8339=ORIENTED_EDGE('',*,*,#10479,.F.);
#8340=ORIENTED_EDGE('',*,*,#10493,.T.);
#8341=CARTESIAN_POINT('',(11.53,-7.7762503467721E-17,1.27));
#8342=DIRECTION('',(0.0,-6.12303176911189E-17,1.0));
#8343=DIRECTION('',(1.0,0.0,0.0));
#8344=SURFACE_STYLE_FILL_AREA(#10497);
#8345=ORIENTED_EDGE('',*,*,#10498,.T.);
#8346=ORIENTED_EDGE('',*,*,#10499,.F.);
#8347=ORIENTED_EDGE('',*,*,#10290,.F.);
#8348=ORIENTED_EDGE('',*,*,#10480,.F.);
#8349=ORIENTED_EDGE('',*,*,#10496,.T.);
#8350=CARTESIAN_POINT('',(10.453261531631,-6.55164399294972E-17,1.07));
#8351=DIRECTION('',(-0.906307787036648,-2.58770504284517E-17,0.422618261740703));
#8352=DIRECTION('',(0.422618261740703,-5.54935137261889E-17,0.906307787036648));
#8353=SURFACE_STYLE_FILL_AREA(#10500);
#8354=ORIENTED_EDGE('',*,*,#10296,.T.);
#8355=ORIENTED_EDGE('',*,*,#10499,.T.);
#8356=ORIENTED_EDGE('',*,*,#10501,.T.);
#8357=ORIENTED_EDGE('',*,*,#10502,.F.);
#8358=CARTESIAN_POINT('',(10.1142028356341,-5.32703763912734E-17,0.87));
#8359=DIRECTION('',(0.0,-6.12303176911189E-17,1.0));
#8360=DIRECTION('',(1.0,0.0,0.0));
#8361=SURFACE_STYLE_FILL_AREA(#10503);
#8362=ORIENTED_EDGE('',*,*,#10504,.T.);
#8363=ORIENTED_EDGE('',*,*,#10488,.F.);
#8364=ORIENTED_EDGE('',*,*,#10402,.F.);
#8365=ORIENTED_EDGE('',*,*,#10363,.T.);
#8366=ORIENTED_EDGE('',*,*,#10372,.T.);
#8367=CARTESIAN_POINT('',(10.453261531631,6.55164399294972E-17,-1.07));
#8368=DIRECTION('',(-0.906307787036648,2.58770504284517E-17,-0.422618261740703));
#8369=DIRECTION('',(-0.422618261740703,-5.54935137261889E-17,0.906307787036648));
#8370=SURFACE_STYLE_FILL_AREA(#10505);
#8371=ORIENTED_EDGE('',*,*,#9371,.T.);
#8372=ORIENTED_EDGE('',*,*,#10066,.T.);
#8373=ORIENTED_EDGE('',*,*,#9345,.T.);
#8374=ORIENTED_EDGE('',*,*,#10084,.T.);
#8375=ORIENTED_EDGE('',*,*,#9319,.T.);
#8376=ORIENTED_EDGE('',*,*,#10102,.T.);
#8377=ORIENTED_EDGE('',*,*,#9293,.T.);
#8378=ORIENTED_EDGE('',*,*,#10120,.T.);
#8379=ORIENTED_EDGE('',*,*,#9267,.T.);
#8380=ORIENTED_EDGE('',*,*,#10138,.T.);
#8381=ORIENTED_EDGE('',*,*,#9241,.T.);
#8382=ORIENTED_EDGE('',*,*,#10156,.T.);
#8383=ORIENTED_EDGE('',*,*,#9215,.T.);
#8384=ORIENTED_EDGE('',*,*,#10174,.T.);
#8385=ORIENTED_EDGE('',*,*,#9189,.T.);
#8386=ORIENTED_EDGE('',*,*,#10192,.T.);
#8387=ORIENTED_EDGE('',*,*,#9163,.T.);
#8388=ORIENTED_EDGE('',*,*,#10210,.T.);
#8389=ORIENTED_EDGE('',*,*,#9137,.T.);
#8390=ORIENTED_EDGE('',*,*,#10228,.T.);
#8391=ORIENTED_EDGE('',*,*,#10506,.F.);
#8392=ORIENTED_EDGE('',*,*,#10501,.F.);
#8393=ORIENTED_EDGE('',*,*,#10498,.F.);
#8394=ORIENTED_EDGE('',*,*,#10495,.F.);
#8395=ORIENTED_EDGE('',*,*,#10492,.F.);
#8396=ORIENTED_EDGE('',*,*,#10367,.F.);
#8397=ORIENTED_EDGE('',*,*,#10490,.F.);
#8398=ORIENTED_EDGE('',*,*,#10486,.F.);
#8399=ORIENTED_EDGE('',*,*,#10504,.F.);
#8400=ORIENTED_EDGE('',*,*,#10371,.F.);
#8401=ORIENTED_EDGE('',*,*,#10507,.F.);
#8402=ORIENTED_EDGE('',*,*,#10508,.F.);
#8403=ORIENTED_EDGE('',*,*,#10509,.F.);
#8404=ORIENTED_EDGE('',*,*,#10375,.F.);
#8405=ORIENTED_EDGE('',*,*,#10510,.F.);
#8406=ORIENTED_EDGE('',*,*,#10511,.F.);
#8407=ORIENTED_EDGE('',*,*,#10512,.F.);
#8408=ORIENTED_EDGE('',*,*,#10379,.F.);
#8409=ORIENTED_EDGE('',*,*,#10513,.F.);
#8410=ORIENTED_EDGE('',*,*,#10514,.F.);
#8411=ORIENTED_EDGE('',*,*,#10515,.F.);
#8412=ORIENTED_EDGE('',*,*,#10383,.F.);
#8413=ORIENTED_EDGE('',*,*,#10516,.F.);
#8414=ORIENTED_EDGE('',*,*,#10517,.F.);
#8415=ORIENTED_EDGE('',*,*,#10518,.F.);
#8416=ORIENTED_EDGE('',*,*,#10387,.F.);
#8417=ORIENTED_EDGE('',*,*,#10519,.F.);
#8418=ORIENTED_EDGE('',*,*,#10520,.F.);
#8419=ORIENTED_EDGE('',*,*,#10521,.F.);
#8420=ORIENTED_EDGE('',*,*,#10391,.F.);
#8421=ORIENTED_EDGE('',*,*,#10522,.F.);
#8422=ORIENTED_EDGE('',*,*,#10523,.F.);
#8423=ORIENTED_EDGE('',*,*,#10524,.F.);
#8424=ORIENTED_EDGE('',*,*,#10395,.F.);
#8425=ORIENTED_EDGE('',*,*,#10525,.F.);
#8426=ORIENTED_EDGE('',*,*,#10526,.F.);
#8427=ORIENTED_EDGE('',*,*,#10527,.F.);
#8428=ORIENTED_EDGE('',*,*,#10399,.F.);
#8429=ORIENTED_EDGE('',*,*,#10528,.F.);
#8430=ORIENTED_EDGE('',*,*,#10529,.F.);
#8431=ORIENTED_EDGE('',*,*,#10530,.F.);
#8432=ORIENTED_EDGE('',*,*,#10483,.F.);
#8433=ORIENTED_EDGE('',*,*,#10531,.F.);
#8434=ORIENTED_EDGE('',*,*,#10532,.F.);
#8435=ORIENTED_EDGE('',*,*,#10533,.F.);
#8436=ORIENTED_EDGE('',*,*,#10534,.F.);
#8437=ORIENTED_EDGE('',*,*,#10535,.F.);
#8438=ORIENTED_EDGE('',*,*,#10536,.F.);
#8439=ORIENTED_EDGE('',*,*,#10537,.F.);
#8440=ORIENTED_EDGE('',*,*,#10538,.F.);
#8441=ORIENTED_EDGE('',*,*,#10539,.F.);
#8442=ORIENTED_EDGE('',*,*,#10540,.F.);
#8443=ORIENTED_EDGE('',*,*,#10541,.F.);
#8444=ORIENTED_EDGE('',*,*,#10542,.F.);
#8445=ORIENTED_EDGE('',*,*,#10543,.F.);
#8446=ORIENTED_EDGE('',*,*,#10544,.F.);
#8447=ORIENTED_EDGE('',*,*,#10545,.F.);
#8448=ORIENTED_EDGE('',*,*,#10546,.F.);
#8449=ORIENTED_EDGE('',*,*,#10547,.F.);
#8450=ORIENTED_EDGE('',*,*,#10548,.F.);
#8451=ORIENTED_EDGE('',*,*,#10549,.F.);
#8452=ORIENTED_EDGE('',*,*,#10550,.F.);
#8453=ORIENTED_EDGE('',*,*,#10551,.F.);
#8454=ORIENTED_EDGE('',*,*,#10552,.F.);
#8455=ORIENTED_EDGE('',*,*,#10553,.F.);
#8456=ORIENTED_EDGE('',*,*,#10554,.F.);
#8457=ORIENTED_EDGE('',*,*,#10555,.F.);
#8458=ORIENTED_EDGE('',*,*,#10556,.F.);
#8459=ORIENTED_EDGE('',*,*,#10557,.F.);
#8460=ORIENTED_EDGE('',*,*,#10558,.F.);
#8461=ORIENTED_EDGE('',*,*,#10559,.F.);
#8462=ORIENTED_EDGE('',*,*,#10560,.F.);
#8463=ORIENTED_EDGE('',*,*,#10561,.F.);
#8464=ORIENTED_EDGE('',*,*,#10562,.F.);
#8465=ORIENTED_EDGE('',*,*,#10563,.F.);
#8466=ORIENTED_EDGE('',*,*,#10564,.F.);
#8467=ORIENTED_EDGE('',*,*,#10565,.F.);
#8468=ORIENTED_EDGE('',*,*,#10566,.F.);
#8469=ORIENTED_EDGE('',*,*,#10567,.F.);
#8470=ORIENTED_EDGE('',*,*,#10568,.F.);
#8471=CARTESIAN_POINT('',(-11.53,4.2,2.57167334302699E-16));
#8472=DIRECTION('',(-0.0,1.0,6.12303176911189E-17));
#8473=DIRECTION('',(1.0,0.0,0.0));
#8474=SURFACE_STYLE_FILL_AREA(#10569);
#8475=ORIENTED_EDGE('',*,*,#10567,.T.);
#8476=ORIENTED_EDGE('',*,*,#10570,.F.);
#8477=ORIENTED_EDGE('',*,*,#10287,.F.);
#8478=ORIENTED_EDGE('',*,*,#10476,.T.);
#8479=ORIENTED_EDGE('',*,*,#10571,.T.);
#8480=CARTESIAN_POINT('',(7.913261531631,-6.55164399294972E-17,1.07));
#8481=DIRECTION('',(-0.906307787036648,-2.58770504284517E-17,0.422618261740703));
#8482=DIRECTION('',(0.422618261740703,-5.54935137261889E-17,0.906307787036648));
#8483=SURFACE_STYLE_FILL_AREA(#10572);
#8484=ORIENTED_EDGE('',*,*,#10297,.T.);
#8485=ORIENTED_EDGE('',*,*,#10570,.T.);
#8486=ORIENTED_EDGE('',*,*,#10566,.T.);
#8487=ORIENTED_EDGE('',*,*,#10573,.F.);
#8488=CARTESIAN_POINT('',(7.56573309885791,-5.32703763912734E-17,0.87));
#8489=DIRECTION('',(0.0,-6.12303176911189E-17,1.0));
#8490=DIRECTION('',(1.0,0.0,0.0));
#8491=SURFACE_STYLE_FILL_AREA(#10574);
#8492=ORIENTED_EDGE('',*,*,#10509,.T.);
#8493=ORIENTED_EDGE('',*,*,#10575,.F.);
#8494=ORIENTED_EDGE('',*,*,#10406,.T.);
#8495=ORIENTED_EDGE('',*,*,#10327,.T.);
#8496=ORIENTED_EDGE('',*,*,#10376,.T.);
#8497=CARTESIAN_POINT('',(7.913261531631,6.55164399294972E-17,-1.07));
#8498=DIRECTION('',(-0.906307787036648,2.58770504284517E-17,-0.422618261740703));
#8499=DIRECTION('',(-0.422618261740703,-5.54935137261889E-17,0.906307787036648));
#8500=SURFACE_STYLE_FILL_AREA(#10576);
#8501=ORIENTED_EDGE('',*,*,#10508,.T.);
#8502=ORIENTED_EDGE('',*,*,#10577,.F.);
#8503=ORIENTED_EDGE('',*,*,#10407,.T.);
#8504=ORIENTED_EDGE('',*,*,#10575,.T.);
#8505=CARTESIAN_POINT('',(8.89,7.7762503467721E-17,-1.27));
#8506=DIRECTION('',(0.0,6.12303176911189E-17,-1.0));
#8507=DIRECTION('',(-1.0,0.0,0.0));
#8508=SURFACE_STYLE_FILL_AREA(#10578);
#8509=ORIENTED_EDGE('',*,*,#10507,.T.);
#8510=ORIENTED_EDGE('',*,*,#10370,.F.);
#8511=ORIENTED_EDGE('',*,*,#10326,.F.);
#8512=ORIENTED_EDGE('',*,*,#10408,.T.);
#8513=ORIENTED_EDGE('',*,*,#10577,.T.);
#8514=CARTESIAN_POINT('',(9.866738468369,6.55164399294972E-17,-1.07));
#8515=DIRECTION('',(0.906307787036648,2.58770504284517E-17,-0.422618261740703));
#8516=DIRECTION('',(-0.422618261740703,5.54935137261889E-17,-0.906307787036648));
#8517=SURFACE_STYLE_FILL_AREA(#10579);
#8518=ORIENTED_EDGE('',*,*,#10506,.T.);
#8519=ORIENTED_EDGE('',*,*,#10580,.F.);
#8520=ORIENTED_EDGE('',*,*,#10474,.T.);
#8521=ORIENTED_EDGE('',*,*,#10285,.T.);
#8522=ORIENTED_EDGE('',*,*,#10502,.T.);
#8523=CARTESIAN_POINT('',(9.866738468369,-6.55164399294972E-17,1.07));
#8524=DIRECTION('',(0.906307787036648,-2.58770504284517E-17,0.422618261740703));
#8525=DIRECTION('',(0.422618261740703,5.54935137261889E-17,-0.906307787036648));
#8526=SURFACE_STYLE_FILL_AREA(#10581);
#8527=ORIENTED_EDGE('',*,*,#10568,.T.);
#8528=ORIENTED_EDGE('',*,*,#10571,.F.);
#8529=ORIENTED_EDGE('',*,*,#10475,.T.);
#8530=ORIENTED_EDGE('',*,*,#10580,.T.);
#8531=CARTESIAN_POINT('',(8.89,-7.7762503467721E-17,1.27));
#8532=DIRECTION('',(0.0,-6.12303176911189E-17,1.0));
#8533=DIRECTION('',(1.0,0.0,0.0));
#8534=SURFACE_STYLE_FILL_AREA(#10582);
#8535=ORIENTED_EDGE('',*,*,#10563,.T.);
#8536=ORIENTED_EDGE('',*,*,#10583,.F.);
#8537=ORIENTED_EDGE('',*,*,#10282,.F.);
#8538=ORIENTED_EDGE('',*,*,#10472,.T.);
#8539=ORIENTED_EDGE('',*,*,#10584,.T.);
#8540=CARTESIAN_POINT('',(5.373261531631,-6.55164399294972E-17,1.07));
#8541=DIRECTION('',(-0.906307787036648,-2.58770504284517E-17,0.422618261740703));
#8542=DIRECTION('',(0.422618261740703,-5.54935137261889E-17,0.906307787036648));
#8543=SURFACE_STYLE_FILL_AREA(#10585);
#8544=ORIENTED_EDGE('',*,*,#10298,.T.);
#8545=ORIENTED_EDGE('',*,*,#10583,.T.);
#8546=ORIENTED_EDGE('',*,*,#10562,.T.);
#8547=ORIENTED_EDGE('',*,*,#10586,.F.);
#8548=CARTESIAN_POINT('',(5.02573309885791,-5.32703763912734E-17,0.87));
#8549=DIRECTION('',(0.0,-6.12303176911189E-17,1.0));
#8550=DIRECTION('',(1.0,0.0,0.0));
#8551=SURFACE_STYLE_FILL_AREA(#10587);
#8552=ORIENTED_EDGE('',*,*,#10512,.T.);
#8553=ORIENTED_EDGE('',*,*,#10588,.F.);
#8554=ORIENTED_EDGE('',*,*,#10410,.T.);
#8555=ORIENTED_EDGE('',*,*,#10331,.T.);
#8556=ORIENTED_EDGE('',*,*,#10380,.T.);
#8557=CARTESIAN_POINT('',(5.373261531631,6.55164399294972E-17,-1.07));
#8558=DIRECTION('',(-0.906307787036648,2.58770504284517E-17,-0.422618261740703));
#8559=DIRECTION('',(-0.422618261740703,-5.54935137261889E-17,0.906307787036648));
#8560=SURFACE_STYLE_FILL_AREA(#10589);
#8561=ORIENTED_EDGE('',*,*,#10511,.T.);
#8562=ORIENTED_EDGE('',*,*,#10590,.F.);
#8563=ORIENTED_EDGE('',*,*,#10411,.T.);
#8564=ORIENTED_EDGE('',*,*,#10588,.T.);
#8565=CARTESIAN_POINT('',(6.35,7.7762503467721E-17,-1.27));
#8566=DIRECTION('',(0.0,6.12303176911189E-17,-1.0));
#8567=DIRECTION('',(-1.0,0.0,0.0));
#8568=SURFACE_STYLE_FILL_AREA(#10591);
#8569=ORIENTED_EDGE('',*,*,#10510,.T.);
#8570=ORIENTED_EDGE('',*,*,#10374,.F.);
#8571=ORIENTED_EDGE('',*,*,#10330,.F.);
#8572=ORIENTED_EDGE('',*,*,#10412,.T.);
#8573=ORIENTED_EDGE('',*,*,#10590,.T.);
#8574=CARTESIAN_POINT('',(7.326738468369,6.55164399294972E-17,-1.07));
#8575=DIRECTION('',(0.906307787036648,2.58770504284517E-17,-0.422618261740703));
#8576=DIRECTION('',(-0.422618261740703,5.54935137261889E-17,-0.906307787036648));
#8577=SURFACE_STYLE_FILL_AREA(#10592);
#8578=ORIENTED_EDGE('',*,*,#10565,.T.);
#8579=ORIENTED_EDGE('',*,*,#10593,.F.);
#8580=ORIENTED_EDGE('',*,*,#10470,.T.);
#8581=ORIENTED_EDGE('',*,*,#10280,.T.);
#8582=ORIENTED_EDGE('',*,*,#10573,.T.);
#8583=CARTESIAN_POINT('',(7.326738468369,-6.55164399294972E-17,1.07));
#8584=DIRECTION('',(0.906307787036648,-2.58770504284517E-17,0.422618261740703));
#8585=DIRECTION('',(0.422618261740703,5.54935137261889E-17,-0.906307787036648));
#8586=SURFACE_STYLE_FILL_AREA(#10594);
#8587=ORIENTED_EDGE('',*,*,#10564,.T.);
#8588=ORIENTED_EDGE('',*,*,#10584,.F.);
#8589=ORIENTED_EDGE('',*,*,#10471,.T.);
#8590=ORIENTED_EDGE('',*,*,#10593,.T.);
#8591=CARTESIAN_POINT('',(6.35,-7.7762503467721E-17,1.27));
#8592=DIRECTION('',(0.0,-6.12303176911189E-17,1.0));
#8593=DIRECTION('',(1.0,0.0,0.0));
#8594=SURFACE_STYLE_FILL_AREA(#10595);
#8595=ORIENTED_EDGE('',*,*,#10559,.T.);
#8596=ORIENTED_EDGE('',*,*,#10596,.F.);
#8597=ORIENTED_EDGE('',*,*,#10277,.F.);
#8598=ORIENTED_EDGE('',*,*,#10468,.T.);
#8599=ORIENTED_EDGE('',*,*,#10597,.T.);
#8600=CARTESIAN_POINT('',(2.833261531631,-6.55164399294972E-17,1.07));
#8601=DIRECTION('',(-0.906307787036648,-2.58770504284517E-17,0.422618261740703));
#8602=DIRECTION('',(0.422618261740703,-5.54935137261889E-17,0.906307787036648));
#8603=SURFACE_STYLE_FILL_AREA(#10598);
#8604=ORIENTED_EDGE('',*,*,#10299,.T.);
#8605=ORIENTED_EDGE('',*,*,#10596,.T.);
#8606=ORIENTED_EDGE('',*,*,#10558,.T.);
#8607=ORIENTED_EDGE('',*,*,#10599,.F.);
#8608=CARTESIAN_POINT('',(2.48573309885791,-5.32703763912734E-17,0.87));
#8609=DIRECTION('',(0.0,-6.12303176911189E-17,1.0));
#8610=DIRECTION('',(1.0,0.0,0.0));
#8611=SURFACE_STYLE_FILL_AREA(#10600);
#8612=ORIENTED_EDGE('',*,*,#10515,.T.);
#8613=ORIENTED_EDGE('',*,*,#10601,.F.);
#8614=ORIENTED_EDGE('',*,*,#10414,.T.);
#8615=ORIENTED_EDGE('',*,*,#10335,.T.);
#8616=ORIENTED_EDGE('',*,*,#10384,.T.);
#8617=CARTESIAN_POINT('',(2.833261531631,6.55164399294972E-17,-1.07));
#8618=DIRECTION('',(-0.906307787036648,2.58770504284517E-17,-0.422618261740703));
#8619=DIRECTION('',(-0.422618261740703,-5.54935137261889E-17,0.906307787036648));
#8620=SURFACE_STYLE_FILL_AREA(#10602);
#8621=ORIENTED_EDGE('',*,*,#10514,.T.);
#8622=ORIENTED_EDGE('',*,*,#10603,.F.);
#8623=ORIENTED_EDGE('',*,*,#10415,.T.);
#8624=ORIENTED_EDGE('',*,*,#10601,.T.);
#8625=CARTESIAN_POINT('',(3.81,7.7762503467721E-17,-1.27));
#8626=DIRECTION('',(0.0,6.12303176911189E-17,-1.0));
#8627=DIRECTION('',(-1.0,0.0,0.0));
#8628=SURFACE_STYLE_FILL_AREA(#10604);
#8629=ORIENTED_EDGE('',*,*,#10513,.T.);
#8630=ORIENTED_EDGE('',*,*,#10378,.F.);
#8631=ORIENTED_EDGE('',*,*,#10334,.F.);
#8632=ORIENTED_EDGE('',*,*,#10416,.T.);
#8633=ORIENTED_EDGE('',*,*,#10603,.T.);
#8634=CARTESIAN_POINT('',(4.786738468369,6.55164399294972E-17,-1.07));
#8635=DIRECTION('',(0.906307787036648,2.58770504284517E-17,-0.422618261740703));
#8636=DIRECTION('',(-0.422618261740703,5.54935137261889E-17,-0.906307787036648));
#8637=SURFACE_STYLE_FILL_AREA(#10605);
#8638=ORIENTED_EDGE('',*,*,#10561,.T.);
#8639=ORIENTED_EDGE('',*,*,#10606,.F.);
#8640=ORIENTED_EDGE('',*,*,#10466,.T.);
#8641=ORIENTED_EDGE('',*,*,#10275,.T.);
#8642=ORIENTED_EDGE('',*,*,#10586,.T.);
#8643=CARTESIAN_POINT('',(4.786738468369,-6.55164399294972E-17,1.07));
#8644=DIRECTION('',(0.906307787036648,-2.58770504284517E-17,0.422618261740703));
#8645=DIRECTION('',(0.422618261740703,5.54935137261889E-17,-0.906307787036648));
#8646=SURFACE_STYLE_FILL_AREA(#10607);
#8647=ORIENTED_EDGE('',*,*,#10560,.T.);
#8648=ORIENTED_EDGE('',*,*,#10597,.F.);
#8649=ORIENTED_EDGE('',*,*,#10467,.T.);
#8650=ORIENTED_EDGE('',*,*,#10606,.T.);
#8651=CARTESIAN_POINT('',(3.81,-7.7762503467721E-17,1.27));
#8652=DIRECTION('',(0.0,-6.12303176911189E-17,1.0));
#8653=DIRECTION('',(1.0,0.0,0.0));
#8654=SURFACE_STYLE_FILL_AREA(#10608);
#8655=ORIENTED_EDGE('',*,*,#10555,.T.);
#8656=ORIENTED_EDGE('',*,*,#10609,.F.);
#8657=ORIENTED_EDGE('',*,*,#10272,.F.);
#8658=ORIENTED_EDGE('',*,*,#10464,.T.);
#8659=ORIENTED_EDGE('',*,*,#10610,.T.);
#8660=CARTESIAN_POINT('',(0.293261531631,-6.55164399294972E-17,1.07));
#8661=DIRECTION('',(-0.906307787036648,-2.58770504284517E-17,0.422618261740703));
#8662=DIRECTION('',(0.422618261740703,-5.54935137261889E-17,0.906307787036648));
#8663=SURFACE_STYLE_FILL_AREA(#10611);
#8664=ORIENTED_EDGE('',*,*,#10300,.T.);
#8665=ORIENTED_EDGE('',*,*,#10609,.T.);
#8666=ORIENTED_EDGE('',*,*,#10554,.T.);
#8667=ORIENTED_EDGE('',*,*,#10612,.F.);
#8668=CARTESIAN_POINT('',(-0.0542669011420926,-5.32703763912734E-17,0.87));
#8669=DIRECTION('',(0.0,-6.12303176911189E-17,1.0));
#8670=DIRECTION('',(1.0,0.0,0.0));
#8671=SURFACE_STYLE_FILL_AREA(#10613);
#8672=ORIENTED_EDGE('',*,*,#10518,.T.);
#8673=ORIENTED_EDGE('',*,*,#10614,.F.);
#8674=ORIENTED_EDGE('',*,*,#10418,.T.);
#8675=ORIENTED_EDGE('',*,*,#10339,.T.);
#8676=ORIENTED_EDGE('',*,*,#10388,.T.);
#8677=CARTESIAN_POINT('',(0.293261531631,6.55164399294972E-17,-1.07));
#8678=DIRECTION('',(-0.906307787036648,2.58770504284517E-17,-0.422618261740703));
#8679=DIRECTION('',(-0.422618261740703,-5.54935137261889E-17,0.906307787036648));
#8680=SURFACE_STYLE_FILL_AREA(#10615);
#8681=ORIENTED_EDGE('',*,*,#10517,.T.);
#8682=ORIENTED_EDGE('',*,*,#10616,.F.);
#8683=ORIENTED_EDGE('',*,*,#10419,.T.);
#8684=ORIENTED_EDGE('',*,*,#10614,.T.);
#8685=CARTESIAN_POINT('',(1.27,7.7762503467721E-17,-1.27));
#8686=DIRECTION('',(0.0,6.12303176911189E-17,-1.0));
#8687=DIRECTION('',(-1.0,0.0,0.0));
#8688=SURFACE_STYLE_FILL_AREA(#10617);
#8689=ORIENTED_EDGE('',*,*,#10516,.T.);
#8690=ORIENTED_EDGE('',*,*,#10382,.F.);
#8691=ORIENTED_EDGE('',*,*,#10338,.F.);
#8692=ORIENTED_EDGE('',*,*,#10420,.T.);
#8693=ORIENTED_EDGE('',*,*,#10616,.T.);
#8694=CARTESIAN_POINT('',(2.246738468369,6.55164399294972E-17,-1.07));
#8695=DIRECTION('',(0.906307787036648,2.58770504284517E-17,-0.422618261740703));
#8696=DIRECTION('',(-0.422618261740703,5.54935137261889E-17,-0.906307787036648));
#8697=SURFACE_STYLE_FILL_AREA(#10618);
#8698=ORIENTED_EDGE('',*,*,#10557,.T.);
#8699=ORIENTED_EDGE('',*,*,#10619,.F.);
#8700=ORIENTED_EDGE('',*,*,#10462,.T.);
#8701=ORIENTED_EDGE('',*,*,#10270,.T.);
#8702=ORIENTED_EDGE('',*,*,#10599,.T.);
#8703=CARTESIAN_POINT('',(2.246738468369,-6.55164399294972E-17,1.07));
#8704=DIRECTION('',(0.906307787036648,-2.58770504284517E-17,0.422618261740703));
#8705=DIRECTION('',(0.422618261740703,5.54935137261889E-17,-0.906307787036648));
#8706=SURFACE_STYLE_FILL_AREA(#10620);
#8707=ORIENTED_EDGE('',*,*,#10556,.T.);
#8708=ORIENTED_EDGE('',*,*,#10610,.F.);
#8709=ORIENTED_EDGE('',*,*,#10463,.T.);
#8710=ORIENTED_EDGE('',*,*,#10619,.T.);
#8711=CARTESIAN_POINT('',(1.27,-7.7762503467721E-17,1.27));
#8712=DIRECTION('',(0.0,-6.12303176911189E-17,1.0));
#8713=DIRECTION('',(1.0,0.0,0.0));
#8714=SURFACE_STYLE_FILL_AREA(#10621);
#8715=ORIENTED_EDGE('',*,*,#10551,.T.);
#8716=ORIENTED_EDGE('',*,*,#10622,.F.);
#8717=ORIENTED_EDGE('',*,*,#10267,.F.);
#8718=ORIENTED_EDGE('',*,*,#10460,.T.);
#8719=ORIENTED_EDGE('',*,*,#10623,.T.);
#8720=CARTESIAN_POINT('',(-2.246738468369,-6.55164399294972E-17,1.07));
#8721=DIRECTION('',(-0.906307787036648,-2.58770504284517E-17,0.422618261740703));
#8722=DIRECTION('',(0.422618261740703,-5.54935137261889E-17,0.906307787036648));
#8723=SURFACE_STYLE_FILL_AREA(#10624);
#8724=ORIENTED_EDGE('',*,*,#10301,.T.);
#8725=ORIENTED_EDGE('',*,*,#10622,.T.);
#8726=ORIENTED_EDGE('',*,*,#10550,.T.);
#8727=ORIENTED_EDGE('',*,*,#10625,.F.);
#8728=CARTESIAN_POINT('',(-2.59426690114209,-5.32703763912734E-17,0.87));
#8729=DIRECTION('',(0.0,-6.12303176911189E-17,1.0));
#8730=DIRECTION('',(1.0,0.0,0.0));
#8731=SURFACE_STYLE_FILL_AREA(#10626);
#8732=ORIENTED_EDGE('',*,*,#10521,.T.);
#8733=ORIENTED_EDGE('',*,*,#10627,.F.);
#8734=ORIENTED_EDGE('',*,*,#10422,.T.);
#8735=ORIENTED_EDGE('',*,*,#10343,.T.);
#8736=ORIENTED_EDGE('',*,*,#10392,.T.);
#8737=CARTESIAN_POINT('',(-2.246738468369,6.55164399294972E-17,-1.07));
#8738=DIRECTION('',(-0.906307787036648,2.58770504284517E-17,-0.422618261740703));
#8739=DIRECTION('',(-0.422618261740703,-5.54935137261889E-17,0.906307787036648));
#8740=SURFACE_STYLE_FILL_AREA(#10628);
#8741=ORIENTED_EDGE('',*,*,#10520,.T.);
#8742=ORIENTED_EDGE('',*,*,#10629,.F.);
#8743=ORIENTED_EDGE('',*,*,#10423,.T.);
#8744=ORIENTED_EDGE('',*,*,#10627,.T.);
#8745=CARTESIAN_POINT('',(-1.27,7.7762503467721E-17,-1.27));
#8746=DIRECTION('',(0.0,6.12303176911189E-17,-1.0));
#8747=DIRECTION('',(-1.0,0.0,0.0));
#8748=SURFACE_STYLE_FILL_AREA(#10630);
#8749=ORIENTED_EDGE('',*,*,#10519,.T.);
#8750=ORIENTED_EDGE('',*,*,#10386,.F.);
#8751=ORIENTED_EDGE('',*,*,#10342,.F.);
#8752=ORIENTED_EDGE('',*,*,#10424,.T.);
#8753=ORIENTED_EDGE('',*,*,#10629,.T.);
#8754=CARTESIAN_POINT('',(-0.293261531631,6.55164399294972E-17,-1.07));
#8755=DIRECTION('',(0.906307787036648,2.58770504284517E-17,-0.422618261740703));
#8756=DIRECTION('',(-0.422618261740703,5.54935137261889E-17,-0.906307787036648));
#8757=SURFACE_STYLE_FILL_AREA(#10631);
#8758=ORIENTED_EDGE('',*,*,#10553,.T.);
#8759=ORIENTED_EDGE('',*,*,#10632,.F.);
#8760=ORIENTED_EDGE('',*,*,#10458,.T.);
#8761=ORIENTED_EDGE('',*,*,#10265,.T.);
#8762=ORIENTED_EDGE('',*,*,#10612,.T.);
#8763=CARTESIAN_POINT('',(-0.293261531631,-6.55164399294972E-17,1.07));
#8764=DIRECTION('',(0.906307787036648,-2.58770504284517E-17,0.422618261740703));
#8765=DIRECTION('',(0.422618261740703,5.54935137261889E-17,-0.906307787036648));
#8766=SURFACE_STYLE_FILL_AREA(#10633);
#8767=ORIENTED_EDGE('',*,*,#10552,.T.);
#8768=ORIENTED_EDGE('',*,*,#10623,.F.);
#8769=ORIENTED_EDGE('',*,*,#10459,.T.);
#8770=ORIENTED_EDGE('',*,*,#10632,.T.);
#8771=CARTESIAN_POINT('',(-1.27,-7.7762503467721E-17,1.27));
#8772=DIRECTION('',(0.0,-6.12303176911189E-17,1.0));
#8773=DIRECTION('',(1.0,0.0,0.0));
#8774=SURFACE_STYLE_FILL_AREA(#10634);
#8775=ORIENTED_EDGE('',*,*,#10547,.T.);
#8776=ORIENTED_EDGE('',*,*,#10635,.F.);
#8777=ORIENTED_EDGE('',*,*,#10262,.F.);
#8778=ORIENTED_EDGE('',*,*,#10456,.T.);
#8779=ORIENTED_EDGE('',*,*,#10636,.T.);
#8780=CARTESIAN_POINT('',(-4.786738468369,-6.55164399294972E-17,1.07));
#8781=DIRECTION('',(-0.906307787036648,-2.58770504284517E-17,0.422618261740703));
#8782=DIRECTION('',(0.422618261740703,-5.54935137261889E-17,0.906307787036648));
#8783=SURFACE_STYLE_FILL_AREA(#10637);
#8784=ORIENTED_EDGE('',*,*,#10302,.T.);
#8785=ORIENTED_EDGE('',*,*,#10635,.T.);
#8786=ORIENTED_EDGE('',*,*,#10546,.T.);
#8787=ORIENTED_EDGE('',*,*,#10638,.F.);
#8788=CARTESIAN_POINT('',(-5.13426690114209,-5.32703763912734E-17,0.87));
#8789=DIRECTION('',(0.0,-6.12303176911189E-17,1.0));
#8790=DIRECTION('',(1.0,0.0,0.0));
#8791=SURFACE_STYLE_FILL_AREA(#10639);
#8792=ORIENTED_EDGE('',*,*,#10524,.T.);
#8793=ORIENTED_EDGE('',*,*,#10640,.F.);
#8794=ORIENTED_EDGE('',*,*,#10426,.T.);
#8795=ORIENTED_EDGE('',*,*,#10347,.T.);
#8796=ORIENTED_EDGE('',*,*,#10396,.T.);
#8797=CARTESIAN_POINT('',(-4.786738468369,6.55164399294972E-17,-1.07));
#8798=DIRECTION('',(-0.906307787036648,2.58770504284517E-17,-0.422618261740703));
#8799=DIRECTION('',(-0.422618261740703,-5.54935137261889E-17,0.906307787036648));
#8800=SURFACE_STYLE_FILL_AREA(#10641);
#8801=ORIENTED_EDGE('',*,*,#10523,.T.);
#8802=ORIENTED_EDGE('',*,*,#10642,.F.);
#8803=ORIENTED_EDGE('',*,*,#10427,.T.);
#8804=ORIENTED_EDGE('',*,*,#10640,.T.);
#8805=CARTESIAN_POINT('',(-3.81,7.7762503467721E-17,-1.27));
#8806=DIRECTION('',(0.0,6.12303176911189E-17,-1.0));
#8807=DIRECTION('',(-1.0,0.0,0.0));
#8808=SURFACE_STYLE_FILL_AREA(#10643);
#8809=ORIENTED_EDGE('',*,*,#10522,.T.);
#8810=ORIENTED_EDGE('',*,*,#10390,.F.);
#8811=ORIENTED_EDGE('',*,*,#10346,.F.);
#8812=ORIENTED_EDGE('',*,*,#10428,.T.);
#8813=ORIENTED_EDGE('',*,*,#10642,.T.);
#8814=CARTESIAN_POINT('',(-2.833261531631,6.55164399294972E-17,-1.07));
#8815=DIRECTION('',(0.906307787036648,2.58770504284517E-17,-0.422618261740703));
#8816=DIRECTION('',(-0.422618261740703,5.54935137261889E-17,-0.906307787036648));
#8817=SURFACE_STYLE_FILL_AREA(#10644);
#8818=ORIENTED_EDGE('',*,*,#10549,.T.);
#8819=ORIENTED_EDGE('',*,*,#10645,.F.);
#8820=ORIENTED_EDGE('',*,*,#10454,.T.);
#8821=ORIENTED_EDGE('',*,*,#10260,.T.);
#8822=ORIENTED_EDGE('',*,*,#10625,.T.);
#8823=CARTESIAN_POINT('',(-2.833261531631,-6.55164399294972E-17,1.07));
#8824=DIRECTION('',(0.906307787036648,-2.58770504284517E-17,0.422618261740703));
#8825=DIRECTION('',(0.422618261740703,5.54935137261889E-17,-0.906307787036648));
#8826=SURFACE_STYLE_FILL_AREA(#10646);
#8827=ORIENTED_EDGE('',*,*,#10548,.T.);
#8828=ORIENTED_EDGE('',*,*,#10636,.F.);
#8829=ORIENTED_EDGE('',*,*,#10455,.T.);
#8830=ORIENTED_EDGE('',*,*,#10645,.T.);
#8831=CARTESIAN_POINT('',(-3.81,-7.7762503467721E-17,1.27));
#8832=DIRECTION('',(0.0,-6.12303176911189E-17,1.0));
#8833=DIRECTION('',(1.0,0.0,0.0));
#8834=SURFACE_STYLE_FILL_AREA(#10647);
#8835=ORIENTED_EDGE('',*,*,#10543,.T.);
#8836=ORIENTED_EDGE('',*,*,#10648,.F.);
#8837=ORIENTED_EDGE('',*,*,#10257,.F.);
#8838=ORIENTED_EDGE('',*,*,#10452,.T.);
#8839=ORIENTED_EDGE('',*,*,#10649,.T.);
#8840=CARTESIAN_POINT('',(-7.326738468369,-6.55164399294972E-17,1.07));
#8841=DIRECTION('',(-0.906307787036648,-2.58770504284517E-17,0.422618261740703));
#8842=DIRECTION('',(0.422618261740703,-5.54935137261889E-17,0.906307787036648));
#8843=SURFACE_STYLE_FILL_AREA(#10650);
#8844=ORIENTED_EDGE('',*,*,#10303,.T.);
#8845=ORIENTED_EDGE('',*,*,#10648,.T.);
#8846=ORIENTED_EDGE('',*,*,#10542,.T.);
#8847=ORIENTED_EDGE('',*,*,#10651,.F.);
#8848=CARTESIAN_POINT('',(-7.67426690114209,-5.32703763912734E-17,0.87));
#8849=DIRECTION('',(0.0,-6.12303176911189E-17,1.0));
#8850=DIRECTION('',(1.0,0.0,0.0));
#8851=SURFACE_STYLE_FILL_AREA(#10652);
#8852=ORIENTED_EDGE('',*,*,#10527,.T.);
#8853=ORIENTED_EDGE('',*,*,#10653,.F.);
#8854=ORIENTED_EDGE('',*,*,#10430,.T.);
#8855=ORIENTED_EDGE('',*,*,#10351,.T.);
#8856=ORIENTED_EDGE('',*,*,#10400,.T.);
#8857=CARTESIAN_POINT('',(-7.326738468369,6.55164399294972E-17,-1.07));
#8858=DIRECTION('',(-0.906307787036648,2.58770504284517E-17,-0.422618261740703));
#8859=DIRECTION('',(-0.422618261740703,-5.54935137261889E-17,0.906307787036648));
#8860=SURFACE_STYLE_FILL_AREA(#10654);
#8861=ORIENTED_EDGE('',*,*,#10526,.T.);
#8862=ORIENTED_EDGE('',*,*,#10655,.F.);
#8863=ORIENTED_EDGE('',*,*,#10431,.T.);
#8864=ORIENTED_EDGE('',*,*,#10653,.T.);
#8865=CARTESIAN_POINT('',(-6.35,7.7762503467721E-17,-1.27));
#8866=DIRECTION('',(0.0,6.12303176911189E-17,-1.0));
#8867=DIRECTION('',(-1.0,0.0,0.0));
#8868=SURFACE_STYLE_FILL_AREA(#10656);
#8869=ORIENTED_EDGE('',*,*,#10525,.T.);
#8870=ORIENTED_EDGE('',*,*,#10394,.F.);
#8871=ORIENTED_EDGE('',*,*,#10350,.F.);
#8872=ORIENTED_EDGE('',*,*,#10432,.T.);
#8873=ORIENTED_EDGE('',*,*,#10655,.T.);
#8874=CARTESIAN_POINT('',(-5.373261531631,6.55164399294972E-17,-1.07));
#8875=DIRECTION('',(0.906307787036648,2.58770504284517E-17,-0.422618261740703));
#8876=DIRECTION('',(-0.422618261740703,5.54935137261889E-17,-0.906307787036648));
#8877=SURFACE_STYLE_FILL_AREA(#10657);
#8878=ORIENTED_EDGE('',*,*,#10545,.T.);
#8879=ORIENTED_EDGE('',*,*,#10658,.F.);
#8880=ORIENTED_EDGE('',*,*,#10450,.T.);
#8881=ORIENTED_EDGE('',*,*,#10255,.T.);
#8882=ORIENTED_EDGE('',*,*,#10638,.T.);
#8883=CARTESIAN_POINT('',(-5.373261531631,-6.55164399294972E-17,1.07));
#8884=DIRECTION('',(0.906307787036648,-2.58770504284517E-17,0.422618261740703));
#8885=DIRECTION('',(0.422618261740703,5.54935137261889E-17,-0.906307787036648));
#8886=SURFACE_STYLE_FILL_AREA(#10659);
#8887=ORIENTED_EDGE('',*,*,#10544,.T.);
#8888=ORIENTED_EDGE('',*,*,#10649,.F.);
#8889=ORIENTED_EDGE('',*,*,#10451,.T.);
#8890=ORIENTED_EDGE('',*,*,#10658,.T.);
#8891=CARTESIAN_POINT('',(-6.35,-7.7762503467721E-17,1.27));
#8892=DIRECTION('',(0.0,-6.12303176911189E-17,1.0));
#8893=DIRECTION('',(1.0,0.0,0.0));
#8894=SURFACE_STYLE_FILL_AREA(#10660);
#8895=ORIENTED_EDGE('',*,*,#10539,.T.);
#8896=ORIENTED_EDGE('',*,*,#10661,.F.);
#8897=ORIENTED_EDGE('',*,*,#10252,.F.);
#8898=ORIENTED_EDGE('',*,*,#10448,.T.);
#8899=ORIENTED_EDGE('',*,*,#10662,.T.);
#8900=CARTESIAN_POINT('',(-9.866738468369,-6.55164399294972E-17,1.07));
#8901=DIRECTION('',(-0.906307787036648,-2.58770504284517E-17,0.422618261740703));
#8902=DIRECTION('',(0.422618261740703,-5.54935137261889E-17,0.906307787036648));
#8903=SURFACE_STYLE_FILL_AREA(#10663);
#8904=ORIENTED_EDGE('',*,*,#10304,.T.);
#8905=ORIENTED_EDGE('',*,*,#10661,.T.);
#8906=ORIENTED_EDGE('',*,*,#10538,.T.);
#8907=ORIENTED_EDGE('',*,*,#10664,.F.);
#8908=CARTESIAN_POINT('',(-10.2142669011421,-5.32703763912734E-17,0.87));
#8909=DIRECTION('',(0.0,-6.12303176911189E-17,1.0));
#8910=DIRECTION('',(1.0,0.0,0.0));
#8911=SURFACE_STYLE_FILL_AREA(#10665);
#8912=ORIENTED_EDGE('',*,*,#10530,.T.);
#8913=ORIENTED_EDGE('',*,*,#10666,.F.);
#8914=ORIENTED_EDGE('',*,*,#10434,.T.);
#8915=ORIENTED_EDGE('',*,*,#10355,.T.);
#8916=ORIENTED_EDGE('',*,*,#10484,.T.);
#8917=CARTESIAN_POINT('',(-9.866738468369,6.55164399294972E-17,-1.07));
#8918=DIRECTION('',(-0.906307787036648,2.58770504284517E-17,-0.422618261740703));
#8919=DIRECTION('',(-0.422618261740703,-5.54935137261889E-17,0.906307787036648));
#8920=SURFACE_STYLE_FILL_AREA(#10667);
#8921=ORIENTED_EDGE('',*,*,#10529,.T.);
#8922=ORIENTED_EDGE('',*,*,#10668,.F.);
#8923=ORIENTED_EDGE('',*,*,#10435,.T.);
#8924=ORIENTED_EDGE('',*,*,#10666,.T.);
#8925=CARTESIAN_POINT('',(-8.89,7.7762503467721E-17,-1.27));
#8926=DIRECTION('',(0.0,6.12303176911189E-17,-1.0));
#8927=DIRECTION('',(-1.0,0.0,0.0));
#8928=SURFACE_STYLE_FILL_AREA(#10669);
#8929=ORIENTED_EDGE('',*,*,#10528,.T.);
#8930=ORIENTED_EDGE('',*,*,#10398,.F.);
#8931=ORIENTED_EDGE('',*,*,#10354,.F.);
#8932=ORIENTED_EDGE('',*,*,#10436,.T.);
#8933=ORIENTED_EDGE('',*,*,#10668,.T.);
#8934=CARTESIAN_POINT('',(-7.913261531631,6.55164399294972E-17,-1.07));
#8935=DIRECTION('',(0.906307787036648,2.58770504284517E-17,-0.422618261740703));
#8936=DIRECTION('',(-0.422618261740703,5.54935137261889E-17,-0.906307787036648));
#8937=SURFACE_STYLE_FILL_AREA(#10670);
#8938=ORIENTED_EDGE('',*,*,#10541,.T.);
#8939=ORIENTED_EDGE('',*,*,#10671,.F.);
#8940=ORIENTED_EDGE('',*,*,#10446,.T.);
#8941=ORIENTED_EDGE('',*,*,#10250,.T.);
#8942=ORIENTED_EDGE('',*,*,#10651,.T.);
#8943=CARTESIAN_POINT('',(-7.913261531631,-6.55164399294972E-17,1.07));
#8944=DIRECTION('',(0.906307787036648,-2.58770504284517E-17,0.422618261740703));
#8945=DIRECTION('',(0.422618261740703,5.54935137261889E-17,-0.906307787036648));
#8946=SURFACE_STYLE_FILL_AREA(#10672);
#8947=ORIENTED_EDGE('',*,*,#10540,.T.);
#8948=ORIENTED_EDGE('',*,*,#10662,.F.);
#8949=ORIENTED_EDGE('',*,*,#10447,.T.);
#8950=ORIENTED_EDGE('',*,*,#10671,.T.);
#8951=CARTESIAN_POINT('',(-8.89,-7.7762503467721E-17,1.27));
#8952=DIRECTION('',(0.0,-6.12303176911189E-17,1.0));
#8953=DIRECTION('',(1.0,0.0,0.0));
#8954=SURFACE_STYLE_FILL_AREA(#10673);
#8955=ORIENTED_EDGE('',*,*,#10535,.T.);
#8956=ORIENTED_EDGE('',*,*,#10674,.F.);
#8957=ORIENTED_EDGE('',*,*,#10247,.F.);
#8958=ORIENTED_EDGE('',*,*,#10444,.F.);
#8959=ORIENTED_EDGE('',*,*,#10675,.T.);
#8960=CARTESIAN_POINT('',(-12.606738468369,-6.55164399294972E-17,1.07));
#8961=DIRECTION('',(-0.90630778703665,-2.58770504284514E-17,0.422618261740699));
#8962=DIRECTION('',(0.422618261740699,-5.5493513726189E-17,0.90630778703665));
#8963=SURFACE_STYLE_FILL_AREA(#10676);
#8964=ORIENTED_EDGE('',*,*,#10305,.T.);
#8965=ORIENTED_EDGE('',*,*,#10674,.T.);
#8966=ORIENTED_EDGE('',*,*,#10534,.T.);
#8967=ORIENTED_EDGE('',*,*,#10677,.F.);
#8968=CARTESIAN_POINT('',(-12.7,6.79793085057932E-33,-1.11022302462516E-16));
#8969=DIRECTION('',(-1.0,0.0,0.0));
#8970=DIRECTION('',(0.0,-6.12303176911189E-17,1.0));
#8971=SURFACE_STYLE_FILL_AREA(#10678);
#8972=ORIENTED_EDGE('',*,*,#10533,.T.);
#8973=ORIENTED_EDGE('',*,*,#10679,.F.);
#8974=ORIENTED_EDGE('',*,*,#10438,.F.);
#8975=ORIENTED_EDGE('',*,*,#10358,.T.);
#8976=ORIENTED_EDGE('',*,*,#10677,.T.);
#8977=CARTESIAN_POINT('',(-12.606738468369,6.55164399294972E-17,-1.07));
#8978=DIRECTION('',(-0.90630778703665,2.58770504284515E-17,-0.422618261740699));
#8979=DIRECTION('',(-0.422618261740699,-5.5493513726189E-17,0.90630778703665));
#8980=SURFACE_STYLE_FILL_AREA(#10680);
#8981=ORIENTED_EDGE('',*,*,#10532,.T.);
#8982=ORIENTED_EDGE('',*,*,#10681,.F.);
#8983=ORIENTED_EDGE('',*,*,#10439,.F.);
#8984=ORIENTED_EDGE('',*,*,#10679,.T.);
#8985=CARTESIAN_POINT('',(-11.53,7.7762503467721E-17,-1.27));
#8986=DIRECTION('',(0.0,6.12303176911189E-17,-1.0));
#8987=DIRECTION('',(-1.0,0.0,0.0));
#8988=SURFACE_STYLE_FILL_AREA(#10682);
#8989=ORIENTED_EDGE('',*,*,#10531,.T.);
#8990=ORIENTED_EDGE('',*,*,#10482,.F.);
#8991=ORIENTED_EDGE('',*,*,#10360,.F.);
#8992=ORIENTED_EDGE('',*,*,#10440,.F.);
#8993=ORIENTED_EDGE('',*,*,#10681,.T.);
#8994=CARTESIAN_POINT('',(-10.453261531631,6.55164399294972E-17,-1.07));
#8995=DIRECTION('',(0.906307787036648,2.58770504284517E-17,-0.422618261740703));
#8996=DIRECTION('',(-0.422618261740703,5.54935137261889E-17,-0.906307787036648));
#8997=SURFACE_STYLE_FILL_AREA(#10683);
#8998=ORIENTED_EDGE('',*,*,#10537,.T.);
#8999=ORIENTED_EDGE('',*,*,#10684,.F.);
#9000=ORIENTED_EDGE('',*,*,#10442,.F.);
#9001=ORIENTED_EDGE('',*,*,#10245,.T.);
#9002=ORIENTED_EDGE('',*,*,#10664,.T.);
#9003=CARTESIAN_POINT('',(-10.453261531631,-6.55164399294972E-17,1.07));
#9004=DIRECTION('',(0.906307787036648,-2.58770504284517E-17,0.422618261740703));
#9005=DIRECTION('',(0.422618261740703,5.54935137261889E-17,-0.906307787036648));
#9006=SURFACE_STYLE_FILL_AREA(#10685);
#9007=ORIENTED_EDGE('',*,*,#10536,.T.);
#9008=ORIENTED_EDGE('',*,*,#10675,.F.);
#9009=ORIENTED_EDGE('',*,*,#10443,.F.);
#9010=ORIENTED_EDGE('',*,*,#10684,.T.);
#9011=CARTESIAN_POINT('',(-11.53,-7.7762503467721E-17,1.27));
#9012=DIRECTION('',(0.0,-6.12303176911189E-17,1.0));
#9013=DIRECTION('',(1.0,0.0,0.0));
#9014=FILL_AREA_STYLE('',(#10686));
#9015=EDGE_CURVE('',#10687,#10688,#10689,.T.);
#9016=EDGE_CURVE('',#10687,#10690,#10691,.T.);
#9017=EDGE_CURVE('',#10690,#10692,#10693,.T.);
#9018=EDGE_CURVE('',#10692,#10694,#10695,.T.);
#9019=EDGE_CURVE('',#10694,#10688,#10696,.T.);
#9020=FILL_AREA_STYLE('',(#10697));
#9021=EDGE_CURVE('',#10698,#10699,#10700,.T.);
#9022=EDGE_CURVE('',#10698,#10701,#10702,.T.);
#9023=EDGE_CURVE('',#10701,#10703,#10704,.T.);
#9024=EDGE_CURVE('',#10703,#10705,#10706,.T.);
#9025=EDGE_CURVE('',#10705,#10699,#10707,.T.);
#9026=FILL_AREA_STYLE('',(#10708));
#9027=EDGE_CURVE('',#10709,#10710,#10711,.T.);
#9028=EDGE_CURVE('',#10709,#10712,#10713,.T.);
#9029=EDGE_CURVE('',#10712,#10714,#10715,.T.);
#9030=EDGE_CURVE('',#10714,#10716,#10717,.T.);
#9031=EDGE_CURVE('',#10716,#10710,#10718,.T.);
#9032=FILL_AREA_STYLE('',(#10719));
#9033=EDGE_CURVE('',#10720,#10721,#10722,.T.);
#9034=EDGE_CURVE('',#10720,#10723,#10724,.T.);
#9035=EDGE_CURVE('',#10723,#10725,#10726,.T.);
#9036=EDGE_CURVE('',#10725,#10727,#10728,.T.);
#9037=EDGE_CURVE('',#10727,#10721,#10729,.T.);
#9038=FILL_AREA_STYLE('',(#10730));
#9039=EDGE_CURVE('',#10731,#10732,#10733,.T.);
#9040=EDGE_CURVE('',#10731,#10734,#10735,.T.);
#9041=EDGE_CURVE('',#10734,#10736,#10737,.T.);
#9042=EDGE_CURVE('',#10736,#10738,#10739,.T.);
#9043=EDGE_CURVE('',#10738,#10732,#10740,.T.);
#9044=FILL_AREA_STYLE('',(#10741));
#9045=EDGE_CURVE('',#10742,#10743,#10744,.T.);
#9046=EDGE_CURVE('',#10742,#10745,#10746,.T.);
#9047=EDGE_CURVE('',#10745,#10747,#10748,.T.);
#9048=EDGE_CURVE('',#10747,#10749,#10750,.T.);
#9049=EDGE_CURVE('',#10749,#10743,#10751,.T.);
#9050=FILL_AREA_STYLE('',(#10752));
#9051=EDGE_CURVE('',#10753,#10754,#10755,.T.);
#9052=EDGE_CURVE('',#10753,#10756,#10757,.T.);
#9053=EDGE_CURVE('',#10756,#10758,#10759,.T.);
#9054=EDGE_CURVE('',#10758,#10760,#10761,.T.);
#9055=EDGE_CURVE('',#10760,#10754,#10762,.T.);
#9056=FILL_AREA_STYLE('',(#10763));
#9057=EDGE_CURVE('',#10764,#10765,#10766,.T.);
#9058=EDGE_CURVE('',#10764,#10767,#10768,.T.);
#9059=EDGE_CURVE('',#10767,#10769,#10770,.T.);
#9060=EDGE_CURVE('',#10769,#10771,#10772,.T.);
#9061=EDGE_CURVE('',#10771,#10765,#10773,.T.);
#9062=FILL_AREA_STYLE('',(#10774));
#9063=EDGE_CURVE('',#10775,#10776,#10777,.T.);
#9064=EDGE_CURVE('',#10775,#10778,#10779,.T.);
#9065=EDGE_CURVE('',#10778,#10780,#10781,.T.);
#9066=EDGE_CURVE('',#10780,#10782,#10783,.T.);
#9067=EDGE_CURVE('',#10782,#10776,#10784,.T.);
#9068=FILL_AREA_STYLE('',(#10785));
#9069=EDGE_CURVE('',#10786,#10787,#10788,.T.);
#9070=EDGE_CURVE('',#10786,#10789,#10790,.T.);
#9071=EDGE_CURVE('',#10789,#10791,#10792,.T.);
#9072=EDGE_CURVE('',#10791,#10793,#10794,.T.);
#9073=EDGE_CURVE('',#10793,#10787,#10795,.T.);
#9074=FILL_AREA_STYLE('',(#10796));
#9075=EDGE_CURVE('',#10787,#10786,#10797,.T.);
#9076=EDGE_CURVE('',#10793,#10798,#10799,.T.);
#9077=EDGE_CURVE('',#10798,#10789,#10800,.T.);
#9078=FILL_AREA_STYLE('',(#10801));
#9079=EDGE_CURVE('',#10776,#10775,#10802,.T.);
#9080=EDGE_CURVE('',#10782,#10803,#10804,.T.);
#9081=EDGE_CURVE('',#10803,#10778,#10805,.T.);
#9082=FILL_AREA_STYLE('',(#10806));
#9083=EDGE_CURVE('',#10765,#10764,#10807,.T.);
#9084=EDGE_CURVE('',#10771,#10808,#10809,.T.);
#9085=EDGE_CURVE('',#10808,#10767,#10810,.T.);
#9086=FILL_AREA_STYLE('',(#10811));
#9087=EDGE_CURVE('',#10754,#10753,#10812,.T.);
#9088=EDGE_CURVE('',#10760,#10813,#10814,.T.);
#9089=EDGE_CURVE('',#10813,#10756,#10815,.T.);
#9090=FILL_AREA_STYLE('',(#10816));
#9091=EDGE_CURVE('',#10743,#10742,#10817,.T.);
#9092=EDGE_CURVE('',#10749,#10818,#10819,.T.);
#9093=EDGE_CURVE('',#10818,#10745,#10820,.T.);
#9094=FILL_AREA_STYLE('',(#10821));
#9095=EDGE_CURVE('',#10732,#10731,#10822,.T.);
#9096=EDGE_CURVE('',#10738,#10823,#10824,.T.);
#9097=EDGE_CURVE('',#10823,#10734,#10825,.T.);
#9098=FILL_AREA_STYLE('',(#10826));
#9099=EDGE_CURVE('',#10721,#10720,#10827,.T.);
#9100=EDGE_CURVE('',#10727,#10828,#10829,.T.);
#9101=EDGE_CURVE('',#10828,#10723,#10830,.T.);
#9102=FILL_AREA_STYLE('',(#10831));
#9103=EDGE_CURVE('',#10710,#10709,#10832,.T.);
#9104=EDGE_CURVE('',#10716,#10833,#10834,.T.);
#9105=EDGE_CURVE('',#10833,#10712,#10835,.T.);
#9106=FILL_AREA_STYLE('',(#10836));
#9107=EDGE_CURVE('',#10699,#10698,#10837,.T.);
#9108=EDGE_CURVE('',#10705,#10838,#10839,.T.);
#9109=EDGE_CURVE('',#10838,#10701,#10840,.T.);
#9110=FILL_AREA_STYLE('',(#10841));
#9111=EDGE_CURVE('',#10688,#10687,#10842,.T.);
#9112=EDGE_CURVE('',#10694,#10843,#10844,.T.);
#9113=EDGE_CURVE('',#10843,#10690,#10845,.T.);
#9114=FILL_AREA_STYLE('',(#10846));
#9115=EDGE_CURVE('',#10847,#10848,#10849,.T.);
#9116=EDGE_CURVE('',#10847,#10850,#10851,.T.);
#9117=EDGE_CURVE('',#10852,#10850,#10853,.T.);
#9118=EDGE_CURVE('',#10848,#10852,#10854,.T.);
#9119=FILL_AREA_STYLE('',(#10855));
#9120=EDGE_CURVE('',#10856,#10857,#10858,.T.);
#9121=EDGE_CURVE('',#10856,#10859,#10860,.T.);
#9122=EDGE_CURVE('',#10859,#10861,#10862,.T.);
#9123=EDGE_CURVE('',#10863,#10861,#10864,.T.);
#9124=EDGE_CURVE('',#10857,#10863,#10865,.T.);
#9125=FILL_AREA_STYLE('',(#10866));
#9126=EDGE_CURVE('',#10867,#10868,#10869,.T.);
#9127=EDGE_CURVE('',#10867,#10870,#10871,.T.);
#9128=EDGE_CURVE('',#10870,#10872,#10873,.T.);
#9129=EDGE_CURVE('',#10859,#10872,#10874,.T.);
#9130=EDGE_CURVE('',#10868,#10856,#10875,.T.);
#9131=FILL_AREA_STYLE('',(#10876));
#9132=EDGE_CURVE('',#10848,#10877,#10878,.T.);
#9133=EDGE_CURVE('',#10879,#10852,#10880,.T.);
#9134=EDGE_CURVE('',#10877,#10879,#10881,.T.);
#9135=FILL_AREA_STYLE('',(#10882));
#9136=EDGE_CURVE('',#10883,#10884,#10885,.T.);
#9137=EDGE_CURVE('',#10886,#10883,#10887,.T.);
#9138=EDGE_CURVE('',#10888,#10886,#10889,.T.);
#9139=EDGE_CURVE('',#10884,#10888,#10890,.T.);
#9140=FILL_AREA_STYLE('',(#10891));
#9141=EDGE_CURVE('',#10892,#10893,#10894,.T.);
#9142=EDGE_CURVE('',#10892,#10895,#10896,.T.);
#9143=EDGE_CURVE('',#10897,#10895,#10898,.T.);
#9144=EDGE_CURVE('',#10893,#10897,#10899,.T.);
#9145=FILL_AREA_STYLE('',(#10900));
#9146=EDGE_CURVE('',#10901,#10902,#10903,.T.);
#9147=EDGE_CURVE('',#10901,#10904,#10905,.T.);
#9148=EDGE_CURVE('',#10904,#10906,#10907,.T.);
#9149=EDGE_CURVE('',#10908,#10906,#10909,.T.);
#9150=EDGE_CURVE('',#10902,#10908,#10910,.T.);
#9151=FILL_AREA_STYLE('',(#10911));
#9152=EDGE_CURVE('',#10912,#10913,#10914,.T.);
#9153=EDGE_CURVE('',#10912,#10915,#10916,.T.);
#9154=EDGE_CURVE('',#10915,#10917,#10918,.T.);
#9155=EDGE_CURVE('',#10904,#10917,#10919,.T.);
#9156=EDGE_CURVE('',#10913,#10901,#10920,.T.);
#9157=FILL_AREA_STYLE('',(#10921));
#9158=EDGE_CURVE('',#10893,#10922,#10923,.T.);
#9159=EDGE_CURVE('',#10924,#10897,#10925,.T.);
#9160=EDGE_CURVE('',#10922,#10924,#10926,.T.);
#9161=FILL_AREA_STYLE('',(#10927));
#9162=EDGE_CURVE('',#10928,#10929,#10930,.T.);
#9163=EDGE_CURVE('',#10931,#10928,#10932,.T.);
#9164=EDGE_CURVE('',#10933,#10931,#10934,.T.);
#9165=EDGE_CURVE('',#10929,#10933,#10935,.T.);
#9166=FILL_AREA_STYLE('',(#10936));
#9167=EDGE_CURVE('',#10937,#10938,#10939,.T.);
#9168=EDGE_CURVE('',#10937,#10940,#10941,.T.);
#9169=EDGE_CURVE('',#10942,#10940,#10943,.T.);
#9170=EDGE_CURVE('',#10938,#10942,#10944,.T.);
#9171=FILL_AREA_STYLE('',(#10945));
#9172=EDGE_CURVE('',#10946,#10947,#10948,.T.);
#9173=EDGE_CURVE('',#10946,#10949,#10950,.T.);
#9174=EDGE_CURVE('',#10949,#10951,#10952,.T.);
#9175=EDGE_CURVE('',#10953,#10951,#10954,.T.);
#9176=EDGE_CURVE('',#10947,#10953,#10955,.T.);
#9177=FILL_AREA_STYLE('',(#10956));
#9178=EDGE_CURVE('',#10957,#10958,#10959,.T.);
#9179=EDGE_CURVE('',#10957,#10960,#10961,.T.);
#9180=EDGE_CURVE('',#10960,#10962,#10963,.T.);
#9181=EDGE_CURVE('',#10949,#10962,#10964,.T.);
#9182=EDGE_CURVE('',#10958,#10946,#10965,.T.);
#9183=FILL_AREA_STYLE('',(#10966));
#9184=EDGE_CURVE('',#10938,#10967,#10968,.T.);
#9185=EDGE_CURVE('',#10969,#10942,#10970,.T.);
#9186=EDGE_CURVE('',#10967,#10969,#10971,.T.);
#9187=FILL_AREA_STYLE('',(#10972));
#9188=EDGE_CURVE('',#10973,#10974,#10975,.T.);
#9189=EDGE_CURVE('',#10976,#10973,#10977,.T.);
#9190=EDGE_CURVE('',#10978,#10976,#10979,.T.);
#9191=EDGE_CURVE('',#10974,#10978,#10980,.T.);
#9192=FILL_AREA_STYLE('',(#10981));
#9193=EDGE_CURVE('',#10982,#10983,#10984,.T.);
#9194=EDGE_CURVE('',#10982,#10985,#10986,.T.);
#9195=EDGE_CURVE('',#10987,#10985,#10988,.T.);
#9196=EDGE_CURVE('',#10983,#10987,#10989,.T.);
#9197=FILL_AREA_STYLE('',(#10990));
#9198=EDGE_CURVE('',#10991,#10992,#10993,.T.);
#9199=EDGE_CURVE('',#10991,#10994,#10995,.T.);
#9200=EDGE_CURVE('',#10994,#10996,#10997,.T.);
#9201=EDGE_CURVE('',#10998,#10996,#10999,.T.);
#9202=EDGE_CURVE('',#10992,#10998,#11000,.T.);
#9203=FILL_AREA_STYLE('',(#11001));
#9204=EDGE_CURVE('',#11002,#11003,#11004,.T.);
#9205=EDGE_CURVE('',#11002,#11005,#11006,.T.);
#9206=EDGE_CURVE('',#11005,#11007,#11008,.T.);
#9207=EDGE_CURVE('',#10994,#11007,#11009,.T.);
#9208=EDGE_CURVE('',#11003,#10991,#11010,.T.);
#9209=FILL_AREA_STYLE('',(#11011));
#9210=EDGE_CURVE('',#10983,#11012,#11013,.T.);
#9211=EDGE_CURVE('',#11014,#10987,#11015,.T.);
#9212=EDGE_CURVE('',#11012,#11014,#11016,.T.);
#9213=FILL_AREA_STYLE('',(#11017));
#9214=EDGE_CURVE('',#11018,#11019,#11020,.T.);
#9215=EDGE_CURVE('',#11021,#11018,#11022,.T.);
#9216=EDGE_CURVE('',#11023,#11021,#11024,.T.);
#9217=EDGE_CURVE('',#11019,#11023,#11025,.T.);
#9218=FILL_AREA_STYLE('',(#11026));
#9219=EDGE_CURVE('',#11027,#11028,#11029,.T.);
#9220=EDGE_CURVE('',#11027,#11030,#11031,.T.);
#9221=EDGE_CURVE('',#11032,#11030,#11033,.T.);
#9222=EDGE_CURVE('',#11028,#11032,#11034,.T.);
#9223=FILL_AREA_STYLE('',(#11035));
#9224=EDGE_CURVE('',#11036,#11037,#11038,.T.);
#9225=EDGE_CURVE('',#11036,#11039,#11040,.T.);
#9226=EDGE_CURVE('',#11039,#11041,#11042,.T.);
#9227=EDGE_CURVE('',#11043,#11041,#11044,.T.);
#9228=EDGE_CURVE('',#11037,#11043,#11045,.T.);
#9229=FILL_AREA_STYLE('',(#11046));
#9230=EDGE_CURVE('',#11047,#11048,#11049,.T.);
#9231=EDGE_CURVE('',#11047,#11050,#11051,.T.);
#9232=EDGE_CURVE('',#11050,#11052,#11053,.T.);
#9233=EDGE_CURVE('',#11039,#11052,#11054,.T.);
#9234=EDGE_CURVE('',#11048,#11036,#11055,.T.);
#9235=FILL_AREA_STYLE('',(#11056));
#9236=EDGE_CURVE('',#11028,#11057,#11058,.T.);
#9237=EDGE_CURVE('',#11059,#11032,#11060,.T.);
#9238=EDGE_CURVE('',#11057,#11059,#11061,.T.);
#9239=FILL_AREA_STYLE('',(#11062));
#9240=EDGE_CURVE('',#11063,#11064,#11065,.T.);
#9241=EDGE_CURVE('',#11066,#11063,#11067,.T.);
#9242=EDGE_CURVE('',#11068,#11066,#11069,.T.);
#9243=EDGE_CURVE('',#11064,#11068,#11070,.T.);
#9244=FILL_AREA_STYLE('',(#11071));
#9245=EDGE_CURVE('',#11072,#11073,#11074,.T.);
#9246=EDGE_CURVE('',#11072,#11075,#11076,.T.);
#9247=EDGE_CURVE('',#11077,#11075,#11078,.T.);
#9248=EDGE_CURVE('',#11073,#11077,#11079,.T.);
#9249=FILL_AREA_STYLE('',(#11080));
#9250=EDGE_CURVE('',#11081,#11082,#11083,.T.);
#9251=EDGE_CURVE('',#11081,#11084,#11085,.T.);
#9252=EDGE_CURVE('',#11084,#11086,#11087,.T.);
#9253=EDGE_CURVE('',#11088,#11086,#11089,.T.);
#9254=EDGE_CURVE('',#11082,#11088,#11090,.T.);
#9255=FILL_AREA_STYLE('',(#11091));
#9256=EDGE_CURVE('',#11092,#11093,#11094,.T.);
#9257=EDGE_CURVE('',#11092,#11095,#11096,.T.);
#9258=EDGE_CURVE('',#11095,#11097,#11098,.T.);
#9259=EDGE_CURVE('',#11084,#11097,#11099,.T.);
#9260=EDGE_CURVE('',#11093,#11081,#11100,.T.);
#9261=FILL_AREA_STYLE('',(#11101));
#9262=EDGE_CURVE('',#11073,#11102,#11103,.T.);
#9263=EDGE_CURVE('',#11104,#11077,#11105,.T.);
#9264=EDGE_CURVE('',#11102,#11104,#11106,.T.);
#9265=FILL_AREA_STYLE('',(#11107));
#9266=EDGE_CURVE('',#11108,#11109,#11110,.T.);
#9267=EDGE_CURVE('',#11111,#11108,#11112,.T.);
#9268=EDGE_CURVE('',#11113,#11111,#11114,.T.);
#9269=EDGE_CURVE('',#11109,#11113,#11115,.T.);
#9270=FILL_AREA_STYLE('',(#11116));
#9271=EDGE_CURVE('',#11117,#11118,#11119,.T.);
#9272=EDGE_CURVE('',#11117,#11120,#11121,.T.);
#9273=EDGE_CURVE('',#11122,#11120,#11123,.T.);
#9274=EDGE_CURVE('',#11118,#11122,#11124,.T.);
#9275=FILL_AREA_STYLE('',(#11125));
#9276=EDGE_CURVE('',#11126,#11127,#11128,.T.);
#9277=EDGE_CURVE('',#11126,#11129,#11130,.T.);
#9278=EDGE_CURVE('',#11129,#11131,#11132,.T.);
#9279=EDGE_CURVE('',#11133,#11131,#11134,.T.);
#9280=EDGE_CURVE('',#11127,#11133,#11135,.T.);
#9281=FILL_AREA_STYLE('',(#11136));
#9282=EDGE_CURVE('',#11137,#11138,#11139,.T.);
#9283=EDGE_CURVE('',#11137,#11140,#11141,.T.);
#9284=EDGE_CURVE('',#11140,#11142,#11143,.T.);
#9285=EDGE_CURVE('',#11129,#11142,#11144,.T.);
#9286=EDGE_CURVE('',#11138,#11126,#11145,.T.);
#9287=FILL_AREA_STYLE('',(#11146));
#9288=EDGE_CURVE('',#11118,#11147,#11148,.T.);
#9289=EDGE_CURVE('',#11149,#11122,#11150,.T.);
#9290=EDGE_CURVE('',#11147,#11149,#11151,.T.);
#9291=FILL_AREA_STYLE('',(#11152));
#9292=EDGE_CURVE('',#11153,#11154,#11155,.T.);
#9293=EDGE_CURVE('',#11156,#11153,#11157,.T.);
#9294=EDGE_CURVE('',#11158,#11156,#11159,.T.);
#9295=EDGE_CURVE('',#11154,#11158,#11160,.T.);
#9296=FILL_AREA_STYLE('',(#11161));
#9297=EDGE_CURVE('',#11162,#11163,#11164,.T.);
#9298=EDGE_CURVE('',#11162,#11165,#11166,.T.);
#9299=EDGE_CURVE('',#11167,#11165,#11168,.T.);
#9300=EDGE_CURVE('',#11163,#11167,#11169,.T.);
#9301=FILL_AREA_STYLE('',(#11170));
#9302=EDGE_CURVE('',#11171,#11172,#11173,.T.);
#9303=EDGE_CURVE('',#11171,#11174,#11175,.T.);
#9304=EDGE_CURVE('',#11174,#11176,#11177,.T.);
#9305=EDGE_CURVE('',#11178,#11176,#11179,.T.);
#9306=EDGE_CURVE('',#11172,#11178,#11180,.T.);
#9307=FILL_AREA_STYLE('',(#11181));
#9308=EDGE_CURVE('',#11182,#11183,#11184,.T.);
#9309=EDGE_CURVE('',#11182,#11185,#11186,.T.);
#9310=EDGE_CURVE('',#11185,#11187,#11188,.T.);
#9311=EDGE_CURVE('',#11174,#11187,#11189,.T.);
#9312=EDGE_CURVE('',#11183,#11171,#11190,.T.);
#9313=FILL_AREA_STYLE('',(#11191));
#9314=EDGE_CURVE('',#11163,#11192,#11193,.T.);
#9315=EDGE_CURVE('',#11194,#11167,#11195,.T.);
#9316=EDGE_CURVE('',#11192,#11194,#11196,.T.);
#9317=FILL_AREA_STYLE('',(#11197));
#9318=EDGE_CURVE('',#11198,#11199,#11200,.T.);
#9319=EDGE_CURVE('',#11201,#11198,#11202,.T.);
#9320=EDGE_CURVE('',#11203,#11201,#11204,.T.);
#9321=EDGE_CURVE('',#11199,#11203,#11205,.T.);
#9322=FILL_AREA_STYLE('',(#11206));
#9323=EDGE_CURVE('',#11207,#11208,#11209,.T.);
#9324=EDGE_CURVE('',#11207,#11210,#11211,.T.);
#9325=EDGE_CURVE('',#11212,#11210,#11213,.T.);
#9326=EDGE_CURVE('',#11208,#11212,#11214,.T.);
#9327=FILL_AREA_STYLE('',(#11215));
#9328=EDGE_CURVE('',#11216,#11217,#11218,.T.);
#9329=EDGE_CURVE('',#11216,#11219,#11220,.T.);
#9330=EDGE_CURVE('',#11219,#11221,#11222,.T.);
#9331=EDGE_CURVE('',#11223,#11221,#11224,.T.);
#9332=EDGE_CURVE('',#11217,#11223,#11225,.T.);
#9333=FILL_AREA_STYLE('',(#11226));
#9334=EDGE_CURVE('',#11227,#11228,#11229,.T.);
#9335=EDGE_CURVE('',#11227,#11230,#11231,.T.);
#9336=EDGE_CURVE('',#11230,#11232,#11233,.T.);
#9337=EDGE_CURVE('',#11219,#11232,#11234,.T.);
#9338=EDGE_CURVE('',#11228,#11216,#11235,.T.);
#9339=FILL_AREA_STYLE('',(#11236));
#9340=EDGE_CURVE('',#11208,#11237,#11238,.T.);
#9341=EDGE_CURVE('',#11239,#11212,#11240,.T.);
#9342=EDGE_CURVE('',#11237,#11239,#11241,.T.);
#9343=FILL_AREA_STYLE('',(#11242));
#9344=EDGE_CURVE('',#11243,#11244,#11245,.T.);
#9345=EDGE_CURVE('',#11246,#11243,#11247,.T.);
#9346=EDGE_CURVE('',#11248,#11246,#11249,.T.);
#9347=EDGE_CURVE('',#11244,#11248,#11250,.T.);
#9348=FILL_AREA_STYLE('',(#11251));
#9349=EDGE_CURVE('',#11252,#11253,#11254,.T.);
#9350=EDGE_CURVE('',#11252,#11255,#11256,.T.);
#9351=EDGE_CURVE('',#11257,#11255,#11258,.T.);
#9352=EDGE_CURVE('',#11253,#11257,#11259,.T.);
#9353=FILL_AREA_STYLE('',(#11260));
#9354=EDGE_CURVE('',#11261,#11262,#11263,.T.);
#9355=EDGE_CURVE('',#11261,#11264,#11265,.T.);
#9356=EDGE_CURVE('',#11264,#11266,#11267,.T.);
#9357=EDGE_CURVE('',#11268,#11266,#11269,.T.);
#9358=EDGE_CURVE('',#11262,#11268,#11270,.T.);
#9359=FILL_AREA_STYLE('',(#11271));
#9360=EDGE_CURVE('',#11272,#11273,#11274,.T.);
#9361=EDGE_CURVE('',#11272,#11275,#11276,.T.);
#9362=EDGE_CURVE('',#11275,#11277,#11278,.T.);
#9363=EDGE_CURVE('',#11264,#11277,#11279,.T.);
#9364=EDGE_CURVE('',#11273,#11261,#11280,.T.);
#9365=FILL_AREA_STYLE('',(#11281));
#9366=EDGE_CURVE('',#11253,#11282,#11283,.T.);
#9367=EDGE_CURVE('',#11284,#11257,#11285,.T.);
#9368=EDGE_CURVE('',#11282,#11284,#11286,.T.);
#9369=FILL_AREA_STYLE('',(#11287));
#9370=EDGE_CURVE('',#11288,#11289,#11290,.T.);
#9371=EDGE_CURVE('',#11291,#11288,#11292,.T.);
#9372=EDGE_CURVE('',#11293,#11291,#11294,.T.);
#9373=EDGE_CURVE('',#11289,#11293,#11295,.T.);
#9374=FILL_AREA_STYLE('',(#11296));
#9375=EDGE_CURVE('',#11297,#10687,#11298,.T.);
#9376=EDGE_CURVE('',#11299,#11297,#11300,.T.);
#9377=EDGE_CURVE('',#11301,#11299,#11302,.T.);
#9378=EDGE_CURVE('',#10688,#11301,#11303,.T.);
#9379=FILL_AREA_STYLE('',(#11304));
#9380=EDGE_CURVE('',#11299,#11305,#11306,.T.);
#9381=EDGE_CURVE('',#11297,#11307,#11308,.T.);
#9382=EDGE_CURVE('',#11309,#11307,#11310,.T.);
#9383=EDGE_CURVE('',#11305,#11309,#11311,.T.);
#9384=FILL_AREA_STYLE('',(#11312));
#9385=EDGE_CURVE('',#11313,#11305,#11314,.T.);
#9386=EDGE_CURVE('',#11315,#11313,#11316,.T.);
#9387=EDGE_CURVE('',#11309,#11315,#11317,.T.);
#9388=EDGE_CURVE('',#11309,#11305,#11318,.T.);
#9389=FILL_AREA_STYLE('',(#11319));
#9390=EDGE_CURVE('',#11313,#11320,#11321,.T.);
#9391=EDGE_CURVE('',#11313,#11315,#11322,.T.);
#9392=EDGE_CURVE('',#11323,#11315,#11324,.T.);
#9393=EDGE_CURVE('',#11320,#11323,#11325,.T.);
#9394=FILL_AREA_STYLE('',(#11326));
#9395=EDGE_CURVE('',#11327,#11323,#11328,.T.);
#9396=EDGE_CURVE('',#11320,#11327,#11329,.T.);
#9397=FILL_AREA_STYLE('',(#11330));
#9398=EDGE_CURVE('',#11331,#11332,#11333,.T.);
#9399=EDGE_CURVE('',#11334,#11331,#11335,.T.);
#9400=EDGE_CURVE('',#11336,#11334,#11337,.T.);
#9401=EDGE_CURVE('',#11332,#11336,#11338,.T.);
#9402=FILL_AREA_STYLE('',(#11339));
#9403=EDGE_CURVE('',#11332,#11340,#11341,.T.);
#9404=EDGE_CURVE('',#11342,#11336,#11343,.T.);
#9405=EDGE_CURVE('',#11340,#11342,#11344,.T.);
#9406=FILL_AREA_STYLE('',(#11345));
#9407=EDGE_CURVE('',#11340,#11346,#11347,.T.);
#9408=EDGE_CURVE('',#11348,#11342,#11349,.T.);
#9409=EDGE_CURVE('',#11346,#11348,#11350,.T.);
#9410=FILL_AREA_STYLE('',(#11351));
#9411=EDGE_CURVE('',#11352,#11353,#11354,.T.);
#9412=EDGE_CURVE('',#11352,#11355,#11356,.T.);
#9413=EDGE_CURVE('',#11357,#11355,#11358,.T.);
#9414=EDGE_CURVE('',#11353,#11357,#11359,.T.);
#9415=FILL_AREA_STYLE('',(#11360));
#9416=EDGE_CURVE('',#11353,#11361,#11362,.T.);
#9417=EDGE_CURVE('',#11363,#11357,#11364,.T.);
#9418=EDGE_CURVE('',#11361,#11363,#11365,.T.);
#9419=FILL_AREA_STYLE('',(#11366));
#9420=EDGE_CURVE('',#11361,#10843,#11367,.T.);
#9421=EDGE_CURVE('',#10692,#11363,#11368,.T.);
#9422=FILL_AREA_STYLE('',(#11369));
#9423=EDGE_CURVE('',#11370,#10698,#11371,.T.);
#9424=EDGE_CURVE('',#11372,#11370,#11373,.T.);
#9425=EDGE_CURVE('',#11374,#11372,#11375,.T.);
#9426=EDGE_CURVE('',#10699,#11374,#11376,.T.);
#9427=FILL_AREA_STYLE('',(#11377));
#9428=EDGE_CURVE('',#11372,#11378,#11379,.T.);
#9429=EDGE_CURVE('',#11370,#11380,#11381,.T.);
#9430=EDGE_CURVE('',#11382,#11380,#11383,.T.);
#9431=EDGE_CURVE('',#11378,#11382,#11384,.T.);
#9432=FILL_AREA_STYLE('',(#11385));
#9433=EDGE_CURVE('',#11386,#11378,#11387,.T.);
#9434=EDGE_CURVE('',#11388,#11386,#11389,.T.);
#9435=EDGE_CURVE('',#11382,#11388,#11390,.T.);
#9436=EDGE_CURVE('',#11382,#11378,#11391,.T.);
#9437=FILL_AREA_STYLE('',(#11392));
#9438=EDGE_CURVE('',#11386,#11393,#11394,.T.);
#9439=EDGE_CURVE('',#11386,#11388,#11395,.T.);
#9440=EDGE_CURVE('',#11396,#11388,#11397,.T.);
#9441=EDGE_CURVE('',#11393,#11396,#11398,.T.);
#9442=FILL_AREA_STYLE('',(#11399));
#9443=EDGE_CURVE('',#11400,#11396,#11401,.T.);
#9444=EDGE_CURVE('',#11393,#11400,#11402,.T.);
#9445=FILL_AREA_STYLE('',(#11403));
#9446=EDGE_CURVE('',#11404,#11405,#11406,.T.);
#9447=EDGE_CURVE('',#11407,#11404,#11408,.T.);
#9448=EDGE_CURVE('',#11409,#11407,#11410,.T.);
#9449=EDGE_CURVE('',#11405,#11409,#11411,.T.);
#9450=FILL_AREA_STYLE('',(#11412));
#9451=EDGE_CURVE('',#11405,#11413,#11414,.T.);
#9452=EDGE_CURVE('',#11415,#11409,#11416,.T.);
#9453=EDGE_CURVE('',#11413,#11415,#11417,.T.);
#9454=FILL_AREA_STYLE('',(#11418));
#9455=EDGE_CURVE('',#11413,#11419,#11420,.T.);
#9456=EDGE_CURVE('',#11421,#11415,#11422,.T.);
#9457=EDGE_CURVE('',#11419,#11421,#11423,.T.);
#9458=FILL_AREA_STYLE('',(#11424));
#9459=EDGE_CURVE('',#11425,#11426,#11427,.T.);
#9460=EDGE_CURVE('',#11425,#11428,#11429,.T.);
#9461=EDGE_CURVE('',#11430,#11428,#11431,.T.);
#9462=EDGE_CURVE('',#11426,#11430,#11432,.T.);
#9463=FILL_AREA_STYLE('',(#11433));
#9464=EDGE_CURVE('',#11426,#11434,#11435,.T.);
#9465=EDGE_CURVE('',#11436,#11430,#11437,.T.);
#9466=EDGE_CURVE('',#11434,#11436,#11438,.T.);
#9467=FILL_AREA_STYLE('',(#11439));
#9468=EDGE_CURVE('',#11434,#10838,#11440,.T.);
#9469=EDGE_CURVE('',#10703,#11436,#11441,.T.);
#9470=FILL_AREA_STYLE('',(#11442));
#9471=EDGE_CURVE('',#11443,#10709,#11444,.T.);
#9472=EDGE_CURVE('',#11445,#11443,#11446,.T.);
#9473=EDGE_CURVE('',#11447,#11445,#11448,.T.);
#9474=EDGE_CURVE('',#10710,#11447,#11449,.T.);
#9475=FILL_AREA_STYLE('',(#11450));
#9476=EDGE_CURVE('',#11445,#11451,#11452,.T.);
#9477=EDGE_CURVE('',#11443,#11453,#11454,.T.);
#9478=EDGE_CURVE('',#11455,#11453,#11456,.T.);
#9479=EDGE_CURVE('',#11451,#11455,#11457,.T.);
#9480=FILL_AREA_STYLE('',(#11458));
#9481=EDGE_CURVE('',#11459,#11451,#11460,.T.);
#9482=EDGE_CURVE('',#11461,#11459,#11462,.T.);
#9483=EDGE_CURVE('',#11455,#11461,#11463,.T.);
#9484=EDGE_CURVE('',#11455,#11451,#11464,.T.);
#9485=FILL_AREA_STYLE('',(#11465));
#9486=EDGE_CURVE('',#11459,#11466,#11467,.T.);
#9487=EDGE_CURVE('',#11459,#11461,#11468,.T.);
#9488=EDGE_CURVE('',#11469,#11461,#11470,.T.);
#9489=EDGE_CURVE('',#11466,#11469,#11471,.T.);
#9490=FILL_AREA_STYLE('',(#11472));
#9491=EDGE_CURVE('',#11473,#11469,#11474,.T.);
#9492=EDGE_CURVE('',#11466,#11473,#11475,.T.);
#9493=FILL_AREA_STYLE('',(#11476));
#9494=EDGE_CURVE('',#11477,#11478,#11479,.T.);
#9495=EDGE_CURVE('',#11480,#11477,#11481,.T.);
#9496=EDGE_CURVE('',#11482,#11480,#11483,.T.);
#9497=EDGE_CURVE('',#11478,#11482,#11484,.T.);
#9498=FILL_AREA_STYLE('',(#11485));
#9499=EDGE_CURVE('',#11478,#11486,#11487,.T.);
#9500=EDGE_CURVE('',#11488,#11482,#11489,.T.);
#9501=EDGE_CURVE('',#11486,#11488,#11490,.T.);
#9502=FILL_AREA_STYLE('',(#11491));
#9503=EDGE_CURVE('',#11486,#11492,#11493,.T.);
#9504=EDGE_CURVE('',#11494,#11488,#11495,.T.);
#9505=EDGE_CURVE('',#11492,#11494,#11496,.T.);
#9506=FILL_AREA_STYLE('',(#11497));
#9507=EDGE_CURVE('',#11498,#11499,#11500,.T.);
#9508=EDGE_CURVE('',#11498,#11501,#11502,.T.);
#9509=EDGE_CURVE('',#11503,#11501,#11504,.T.);
#9510=EDGE_CURVE('',#11499,#11503,#11505,.T.);
#9511=FILL_AREA_STYLE('',(#11506));
#9512=EDGE_CURVE('',#11499,#11507,#11508,.T.);
#9513=EDGE_CURVE('',#11509,#11503,#11510,.T.);
#9514=EDGE_CURVE('',#11507,#11509,#11511,.T.);
#9515=FILL_AREA_STYLE('',(#11512));
#9516=EDGE_CURVE('',#11507,#10833,#11513,.T.);
#9517=EDGE_CURVE('',#10714,#11509,#11514,.T.);
#9518=FILL_AREA_STYLE('',(#11515));
#9519=EDGE_CURVE('',#11516,#10720,#11517,.T.);
#9520=EDGE_CURVE('',#11518,#11516,#11519,.T.);
#9521=EDGE_CURVE('',#11520,#11518,#11521,.T.);
#9522=EDGE_CURVE('',#10721,#11520,#11522,.T.);
#9523=FILL_AREA_STYLE('',(#11523));
#9524=EDGE_CURVE('',#11518,#11524,#11525,.T.);
#9525=EDGE_CURVE('',#11516,#11526,#11527,.T.);
#9526=EDGE_CURVE('',#11528,#11526,#11529,.T.);
#9527=EDGE_CURVE('',#11524,#11528,#11530,.T.);
#9528=FILL_AREA_STYLE('',(#11531));
#9529=EDGE_CURVE('',#11532,#11524,#11533,.T.);
#9530=EDGE_CURVE('',#11534,#11532,#11535,.T.);
#9531=EDGE_CURVE('',#11528,#11534,#11536,.T.);
#9532=EDGE_CURVE('',#11528,#11524,#11537,.T.);
#9533=FILL_AREA_STYLE('',(#11538));
#9534=EDGE_CURVE('',#11532,#11539,#11540,.T.);
#9535=EDGE_CURVE('',#11532,#11534,#11541,.T.);
#9536=EDGE_CURVE('',#11542,#11534,#11543,.T.);
#9537=EDGE_CURVE('',#11539,#11542,#11544,.T.);
#9538=FILL_AREA_STYLE('',(#11545));
#9539=EDGE_CURVE('',#11546,#11542,#11547,.T.);
#9540=EDGE_CURVE('',#11539,#11546,#11548,.T.);
#9541=FILL_AREA_STYLE('',(#11549));
#9542=EDGE_CURVE('',#11550,#11551,#11552,.T.);
#9543=EDGE_CURVE('',#11553,#11550,#11554,.T.);
#9544=EDGE_CURVE('',#11555,#11553,#11556,.T.);
#9545=EDGE_CURVE('',#11551,#11555,#11557,.T.);
#9546=FILL_AREA_STYLE('',(#11558));
#9547=EDGE_CURVE('',#11551,#11559,#11560,.T.);
#9548=EDGE_CURVE('',#11561,#11555,#11562,.T.);
#9549=EDGE_CURVE('',#11559,#11561,#11563,.T.);
#9550=FILL_AREA_STYLE('',(#11564));
#9551=EDGE_CURVE('',#11559,#11565,#11566,.T.);
#9552=EDGE_CURVE('',#11567,#11561,#11568,.T.);
#9553=EDGE_CURVE('',#11565,#11567,#11569,.T.);
#9554=FILL_AREA_STYLE('',(#11570));
#9555=EDGE_CURVE('',#11571,#11572,#11573,.T.);
#9556=EDGE_CURVE('',#11571,#11574,#11575,.T.);
#9557=EDGE_CURVE('',#11576,#11574,#11577,.T.);
#9558=EDGE_CURVE('',#11572,#11576,#11578,.T.);
#9559=FILL_AREA_STYLE('',(#11579));
#9560=EDGE_CURVE('',#11572,#11580,#11581,.T.);
#9561=EDGE_CURVE('',#11582,#11576,#11583,.T.);
#9562=EDGE_CURVE('',#11580,#11582,#11584,.T.);
#9563=FILL_AREA_STYLE('',(#11585));
#9564=EDGE_CURVE('',#11580,#10828,#11586,.T.);
#9565=EDGE_CURVE('',#10725,#11582,#11587,.T.);
#9566=FILL_AREA_STYLE('',(#11588));
#9567=EDGE_CURVE('',#11589,#10731,#11590,.T.);
#9568=EDGE_CURVE('',#11591,#11589,#11592,.T.);
#9569=EDGE_CURVE('',#11593,#11591,#11594,.T.);
#9570=EDGE_CURVE('',#10732,#11593,#11595,.T.);
#9571=FILL_AREA_STYLE('',(#11596));
#9572=EDGE_CURVE('',#11591,#11597,#11598,.T.);
#9573=EDGE_CURVE('',#11589,#11599,#11600,.T.);
#9574=EDGE_CURVE('',#11601,#11599,#11602,.T.);
#9575=EDGE_CURVE('',#11597,#11601,#11603,.T.);
#9576=FILL_AREA_STYLE('',(#11604));
#9577=EDGE_CURVE('',#11605,#11597,#11606,.T.);
#9578=EDGE_CURVE('',#11607,#11605,#11608,.T.);
#9579=EDGE_CURVE('',#11601,#11607,#11609,.T.);
#9580=EDGE_CURVE('',#11601,#11597,#11610,.T.);
#9581=FILL_AREA_STYLE('',(#11611));
#9582=EDGE_CURVE('',#11605,#11612,#11613,.T.);
#9583=EDGE_CURVE('',#11605,#11607,#11614,.T.);
#9584=EDGE_CURVE('',#11615,#11607,#11616,.T.);
#9585=EDGE_CURVE('',#11612,#11615,#11617,.T.);
#9586=FILL_AREA_STYLE('',(#11618));
#9587=EDGE_CURVE('',#11619,#11615,#11620,.T.);
#9588=EDGE_CURVE('',#11612,#11619,#11621,.T.);
#9589=FILL_AREA_STYLE('',(#11622));
#9590=EDGE_CURVE('',#11623,#11624,#11625,.T.);
#9591=EDGE_CURVE('',#11626,#11623,#11627,.T.);
#9592=EDGE_CURVE('',#11628,#11626,#11629,.T.);
#9593=EDGE_CURVE('',#11624,#11628,#11630,.T.);
#9594=FILL_AREA_STYLE('',(#11631));
#9595=EDGE_CURVE('',#11624,#11632,#11633,.T.);
#9596=EDGE_CURVE('',#11634,#11628,#11635,.T.);
#9597=EDGE_CURVE('',#11632,#11634,#11636,.T.);
#9598=FILL_AREA_STYLE('',(#11637));
#9599=EDGE_CURVE('',#11632,#11638,#11639,.T.);
#9600=EDGE_CURVE('',#11640,#11634,#11641,.T.);
#9601=EDGE_CURVE('',#11638,#11640,#11642,.T.);
#9602=FILL_AREA_STYLE('',(#11643));
#9603=EDGE_CURVE('',#11644,#11645,#11646,.T.);
#9604=EDGE_CURVE('',#11644,#11647,#11648,.T.);
#9605=EDGE_CURVE('',#11649,#11647,#11650,.T.);
#9606=EDGE_CURVE('',#11645,#11649,#11651,.T.);
#9607=FILL_AREA_STYLE('',(#11652));
#9608=EDGE_CURVE('',#11645,#11653,#11654,.T.);
#9609=EDGE_CURVE('',#11655,#11649,#11656,.T.);
#9610=EDGE_CURVE('',#11653,#11655,#11657,.T.);
#9611=FILL_AREA_STYLE('',(#11658));
#9612=EDGE_CURVE('',#11653,#10823,#11659,.T.);
#9613=EDGE_CURVE('',#10736,#11655,#11660,.T.);
#9614=FILL_AREA_STYLE('',(#11661));
#9615=EDGE_CURVE('',#11662,#10742,#11663,.T.);
#9616=EDGE_CURVE('',#11664,#11662,#11665,.T.);
#9617=EDGE_CURVE('',#11666,#11664,#11667,.T.);
#9618=EDGE_CURVE('',#10743,#11666,#11668,.T.);
#9619=FILL_AREA_STYLE('',(#11669));
#9620=EDGE_CURVE('',#11664,#11670,#11671,.T.);
#9621=EDGE_CURVE('',#11662,#11672,#11673,.T.);
#9622=EDGE_CURVE('',#11674,#11672,#11675,.T.);
#9623=EDGE_CURVE('',#11670,#11674,#11676,.T.);
#9624=FILL_AREA_STYLE('',(#11677));
#9625=EDGE_CURVE('',#11678,#11670,#11679,.T.);
#9626=EDGE_CURVE('',#11680,#11678,#11681,.T.);
#9627=EDGE_CURVE('',#11674,#11680,#11682,.T.);
#9628=EDGE_CURVE('',#11674,#11670,#11683,.T.);
#9629=FILL_AREA_STYLE('',(#11684));
#9630=EDGE_CURVE('',#11678,#11685,#11686,.T.);
#9631=EDGE_CURVE('',#11678,#11680,#11687,.T.);
#9632=EDGE_CURVE('',#11688,#11680,#11689,.T.);
#9633=EDGE_CURVE('',#11685,#11688,#11690,.T.);
#9634=FILL_AREA_STYLE('',(#11691));
#9635=EDGE_CURVE('',#11692,#11688,#11693,.T.);
#9636=EDGE_CURVE('',#11685,#11692,#11694,.T.);
#9637=FILL_AREA_STYLE('',(#11695));
#9638=EDGE_CURVE('',#11696,#11697,#11698,.T.);
#9639=EDGE_CURVE('',#11699,#11696,#11700,.T.);
#9640=EDGE_CURVE('',#11701,#11699,#11702,.T.);
#9641=EDGE_CURVE('',#11697,#11701,#11703,.T.);
#9642=FILL_AREA_STYLE('',(#11704));
#9643=EDGE_CURVE('',#11697,#11705,#11706,.T.);
#9644=EDGE_CURVE('',#11707,#11701,#11708,.T.);
#9645=EDGE_CURVE('',#11705,#11707,#11709,.T.);
#9646=FILL_AREA_STYLE('',(#11710));
#9647=EDGE_CURVE('',#11705,#11711,#11712,.T.);
#9648=EDGE_CURVE('',#11713,#11707,#11714,.T.);
#9649=EDGE_CURVE('',#11711,#11713,#11715,.T.);
#9650=FILL_AREA_STYLE('',(#11716));
#9651=EDGE_CURVE('',#11717,#11718,#11719,.T.);
#9652=EDGE_CURVE('',#11717,#11720,#11721,.T.);
#9653=EDGE_CURVE('',#11722,#11720,#11723,.T.);
#9654=EDGE_CURVE('',#11718,#11722,#11724,.T.);
#9655=FILL_AREA_STYLE('',(#11725));
#9656=EDGE_CURVE('',#11718,#11726,#11727,.T.);
#9657=EDGE_CURVE('',#11728,#11722,#11729,.T.);
#9658=EDGE_CURVE('',#11726,#11728,#11730,.T.);
#9659=FILL_AREA_STYLE('',(#11731));
#9660=EDGE_CURVE('',#11726,#10818,#11732,.T.);
#9661=EDGE_CURVE('',#10747,#11728,#11733,.T.);
#9662=FILL_AREA_STYLE('',(#11734));
#9663=EDGE_CURVE('',#11735,#10753,#11736,.T.);
#9664=EDGE_CURVE('',#11737,#11735,#11738,.T.);
#9665=EDGE_CURVE('',#11739,#11737,#11740,.T.);
#9666=EDGE_CURVE('',#10754,#11739,#11741,.T.);
#9667=FILL_AREA_STYLE('',(#11742));
#9668=EDGE_CURVE('',#11737,#11743,#11744,.T.);
#9669=EDGE_CURVE('',#11735,#11745,#11746,.T.);
#9670=EDGE_CURVE('',#11747,#11745,#11748,.T.);
#9671=EDGE_CURVE('',#11743,#11747,#11749,.T.);
#9672=FILL_AREA_STYLE('',(#11750));
#9673=EDGE_CURVE('',#11751,#11743,#11752,.T.);
#9674=EDGE_CURVE('',#11753,#11751,#11754,.T.);
#9675=EDGE_CURVE('',#11747,#11753,#11755,.T.);
#9676=EDGE_CURVE('',#11747,#11743,#11756,.T.);
#9677=FILL_AREA_STYLE('',(#11757));
#9678=EDGE_CURVE('',#11751,#11758,#11759,.T.);
#9679=EDGE_CURVE('',#11751,#11753,#11760,.T.);
#9680=EDGE_CURVE('',#11761,#11753,#11762,.T.);
#9681=EDGE_CURVE('',#11758,#11761,#11763,.T.);
#9682=FILL_AREA_STYLE('',(#11764));
#9683=EDGE_CURVE('',#11765,#11761,#11766,.T.);
#9684=EDGE_CURVE('',#11758,#11765,#11767,.T.);
#9685=FILL_AREA_STYLE('',(#11768));
#9686=EDGE_CURVE('',#11769,#11770,#11771,.T.);
#9687=EDGE_CURVE('',#11772,#11769,#11773,.T.);
#9688=EDGE_CURVE('',#11774,#11772,#11775,.T.);
#9689=EDGE_CURVE('',#11770,#11774,#11776,.T.);
#9690=FILL_AREA_STYLE('',(#11777));
#9691=EDGE_CURVE('',#11770,#11778,#11779,.T.);
#9692=EDGE_CURVE('',#11780,#11774,#11781,.T.);
#9693=EDGE_CURVE('',#11778,#11780,#11782,.T.);
#9694=FILL_AREA_STYLE('',(#11783));
#9695=EDGE_CURVE('',#11778,#11784,#11785,.T.);
#9696=EDGE_CURVE('',#11786,#11780,#11787,.T.);
#9697=EDGE_CURVE('',#11784,#11786,#11788,.T.);
#9698=FILL_AREA_STYLE('',(#11789));
#9699=EDGE_CURVE('',#11790,#11791,#11792,.T.);
#9700=EDGE_CURVE('',#11790,#11793,#11794,.T.);
#9701=EDGE_CURVE('',#11795,#11793,#11796,.T.);
#9702=EDGE_CURVE('',#11791,#11795,#11797,.T.);
#9703=FILL_AREA_STYLE('',(#11798));
#9704=EDGE_CURVE('',#11791,#11799,#11800,.T.);
#9705=EDGE_CURVE('',#11801,#11795,#11802,.T.);
#9706=EDGE_CURVE('',#11799,#11801,#11803,.T.);
#9707=FILL_AREA_STYLE('',(#11804));
#9708=EDGE_CURVE('',#11799,#10813,#11805,.T.);
#9709=EDGE_CURVE('',#10758,#11801,#11806,.T.);
#9710=FILL_AREA_STYLE('',(#11807));
#9711=EDGE_CURVE('',#11808,#10764,#11809,.T.);
#9712=EDGE_CURVE('',#11810,#11808,#11811,.T.);
#9713=EDGE_CURVE('',#11812,#11810,#11813,.T.);
#9714=EDGE_CURVE('',#10765,#11812,#11814,.T.);
#9715=FILL_AREA_STYLE('',(#11815));
#9716=EDGE_CURVE('',#11810,#11816,#11817,.T.);
#9717=EDGE_CURVE('',#11808,#11818,#11819,.T.);
#9718=EDGE_CURVE('',#11820,#11818,#11821,.T.);
#9719=EDGE_CURVE('',#11816,#11820,#11822,.T.);
#9720=FILL_AREA_STYLE('',(#11823));
#9721=EDGE_CURVE('',#11824,#11816,#11825,.T.);
#9722=EDGE_CURVE('',#11826,#11824,#11827,.T.);
#9723=EDGE_CURVE('',#11820,#11826,#11828,.T.);
#9724=EDGE_CURVE('',#11820,#11816,#11829,.T.);
#9725=FILL_AREA_STYLE('',(#11830));
#9726=EDGE_CURVE('',#11824,#11831,#11832,.T.);
#9727=EDGE_CURVE('',#11824,#11826,#11833,.T.);
#9728=EDGE_CURVE('',#11834,#11826,#11835,.T.);
#9729=EDGE_CURVE('',#11831,#11834,#11836,.T.);
#9730=FILL_AREA_STYLE('',(#11837));
#9731=EDGE_CURVE('',#11838,#11834,#11839,.T.);
#9732=EDGE_CURVE('',#11831,#11838,#11840,.T.);
#9733=FILL_AREA_STYLE('',(#11841));
#9734=EDGE_CURVE('',#11842,#11843,#11844,.T.);
#9735=EDGE_CURVE('',#11845,#11842,#11846,.T.);
#9736=EDGE_CURVE('',#11847,#11845,#11848,.T.);
#9737=EDGE_CURVE('',#11843,#11847,#11849,.T.);
#9738=FILL_AREA_STYLE('',(#11850));
#9739=EDGE_CURVE('',#11843,#11851,#11852,.T.);
#9740=EDGE_CURVE('',#11853,#11847,#11854,.T.);
#9741=EDGE_CURVE('',#11851,#11853,#11855,.T.);
#9742=FILL_AREA_STYLE('',(#11856));
#9743=EDGE_CURVE('',#11851,#11857,#11858,.T.);
#9744=EDGE_CURVE('',#11859,#11853,#11860,.T.);
#9745=EDGE_CURVE('',#11857,#11859,#11861,.T.);
#9746=FILL_AREA_STYLE('',(#11862));
#9747=EDGE_CURVE('',#11863,#11864,#11865,.T.);
#9748=EDGE_CURVE('',#11863,#11866,#11867,.T.);
#9749=EDGE_CURVE('',#11868,#11866,#11869,.T.);
#9750=EDGE_CURVE('',#11864,#11868,#11870,.T.);
#9751=FILL_AREA_STYLE('',(#11871));
#9752=EDGE_CURVE('',#11864,#11872,#11873,.T.);
#9753=EDGE_CURVE('',#11874,#11868,#11875,.T.);
#9754=EDGE_CURVE('',#11872,#11874,#11876,.T.);
#9755=FILL_AREA_STYLE('',(#11877));
#9756=EDGE_CURVE('',#11872,#10808,#11878,.T.);
#9757=EDGE_CURVE('',#10769,#11874,#11879,.T.);
#9758=FILL_AREA_STYLE('',(#11880));
#9759=EDGE_CURVE('',#11881,#10775,#11882,.T.);
#9760=EDGE_CURVE('',#11883,#11881,#11884,.T.);
#9761=EDGE_CURVE('',#11885,#11883,#11886,.T.);
#9762=EDGE_CURVE('',#10776,#11885,#11887,.T.);
#9763=FILL_AREA_STYLE('',(#11888));
#9764=EDGE_CURVE('',#11883,#11889,#11890,.T.);
#9765=EDGE_CURVE('',#11881,#11891,#11892,.T.);
#9766=EDGE_CURVE('',#11893,#11891,#11894,.T.);
#9767=EDGE_CURVE('',#11889,#11893,#11895,.T.);
#9768=FILL_AREA_STYLE('',(#11896));
#9769=EDGE_CURVE('',#11897,#11889,#11898,.T.);
#9770=EDGE_CURVE('',#11899,#11897,#11900,.T.);
#9771=EDGE_CURVE('',#11893,#11899,#11901,.T.);
#9772=EDGE_CURVE('',#11893,#11889,#11902,.T.);
#9773=FILL_AREA_STYLE('',(#11903));
#9774=EDGE_CURVE('',#11897,#11904,#11905,.T.);
#9775=EDGE_CURVE('',#11897,#11899,#11906,.T.);
#9776=EDGE_CURVE('',#11907,#11899,#11908,.T.);
#9777=EDGE_CURVE('',#11904,#11907,#11909,.T.);
#9778=FILL_AREA_STYLE('',(#11910));
#9779=EDGE_CURVE('',#11911,#11907,#11912,.T.);
#9780=EDGE_CURVE('',#11904,#11911,#11913,.T.);
#9781=FILL_AREA_STYLE('',(#11914));
#9782=EDGE_CURVE('',#11915,#11916,#11917,.T.);
#9783=EDGE_CURVE('',#11918,#11915,#11919,.T.);
#9784=EDGE_CURVE('',#11920,#11918,#11921,.T.);
#9785=EDGE_CURVE('',#11916,#11920,#11922,.T.);
#9786=FILL_AREA_STYLE('',(#11923));
#9787=EDGE_CURVE('',#11916,#11924,#11925,.T.);
#9788=EDGE_CURVE('',#11926,#11920,#11927,.T.);
#9789=EDGE_CURVE('',#11924,#11926,#11928,.T.);
#9790=FILL_AREA_STYLE('',(#11929));
#9791=EDGE_CURVE('',#11924,#11930,#11931,.T.);
#9792=EDGE_CURVE('',#11932,#11926,#11933,.T.);
#9793=EDGE_CURVE('',#11930,#11932,#11934,.T.);
#9794=FILL_AREA_STYLE('',(#11935));
#9795=EDGE_CURVE('',#11936,#11937,#11938,.T.);
#9796=EDGE_CURVE('',#11936,#11939,#11940,.T.);
#9797=EDGE_CURVE('',#11941,#11939,#11942,.T.);
#9798=EDGE_CURVE('',#11937,#11941,#11943,.T.);
#9799=FILL_AREA_STYLE('',(#11944));
#9800=EDGE_CURVE('',#11937,#11945,#11946,.T.);
#9801=EDGE_CURVE('',#11947,#11941,#11948,.T.);
#9802=EDGE_CURVE('',#11945,#11947,#11949,.T.);
#9803=FILL_AREA_STYLE('',(#11950));
#9804=EDGE_CURVE('',#11945,#10803,#11951,.T.);
#9805=EDGE_CURVE('',#10780,#11947,#11952,.T.);
#9806=FILL_AREA_STYLE('',(#11953));
#9807=EDGE_CURVE('',#11954,#10786,#11955,.T.);
#9808=EDGE_CURVE('',#11956,#11954,#11957,.T.);
#9809=EDGE_CURVE('',#11958,#11956,#11959,.T.);
#9810=EDGE_CURVE('',#10787,#11958,#11960,.T.);
#9811=FILL_AREA_STYLE('',(#11961));
#9812=EDGE_CURVE('',#11956,#11962,#11963,.T.);
#9813=EDGE_CURVE('',#11954,#11964,#11965,.T.);
#9814=EDGE_CURVE('',#11966,#11964,#11967,.T.);
#9815=EDGE_CURVE('',#11962,#11966,#11968,.T.);
#9816=FILL_AREA_STYLE('',(#11969));
#9817=EDGE_CURVE('',#11970,#11962,#11971,.T.);
#9818=EDGE_CURVE('',#11972,#11970,#11973,.T.);
#9819=EDGE_CURVE('',#11966,#11972,#11974,.T.);
#9820=EDGE_CURVE('',#11966,#11962,#11975,.T.);
#9821=FILL_AREA_STYLE('',(#11976));
#9822=EDGE_CURVE('',#11970,#11977,#11978,.T.);
#9823=EDGE_CURVE('',#11970,#11972,#11979,.T.);
#9824=EDGE_CURVE('',#11980,#11972,#11981,.T.);
#9825=EDGE_CURVE('',#11977,#11980,#11982,.T.);
#9826=FILL_AREA_STYLE('',(#11983));
#9827=EDGE_CURVE('',#11984,#11980,#11985,.T.);
#9828=EDGE_CURVE('',#11977,#11984,#11986,.T.);
#9829=FILL_AREA_STYLE('',(#11987));
#9830=EDGE_CURVE('',#11988,#11989,#11990,.T.);
#9831=EDGE_CURVE('',#11991,#11988,#11992,.T.);
#9832=EDGE_CURVE('',#11993,#11991,#11994,.T.);
#9833=EDGE_CURVE('',#11989,#11993,#11995,.T.);
#9834=FILL_AREA_STYLE('',(#11996));
#9835=EDGE_CURVE('',#11989,#11997,#11998,.T.);
#9836=EDGE_CURVE('',#11999,#11993,#12000,.T.);
#9837=EDGE_CURVE('',#11997,#11999,#12001,.T.);
#9838=FILL_AREA_STYLE('',(#12002));
#9839=EDGE_CURVE('',#11997,#12003,#12004,.T.);
#9840=EDGE_CURVE('',#12005,#11999,#12006,.T.);
#9841=EDGE_CURVE('',#12003,#12005,#12007,.T.);
#9842=FILL_AREA_STYLE('',(#12008));
#9843=EDGE_CURVE('',#12009,#12010,#12011,.T.);
#9844=EDGE_CURVE('',#12009,#12012,#12013,.T.);
#9845=EDGE_CURVE('',#12014,#12012,#12015,.T.);
#9846=EDGE_CURVE('',#12010,#12014,#12016,.T.);
#9847=FILL_AREA_STYLE('',(#12017));
#9848=EDGE_CURVE('',#12010,#12018,#12019,.T.);
#9849=EDGE_CURVE('',#12020,#12014,#12021,.T.);
#9850=EDGE_CURVE('',#12018,#12020,#12022,.T.);
#9851=FILL_AREA_STYLE('',(#12023));
#9852=EDGE_CURVE('',#12018,#10798,#12024,.T.);
#9853=EDGE_CURVE('',#10791,#12020,#12025,.T.);
#9854=FILL_AREA_STYLE('',(#12026));
#9855=EDGE_CURVE('',#12020,#12018,#12027,.T.);
#9856=FILL_AREA_STYLE('',(#12028));
#9857=EDGE_CURVE('',#12014,#12010,#12029,.T.);
#9858=FILL_AREA_STYLE('',(#12030));
#9859=EDGE_CURVE('',#12012,#12009,#12031,.T.);
#9860=FILL_AREA_STYLE('',(#12032));
#9861=EDGE_CURVE('',#12005,#12003,#12033,.T.);
#9862=FILL_AREA_STYLE('',(#12034));
#9863=EDGE_CURVE('',#11999,#11997,#12035,.T.);
#9864=FILL_AREA_STYLE('',(#12036));
#9865=EDGE_CURVE('',#11993,#11989,#12037,.T.);
#9866=FILL_AREA_STYLE('',(#12038));
#9867=EDGE_CURVE('',#11988,#11991,#12039,.T.);
#9868=FILL_AREA_STYLE('',(#12040));
#9869=EDGE_CURVE('',#11980,#11977,#12041,.T.);
#9870=FILL_AREA_STYLE('',(#12042));
#9871=FILL_AREA_STYLE('',(#12043));
#9872=FILL_AREA_STYLE('',(#12044));
#9873=EDGE_CURVE('',#11964,#11958,#12045,.T.);
#9874=FILL_AREA_STYLE('',(#12046));
#9875=FILL_AREA_STYLE('',(#12047));
#9876=EDGE_CURVE('',#11947,#11945,#12048,.T.);
#9877=FILL_AREA_STYLE('',(#12049));
#9878=EDGE_CURVE('',#11941,#11937,#12050,.T.);
#9879=FILL_AREA_STYLE('',(#12051));
#9880=EDGE_CURVE('',#11939,#11936,#12052,.T.);
#9881=FILL_AREA_STYLE('',(#12053));
#9882=EDGE_CURVE('',#11932,#11930,#12054,.T.);
#9883=FILL_AREA_STYLE('',(#12055));
#9884=EDGE_CURVE('',#11926,#11924,#12056,.T.);
#9885=FILL_AREA_STYLE('',(#12057));
#9886=EDGE_CURVE('',#11920,#11916,#12058,.T.);
#9887=FILL_AREA_STYLE('',(#12059));
#9888=EDGE_CURVE('',#11915,#11918,#12060,.T.);
#9889=FILL_AREA_STYLE('',(#12061));
#9890=EDGE_CURVE('',#11907,#11904,#12062,.T.);
#9891=FILL_AREA_STYLE('',(#12063));
#9892=FILL_AREA_STYLE('',(#12064));
#9893=FILL_AREA_STYLE('',(#12065));
#9894=EDGE_CURVE('',#11891,#11885,#12066,.T.);
#9895=FILL_AREA_STYLE('',(#12067));
#9896=FILL_AREA_STYLE('',(#12068));
#9897=EDGE_CURVE('',#11874,#11872,#12069,.T.);
#9898=FILL_AREA_STYLE('',(#12070));
#9899=EDGE_CURVE('',#11868,#11864,#12071,.T.);
#9900=FILL_AREA_STYLE('',(#12072));
#9901=EDGE_CURVE('',#11866,#11863,#12073,.T.);
#9902=FILL_AREA_STYLE('',(#12074));
#9903=EDGE_CURVE('',#11859,#11857,#12075,.T.);
#9904=FILL_AREA_STYLE('',(#12076));
#9905=EDGE_CURVE('',#11853,#11851,#12077,.T.);
#9906=FILL_AREA_STYLE('',(#12078));
#9907=EDGE_CURVE('',#11847,#11843,#12079,.T.);
#9908=FILL_AREA_STYLE('',(#12080));
#9909=EDGE_CURVE('',#11842,#11845,#12081,.T.);
#9910=FILL_AREA_STYLE('',(#12082));
#9911=EDGE_CURVE('',#11834,#11831,#12083,.T.);
#9912=FILL_AREA_STYLE('',(#12084));
#9913=FILL_AREA_STYLE('',(#12085));
#9914=FILL_AREA_STYLE('',(#12086));
#9915=EDGE_CURVE('',#11818,#11812,#12087,.T.);
#9916=FILL_AREA_STYLE('',(#12088));
#9917=FILL_AREA_STYLE('',(#12089));
#9918=EDGE_CURVE('',#11801,#11799,#12090,.T.);
#9919=FILL_AREA_STYLE('',(#12091));
#9920=EDGE_CURVE('',#11795,#11791,#12092,.T.);
#9921=FILL_AREA_STYLE('',(#12093));
#9922=EDGE_CURVE('',#11793,#11790,#12094,.T.);
#9923=FILL_AREA_STYLE('',(#12095));
#9924=EDGE_CURVE('',#11786,#11784,#12096,.T.);
#9925=FILL_AREA_STYLE('',(#12097));
#9926=EDGE_CURVE('',#11780,#11778,#12098,.T.);
#9927=FILL_AREA_STYLE('',(#12099));
#9928=EDGE_CURVE('',#11774,#11770,#12100,.T.);
#9929=FILL_AREA_STYLE('',(#12101));
#9930=EDGE_CURVE('',#11769,#11772,#12102,.T.);
#9931=FILL_AREA_STYLE('',(#12103));
#9932=EDGE_CURVE('',#11761,#11758,#12104,.T.);
#9933=FILL_AREA_STYLE('',(#12105));
#9934=FILL_AREA_STYLE('',(#12106));
#9935=FILL_AREA_STYLE('',(#12107));
#9936=EDGE_CURVE('',#11745,#11739,#12108,.T.);
#9937=FILL_AREA_STYLE('',(#12109));
#9938=FILL_AREA_STYLE('',(#12110));
#9939=EDGE_CURVE('',#11728,#11726,#12111,.T.);
#9940=FILL_AREA_STYLE('',(#12112));
#9941=EDGE_CURVE('',#11722,#11718,#12113,.T.);
#9942=FILL_AREA_STYLE('',(#12114));
#9943=EDGE_CURVE('',#11720,#11717,#12115,.T.);
#9944=FILL_AREA_STYLE('',(#12116));
#9945=EDGE_CURVE('',#11713,#11711,#12117,.T.);
#9946=FILL_AREA_STYLE('',(#12118));
#9947=EDGE_CURVE('',#11707,#11705,#12119,.T.);
#9948=FILL_AREA_STYLE('',(#12120));
#9949=EDGE_CURVE('',#11701,#11697,#12121,.T.);
#9950=FILL_AREA_STYLE('',(#12122));
#9951=EDGE_CURVE('',#11696,#11699,#12123,.T.);
#9952=FILL_AREA_STYLE('',(#12124));
#9953=EDGE_CURVE('',#11688,#11685,#12125,.T.);
#9954=FILL_AREA_STYLE('',(#12126));
#9955=FILL_AREA_STYLE('',(#12127));
#9956=FILL_AREA_STYLE('',(#12128));
#9957=EDGE_CURVE('',#11672,#11666,#12129,.T.);
#9958=FILL_AREA_STYLE('',(#12130));
#9959=FILL_AREA_STYLE('',(#12131));
#9960=EDGE_CURVE('',#11655,#11653,#12132,.T.);
#9961=FILL_AREA_STYLE('',(#12133));
#9962=EDGE_CURVE('',#11649,#11645,#12134,.T.);
#9963=FILL_AREA_STYLE('',(#12135));
#9964=EDGE_CURVE('',#11647,#11644,#12136,.T.);
#9965=FILL_AREA_STYLE('',(#12137));
#9966=EDGE_CURVE('',#11640,#11638,#12138,.T.);
#9967=FILL_AREA_STYLE('',(#12139));
#9968=EDGE_CURVE('',#11634,#11632,#12140,.T.);
#9969=FILL_AREA_STYLE('',(#12141));
#9970=EDGE_CURVE('',#11628,#11624,#12142,.T.);
#9971=FILL_AREA_STYLE('',(#12143));
#9972=EDGE_CURVE('',#11623,#11626,#12144,.T.);
#9973=FILL_AREA_STYLE('',(#12145));
#9974=EDGE_CURVE('',#11615,#11612,#12146,.T.);
#9975=FILL_AREA_STYLE('',(#12147));
#9976=FILL_AREA_STYLE('',(#12148));
#9977=FILL_AREA_STYLE('',(#12149));
#9978=EDGE_CURVE('',#11599,#11593,#12150,.T.);
#9979=FILL_AREA_STYLE('',(#12151));
#9980=FILL_AREA_STYLE('',(#12152));
#9981=EDGE_CURVE('',#11582,#11580,#12153,.T.);
#9982=FILL_AREA_STYLE('',(#12154));
#9983=EDGE_CURVE('',#11576,#11572,#12155,.T.);
#9984=FILL_AREA_STYLE('',(#12156));
#9985=EDGE_CURVE('',#11574,#11571,#12157,.T.);
#9986=FILL_AREA_STYLE('',(#12158));
#9987=EDGE_CURVE('',#11567,#11565,#12159,.T.);
#9988=FILL_AREA_STYLE('',(#12160));
#9989=EDGE_CURVE('',#11561,#11559,#12161,.T.);
#9990=FILL_AREA_STYLE('',(#12162));
#9991=EDGE_CURVE('',#11555,#11551,#12163,.T.);
#9992=FILL_AREA_STYLE('',(#12164));
#9993=EDGE_CURVE('',#11550,#11553,#12165,.T.);
#9994=FILL_AREA_STYLE('',(#12166));
#9995=EDGE_CURVE('',#11542,#11539,#12167,.T.);
#9996=FILL_AREA_STYLE('',(#12168));
#9997=FILL_AREA_STYLE('',(#12169));
#9998=FILL_AREA_STYLE('',(#12170));
#9999=EDGE_CURVE('',#11526,#11520,#12171,.T.);
#10000=FILL_AREA_STYLE('',(#12172));
#10001=FILL_AREA_STYLE('',(#12173));
#10002=EDGE_CURVE('',#11509,#11507,#12174,.T.);
#10003=FILL_AREA_STYLE('',(#12175));
#10004=EDGE_CURVE('',#11503,#11499,#12176,.T.);
#10005=FILL_AREA_STYLE('',(#12177));
#10006=EDGE_CURVE('',#11501,#11498,#12178,.T.);
#10007=FILL_AREA_STYLE('',(#12179));
#10008=EDGE_CURVE('',#11494,#11492,#12180,.T.);
#10009=FILL_AREA_STYLE('',(#12181));
#10010=EDGE_CURVE('',#11488,#11486,#12182,.T.);
#10011=FILL_AREA_STYLE('',(#12183));
#10012=EDGE_CURVE('',#11482,#11478,#12184,.T.);
#10013=FILL_AREA_STYLE('',(#12185));
#10014=EDGE_CURVE('',#11477,#11480,#12186,.T.);
#10015=FILL_AREA_STYLE('',(#12187));
#10016=EDGE_CURVE('',#11469,#11466,#12188,.T.);
#10017=FILL_AREA_STYLE('',(#12189));
#10018=FILL_AREA_STYLE('',(#12190));
#10019=FILL_AREA_STYLE('',(#12191));
#10020=EDGE_CURVE('',#11453,#11447,#12192,.T.);
#10021=FILL_AREA_STYLE('',(#12193));
#10022=FILL_AREA_STYLE('',(#12194));
#10023=EDGE_CURVE('',#11436,#11434,#12195,.T.);
#10024=FILL_AREA_STYLE('',(#12196));
#10025=EDGE_CURVE('',#11430,#11426,#12197,.T.);
#10026=FILL_AREA_STYLE('',(#12198));
#10027=EDGE_CURVE('',#11428,#11425,#12199,.T.);
#10028=FILL_AREA_STYLE('',(#12200));
#10029=EDGE_CURVE('',#11421,#11419,#12201,.T.);
#10030=FILL_AREA_STYLE('',(#12202));
#10031=EDGE_CURVE('',#11415,#11413,#12203,.T.);
#10032=FILL_AREA_STYLE('',(#12204));
#10033=EDGE_CURVE('',#11409,#11405,#12205,.T.);
#10034=FILL_AREA_STYLE('',(#12206));
#10035=EDGE_CURVE('',#11404,#11407,#12207,.T.);
#10036=FILL_AREA_STYLE('',(#12208));
#10037=EDGE_CURVE('',#11396,#11393,#12209,.T.);
#10038=FILL_AREA_STYLE('',(#12210));
#10039=FILL_AREA_STYLE('',(#12211));
#10040=FILL_AREA_STYLE('',(#12212));
#10041=EDGE_CURVE('',#11380,#11374,#12213,.T.);
#10042=FILL_AREA_STYLE('',(#12214));
#10043=FILL_AREA_STYLE('',(#12215));
#10044=EDGE_CURVE('',#11363,#11361,#12216,.T.);
#10045=FILL_AREA_STYLE('',(#12217));
#10046=EDGE_CURVE('',#11357,#11353,#12218,.T.);
#10047=FILL_AREA_STYLE('',(#12219));
#10048=EDGE_CURVE('',#11355,#11352,#12220,.T.);
#10049=FILL_AREA_STYLE('',(#12221));
#10050=EDGE_CURVE('',#11348,#11346,#12222,.T.);
#10051=FILL_AREA_STYLE('',(#12223));
#10052=EDGE_CURVE('',#11342,#11340,#12224,.T.);
#10053=FILL_AREA_STYLE('',(#12225));
#10054=EDGE_CURVE('',#11336,#11332,#12226,.T.);
#10055=FILL_AREA_STYLE('',(#12227));
#10056=EDGE_CURVE('',#11331,#11334,#12228,.T.);
#10057=FILL_AREA_STYLE('',(#12229));
#10058=EDGE_CURVE('',#11323,#11320,#12230,.T.);
#10059=FILL_AREA_STYLE('',(#12231));
#10060=FILL_AREA_STYLE('',(#12232));
#10061=FILL_AREA_STYLE('',(#12233));
#10062=EDGE_CURVE('',#11307,#11301,#12234,.T.);
#10063=FILL_AREA_STYLE('',(#12235));
#10064=FILL_AREA_STYLE('',(#12236));
#10065=EDGE_CURVE('',#11293,#11289,#12237,.T.);
#10066=EDGE_CURVE('',#11288,#11291,#12238,.T.);
#10067=FILL_AREA_STYLE('',(#12239));
#10068=EDGE_CURVE('',#11284,#11282,#12240,.T.);
#10069=EDGE_CURVE('',#11257,#11253,#12241,.T.);
#10070=FILL_AREA_STYLE('',(#12242));
#10071=FILL_AREA_STYLE('',(#12243));
#10072=EDGE_CURVE('',#12244,#11272,#12245,.T.);
#10073=EDGE_CURVE('',#11277,#12244,#12246,.T.);
#10074=FILL_AREA_STYLE('',(#12247));
#10075=EDGE_CURVE('',#11266,#11273,#12248,.T.);
#10076=FILL_AREA_STYLE('',(#12249));
#10077=EDGE_CURVE('',#12250,#11262,#12251,.T.);
#10078=EDGE_CURVE('',#11268,#12250,#12252,.T.);
#10079=FILL_AREA_STYLE('',(#12253));
#10080=EDGE_CURVE('',#11255,#11252,#12254,.T.);
#10081=FILL_AREA_STYLE('',(#12255));
#10082=FILL_AREA_STYLE('',(#12256));
#10083=EDGE_CURVE('',#11248,#11244,#12257,.T.);
#10084=EDGE_CURVE('',#11243,#11246,#12258,.T.);
#10085=FILL_AREA_STYLE('',(#12259));
#10086=EDGE_CURVE('',#11239,#11237,#12260,.T.);
#10087=EDGE_CURVE('',#11212,#11208,#12261,.T.);
#10088=FILL_AREA_STYLE('',(#12262));
#10089=FILL_AREA_STYLE('',(#12263));
#10090=EDGE_CURVE('',#12264,#11227,#12265,.T.);
#10091=EDGE_CURVE('',#11232,#12264,#12266,.T.);
#10092=FILL_AREA_STYLE('',(#12267));
#10093=EDGE_CURVE('',#11221,#11228,#12268,.T.);
#10094=FILL_AREA_STYLE('',(#12269));
#10095=EDGE_CURVE('',#12270,#11217,#12271,.T.);
#10096=EDGE_CURVE('',#11223,#12270,#12272,.T.);
#10097=FILL_AREA_STYLE('',(#12273));
#10098=EDGE_CURVE('',#11210,#11207,#12274,.T.);
#10099=FILL_AREA_STYLE('',(#12275));
#10100=FILL_AREA_STYLE('',(#12276));
#10101=EDGE_CURVE('',#11203,#11199,#12277,.T.);
#10102=EDGE_CURVE('',#11198,#11201,#12278,.T.);
#10103=FILL_AREA_STYLE('',(#12279));
#10104=EDGE_CURVE('',#11194,#11192,#12280,.T.);
#10105=EDGE_CURVE('',#11167,#11163,#12281,.T.);
#10106=FILL_AREA_STYLE('',(#12282));
#10107=FILL_AREA_STYLE('',(#12283));
#10108=EDGE_CURVE('',#12284,#11182,#12285,.T.);
#10109=EDGE_CURVE('',#11187,#12284,#12286,.T.);
#10110=FILL_AREA_STYLE('',(#12287));
#10111=EDGE_CURVE('',#11176,#11183,#12288,.T.);
#10112=FILL_AREA_STYLE('',(#12289));
#10113=EDGE_CURVE('',#12290,#11172,#12291,.T.);
#10114=EDGE_CURVE('',#11178,#12290,#12292,.T.);
#10115=FILL_AREA_STYLE('',(#12293));
#10116=EDGE_CURVE('',#11165,#11162,#12294,.T.);
#10117=FILL_AREA_STYLE('',(#12295));
#10118=FILL_AREA_STYLE('',(#12296));
#10119=EDGE_CURVE('',#11158,#11154,#12297,.T.);
#10120=EDGE_CURVE('',#11153,#11156,#12298,.T.);
#10121=FILL_AREA_STYLE('',(#12299));
#10122=EDGE_CURVE('',#11149,#11147,#12300,.T.);
#10123=EDGE_CURVE('',#11122,#11118,#12301,.T.);
#10124=FILL_AREA_STYLE('',(#12302));
#10125=FILL_AREA_STYLE('',(#12303));
#10126=EDGE_CURVE('',#12304,#11137,#12305,.T.);
#10127=EDGE_CURVE('',#11142,#12304,#12306,.T.);
#10128=FILL_AREA_STYLE('',(#12307));
#10129=EDGE_CURVE('',#11131,#11138,#12308,.T.);
#10130=FILL_AREA_STYLE('',(#12309));
#10131=EDGE_CURVE('',#12310,#11127,#12311,.T.);
#10132=EDGE_CURVE('',#11133,#12310,#12312,.T.);
#10133=FILL_AREA_STYLE('',(#12313));
#10134=EDGE_CURVE('',#11120,#11117,#12314,.T.);
#10135=FILL_AREA_STYLE('',(#12315));
#10136=FILL_AREA_STYLE('',(#12316));
#10137=EDGE_CURVE('',#11113,#11109,#12317,.T.);
#10138=EDGE_CURVE('',#11108,#11111,#12318,.T.);
#10139=FILL_AREA_STYLE('',(#12319));
#10140=EDGE_CURVE('',#11104,#11102,#12320,.T.);
#10141=EDGE_CURVE('',#11077,#11073,#12321,.T.);
#10142=FILL_AREA_STYLE('',(#12322));
#10143=FILL_AREA_STYLE('',(#12323));
#10144=EDGE_CURVE('',#12324,#11092,#12325,.T.);
#10145=EDGE_CURVE('',#11097,#12324,#12326,.T.);
#10146=FILL_AREA_STYLE('',(#12327));
#10147=EDGE_CURVE('',#11086,#11093,#12328,.T.);
#10148=FILL_AREA_STYLE('',(#12329));
#10149=EDGE_CURVE('',#12330,#11082,#12331,.T.);
#10150=EDGE_CURVE('',#11088,#12330,#12332,.T.);
#10151=FILL_AREA_STYLE('',(#12333));
#10152=EDGE_CURVE('',#11075,#11072,#12334,.T.);
#10153=FILL_AREA_STYLE('',(#12335));
#10154=FILL_AREA_STYLE('',(#12336));
#10155=EDGE_CURVE('',#11068,#11064,#12337,.T.);
#10156=EDGE_CURVE('',#11063,#11066,#12338,.T.);
#10157=FILL_AREA_STYLE('',(#12339));
#10158=EDGE_CURVE('',#11059,#11057,#12340,.T.);
#10159=EDGE_CURVE('',#11032,#11028,#12341,.T.);
#10160=FILL_AREA_STYLE('',(#12342));
#10161=FILL_AREA_STYLE('',(#12343));
#10162=EDGE_CURVE('',#12344,#11047,#12345,.T.);
#10163=EDGE_CURVE('',#11052,#12344,#12346,.T.);
#10164=FILL_AREA_STYLE('',(#12347));
#10165=EDGE_CURVE('',#11041,#11048,#12348,.T.);
#10166=FILL_AREA_STYLE('',(#12349));
#10167=EDGE_CURVE('',#12350,#11037,#12351,.T.);
#10168=EDGE_CURVE('',#11043,#12350,#12352,.T.);
#10169=FILL_AREA_STYLE('',(#12353));
#10170=EDGE_CURVE('',#11030,#11027,#12354,.T.);
#10171=FILL_AREA_STYLE('',(#12355));
#10172=FILL_AREA_STYLE('',(#12356));
#10173=EDGE_CURVE('',#11023,#11019,#12357,.T.);
#10174=EDGE_CURVE('',#11018,#11021,#12358,.T.);
#10175=FILL_AREA_STYLE('',(#12359));
#10176=EDGE_CURVE('',#11014,#11012,#12360,.T.);
#10177=EDGE_CURVE('',#10987,#10983,#12361,.T.);
#10178=FILL_AREA_STYLE('',(#12362));
#10179=FILL_AREA_STYLE('',(#12363));
#10180=EDGE_CURVE('',#12364,#11002,#12365,.T.);
#10181=EDGE_CURVE('',#11007,#12364,#12366,.T.);
#10182=FILL_AREA_STYLE('',(#12367));
#10183=EDGE_CURVE('',#10996,#11003,#12368,.T.);
#10184=FILL_AREA_STYLE('',(#12369));
#10185=EDGE_CURVE('',#12370,#10992,#12371,.T.);
#10186=EDGE_CURVE('',#10998,#12370,#12372,.T.);
#10187=FILL_AREA_STYLE('',(#12373));
#10188=EDGE_CURVE('',#10985,#10982,#12374,.T.);
#10189=FILL_AREA_STYLE('',(#12375));
#10190=FILL_AREA_STYLE('',(#12376));
#10191=EDGE_CURVE('',#10978,#10974,#12377,.T.);
#10192=EDGE_CURVE('',#10973,#10976,#12378,.T.);
#10193=FILL_AREA_STYLE('',(#12379));
#10194=EDGE_CURVE('',#10969,#10967,#12380,.T.);
#10195=EDGE_CURVE('',#10942,#10938,#12381,.T.);
#10196=FILL_AREA_STYLE('',(#12382));
#10197=FILL_AREA_STYLE('',(#12383));
#10198=EDGE_CURVE('',#12384,#10957,#12385,.T.);
#10199=EDGE_CURVE('',#10962,#12384,#12386,.T.);
#10200=FILL_AREA_STYLE('',(#12387));
#10201=EDGE_CURVE('',#10951,#10958,#12388,.T.);
#10202=FILL_AREA_STYLE('',(#12389));
#10203=EDGE_CURVE('',#12390,#10947,#12391,.T.);
#10204=EDGE_CURVE('',#10953,#12390,#12392,.T.);
#10205=FILL_AREA_STYLE('',(#12393));
#10206=EDGE_CURVE('',#10940,#10937,#12394,.T.);
#10207=FILL_AREA_STYLE('',(#12395));
#10208=FILL_AREA_STYLE('',(#12396));
#10209=EDGE_CURVE('',#10933,#10929,#12397,.T.);
#10210=EDGE_CURVE('',#10928,#10931,#12398,.T.);
#10211=FILL_AREA_STYLE('',(#12399));
#10212=EDGE_CURVE('',#10924,#10922,#12400,.T.);
#10213=EDGE_CURVE('',#10897,#10893,#12401,.T.);
#10214=FILL_AREA_STYLE('',(#12402));
#10215=FILL_AREA_STYLE('',(#12403));
#10216=EDGE_CURVE('',#12404,#10912,#12405,.T.);
#10217=EDGE_CURVE('',#10917,#12404,#12406,.T.);
#10218=FILL_AREA_STYLE('',(#12407));
#10219=EDGE_CURVE('',#10906,#10913,#12408,.T.);
#10220=FILL_AREA_STYLE('',(#12409));
#10221=EDGE_CURVE('',#12410,#10902,#12411,.T.);
#10222=EDGE_CURVE('',#10908,#12410,#12412,.T.);
#10223=FILL_AREA_STYLE('',(#12413));
#10224=EDGE_CURVE('',#10895,#10892,#12414,.T.);
#10225=FILL_AREA_STYLE('',(#12415));
#10226=FILL_AREA_STYLE('',(#12416));
#10227=EDGE_CURVE('',#10888,#10884,#12417,.T.);
#10228=EDGE_CURVE('',#10883,#10886,#12418,.T.);
#10229=FILL_AREA_STYLE('',(#12419));
#10230=EDGE_CURVE('',#10879,#10877,#12420,.T.);
#10231=EDGE_CURVE('',#10852,#10848,#12421,.T.);
#10232=FILL_AREA_STYLE('',(#12422));
#10233=FILL_AREA_STYLE('',(#12423));
#10234=EDGE_CURVE('',#12424,#10867,#12425,.T.);
#10235=EDGE_CURVE('',#10872,#12424,#12426,.T.);
#10236=FILL_AREA_STYLE('',(#12427));
#10237=EDGE_CURVE('',#10861,#10868,#12428,.T.);
#10238=FILL_AREA_STYLE('',(#12429));
#10239=EDGE_CURVE('',#12430,#10857,#12431,.T.);
#10240=EDGE_CURVE('',#10863,#12430,#12432,.T.);
#10241=FILL_AREA_STYLE('',(#12433));
#10242=EDGE_CURVE('',#10850,#10847,#12434,.T.);
#10243=FILL_AREA_STYLE('',(#12435));
#10244=FILL_AREA_STYLE('',(#12436));
#10245=EDGE_CURVE('',#12437,#12438,#12439,.T.);
#10246=EDGE_CURVE('',#12440,#12437,#12441,.T.);
#10247=EDGE_CURVE('',#12440,#12442,#12443,.T.);
#10248=EDGE_CURVE('',#12438,#12442,#12444,.T.);
#10249=FILL_AREA_STYLE('',(#12445));
#10250=EDGE_CURVE('',#12446,#12447,#12448,.T.);
#10251=EDGE_CURVE('',#12449,#12446,#12450,.T.);
#10252=EDGE_CURVE('',#12449,#12451,#12452,.T.);
#10253=EDGE_CURVE('',#12447,#12451,#12453,.T.);
#10254=FILL_AREA_STYLE('',(#12454));
#10255=EDGE_CURVE('',#12455,#12456,#12457,.T.);
#10256=EDGE_CURVE('',#12458,#12455,#12459,.T.);
#10257=EDGE_CURVE('',#12458,#12460,#12461,.T.);
#10258=EDGE_CURVE('',#12456,#12460,#12462,.T.);
#10259=FILL_AREA_STYLE('',(#12463));
#10260=EDGE_CURVE('',#12464,#12465,#12466,.T.);
#10261=EDGE_CURVE('',#12467,#12464,#12468,.T.);
#10262=EDGE_CURVE('',#12467,#12469,#12470,.T.);
#10263=EDGE_CURVE('',#12465,#12469,#12471,.T.);
#10264=FILL_AREA_STYLE('',(#12472));
#10265=EDGE_CURVE('',#12473,#12474,#12475,.T.);
#10266=EDGE_CURVE('',#12476,#12473,#12477,.T.);
#10267=EDGE_CURVE('',#12476,#12478,#12479,.T.);
#10268=EDGE_CURVE('',#12474,#12478,#12480,.T.);
#10269=FILL_AREA_STYLE('',(#12481));
#10270=EDGE_CURVE('',#12482,#12483,#12484,.T.);
#10271=EDGE_CURVE('',#12485,#12482,#12486,.T.);
#10272=EDGE_CURVE('',#12485,#12487,#12488,.T.);
#10273=EDGE_CURVE('',#12483,#12487,#12489,.T.);
#10274=FILL_AREA_STYLE('',(#12490));
#10275=EDGE_CURVE('',#12491,#12492,#12493,.T.);
#10276=EDGE_CURVE('',#12494,#12491,#12495,.T.);
#10277=EDGE_CURVE('',#12494,#12496,#12497,.T.);
#10278=EDGE_CURVE('',#12492,#12496,#12498,.T.);
#10279=FILL_AREA_STYLE('',(#12499));
#10280=EDGE_CURVE('',#12500,#12501,#12502,.T.);
#10281=EDGE_CURVE('',#12503,#12500,#12504,.T.);
#10282=EDGE_CURVE('',#12503,#12505,#12506,.T.);
#10283=EDGE_CURVE('',#12501,#12505,#12507,.T.);
#10284=FILL_AREA_STYLE('',(#12508));
#10285=EDGE_CURVE('',#12509,#12510,#12511,.T.);
#10286=EDGE_CURVE('',#12512,#12509,#12513,.T.);
#10287=EDGE_CURVE('',#12512,#12514,#12515,.T.);
#10288=EDGE_CURVE('',#12510,#12514,#12516,.T.);
#10289=FILL_AREA_STYLE('',(#12517));
#10290=EDGE_CURVE('',#12518,#12519,#12520,.T.);
#10291=EDGE_CURVE('',#12521,#12519,#12522,.T.);
#10292=EDGE_CURVE('',#12523,#12521,#12524,.T.);
#10293=EDGE_CURVE('',#12518,#12523,#12525,.T.);
#10294=FILL_AREA_STYLE('',(#12526));
#10295=EDGE_CURVE('',#12521,#12527,#12528,.T.);
#10296=EDGE_CURVE('',#12510,#12519,#12529,.T.);
#10297=EDGE_CURVE('',#12501,#12514,#12530,.T.);
#10298=EDGE_CURVE('',#12492,#12505,#12531,.T.);
#10299=EDGE_CURVE('',#12483,#12496,#12532,.T.);
#10300=EDGE_CURVE('',#12474,#12487,#12533,.T.);
#10301=EDGE_CURVE('',#12465,#12478,#12534,.T.);
#10302=EDGE_CURVE('',#12456,#12469,#12535,.T.);
#10303=EDGE_CURVE('',#12447,#12460,#12536,.T.);
#10304=EDGE_CURVE('',#12438,#12451,#12537,.T.);
#10305=EDGE_CURVE('',#12538,#12442,#12539,.T.);
#10306=EDGE_CURVE('',#12538,#12540,#12541,.T.);
#10307=EDGE_CURVE('',#12542,#12540,#12543,.T.);
#10308=EDGE_CURVE('',#12542,#12544,#12545,.T.);
#10309=EDGE_CURVE('',#12546,#12544,#12547,.T.);
#10310=EDGE_CURVE('',#12546,#12548,#12549,.T.);
#10311=EDGE_CURVE('',#12550,#12548,#12551,.T.);
#10312=EDGE_CURVE('',#12550,#12552,#12553,.T.);
#10313=EDGE_CURVE('',#12554,#12552,#12555,.T.);
#10314=EDGE_CURVE('',#12554,#12556,#12557,.T.);
#10315=EDGE_CURVE('',#12558,#12556,#12559,.T.);
#10316=EDGE_CURVE('',#12558,#12560,#12561,.T.);
#10317=EDGE_CURVE('',#12562,#12560,#12563,.T.);
#10318=EDGE_CURVE('',#12562,#12564,#12565,.T.);
#10319=EDGE_CURVE('',#12566,#12564,#12567,.T.);
#10320=EDGE_CURVE('',#12566,#12568,#12569,.T.);
#10321=EDGE_CURVE('',#12570,#12568,#12571,.T.);
#10322=EDGE_CURVE('',#12570,#12572,#12573,.T.);
#10323=EDGE_CURVE('',#12574,#12572,#12575,.T.);
#10324=EDGE_CURVE('',#12574,#12527,#12576,.T.);
#10325=FILL_AREA_STYLE('',(#12577));
#10326=EDGE_CURVE('',#12578,#12572,#12579,.T.);
#10327=EDGE_CURVE('',#12580,#12570,#12581,.T.);
#10328=EDGE_CURVE('',#12578,#12580,#12582,.T.);
#10329=FILL_AREA_STYLE('',(#12583));
#10330=EDGE_CURVE('',#12584,#12568,#12585,.T.);
#10331=EDGE_CURVE('',#12586,#12566,#12587,.T.);
#10332=EDGE_CURVE('',#12584,#12586,#12588,.T.);
#10333=FILL_AREA_STYLE('',(#12589));
#10334=EDGE_CURVE('',#12590,#12564,#12591,.T.);
#10335=EDGE_CURVE('',#12592,#12562,#12593,.T.);
#10336=EDGE_CURVE('',#12590,#12592,#12594,.T.);
#10337=FILL_AREA_STYLE('',(#12595));
#10338=EDGE_CURVE('',#12596,#12560,#12597,.T.);
#10339=EDGE_CURVE('',#12598,#12558,#12599,.T.);
#10340=EDGE_CURVE('',#12596,#12598,#12600,.T.);
#10341=FILL_AREA_STYLE('',(#12601));
#10342=EDGE_CURVE('',#12602,#12556,#12603,.T.);
#10343=EDGE_CURVE('',#12604,#12554,#12605,.T.);
#10344=EDGE_CURVE('',#12602,#12604,#12606,.T.);
#10345=FILL_AREA_STYLE('',(#12607));
#10346=EDGE_CURVE('',#12608,#12552,#12609,.T.);
#10347=EDGE_CURVE('',#12610,#12550,#12611,.T.);
#10348=EDGE_CURVE('',#12608,#12610,#12612,.T.);
#10349=FILL_AREA_STYLE('',(#12613));
#10350=EDGE_CURVE('',#12614,#12548,#12615,.T.);
#10351=EDGE_CURVE('',#12616,#12546,#12617,.T.);
#10352=EDGE_CURVE('',#12614,#12616,#12618,.T.);
#10353=FILL_AREA_STYLE('',(#12619));
#10354=EDGE_CURVE('',#12620,#12544,#12621,.T.);
#10355=EDGE_CURVE('',#12622,#12542,#12623,.T.);
#10356=EDGE_CURVE('',#12620,#12622,#12624,.T.);
#10357=FILL_AREA_STYLE('',(#12625));
#10358=EDGE_CURVE('',#12626,#12538,#12627,.T.);
#10359=EDGE_CURVE('',#12628,#12626,#12629,.T.);
#10360=EDGE_CURVE('',#12628,#12540,#12630,.T.);
#10361=FILL_AREA_STYLE('',(#12631));
#10362=EDGE_CURVE('',#12632,#12527,#12633,.T.);
#10363=EDGE_CURVE('',#12634,#12574,#12635,.T.);
#10364=EDGE_CURVE('',#12632,#12634,#12636,.T.);
#10365=FILL_AREA_STYLE('',(#12637));
#10366=EDGE_CURVE('',#12527,#12638,#12639,.T.);
#10367=EDGE_CURVE('',#12638,#12640,#12641,.T.);
#10368=EDGE_CURVE('',#12521,#12640,#12642,.T.);
#10369=FILL_AREA_STYLE('',(#12643));
#10370=EDGE_CURVE('',#12572,#12644,#12645,.T.);
#10371=EDGE_CURVE('',#12644,#12646,#12647,.T.);
#10372=EDGE_CURVE('',#12574,#12646,#12648,.T.);
#10373=FILL_AREA_STYLE('',(#12649));
#10374=EDGE_CURVE('',#12568,#12650,#12651,.T.);
#10375=EDGE_CURVE('',#12650,#12652,#12653,.T.);
#10376=EDGE_CURVE('',#12570,#12652,#12654,.T.);
#10377=FILL_AREA_STYLE('',(#12655));
#10378=EDGE_CURVE('',#12564,#12656,#12657,.T.);
#10379=EDGE_CURVE('',#12656,#12658,#12659,.T.);
#10380=EDGE_CURVE('',#12566,#12658,#12660,.T.);
#10381=FILL_AREA_STYLE('',(#12661));
#10382=EDGE_CURVE('',#12560,#12662,#12663,.T.);
#10383=EDGE_CURVE('',#12662,#12664,#12665,.T.);
#10384=EDGE_CURVE('',#12562,#12664,#12666,.T.);
#10385=FILL_AREA_STYLE('',(#12667));
#10386=EDGE_CURVE('',#12556,#12668,#12669,.T.);
#10387=EDGE_CURVE('',#12668,#12670,#12671,.T.);
#10388=EDGE_CURVE('',#12558,#12670,#12672,.T.);
#10389=FILL_AREA_STYLE('',(#12673));
#10390=EDGE_CURVE('',#12552,#12674,#12675,.T.);
#10391=EDGE_CURVE('',#12674,#12676,#12677,.T.);
#10392=EDGE_CURVE('',#12554,#12676,#12678,.T.);
#10393=FILL_AREA_STYLE('',(#12679));
#10394=EDGE_CURVE('',#12548,#12680,#12681,.T.);
#10395=EDGE_CURVE('',#12680,#12682,#12683,.T.);
#10396=EDGE_CURVE('',#12550,#12682,#12684,.T.);
#10397=FILL_AREA_STYLE('',(#12685));
#10398=EDGE_CURVE('',#12544,#12686,#12687,.T.);
#10399=EDGE_CURVE('',#12686,#12688,#12689,.T.);
#10400=EDGE_CURVE('',#12546,#12688,#12690,.T.);
#10401=FILL_AREA_STYLE('',(#12691));
#10402=EDGE_CURVE('',#12634,#12692,#12693,.T.);
#10403=EDGE_CURVE('',#12692,#12694,#12695,.T.);
#10404=EDGE_CURVE('',#12694,#12632,#12696,.T.);
#10405=FILL_AREA_STYLE('',(#12697));
#10406=EDGE_CURVE('',#12698,#12580,#12699,.T.);
#10407=EDGE_CURVE('',#12700,#12698,#12701,.T.);
#10408=EDGE_CURVE('',#12578,#12700,#12702,.T.);
#10409=FILL_AREA_STYLE('',(#12703));
#10410=EDGE_CURVE('',#12704,#12586,#12705,.T.);
#10411=EDGE_CURVE('',#12706,#12704,#12707,.T.);
#10412=EDGE_CURVE('',#12584,#12706,#12708,.T.);
#10413=FILL_AREA_STYLE('',(#12709));
#10414=EDGE_CURVE('',#12710,#12592,#12711,.T.);
#10415=EDGE_CURVE('',#12712,#12710,#12713,.T.);
#10416=EDGE_CURVE('',#12590,#12712,#12714,.T.);
#10417=FILL_AREA_STYLE('',(#12715));
#10418=EDGE_CURVE('',#12716,#12598,#12717,.T.);
#10419=EDGE_CURVE('',#12718,#12716,#12719,.T.);
#10420=EDGE_CURVE('',#12596,#12718,#12720,.T.);
#10421=FILL_AREA_STYLE('',(#12721));
#10422=EDGE_CURVE('',#12722,#12604,#12723,.T.);
#10423=EDGE_CURVE('',#12724,#12722,#12725,.T.);
#10424=EDGE_CURVE('',#12602,#12724,#12726,.T.);
#10425=FILL_AREA_STYLE('',(#12727));
#10426=EDGE_CURVE('',#12728,#12610,#12729,.T.);
#10427=EDGE_CURVE('',#12730,#12728,#12731,.T.);
#10428=EDGE_CURVE('',#12608,#12730,#12732,.T.);
#10429=FILL_AREA_STYLE('',(#12733));
#10430=EDGE_CURVE('',#12734,#12616,#12735,.T.);
#10431=EDGE_CURVE('',#12736,#12734,#12737,.T.);
#10432=EDGE_CURVE('',#12614,#12736,#12738,.T.);
#10433=FILL_AREA_STYLE('',(#12739));
#10434=EDGE_CURVE('',#12740,#12622,#12741,.T.);
#10435=EDGE_CURVE('',#12742,#12740,#12743,.T.);
#10436=EDGE_CURVE('',#12620,#12742,#12744,.T.);
#10437=FILL_AREA_STYLE('',(#12745));
#10438=EDGE_CURVE('',#12626,#12746,#12747,.T.);
#10439=EDGE_CURVE('',#12746,#12748,#12749,.T.);
#10440=EDGE_CURVE('',#12748,#12628,#12750,.T.);
#10441=FILL_AREA_STYLE('',(#12751));
#10442=EDGE_CURVE('',#12437,#12752,#12753,.T.);
#10443=EDGE_CURVE('',#12752,#12754,#12755,.T.);
#10444=EDGE_CURVE('',#12754,#12440,#12756,.T.);
#10445=FILL_AREA_STYLE('',(#12757));
#10446=EDGE_CURVE('',#12758,#12446,#12759,.T.);
#10447=EDGE_CURVE('',#12760,#12758,#12761,.T.);
#10448=EDGE_CURVE('',#12449,#12760,#12762,.T.);
#10449=FILL_AREA_STYLE('',(#12763));
#10450=EDGE_CURVE('',#12764,#12455,#12765,.T.);
#10451=EDGE_CURVE('',#12766,#12764,#12767,.T.);
#10452=EDGE_CURVE('',#12458,#12766,#12768,.T.);
#10453=FILL_AREA_STYLE('',(#12769));
#10454=EDGE_CURVE('',#12770,#12464,#12771,.T.);
#10455=EDGE_CURVE('',#12772,#12770,#12773,.T.);
#10456=EDGE_CURVE('',#12467,#12772,#12774,.T.);
#10457=FILL_AREA_STYLE('',(#12775));
#10458=EDGE_CURVE('',#12776,#12473,#12777,.T.);
#10459=EDGE_CURVE('',#12778,#12776,#12779,.T.);
#10460=EDGE_CURVE('',#12476,#12778,#12780,.T.);
#10461=FILL_AREA_STYLE('',(#12781));
#10462=EDGE_CURVE('',#12782,#12482,#12783,.T.);
#10463=EDGE_CURVE('',#12784,#12782,#12785,.T.);
#10464=EDGE_CURVE('',#12485,#12784,#12786,.T.);
#10465=FILL_AREA_STYLE('',(#12787));
#10466=EDGE_CURVE('',#12788,#12491,#12789,.T.);
#10467=EDGE_CURVE('',#12790,#12788,#12791,.T.);
#10468=EDGE_CURVE('',#12494,#12790,#12792,.T.);
#10469=FILL_AREA_STYLE('',(#12793));
#10470=EDGE_CURVE('',#12794,#12500,#12795,.T.);
#10471=EDGE_CURVE('',#12796,#12794,#12797,.T.);
#10472=EDGE_CURVE('',#12503,#12796,#12798,.T.);
#10473=FILL_AREA_STYLE('',(#12799));
#10474=EDGE_CURVE('',#12800,#12509,#12801,.T.);
#10475=EDGE_CURVE('',#12802,#12800,#12803,.T.);
#10476=EDGE_CURVE('',#12512,#12802,#12804,.T.);
#10477=FILL_AREA_STYLE('',(#12805));
#10478=EDGE_CURVE('',#12523,#12806,#12807,.T.);
#10479=EDGE_CURVE('',#12806,#12808,#12809,.T.);
#10480=EDGE_CURVE('',#12808,#12518,#12810,.T.);
#10481=FILL_AREA_STYLE('',(#12811));
#10482=EDGE_CURVE('',#12540,#12812,#12813,.T.);
#10483=EDGE_CURVE('',#12812,#12814,#12815,.T.);
#10484=EDGE_CURVE('',#12542,#12814,#12816,.T.);
#10485=FILL_AREA_STYLE('',(#12817));
#10486=EDGE_CURVE('',#12818,#12819,#12820,.T.);
#10487=EDGE_CURVE('',#12694,#12819,#12821,.T.);
#10488=EDGE_CURVE('',#12692,#12818,#12822,.T.);
#10489=FILL_AREA_STYLE('',(#12823));
#10490=EDGE_CURVE('',#12819,#12638,#12824,.T.);
#10491=FILL_AREA_STYLE('',(#12825));
#10492=EDGE_CURVE('',#12640,#12826,#12827,.T.);
#10493=EDGE_CURVE('',#12806,#12826,#12828,.T.);
#10494=FILL_AREA_STYLE('',(#12829));
#10495=EDGE_CURVE('',#12826,#12830,#12831,.T.);
#10496=EDGE_CURVE('',#12808,#12830,#12832,.T.);
#10497=FILL_AREA_STYLE('',(#12833));
#10498=EDGE_CURVE('',#12830,#12834,#12835,.T.);
#10499=EDGE_CURVE('',#12519,#12834,#12836,.T.);
#10500=FILL_AREA_STYLE('',(#12837));
#10501=EDGE_CURVE('',#12834,#12838,#12839,.T.);
#10502=EDGE_CURVE('',#12510,#12838,#12840,.T.);
#10503=FILL_AREA_STYLE('',(#12841));
#10504=EDGE_CURVE('',#12646,#12818,#12842,.T.);
#10505=FILL_AREA_STYLE('',(#12843));
#10506=EDGE_CURVE('',#12838,#12844,#12845,.T.);
#10507=EDGE_CURVE('',#12846,#12644,#12847,.T.);
#10508=EDGE_CURVE('',#12848,#12846,#12849,.T.);
#10509=EDGE_CURVE('',#12652,#12848,#12850,.T.);
#10510=EDGE_CURVE('',#12851,#12650,#12852,.T.);
#10511=EDGE_CURVE('',#12853,#12851,#12854,.T.);
#10512=EDGE_CURVE('',#12658,#12853,#12855,.T.);
#10513=EDGE_CURVE('',#12856,#12656,#12857,.T.);
#10514=EDGE_CURVE('',#12858,#12856,#12859,.T.);
#10515=EDGE_CURVE('',#12664,#12858,#12860,.T.);
#10516=EDGE_CURVE('',#12861,#12662,#12862,.T.);
#10517=EDGE_CURVE('',#12863,#12861,#12864,.T.);
#10518=EDGE_CURVE('',#12670,#12863,#12865,.T.);
#10519=EDGE_CURVE('',#12866,#12668,#12867,.T.);
#10520=EDGE_CURVE('',#12868,#12866,#12869,.T.);
#10521=EDGE_CURVE('',#12676,#12868,#12870,.T.);
#10522=EDGE_CURVE('',#12871,#12674,#12872,.T.);
#10523=EDGE_CURVE('',#12873,#12871,#12874,.T.);
#10524=EDGE_CURVE('',#12682,#12873,#12875,.T.);
#10525=EDGE_CURVE('',#12876,#12680,#12877,.T.);
#10526=EDGE_CURVE('',#12878,#12876,#12879,.T.);
#10527=EDGE_CURVE('',#12688,#12878,#12880,.T.);
#10528=EDGE_CURVE('',#12881,#12686,#12882,.T.);
#10529=EDGE_CURVE('',#12883,#12881,#12884,.T.);
#10530=EDGE_CURVE('',#12814,#12883,#12885,.T.);
#10531=EDGE_CURVE('',#12886,#12812,#12887,.T.);
#10532=EDGE_CURVE('',#12888,#12886,#12889,.T.);
#10533=EDGE_CURVE('',#12890,#12888,#12891,.T.);
#10534=EDGE_CURVE('',#12892,#12890,#12893,.T.);
#10535=EDGE_CURVE('',#12894,#12892,#12895,.T.);
#10536=EDGE_CURVE('',#12896,#12894,#12897,.T.);
#10537=EDGE_CURVE('',#12898,#12896,#12899,.T.);
#10538=EDGE_CURVE('',#12900,#12898,#12901,.T.);
#10539=EDGE_CURVE('',#12902,#12900,#12903,.T.);
#10540=EDGE_CURVE('',#12904,#12902,#12905,.T.);
#10541=EDGE_CURVE('',#12906,#12904,#12907,.T.);
#10542=EDGE_CURVE('',#12908,#12906,#12909,.T.);
#10543=EDGE_CURVE('',#12910,#12908,#12911,.T.);
#10544=EDGE_CURVE('',#12912,#12910,#12913,.T.);
#10545=EDGE_CURVE('',#12914,#12912,#12915,.T.);
#10546=EDGE_CURVE('',#12916,#12914,#12917,.T.);
#10547=EDGE_CURVE('',#12918,#12916,#12919,.T.);
#10548=EDGE_CURVE('',#12920,#12918,#12921,.T.);
#10549=EDGE_CURVE('',#12922,#12920,#12923,.T.);
#10550=EDGE_CURVE('',#12924,#12922,#12925,.T.);
#10551=EDGE_CURVE('',#12926,#12924,#12927,.T.);
#10552=EDGE_CURVE('',#12928,#12926,#12929,.T.);
#10553=EDGE_CURVE('',#12930,#12928,#12931,.T.);
#10554=EDGE_CURVE('',#12932,#12930,#12933,.T.);
#10555=EDGE_CURVE('',#12934,#12932,#12935,.T.);
#10556=EDGE_CURVE('',#12936,#12934,#12937,.T.);
#10557=EDGE_CURVE('',#12938,#12936,#12939,.T.);
#10558=EDGE_CURVE('',#12940,#12938,#12941,.T.);
#10559=EDGE_CURVE('',#12942,#12940,#12943,.T.);
#10560=EDGE_CURVE('',#12944,#12942,#12945,.T.);
#10561=EDGE_CURVE('',#12946,#12944,#12947,.T.);
#10562=EDGE_CURVE('',#12948,#12946,#12949,.T.);
#10563=EDGE_CURVE('',#12950,#12948,#12951,.T.);
#10564=EDGE_CURVE('',#12952,#12950,#12953,.T.);
#10565=EDGE_CURVE('',#12954,#12952,#12955,.T.);
#10566=EDGE_CURVE('',#12956,#12954,#12957,.T.);
#10567=EDGE_CURVE('',#12958,#12956,#12959,.T.);
#10568=EDGE_CURVE('',#12844,#12958,#12960,.T.);
#10569=FILL_AREA_STYLE('',(#12961));
#10570=EDGE_CURVE('',#12514,#12956,#12962,.T.);
#10571=EDGE_CURVE('',#12802,#12958,#12963,.T.);
#10572=FILL_AREA_STYLE('',(#12964));
#10573=EDGE_CURVE('',#12501,#12954,#12965,.T.);
#10574=FILL_AREA_STYLE('',(#12966));
#10575=EDGE_CURVE('',#12698,#12848,#12967,.T.);
#10576=FILL_AREA_STYLE('',(#12968));
#10577=EDGE_CURVE('',#12700,#12846,#12969,.T.);
#10578=FILL_AREA_STYLE('',(#12970));
#10579=FILL_AREA_STYLE('',(#12971));
#10580=EDGE_CURVE('',#12800,#12844,#12972,.T.);
#10581=FILL_AREA_STYLE('',(#12973));
#10582=FILL_AREA_STYLE('',(#12974));
#10583=EDGE_CURVE('',#12505,#12948,#12975,.T.);
#10584=EDGE_CURVE('',#12796,#12950,#12976,.T.);
#10585=FILL_AREA_STYLE('',(#12977));
#10586=EDGE_CURVE('',#12492,#12946,#12978,.T.);
#10587=FILL_AREA_STYLE('',(#12979));
#10588=EDGE_CURVE('',#12704,#12853,#12980,.T.);
#10589=FILL_AREA_STYLE('',(#12981));
#10590=EDGE_CURVE('',#12706,#12851,#12982,.T.);
#10591=FILL_AREA_STYLE('',(#12983));
#10592=FILL_AREA_STYLE('',(#12984));
#10593=EDGE_CURVE('',#12794,#12952,#12985,.T.);
#10594=FILL_AREA_STYLE('',(#12986));
#10595=FILL_AREA_STYLE('',(#12987));
#10596=EDGE_CURVE('',#12496,#12940,#12988,.T.);
#10597=EDGE_CURVE('',#12790,#12942,#12989,.T.);
#10598=FILL_AREA_STYLE('',(#12990));
#10599=EDGE_CURVE('',#12483,#12938,#12991,.T.);
#10600=FILL_AREA_STYLE('',(#12992));
#10601=EDGE_CURVE('',#12710,#12858,#12993,.T.);
#10602=FILL_AREA_STYLE('',(#12994));
#10603=EDGE_CURVE('',#12712,#12856,#12995,.T.);
#10604=FILL_AREA_STYLE('',(#12996));
#10605=FILL_AREA_STYLE('',(#12997));
#10606=EDGE_CURVE('',#12788,#12944,#12998,.T.);
#10607=FILL_AREA_STYLE('',(#12999));
#10608=FILL_AREA_STYLE('',(#13000));
#10609=EDGE_CURVE('',#12487,#12932,#13001,.T.);
#10610=EDGE_CURVE('',#12784,#12934,#13002,.T.);
#10611=FILL_AREA_STYLE('',(#13003));
#10612=EDGE_CURVE('',#12474,#12930,#13004,.T.);
#10613=FILL_AREA_STYLE('',(#13005));
#10614=EDGE_CURVE('',#12716,#12863,#13006,.T.);
#10615=FILL_AREA_STYLE('',(#13007));
#10616=EDGE_CURVE('',#12718,#12861,#13008,.T.);
#10617=FILL_AREA_STYLE('',(#13009));
#10618=FILL_AREA_STYLE('',(#13010));
#10619=EDGE_CURVE('',#12782,#12936,#13011,.T.);
#10620=FILL_AREA_STYLE('',(#13012));
#10621=FILL_AREA_STYLE('',(#13013));
#10622=EDGE_CURVE('',#12478,#12924,#13014,.T.);
#10623=EDGE_CURVE('',#12778,#12926,#13015,.T.);
#10624=FILL_AREA_STYLE('',(#13016));
#10625=EDGE_CURVE('',#12465,#12922,#13017,.T.);
#10626=FILL_AREA_STYLE('',(#13018));
#10627=EDGE_CURVE('',#12722,#12868,#13019,.T.);
#10628=FILL_AREA_STYLE('',(#13020));
#10629=EDGE_CURVE('',#12724,#12866,#13021,.T.);
#10630=FILL_AREA_STYLE('',(#13022));
#10631=FILL_AREA_STYLE('',(#13023));
#10632=EDGE_CURVE('',#12776,#12928,#13024,.T.);
#10633=FILL_AREA_STYLE('',(#13025));
#10634=FILL_AREA_STYLE('',(#13026));
#10635=EDGE_CURVE('',#12469,#12916,#13027,.T.);
#10636=EDGE_CURVE('',#12772,#12918,#13028,.T.);
#10637=FILL_AREA_STYLE('',(#13029));
#10638=EDGE_CURVE('',#12456,#12914,#13030,.T.);
#10639=FILL_AREA_STYLE('',(#13031));
#10640=EDGE_CURVE('',#12728,#12873,#13032,.T.);
#10641=FILL_AREA_STYLE('',(#13033));
#10642=EDGE_CURVE('',#12730,#12871,#13034,.T.);
#10643=FILL_AREA_STYLE('',(#13035));
#10644=FILL_AREA_STYLE('',(#13036));
#10645=EDGE_CURVE('',#12770,#12920,#13037,.T.);
#10646=FILL_AREA_STYLE('',(#13038));
#10647=FILL_AREA_STYLE('',(#13039));
#10648=EDGE_CURVE('',#12460,#12908,#13040,.T.);
#10649=EDGE_CURVE('',#12766,#12910,#13041,.T.);
#10650=FILL_AREA_STYLE('',(#13042));
#10651=EDGE_CURVE('',#12447,#12906,#13043,.T.);
#10652=FILL_AREA_STYLE('',(#13044));
#10653=EDGE_CURVE('',#12734,#12878,#13045,.T.);
#10654=FILL_AREA_STYLE('',(#13046));
#10655=EDGE_CURVE('',#12736,#12876,#13047,.T.);
#10656=FILL_AREA_STYLE('',(#13048));
#10657=FILL_AREA_STYLE('',(#13049));
#10658=EDGE_CURVE('',#12764,#12912,#13050,.T.);
#10659=FILL_AREA_STYLE('',(#13051));
#10660=FILL_AREA_STYLE('',(#13052));
#10661=EDGE_CURVE('',#12451,#12900,#13053,.T.);
#10662=EDGE_CURVE('',#12760,#12902,#13054,.T.);
#10663=FILL_AREA_STYLE('',(#13055));
#10664=EDGE_CURVE('',#12438,#12898,#13056,.T.);
#10665=FILL_AREA_STYLE('',(#13057));
#10666=EDGE_CURVE('',#12740,#12883,#13058,.T.);
#10667=FILL_AREA_STYLE('',(#13059));
#10668=EDGE_CURVE('',#12742,#12881,#13060,.T.);
#10669=FILL_AREA_STYLE('',(#13061));
#10670=FILL_AREA_STYLE('',(#13062));
#10671=EDGE_CURVE('',#12758,#12904,#13063,.T.);
#10672=FILL_AREA_STYLE('',(#13064));
#10673=FILL_AREA_STYLE('',(#13065));
#10674=EDGE_CURVE('',#12442,#12892,#13066,.T.);
#10675=EDGE_CURVE('',#12754,#12894,#13067,.T.);
#10676=FILL_AREA_STYLE('',(#13068));
#10677=EDGE_CURVE('',#12538,#12890,#13069,.T.);
#10678=FILL_AREA_STYLE('',(#13070));
#10679=EDGE_CURVE('',#12746,#12888,#13071,.T.);
#10680=FILL_AREA_STYLE('',(#13072));
#10681=EDGE_CURVE('',#12748,#12886,#13073,.T.);
#10682=FILL_AREA_STYLE('',(#13074));
#10683=FILL_AREA_STYLE('',(#13075));
#10684=EDGE_CURVE('',#12752,#12896,#13076,.T.);
#10685=FILL_AREA_STYLE('',(#13077));
#10686=FILL_AREA_STYLE_COLOUR('',#13078);
#10687=VERTEX_POINT('',#13079);
#10688=VERTEX_POINT('',#13080);
#10689=CIRCLE('',#13081,0.290007719539947);
#10690=VERTEX_POINT('',#13082);
#10691=CIRCLE('',#13083,0.200000000000001);
#10692=VERTEX_POINT('',#13084);
#10693=CIRCLE('',#13085,0.29289059931768);
#10694=VERTEX_POINT('',#13086);
#10695=CIRCLE('',#13087,0.29289059931768);
#10696=CIRCLE('',#13088,0.200000000000001);
#10697=FILL_AREA_STYLE_COLOUR('',#13089);
#10698=VERTEX_POINT('',#13090);
#10699=VERTEX_POINT('',#13091);
#10700=CIRCLE('',#13092,0.290007719539947);
#10701=VERTEX_POINT('',#13093);
#10702=CIRCLE('',#13094,0.200000000000001);
#10703=VERTEX_POINT('',#13095);
#10704=CIRCLE('',#13096,0.29289059931768);
#10705=VERTEX_POINT('',#13097);
#10706=CIRCLE('',#13098,0.29289059931768);
#10707=CIRCLE('',#13099,0.200000000000001);
#10708=FILL_AREA_STYLE_COLOUR('',#13100);
#10709=VERTEX_POINT('',#13101);
#10710=VERTEX_POINT('',#13102);
#10711=CIRCLE('',#13103,0.290007719539947);
#10712=VERTEX_POINT('',#13104);
#10713=CIRCLE('',#13105,0.200000000000001);
#10714=VERTEX_POINT('',#13106);
#10715=CIRCLE('',#13107,0.29289059931768);
#10716=VERTEX_POINT('',#13108);
#10717=CIRCLE('',#13109,0.29289059931768);
#10718=CIRCLE('',#13110,0.200000000000001);
#10719=FILL_AREA_STYLE_COLOUR('',#13111);
#10720=VERTEX_POINT('',#13112);
#10721=VERTEX_POINT('',#13113);
#10722=CIRCLE('',#13114,0.290007719539947);
#10723=VERTEX_POINT('',#13115);
#10724=CIRCLE('',#13116,0.200000000000001);
#10725=VERTEX_POINT('',#13117);
#10726=CIRCLE('',#13118,0.29289059931768);
#10727=VERTEX_POINT('',#13119);
#10728=CIRCLE('',#13120,0.29289059931768);
#10729=CIRCLE('',#13121,0.200000000000001);
#10730=FILL_AREA_STYLE_COLOUR('',#13122);
#10731=VERTEX_POINT('',#13123);
#10732=VERTEX_POINT('',#13124);
#10733=CIRCLE('',#13125,0.290007719539947);
#10734=VERTEX_POINT('',#13126);
#10735=CIRCLE('',#13127,0.200000000000001);
#10736=VERTEX_POINT('',#13128);
#10737=CIRCLE('',#13129,0.29289059931768);
#10738=VERTEX_POINT('',#13130);
#10739=CIRCLE('',#13131,0.29289059931768);
#10740=CIRCLE('',#13132,0.200000000000001);
#10741=FILL_AREA_STYLE_COLOUR('',#13133);
#10742=VERTEX_POINT('',#13134);
#10743=VERTEX_POINT('',#13135);
#10744=CIRCLE('',#13136,0.290007719539947);
#10745=VERTEX_POINT('',#13137);
#10746=CIRCLE('',#13138,0.200000000000001);
#10747=VERTEX_POINT('',#13139);
#10748=CIRCLE('',#13140,0.29289059931768);
#10749=VERTEX_POINT('',#13141);
#10750=CIRCLE('',#13142,0.29289059931768);
#10751=CIRCLE('',#13143,0.200000000000001);
#10752=FILL_AREA_STYLE_COLOUR('',#13144);
#10753=VERTEX_POINT('',#13145);
#10754=VERTEX_POINT('',#13146);
#10755=CIRCLE('',#13147,0.290007719539947);
#10756=VERTEX_POINT('',#13148);
#10757=CIRCLE('',#13149,0.200000000000001);
#10758=VERTEX_POINT('',#13150);
#10759=CIRCLE('',#13151,0.29289059931768);
#10760=VERTEX_POINT('',#13152);
#10761=CIRCLE('',#13153,0.29289059931768);
#10762=CIRCLE('',#13154,0.200000000000001);
#10763=FILL_AREA_STYLE_COLOUR('',#13155);
#10764=VERTEX_POINT('',#13156);
#10765=VERTEX_POINT('',#13157);
#10766=CIRCLE('',#13158,0.290007719539947);
#10767=VERTEX_POINT('',#13159);
#10768=CIRCLE('',#13160,0.200000000000001);
#10769=VERTEX_POINT('',#13161);
#10770=CIRCLE('',#13162,0.29289059931768);
#10771=VERTEX_POINT('',#13163);
#10772=CIRCLE('',#13164,0.29289059931768);
#10773=CIRCLE('',#13165,0.200000000000001);
#10774=FILL_AREA_STYLE_COLOUR('',#13166);
#10775=VERTEX_POINT('',#13167);
#10776=VERTEX_POINT('',#13168);
#10777=CIRCLE('',#13169,0.290007719539947);
#10778=VERTEX_POINT('',#13170);
#10779=CIRCLE('',#13171,0.200000000000001);
#10780=VERTEX_POINT('',#13172);
#10781=CIRCLE('',#13173,0.29289059931768);
#10782=VERTEX_POINT('',#13174);
#10783=CIRCLE('',#13175,0.29289059931768);
#10784=CIRCLE('',#13176,0.200000000000001);
#10785=FILL_AREA_STYLE_COLOUR('',#13177);
#10786=VERTEX_POINT('',#13178);
#10787=VERTEX_POINT('',#13179);
#10788=CIRCLE('',#13180,0.290007719539947);
#10789=VERTEX_POINT('',#13181);
#10790=CIRCLE('',#13182,0.200000000000001);
#10791=VERTEX_POINT('',#13183);
#10792=CIRCLE('',#13184,0.29289059931768);
#10793=VERTEX_POINT('',#13185);
#10794=CIRCLE('',#13186,0.29289059931768);
#10795=CIRCLE('',#13187,0.200000000000001);
#10796=FILL_AREA_STYLE_COLOUR('',#13188);
#10797=CIRCLE('',#13189,0.290007719539947);
#10798=VERTEX_POINT('',#13190);
#10799=CIRCLE('',#13191,0.29289059931768);
#10800=CIRCLE('',#13192,0.29289059931768);
#10801=FILL_AREA_STYLE_COLOUR('',#13193);
#10802=CIRCLE('',#13194,0.290007719539947);
#10803=VERTEX_POINT('',#13195);
#10804=CIRCLE('',#13196,0.29289059931768);
#10805=CIRCLE('',#13197,0.29289059931768);
#10806=FILL_AREA_STYLE_COLOUR('',#13198);
#10807=CIRCLE('',#13199,0.290007719539947);
#10808=VERTEX_POINT('',#13200);
#10809=CIRCLE('',#13201,0.29289059931768);
#10810=CIRCLE('',#13202,0.29289059931768);
#10811=FILL_AREA_STYLE_COLOUR('',#13203);
#10812=CIRCLE('',#13204,0.290007719539947);
#10813=VERTEX_POINT('',#13205);
#10814=CIRCLE('',#13206,0.29289059931768);
#10815=CIRCLE('',#13207,0.29289059931768);
#10816=FILL_AREA_STYLE_COLOUR('',#13208);
#10817=CIRCLE('',#13209,0.290007719539947);
#10818=VERTEX_POINT('',#13210);
#10819=CIRCLE('',#13211,0.29289059931768);
#10820=CIRCLE('',#13212,0.29289059931768);
#10821=FILL_AREA_STYLE_COLOUR('',#13213);
#10822=CIRCLE('',#13214,0.290007719539947);
#10823=VERTEX_POINT('',#13215);
#10824=CIRCLE('',#13216,0.29289059931768);
#10825=CIRCLE('',#13217,0.29289059931768);
#10826=FILL_AREA_STYLE_COLOUR('',#13218);
#10827=CIRCLE('',#13219,0.290007719539947);
#10828=VERTEX_POINT('',#13220);
#10829=CIRCLE('',#13221,0.29289059931768);
#10830=CIRCLE('',#13222,0.29289059931768);
#10831=FILL_AREA_STYLE_COLOUR('',#13223);
#10832=CIRCLE('',#13224,0.290007719539947);
#10833=VERTEX_POINT('',#13225);
#10834=CIRCLE('',#13226,0.29289059931768);
#10835=CIRCLE('',#13227,0.29289059931768);
#10836=FILL_AREA_STYLE_COLOUR('',#13228);
#10837=CIRCLE('',#13229,0.290007719539947);
#10838=VERTEX_POINT('',#13230);
#10839=CIRCLE('',#13231,0.29289059931768);
#10840=CIRCLE('',#13232,0.29289059931768);
#10841=FILL_AREA_STYLE_COLOUR('',#13233);
#10842=CIRCLE('',#13234,0.290007719539947);
#10843=VERTEX_POINT('',#13235);
#10844=CIRCLE('',#13236,0.29289059931768);
#10845=CIRCLE('',#13237,0.29289059931768);
#10846=FILL_AREA_STYLE_COLOUR('',#13238);
#10847=VERTEX_POINT('',#13239);
#10848=VERTEX_POINT('',#13240);
#10849=LINE('',#13241,#13242);
#10850=VERTEX_POINT('',#13243);
#10851=CIRCLE('',#13244,0.54);
#10852=VERTEX_POINT('',#13245);
#10853=LINE('',#13246,#13247);
#10854=CIRCLE('',#13248,0.74);
#10855=FILL_AREA_STYLE_COLOUR('',#13249);
#10856=VERTEX_POINT('',#13250);
#10857=VERTEX_POINT('',#13251);
#10858=CIRCLE('',#13252,0.149999999999999);
#10859=VERTEX_POINT('',#13253);
#10860=CIRCLE('',#13254,0.3);
#10861=VERTEX_POINT('',#13255);
#10862=CIRCLE('',#13256,0.3);
#10863=VERTEX_POINT('',#13257);
#10864=CIRCLE('',#13258,0.149999999999999);
#10865=CIRCLE('',#13259,0.45);
#10866=FILL_AREA_STYLE_COLOUR('',#13260);
#10867=VERTEX_POINT('',#13261);
#10868=VERTEX_POINT('',#13262);
#10869=LINE('',#13263,#13264);
#10870=VERTEX_POINT('',#13265);
#10871=CIRCLE('',#13266,0.3);
#10872=VERTEX_POINT('',#13267);
#10873=CIRCLE('',#13268,0.3);
#10874=LINE('',#13269,#13270);
#10875=CIRCLE('',#13271,0.3);
#10876=FILL_AREA_STYLE_COLOUR('',#13272);
#10877=VERTEX_POINT('',#13273);
#10878=LINE('',#13274,#13275);
#10879=VERTEX_POINT('',#13276);
#10880=LINE('',#13277,#13278);
#10881=CIRCLE('',#13279,0.74);
#10882=FILL_AREA_STYLE_COLOUR('',#13280);
#10883=VERTEX_POINT('',#13281);
#10884=VERTEX_POINT('',#13282);
#10885=LINE('',#13283,#13284);
#10886=VERTEX_POINT('',#13285);
#10887=CIRCLE('',#13286,0.825);
#10888=VERTEX_POINT('',#13287);
#10889=LINE('',#13288,#13289);
#10890=CIRCLE('',#13290,0.825);
#10891=FILL_AREA_STYLE_COLOUR('',#13291);
#10892=VERTEX_POINT('',#13292);
#10893=VERTEX_POINT('',#13293);
#10894=LINE('',#13294,#13295);
#10895=VERTEX_POINT('',#13296);
#10896=CIRCLE('',#13297,0.54);
#10897=VERTEX_POINT('',#13298);
#10898=LINE('',#13299,#13300);
#10899=CIRCLE('',#13301,0.74);
#10900=FILL_AREA_STYLE_COLOUR('',#13302);
#10901=VERTEX_POINT('',#13303);
#10902=VERTEX_POINT('',#13304);
#10903=CIRCLE('',#13305,0.149999999999999);
#10904=VERTEX_POINT('',#13306);
#10905=CIRCLE('',#13307,0.3);
#10906=VERTEX_POINT('',#13308);
#10907=CIRCLE('',#13309,0.3);
#10908=VERTEX_POINT('',#13310);
#10909=CIRCLE('',#13311,0.149999999999999);
#10910=CIRCLE('',#13312,0.45);
#10911=FILL_AREA_STYLE_COLOUR('',#13313);
#10912=VERTEX_POINT('',#13314);
#10913=VERTEX_POINT('',#13315);
#10914=LINE('',#13316,#13317);
#10915=VERTEX_POINT('',#13318);
#10916=CIRCLE('',#13319,0.3);
#10917=VERTEX_POINT('',#13320);
#10918=CIRCLE('',#13321,0.3);
#10919=LINE('',#13322,#13323);
#10920=CIRCLE('',#13324,0.3);
#10921=FILL_AREA_STYLE_COLOUR('',#13325);
#10922=VERTEX_POINT('',#13326);
#10923=LINE('',#13327,#13328);
#10924=VERTEX_POINT('',#13329);
#10925=LINE('',#13330,#13331);
#10926=CIRCLE('',#13332,0.74);
#10927=FILL_AREA_STYLE_COLOUR('',#13333);
#10928=VERTEX_POINT('',#13334);
#10929=VERTEX_POINT('',#13335);
#10930=LINE('',#13336,#13337);
#10931=VERTEX_POINT('',#13338);
#10932=CIRCLE('',#13339,0.825);
#10933=VERTEX_POINT('',#13340);
#10934=LINE('',#13341,#13342);
#10935=CIRCLE('',#13343,0.825);
#10936=FILL_AREA_STYLE_COLOUR('',#13344);
#10937=VERTEX_POINT('',#13345);
#10938=VERTEX_POINT('',#13346);
#10939=LINE('',#13347,#13348);
#10940=VERTEX_POINT('',#13349);
#10941=CIRCLE('',#13350,0.54);
#10942=VERTEX_POINT('',#13351);
#10943=LINE('',#13352,#13353);
#10944=CIRCLE('',#13354,0.74);
#10945=FILL_AREA_STYLE_COLOUR('',#13355);
#10946=VERTEX_POINT('',#13356);
#10947=VERTEX_POINT('',#13357);
#10948=CIRCLE('',#13358,0.149999999999999);
#10949=VERTEX_POINT('',#13359);
#10950=CIRCLE('',#13360,0.3);
#10951=VERTEX_POINT('',#13361);
#10952=CIRCLE('',#13362,0.3);
#10953=VERTEX_POINT('',#13363);
#10954=CIRCLE('',#13364,0.149999999999999);
#10955=CIRCLE('',#13365,0.45);
#10956=FILL_AREA_STYLE_COLOUR('',#13366);
#10957=VERTEX_POINT('',#13367);
#10958=VERTEX_POINT('',#13368);
#10959=LINE('',#13369,#13370);
#10960=VERTEX_POINT('',#13371);
#10961=CIRCLE('',#13372,0.3);
#10962=VERTEX_POINT('',#13373);
#10963=CIRCLE('',#13374,0.3);
#10964=LINE('',#13375,#13376);
#10965=CIRCLE('',#13377,0.3);
#10966=FILL_AREA_STYLE_COLOUR('',#13378);
#10967=VERTEX_POINT('',#13379);
#10968=LINE('',#13380,#13381);
#10969=VERTEX_POINT('',#13382);
#10970=LINE('',#13383,#13384);
#10971=CIRCLE('',#13385,0.74);
#10972=FILL_AREA_STYLE_COLOUR('',#13386);
#10973=VERTEX_POINT('',#13387);
#10974=VERTEX_POINT('',#13388);
#10975=LINE('',#13389,#13390);
#10976=VERTEX_POINT('',#13391);
#10977=CIRCLE('',#13392,0.825);
#10978=VERTEX_POINT('',#13393);
#10979=LINE('',#13394,#13395);
#10980=CIRCLE('',#13396,0.825);
#10981=FILL_AREA_STYLE_COLOUR('',#13397);
#10982=VERTEX_POINT('',#13398);
#10983=VERTEX_POINT('',#13399);
#10984=LINE('',#13400,#13401);
#10985=VERTEX_POINT('',#13402);
#10986=CIRCLE('',#13403,0.54);
#10987=VERTEX_POINT('',#13404);
#10988=LINE('',#13405,#13406);
#10989=CIRCLE('',#13407,0.74);
#10990=FILL_AREA_STYLE_COLOUR('',#13408);
#10991=VERTEX_POINT('',#13409);
#10992=VERTEX_POINT('',#13410);
#10993=CIRCLE('',#13411,0.149999999999999);
#10994=VERTEX_POINT('',#13412);
#10995=CIRCLE('',#13413,0.3);
#10996=VERTEX_POINT('',#13414);
#10997=CIRCLE('',#13415,0.3);
#10998=VERTEX_POINT('',#13416);
#10999=CIRCLE('',#13417,0.149999999999999);
#11000=CIRCLE('',#13418,0.45);
#11001=FILL_AREA_STYLE_COLOUR('',#13419);
#11002=VERTEX_POINT('',#13420);
#11003=VERTEX_POINT('',#13421);
#11004=LINE('',#13422,#13423);
#11005=VERTEX_POINT('',#13424);
#11006=CIRCLE('',#13425,0.3);
#11007=VERTEX_POINT('',#13426);
#11008=CIRCLE('',#13427,0.3);
#11009=LINE('',#13428,#13429);
#11010=CIRCLE('',#13430,0.3);
#11011=FILL_AREA_STYLE_COLOUR('',#13431);
#11012=VERTEX_POINT('',#13432);
#11013=LINE('',#13433,#13434);
#11014=VERTEX_POINT('',#13435);
#11015=LINE('',#13436,#13437);
#11016=CIRCLE('',#13438,0.74);
#11017=FILL_AREA_STYLE_COLOUR('',#13439);
#11018=VERTEX_POINT('',#13440);
#11019=VERTEX_POINT('',#13441);
#11020=LINE('',#13442,#13443);
#11021=VERTEX_POINT('',#13444);
#11022=CIRCLE('',#13445,0.825);
#11023=VERTEX_POINT('',#13446);
#11024=LINE('',#13447,#13448);
#11025=CIRCLE('',#13449,0.825);
#11026=FILL_AREA_STYLE_COLOUR('',#13450);
#11027=VERTEX_POINT('',#13451);
#11028=VERTEX_POINT('',#13452);
#11029=LINE('',#13453,#13454);
#11030=VERTEX_POINT('',#13455);
#11031=CIRCLE('',#13456,0.54);
#11032=VERTEX_POINT('',#13457);
#11033=LINE('',#13458,#13459);
#11034=CIRCLE('',#13460,0.74);
#11035=FILL_AREA_STYLE_COLOUR('',#13461);
#11036=VERTEX_POINT('',#13462);
#11037=VERTEX_POINT('',#13463);
#11038=CIRCLE('',#13464,0.149999999999999);
#11039=VERTEX_POINT('',#13465);
#11040=CIRCLE('',#13466,0.3);
#11041=VERTEX_POINT('',#13467);
#11042=CIRCLE('',#13468,0.3);
#11043=VERTEX_POINT('',#13469);
#11044=CIRCLE('',#13470,0.149999999999999);
#11045=CIRCLE('',#13471,0.45);
#11046=FILL_AREA_STYLE_COLOUR('',#13472);
#11047=VERTEX_POINT('',#13473);
#11048=VERTEX_POINT('',#13474);
#11049=LINE('',#13475,#13476);
#11050=VERTEX_POINT('',#13477);
#11051=CIRCLE('',#13478,0.3);
#11052=VERTEX_POINT('',#13479);
#11053=CIRCLE('',#13480,0.3);
#11054=LINE('',#13481,#13482);
#11055=CIRCLE('',#13483,0.3);
#11056=FILL_AREA_STYLE_COLOUR('',#13484);
#11057=VERTEX_POINT('',#13485);
#11058=LINE('',#13486,#13487);
#11059=VERTEX_POINT('',#13488);
#11060=LINE('',#13489,#13490);
#11061=CIRCLE('',#13491,0.74);
#11062=FILL_AREA_STYLE_COLOUR('',#13492);
#11063=VERTEX_POINT('',#13493);
#11064=VERTEX_POINT('',#13494);
#11065=LINE('',#13495,#13496);
#11066=VERTEX_POINT('',#13497);
#11067=CIRCLE('',#13498,0.825);
#11068=VERTEX_POINT('',#13499);
#11069=LINE('',#13500,#13501);
#11070=CIRCLE('',#13502,0.825);
#11071=FILL_AREA_STYLE_COLOUR('',#13503);
#11072=VERTEX_POINT('',#13504);
#11073=VERTEX_POINT('',#13505);
#11074=LINE('',#13506,#13507);
#11075=VERTEX_POINT('',#13508);
#11076=CIRCLE('',#13509,0.54);
#11077=VERTEX_POINT('',#13510);
#11078=LINE('',#13511,#13512);
#11079=CIRCLE('',#13513,0.74);
#11080=FILL_AREA_STYLE_COLOUR('',#13514);
#11081=VERTEX_POINT('',#13515);
#11082=VERTEX_POINT('',#13516);
#11083=CIRCLE('',#13517,0.149999999999999);
#11084=VERTEX_POINT('',#13518);
#11085=CIRCLE('',#13519,0.3);
#11086=VERTEX_POINT('',#13520);
#11087=CIRCLE('',#13521,0.3);
#11088=VERTEX_POINT('',#13522);
#11089=CIRCLE('',#13523,0.149999999999999);
#11090=CIRCLE('',#13524,0.45);
#11091=FILL_AREA_STYLE_COLOUR('',#13525);
#11092=VERTEX_POINT('',#13526);
#11093=VERTEX_POINT('',#13527);
#11094=LINE('',#13528,#13529);
#11095=VERTEX_POINT('',#13530);
#11096=CIRCLE('',#13531,0.3);
#11097=VERTEX_POINT('',#13532);
#11098=CIRCLE('',#13533,0.3);
#11099=LINE('',#13534,#13535);
#11100=CIRCLE('',#13536,0.3);
#11101=FILL_AREA_STYLE_COLOUR('',#13537);
#11102=VERTEX_POINT('',#13538);
#11103=LINE('',#13539,#13540);
#11104=VERTEX_POINT('',#13541);
#11105=LINE('',#13542,#13543);
#11106=CIRCLE('',#13544,0.74);
#11107=FILL_AREA_STYLE_COLOUR('',#13545);
#11108=VERTEX_POINT('',#13546);
#11109=VERTEX_POINT('',#13547);
#11110=LINE('',#13548,#13549);
#11111=VERTEX_POINT('',#13550);
#11112=CIRCLE('',#13551,0.825);
#11113=VERTEX_POINT('',#13552);
#11114=LINE('',#13553,#13554);
#11115=CIRCLE('',#13555,0.825);
#11116=FILL_AREA_STYLE_COLOUR('',#13556);
#11117=VERTEX_POINT('',#13557);
#11118=VERTEX_POINT('',#13558);
#11119=LINE('',#13559,#13560);
#11120=VERTEX_POINT('',#13561);
#11121=CIRCLE('',#13562,0.54);
#11122=VERTEX_POINT('',#13563);
#11123=LINE('',#13564,#13565);
#11124=CIRCLE('',#13566,0.74);
#11125=FILL_AREA_STYLE_COLOUR('',#13567);
#11126=VERTEX_POINT('',#13568);
#11127=VERTEX_POINT('',#13569);
#11128=CIRCLE('',#13570,0.149999999999999);
#11129=VERTEX_POINT('',#13571);
#11130=CIRCLE('',#13572,0.3);
#11131=VERTEX_POINT('',#13573);
#11132=CIRCLE('',#13574,0.3);
#11133=VERTEX_POINT('',#13575);
#11134=CIRCLE('',#13576,0.149999999999999);
#11135=CIRCLE('',#13577,0.45);
#11136=FILL_AREA_STYLE_COLOUR('',#13578);
#11137=VERTEX_POINT('',#13579);
#11138=VERTEX_POINT('',#13580);
#11139=LINE('',#13581,#13582);
#11140=VERTEX_POINT('',#13583);
#11141=CIRCLE('',#13584,0.3);
#11142=VERTEX_POINT('',#13585);
#11143=CIRCLE('',#13586,0.3);
#11144=LINE('',#13587,#13588);
#11145=CIRCLE('',#13589,0.3);
#11146=FILL_AREA_STYLE_COLOUR('',#13590);
#11147=VERTEX_POINT('',#13591);
#11148=LINE('',#13592,#13593);
#11149=VERTEX_POINT('',#13594);
#11150=LINE('',#13595,#13596);
#11151=CIRCLE('',#13597,0.74);
#11152=FILL_AREA_STYLE_COLOUR('',#13598);
#11153=VERTEX_POINT('',#13599);
#11154=VERTEX_POINT('',#13600);
#11155=LINE('',#13601,#13602);
#11156=VERTEX_POINT('',#13603);
#11157=CIRCLE('',#13604,0.825);
#11158=VERTEX_POINT('',#13605);
#11159=LINE('',#13606,#13607);
#11160=CIRCLE('',#13608,0.825);
#11161=FILL_AREA_STYLE_COLOUR('',#13609);
#11162=VERTEX_POINT('',#13610);
#11163=VERTEX_POINT('',#13611);
#11164=LINE('',#13612,#13613);
#11165=VERTEX_POINT('',#13614);
#11166=CIRCLE('',#13615,0.54);
#11167=VERTEX_POINT('',#13616);
#11168=LINE('',#13617,#13618);
#11169=CIRCLE('',#13619,0.74);
#11170=FILL_AREA_STYLE_COLOUR('',#13620);
#11171=VERTEX_POINT('',#13621);
#11172=VERTEX_POINT('',#13622);
#11173=CIRCLE('',#13623,0.149999999999999);
#11174=VERTEX_POINT('',#13624);
#11175=CIRCLE('',#13625,0.3);
#11176=VERTEX_POINT('',#13626);
#11177=CIRCLE('',#13627,0.3);
#11178=VERTEX_POINT('',#13628);
#11179=CIRCLE('',#13629,0.149999999999999);
#11180=CIRCLE('',#13630,0.45);
#11181=FILL_AREA_STYLE_COLOUR('',#13631);
#11182=VERTEX_POINT('',#13632);
#11183=VERTEX_POINT('',#13633);
#11184=LINE('',#13634,#13635);
#11185=VERTEX_POINT('',#13636);
#11186=CIRCLE('',#13637,0.3);
#11187=VERTEX_POINT('',#13638);
#11188=CIRCLE('',#13639,0.3);
#11189=LINE('',#13640,#13641);
#11190=CIRCLE('',#13642,0.3);
#11191=FILL_AREA_STYLE_COLOUR('',#13643);
#11192=VERTEX_POINT('',#13644);
#11193=LINE('',#13645,#13646);
#11194=VERTEX_POINT('',#13647);
#11195=LINE('',#13648,#13649);
#11196=CIRCLE('',#13650,0.74);
#11197=FILL_AREA_STYLE_COLOUR('',#13651);
#11198=VERTEX_POINT('',#13652);
#11199=VERTEX_POINT('',#13653);
#11200=LINE('',#13654,#13655);
#11201=VERTEX_POINT('',#13656);
#11202=CIRCLE('',#13657,0.825);
#11203=VERTEX_POINT('',#13658);
#11204=LINE('',#13659,#13660);
#11205=CIRCLE('',#13661,0.825);
#11206=FILL_AREA_STYLE_COLOUR('',#13662);
#11207=VERTEX_POINT('',#13663);
#11208=VERTEX_POINT('',#13664);
#11209=LINE('',#13665,#13666);
#11210=VERTEX_POINT('',#13667);
#11211=CIRCLE('',#13668,0.54);
#11212=VERTEX_POINT('',#13669);
#11213=LINE('',#13670,#13671);
#11214=CIRCLE('',#13672,0.74);
#11215=FILL_AREA_STYLE_COLOUR('',#13673);
#11216=VERTEX_POINT('',#13674);
#11217=VERTEX_POINT('',#13675);
#11218=CIRCLE('',#13676,0.149999999999999);
#11219=VERTEX_POINT('',#13677);
#11220=CIRCLE('',#13678,0.3);
#11221=VERTEX_POINT('',#13679);
#11222=CIRCLE('',#13680,0.3);
#11223=VERTEX_POINT('',#13681);
#11224=CIRCLE('',#13682,0.149999999999999);
#11225=CIRCLE('',#13683,0.45);
#11226=FILL_AREA_STYLE_COLOUR('',#13684);
#11227=VERTEX_POINT('',#13685);
#11228=VERTEX_POINT('',#13686);
#11229=LINE('',#13687,#13688);
#11230=VERTEX_POINT('',#13689);
#11231=CIRCLE('',#13690,0.3);
#11232=VERTEX_POINT('',#13691);
#11233=CIRCLE('',#13692,0.3);
#11234=LINE('',#13693,#13694);
#11235=CIRCLE('',#13695,0.3);
#11236=FILL_AREA_STYLE_COLOUR('',#13696);
#11237=VERTEX_POINT('',#13697);
#11238=LINE('',#13698,#13699);
#11239=VERTEX_POINT('',#13700);
#11240=LINE('',#13701,#13702);
#11241=CIRCLE('',#13703,0.74);
#11242=FILL_AREA_STYLE_COLOUR('',#13704);
#11243=VERTEX_POINT('',#13705);
#11244=VERTEX_POINT('',#13706);
#11245=LINE('',#13707,#13708);
#11246=VERTEX_POINT('',#13709);
#11247=CIRCLE('',#13710,0.825);
#11248=VERTEX_POINT('',#13711);
#11249=LINE('',#13712,#13713);
#11250=CIRCLE('',#13714,0.825);
#11251=FILL_AREA_STYLE_COLOUR('',#13715);
#11252=VERTEX_POINT('',#13716);
#11253=VERTEX_POINT('',#13717);
#11254=LINE('',#13718,#13719);
#11255=VERTEX_POINT('',#13720);
#11256=CIRCLE('',#13721,0.54);
#11257=VERTEX_POINT('',#13722);
#11258=LINE('',#13723,#13724);
#11259=CIRCLE('',#13725,0.74);
#11260=FILL_AREA_STYLE_COLOUR('',#13726);
#11261=VERTEX_POINT('',#13727);
#11262=VERTEX_POINT('',#13728);
#11263=CIRCLE('',#13729,0.149999999999999);
#11264=VERTEX_POINT('',#13730);
#11265=CIRCLE('',#13731,0.3);
#11266=VERTEX_POINT('',#13732);
#11267=CIRCLE('',#13733,0.3);
#11268=VERTEX_POINT('',#13734);
#11269=CIRCLE('',#13735,0.149999999999999);
#11270=CIRCLE('',#13736,0.45);
#11271=FILL_AREA_STYLE_COLOUR('',#13737);
#11272=VERTEX_POINT('',#13738);
#11273=VERTEX_POINT('',#13739);
#11274=LINE('',#13740,#13741);
#11275=VERTEX_POINT('',#13742);
#11276=CIRCLE('',#13743,0.3);
#11277=VERTEX_POINT('',#13744);
#11278=CIRCLE('',#13745,0.3);
#11279=LINE('',#13746,#13747);
#11280=CIRCLE('',#13748,0.3);
#11281=FILL_AREA_STYLE_COLOUR('',#13749);
#11282=VERTEX_POINT('',#13750);
#11283=LINE('',#13751,#13752);
#11284=VERTEX_POINT('',#13753);
#11285=LINE('',#13754,#13755);
#11286=CIRCLE('',#13756,0.74);
#11287=FILL_AREA_STYLE_COLOUR('',#13757);
#11288=VERTEX_POINT('',#13758);
#11289=VERTEX_POINT('',#13759);
#11290=LINE('',#13760,#13761);
#11291=VERTEX_POINT('',#13762);
#11292=CIRCLE('',#13763,0.825);
#11293=VERTEX_POINT('',#13764);
#11294=LINE('',#13765,#13766);
#11295=CIRCLE('',#13767,0.825);
#11296=FILL_AREA_STYLE_COLOUR('',#13768);
#11297=VERTEX_POINT('',#13769);
#11298=CIRCLE('',#13770,0.200000000000001);
#11299=VERTEX_POINT('',#13771);
#11300=CIRCLE('',#13772,0.314986030724104);
#11301=VERTEX_POINT('',#13773);
#11302=CIRCLE('',#13774,0.314986030724104);
#11303=CIRCLE('',#13775,0.200000000000001);
#11304=FILL_AREA_STYLE_COLOUR('',#13776);
#11305=VERTEX_POINT('',#13777);
#11306=LINE('',#13778,#13779);
#11307=VERTEX_POINT('',#13780);
#11308=CIRCLE('',#13781,0.314986030724104);
#11309=VERTEX_POINT('',#13782);
#11310=LINE('',#13783,#13784);
#11311=CIRCLE('',#13785,0.40972539731219);
#11312=FILL_AREA_STYLE_COLOUR('',#13786);
#11313=VERTEX_POINT('',#13787);
#11314=LINE('',#13788,#13789);
#11315=VERTEX_POINT('',#13790);
#11316=CIRCLE('',#13791,0.65);
#11317=LINE('',#13792,#13793);
#11318=CIRCLE('',#13794,0.40972539731219);
#11319=FILL_AREA_STYLE_COLOUR('',#13795);
#11320=VERTEX_POINT('',#13796);
#11321=LINE('',#13797,#13798);
#11322=CIRCLE('',#13799,0.65);
#11323=VERTEX_POINT('',#13800);
#11324=LINE('',#13801,#13802);
#11325=CIRCLE('',#13803,0.65);
#11326=FILL_AREA_STYLE_COLOUR('',#13804);
#11327=VERTEX_POINT('',#13805);
#11328=LINE('',#13806,#13807);
#11329=LINE('',#13808,#13809);
#11330=FILL_AREA_STYLE_COLOUR('',#13810);
#11331=VERTEX_POINT('',#13811);
#11332=VERTEX_POINT('',#13812);
#11333=LINE('',#13813,#13814);
#11334=VERTEX_POINT('',#13815);
#11335=CIRCLE('',#13816,0.74);
#11336=VERTEX_POINT('',#13817);
#11337=LINE('',#13818,#13819);
#11338=CIRCLE('',#13820,0.74);
#11339=FILL_AREA_STYLE_COLOUR('',#13821);
#11340=VERTEX_POINT('',#13822);
#11341=LINE('',#13823,#13824);
#11342=VERTEX_POINT('',#13825);
#11343=LINE('',#13826,#13827);
#11344=CIRCLE('',#13828,0.65);
#11345=FILL_AREA_STYLE_COLOUR('',#13829);
#11346=VERTEX_POINT('',#13830);
#11347=LINE('',#13831,#13832);
#11348=VERTEX_POINT('',#13833);
#11349=LINE('',#13834,#13835);
#11350=CIRCLE('',#13836,0.65);
#11351=FILL_AREA_STYLE_COLOUR('',#13837);
#11352=VERTEX_POINT('',#13838);
#11353=VERTEX_POINT('',#13839);
#11354=LINE('',#13840,#13841);
#11355=VERTEX_POINT('',#13842);
#11356=CIRCLE('',#13843,0.61);
#11357=VERTEX_POINT('',#13844);
#11358=LINE('',#13845,#13846);
#11359=CIRCLE('',#13847,0.52);
#11360=FILL_AREA_STYLE_COLOUR('',#13848);
#11361=VERTEX_POINT('',#13849);
#11362=LINE('',#13850,#13851);
#11363=VERTEX_POINT('',#13852);
#11364=LINE('',#13853,#13854);
#11365=CIRCLE('',#13855,0.52);
#11366=FILL_AREA_STYLE_COLOUR('',#13856);
#11367=LINE('',#13857,#13858);
#11368=LINE('',#13859,#13860);
#11369=FILL_AREA_STYLE_COLOUR('',#13861);
#11370=VERTEX_POINT('',#13862);
#11371=CIRCLE('',#13863,0.200000000000001);
#11372=VERTEX_POINT('',#13864);
#11373=CIRCLE('',#13865,0.314986030724104);
#11374=VERTEX_POINT('',#13866);
#11375=CIRCLE('',#13867,0.314986030724104);
#11376=CIRCLE('',#13868,0.200000000000001);
#11377=FILL_AREA_STYLE_COLOUR('',#13869);
#11378=VERTEX_POINT('',#13870);
#11379=LINE('',#13871,#13872);
#11380=VERTEX_POINT('',#13873);
#11381=CIRCLE('',#13874,0.314986030724104);
#11382=VERTEX_POINT('',#13875);
#11383=LINE('',#13876,#13877);
#11384=CIRCLE('',#13878,0.40972539731219);
#11385=FILL_AREA_STYLE_COLOUR('',#13879);
#11386=VERTEX_POINT('',#13880);
#11387=LINE('',#13881,#13882);
#11388=VERTEX_POINT('',#13883);
#11389=CIRCLE('',#13884,0.65);
#11390=LINE('',#13885,#13886);
#11391=CIRCLE('',#13887,0.40972539731219);
#11392=FILL_AREA_STYLE_COLOUR('',#13888);
#11393=VERTEX_POINT('',#13889);
#11394=LINE('',#13890,#13891);
#11395=CIRCLE('',#13892,0.65);
#11396=VERTEX_POINT('',#13893);
#11397=LINE('',#13894,#13895);
#11398=CIRCLE('',#13896,0.65);
#11399=FILL_AREA_STYLE_COLOUR('',#13897);
#11400=VERTEX_POINT('',#13898);
#11401=LINE('',#13899,#13900);
#11402=LINE('',#13901,#13902);
#11403=FILL_AREA_STYLE_COLOUR('',#13903);
#11404=VERTEX_POINT('',#13904);
#11405=VERTEX_POINT('',#13905);
#11406=LINE('',#13906,#13907);
#11407=VERTEX_POINT('',#13908);
#11408=CIRCLE('',#13909,0.74);
#11409=VERTEX_POINT('',#13910);
#11410=LINE('',#13911,#13912);
#11411=CIRCLE('',#13913,0.74);
#11412=FILL_AREA_STYLE_COLOUR('',#13914);
#11413=VERTEX_POINT('',#13915);
#11414=LINE('',#13916,#13917);
#11415=VERTEX_POINT('',#13918);
#11416=LINE('',#13919,#13920);
#11417=CIRCLE('',#13921,0.65);
#11418=FILL_AREA_STYLE_COLOUR('',#13922);
#11419=VERTEX_POINT('',#13923);
#11420=LINE('',#13924,#13925);
#11421=VERTEX_POINT('',#13926);
#11422=LINE('',#13927,#13928);
#11423=CIRCLE('',#13929,0.65);
#11424=FILL_AREA_STYLE_COLOUR('',#13930);
#11425=VERTEX_POINT('',#13931);
#11426=VERTEX_POINT('',#13932);
#11427=LINE('',#13933,#13934);
#11428=VERTEX_POINT('',#13935);
#11429=CIRCLE('',#13936,0.61);
#11430=VERTEX_POINT('',#13937);
#11431=LINE('',#13938,#13939);
#11432=CIRCLE('',#13940,0.52);
#11433=FILL_AREA_STYLE_COLOUR('',#13941);
#11434=VERTEX_POINT('',#13942);
#11435=LINE('',#13943,#13944);
#11436=VERTEX_POINT('',#13945);
#11437=LINE('',#13946,#13947);
#11438=CIRCLE('',#13948,0.52);
#11439=FILL_AREA_STYLE_COLOUR('',#13949);
#11440=LINE('',#13950,#13951);
#11441=LINE('',#13952,#13953);
#11442=FILL_AREA_STYLE_COLOUR('',#13954);
#11443=VERTEX_POINT('',#13955);
#11444=CIRCLE('',#13956,0.200000000000001);
#11445=VERTEX_POINT('',#13957);
#11446=CIRCLE('',#13958,0.314986030724104);
#11447=VERTEX_POINT('',#13959);
#11448=CIRCLE('',#13960,0.314986030724104);
#11449=CIRCLE('',#13961,0.200000000000001);
#11450=FILL_AREA_STYLE_COLOUR('',#13962);
#11451=VERTEX_POINT('',#13963);
#11452=LINE('',#13964,#13965);
#11453=VERTEX_POINT('',#13966);
#11454=CIRCLE('',#13967,0.314986030724104);
#11455=VERTEX_POINT('',#13968);
#11456=LINE('',#13969,#13970);
#11457=CIRCLE('',#13971,0.40972539731219);
#11458=FILL_AREA_STYLE_COLOUR('',#13972);
#11459=VERTEX_POINT('',#13973);
#11460=LINE('',#13974,#13975);
#11461=VERTEX_POINT('',#13976);
#11462=CIRCLE('',#13977,0.65);
#11463=LINE('',#13978,#13979);
#11464=CIRCLE('',#13980,0.40972539731219);
#11465=FILL_AREA_STYLE_COLOUR('',#13981);
#11466=VERTEX_POINT('',#13982);
#11467=LINE('',#13983,#13984);
#11468=CIRCLE('',#13985,0.65);
#11469=VERTEX_POINT('',#13986);
#11470=LINE('',#13987,#13988);
#11471=CIRCLE('',#13989,0.65);
#11472=FILL_AREA_STYLE_COLOUR('',#13990);
#11473=VERTEX_POINT('',#13991);
#11474=LINE('',#13992,#13993);
#11475=LINE('',#13994,#13995);
#11476=FILL_AREA_STYLE_COLOUR('',#13996);
#11477=VERTEX_POINT('',#13997);
#11478=VERTEX_POINT('',#13998);
#11479=LINE('',#13999,#14000);
#11480=VERTEX_POINT('',#14001);
#11481=CIRCLE('',#14002,0.74);
#11482=VERTEX_POINT('',#14003);
#11483=LINE('',#14004,#14005);
#11484=CIRCLE('',#14006,0.74);
#11485=FILL_AREA_STYLE_COLOUR('',#14007);
#11486=VERTEX_POINT('',#14008);
#11487=LINE('',#14009,#14010);
#11488=VERTEX_POINT('',#14011);
#11489=LINE('',#14012,#14013);
#11490=CIRCLE('',#14014,0.65);
#11491=FILL_AREA_STYLE_COLOUR('',#14015);
#11492=VERTEX_POINT('',#14016);
#11493=LINE('',#14017,#14018);
#11494=VERTEX_POINT('',#14019);
#11495=LINE('',#14020,#14021);
#11496=CIRCLE('',#14022,0.65);
#11497=FILL_AREA_STYLE_COLOUR('',#14023);
#11498=VERTEX_POINT('',#14024);
#11499=VERTEX_POINT('',#14025);
#11500=LINE('',#14026,#14027);
#11501=VERTEX_POINT('',#14028);
#11502=CIRCLE('',#14029,0.61);
#11503=VERTEX_POINT('',#14030);
#11504=LINE('',#14031,#14032);
#11505=CIRCLE('',#14033,0.52);
#11506=FILL_AREA_STYLE_COLOUR('',#14034);
#11507=VERTEX_POINT('',#14035);
#11508=LINE('',#14036,#14037);
#11509=VERTEX_POINT('',#14038);
#11510=LINE('',#14039,#14040);
#11511=CIRCLE('',#14041,0.52);
#11512=FILL_AREA_STYLE_COLOUR('',#14042);
#11513=LINE('',#14043,#14044);
#11514=LINE('',#14045,#14046);
#11515=FILL_AREA_STYLE_COLOUR('',#14047);
#11516=VERTEX_POINT('',#14048);
#11517=CIRCLE('',#14049,0.200000000000001);
#11518=VERTEX_POINT('',#14050);
#11519=CIRCLE('',#14051,0.314986030724104);
#11520=VERTEX_POINT('',#14052);
#11521=CIRCLE('',#14053,0.314986030724104);
#11522=CIRCLE('',#14054,0.200000000000001);
#11523=FILL_AREA_STYLE_COLOUR('',#14055);
#11524=VERTEX_POINT('',#14056);
#11525=LINE('',#14057,#14058);
#11526=VERTEX_POINT('',#14059);
#11527=CIRCLE('',#14060,0.314986030724104);
#11528=VERTEX_POINT('',#14061);
#11529=LINE('',#14062,#14063);
#11530=CIRCLE('',#14064,0.40972539731219);
#11531=FILL_AREA_STYLE_COLOUR('',#14065);
#11532=VERTEX_POINT('',#14066);
#11533=LINE('',#14067,#14068);
#11534=VERTEX_POINT('',#14069);
#11535=CIRCLE('',#14070,0.65);
#11536=LINE('',#14071,#14072);
#11537=CIRCLE('',#14073,0.40972539731219);
#11538=FILL_AREA_STYLE_COLOUR('',#14074);
#11539=VERTEX_POINT('',#14075);
#11540=LINE('',#14076,#14077);
#11541=CIRCLE('',#14078,0.65);
#11542=VERTEX_POINT('',#14079);
#11543=LINE('',#14080,#14081);
#11544=CIRCLE('',#14082,0.65);
#11545=FILL_AREA_STYLE_COLOUR('',#14083);
#11546=VERTEX_POINT('',#14084);
#11547=LINE('',#14085,#14086);
#11548=LINE('',#14087,#14088);
#11549=FILL_AREA_STYLE_COLOUR('',#14089);
#11550=VERTEX_POINT('',#14090);
#11551=VERTEX_POINT('',#14091);
#11552=LINE('',#14092,#14093);
#11553=VERTEX_POINT('',#14094);
#11554=CIRCLE('',#14095,0.74);
#11555=VERTEX_POINT('',#14096);
#11556=LINE('',#14097,#14098);
#11557=CIRCLE('',#14099,0.74);
#11558=FILL_AREA_STYLE_COLOUR('',#14100);
#11559=VERTEX_POINT('',#14101);
#11560=LINE('',#14102,#14103);
#11561=VERTEX_POINT('',#14104);
#11562=LINE('',#14105,#14106);
#11563=CIRCLE('',#14107,0.65);
#11564=FILL_AREA_STYLE_COLOUR('',#14108);
#11565=VERTEX_POINT('',#14109);
#11566=LINE('',#14110,#14111);
#11567=VERTEX_POINT('',#14112);
#11568=LINE('',#14113,#14114);
#11569=CIRCLE('',#14115,0.65);
#11570=FILL_AREA_STYLE_COLOUR('',#14116);
#11571=VERTEX_POINT('',#14117);
#11572=VERTEX_POINT('',#14118);
#11573=LINE('',#14119,#14120);
#11574=VERTEX_POINT('',#14121);
#11575=CIRCLE('',#14122,0.61);
#11576=VERTEX_POINT('',#14123);
#11577=LINE('',#14124,#14125);
#11578=CIRCLE('',#14126,0.52);
#11579=FILL_AREA_STYLE_COLOUR('',#14127);
#11580=VERTEX_POINT('',#14128);
#11581=LINE('',#14129,#14130);
#11582=VERTEX_POINT('',#14131);
#11583=LINE('',#14132,#14133);
#11584=CIRCLE('',#14134,0.52);
#11585=FILL_AREA_STYLE_COLOUR('',#14135);
#11586=LINE('',#14136,#14137);
#11587=LINE('',#14138,#14139);
#11588=FILL_AREA_STYLE_COLOUR('',#14140);
#11589=VERTEX_POINT('',#14141);
#11590=CIRCLE('',#14142,0.200000000000001);
#11591=VERTEX_POINT('',#14143);
#11592=CIRCLE('',#14144,0.314986030724104);
#11593=VERTEX_POINT('',#14145);
#11594=CIRCLE('',#14146,0.314986030724104);
#11595=CIRCLE('',#14147,0.200000000000001);
#11596=FILL_AREA_STYLE_COLOUR('',#14148);
#11597=VERTEX_POINT('',#14149);
#11598=LINE('',#14150,#14151);
#11599=VERTEX_POINT('',#14152);
#11600=CIRCLE('',#14153,0.314986030724104);
#11601=VERTEX_POINT('',#14154);
#11602=LINE('',#14155,#14156);
#11603=CIRCLE('',#14157,0.40972539731219);
#11604=FILL_AREA_STYLE_COLOUR('',#14158);
#11605=VERTEX_POINT('',#14159);
#11606=LINE('',#14160,#14161);
#11607=VERTEX_POINT('',#14162);
#11608=CIRCLE('',#14163,0.65);
#11609=LINE('',#14164,#14165);
#11610=CIRCLE('',#14166,0.40972539731219);
#11611=FILL_AREA_STYLE_COLOUR('',#14167);
#11612=VERTEX_POINT('',#14168);
#11613=LINE('',#14169,#14170);
#11614=CIRCLE('',#14171,0.65);
#11615=VERTEX_POINT('',#14172);
#11616=LINE('',#14173,#14174);
#11617=CIRCLE('',#14175,0.65);
#11618=FILL_AREA_STYLE_COLOUR('',#14176);
#11619=VERTEX_POINT('',#14177);
#11620=LINE('',#14178,#14179);
#11621=LINE('',#14180,#14181);
#11622=FILL_AREA_STYLE_COLOUR('',#14182);
#11623=VERTEX_POINT('',#14183);
#11624=VERTEX_POINT('',#14184);
#11625=LINE('',#14185,#14186);
#11626=VERTEX_POINT('',#14187);
#11627=CIRCLE('',#14188,0.74);
#11628=VERTEX_POINT('',#14189);
#11629=LINE('',#14190,#14191);
#11630=CIRCLE('',#14192,0.74);
#11631=FILL_AREA_STYLE_COLOUR('',#14193);
#11632=VERTEX_POINT('',#14194);
#11633=LINE('',#14195,#14196);
#11634=VERTEX_POINT('',#14197);
#11635=LINE('',#14198,#14199);
#11636=CIRCLE('',#14200,0.65);
#11637=FILL_AREA_STYLE_COLOUR('',#14201);
#11638=VERTEX_POINT('',#14202);
#11639=LINE('',#14203,#14204);
#11640=VERTEX_POINT('',#14205);
#11641=LINE('',#14206,#14207);
#11642=CIRCLE('',#14208,0.65);
#11643=FILL_AREA_STYLE_COLOUR('',#14209);
#11644=VERTEX_POINT('',#14210);
#11645=VERTEX_POINT('',#14211);
#11646=LINE('',#14212,#14213);
#11647=VERTEX_POINT('',#14214);
#11648=CIRCLE('',#14215,0.61);
#11649=VERTEX_POINT('',#14216);
#11650=LINE('',#14217,#14218);
#11651=CIRCLE('',#14219,0.52);
#11652=FILL_AREA_STYLE_COLOUR('',#14220);
#11653=VERTEX_POINT('',#14221);
#11654=LINE('',#14222,#14223);
#11655=VERTEX_POINT('',#14224);
#11656=LINE('',#14225,#14226);
#11657=CIRCLE('',#14227,0.52);
#11658=FILL_AREA_STYLE_COLOUR('',#14228);
#11659=LINE('',#14229,#14230);
#11660=LINE('',#14231,#14232);
#11661=FILL_AREA_STYLE_COLOUR('',#14233);
#11662=VERTEX_POINT('',#14234);
#11663=CIRCLE('',#14235,0.200000000000001);
#11664=VERTEX_POINT('',#14236);
#11665=CIRCLE('',#14237,0.314986030724104);
#11666=VERTEX_POINT('',#14238);
#11667=CIRCLE('',#14239,0.314986030724104);
#11668=CIRCLE('',#14240,0.200000000000001);
#11669=FILL_AREA_STYLE_COLOUR('',#14241);
#11670=VERTEX_POINT('',#14242);
#11671=LINE('',#14243,#14244);
#11672=VERTEX_POINT('',#14245);
#11673=CIRCLE('',#14246,0.314986030724104);
#11674=VERTEX_POINT('',#14247);
#11675=LINE('',#14248,#14249);
#11676=CIRCLE('',#14250,0.40972539731219);
#11677=FILL_AREA_STYLE_COLOUR('',#14251);
#11678=VERTEX_POINT('',#14252);
#11679=LINE('',#14253,#14254);
#11680=VERTEX_POINT('',#14255);
#11681=CIRCLE('',#14256,0.65);
#11682=LINE('',#14257,#14258);
#11683=CIRCLE('',#14259,0.40972539731219);
#11684=FILL_AREA_STYLE_COLOUR('',#14260);
#11685=VERTEX_POINT('',#14261);
#11686=LINE('',#14262,#14263);
#11687=CIRCLE('',#14264,0.65);
#11688=VERTEX_POINT('',#14265);
#11689=LINE('',#14266,#14267);
#11690=CIRCLE('',#14268,0.65);
#11691=FILL_AREA_STYLE_COLOUR('',#14269);
#11692=VERTEX_POINT('',#14270);
#11693=LINE('',#14271,#14272);
#11694=LINE('',#14273,#14274);
#11695=FILL_AREA_STYLE_COLOUR('',#14275);
#11696=VERTEX_POINT('',#14276);
#11697=VERTEX_POINT('',#14277);
#11698=LINE('',#14278,#14279);
#11699=VERTEX_POINT('',#14280);
#11700=CIRCLE('',#14281,0.74);
#11701=VERTEX_POINT('',#14282);
#11702=LINE('',#14283,#14284);
#11703=CIRCLE('',#14285,0.74);
#11704=FILL_AREA_STYLE_COLOUR('',#14286);
#11705=VERTEX_POINT('',#14287);
#11706=LINE('',#14288,#14289);
#11707=VERTEX_POINT('',#14290);
#11708=LINE('',#14291,#14292);
#11709=CIRCLE('',#14293,0.65);
#11710=FILL_AREA_STYLE_COLOUR('',#14294);
#11711=VERTEX_POINT('',#14295);
#11712=LINE('',#14296,#14297);
#11713=VERTEX_POINT('',#14298);
#11714=LINE('',#14299,#14300);
#11715=CIRCLE('',#14301,0.65);
#11716=FILL_AREA_STYLE_COLOUR('',#14302);
#11717=VERTEX_POINT('',#14303);
#11718=VERTEX_POINT('',#14304);
#11719=LINE('',#14305,#14306);
#11720=VERTEX_POINT('',#14307);
#11721=CIRCLE('',#14308,0.61);
#11722=VERTEX_POINT('',#14309);
#11723=LINE('',#14310,#14311);
#11724=CIRCLE('',#14312,0.52);
#11725=FILL_AREA_STYLE_COLOUR('',#14313);
#11726=VERTEX_POINT('',#14314);
#11727=LINE('',#14315,#14316);
#11728=VERTEX_POINT('',#14317);
#11729=LINE('',#14318,#14319);
#11730=CIRCLE('',#14320,0.52);
#11731=FILL_AREA_STYLE_COLOUR('',#14321);
#11732=LINE('',#14322,#14323);
#11733=LINE('',#14324,#14325);
#11734=FILL_AREA_STYLE_COLOUR('',#14326);
#11735=VERTEX_POINT('',#14327);
#11736=CIRCLE('',#14328,0.200000000000001);
#11737=VERTEX_POINT('',#14329);
#11738=CIRCLE('',#14330,0.314986030724104);
#11739=VERTEX_POINT('',#14331);
#11740=CIRCLE('',#14332,0.314986030724104);
#11741=CIRCLE('',#14333,0.200000000000001);
#11742=FILL_AREA_STYLE_COLOUR('',#14334);
#11743=VERTEX_POINT('',#14335);
#11744=LINE('',#14336,#14337);
#11745=VERTEX_POINT('',#14338);
#11746=CIRCLE('',#14339,0.314986030724104);
#11747=VERTEX_POINT('',#14340);
#11748=LINE('',#14341,#14342);
#11749=CIRCLE('',#14343,0.40972539731219);
#11750=FILL_AREA_STYLE_COLOUR('',#14344);
#11751=VERTEX_POINT('',#14345);
#11752=LINE('',#14346,#14347);
#11753=VERTEX_POINT('',#14348);
#11754=CIRCLE('',#14349,0.65);
#11755=LINE('',#14350,#14351);
#11756=CIRCLE('',#14352,0.40972539731219);
#11757=FILL_AREA_STYLE_COLOUR('',#14353);
#11758=VERTEX_POINT('',#14354);
#11759=LINE('',#14355,#14356);
#11760=CIRCLE('',#14357,0.65);
#11761=VERTEX_POINT('',#14358);
#11762=LINE('',#14359,#14360);
#11763=CIRCLE('',#14361,0.65);
#11764=FILL_AREA_STYLE_COLOUR('',#14362);
#11765=VERTEX_POINT('',#14363);
#11766=LINE('',#14364,#14365);
#11767=LINE('',#14366,#14367);
#11768=FILL_AREA_STYLE_COLOUR('',#14368);
#11769=VERTEX_POINT('',#14369);
#11770=VERTEX_POINT('',#14370);
#11771=LINE('',#14371,#14372);
#11772=VERTEX_POINT('',#14373);
#11773=CIRCLE('',#14374,0.74);
#11774=VERTEX_POINT('',#14375);
#11775=LINE('',#14376,#14377);
#11776=CIRCLE('',#14378,0.74);
#11777=FILL_AREA_STYLE_COLOUR('',#14379);
#11778=VERTEX_POINT('',#14380);
#11779=LINE('',#14381,#14382);
#11780=VERTEX_POINT('',#14383);
#11781=LINE('',#14384,#14385);
#11782=CIRCLE('',#14386,0.65);
#11783=FILL_AREA_STYLE_COLOUR('',#14387);
#11784=VERTEX_POINT('',#14388);
#11785=LINE('',#14389,#14390);
#11786=VERTEX_POINT('',#14391);
#11787=LINE('',#14392,#14393);
#11788=CIRCLE('',#14394,0.65);
#11789=FILL_AREA_STYLE_COLOUR('',#14395);
#11790=VERTEX_POINT('',#14396);
#11791=VERTEX_POINT('',#14397);
#11792=LINE('',#14398,#14399);
#11793=VERTEX_POINT('',#14400);
#11794=CIRCLE('',#14401,0.61);
#11795=VERTEX_POINT('',#14402);
#11796=LINE('',#14403,#14404);
#11797=CIRCLE('',#14405,0.52);
#11798=FILL_AREA_STYLE_COLOUR('',#14406);
#11799=VERTEX_POINT('',#14407);
#11800=LINE('',#14408,#14409);
#11801=VERTEX_POINT('',#14410);
#11802=LINE('',#14411,#14412);
#11803=CIRCLE('',#14413,0.52);
#11804=FILL_AREA_STYLE_COLOUR('',#14414);
#11805=LINE('',#14415,#14416);
#11806=LINE('',#14417,#14418);
#11807=FILL_AREA_STYLE_COLOUR('',#14419);
#11808=VERTEX_POINT('',#14420);
#11809=CIRCLE('',#14421,0.200000000000001);
#11810=VERTEX_POINT('',#14422);
#11811=CIRCLE('',#14423,0.314986030724104);
#11812=VERTEX_POINT('',#14424);
#11813=CIRCLE('',#14425,0.314986030724104);
#11814=CIRCLE('',#14426,0.200000000000001);
#11815=FILL_AREA_STYLE_COLOUR('',#14427);
#11816=VERTEX_POINT('',#14428);
#11817=LINE('',#14429,#14430);
#11818=VERTEX_POINT('',#14431);
#11819=CIRCLE('',#14432,0.314986030724104);
#11820=VERTEX_POINT('',#14433);
#11821=LINE('',#14434,#14435);
#11822=CIRCLE('',#14436,0.40972539731219);
#11823=FILL_AREA_STYLE_COLOUR('',#14437);
#11824=VERTEX_POINT('',#14438);
#11825=LINE('',#14439,#14440);
#11826=VERTEX_POINT('',#14441);
#11827=CIRCLE('',#14442,0.65);
#11828=LINE('',#14443,#14444);
#11829=CIRCLE('',#14445,0.40972539731219);
#11830=FILL_AREA_STYLE_COLOUR('',#14446);
#11831=VERTEX_POINT('',#14447);
#11832=LINE('',#14448,#14449);
#11833=CIRCLE('',#14450,0.65);
#11834=VERTEX_POINT('',#14451);
#11835=LINE('',#14452,#14453);
#11836=CIRCLE('',#14454,0.65);
#11837=FILL_AREA_STYLE_COLOUR('',#14455);
#11838=VERTEX_POINT('',#14456);
#11839=LINE('',#14457,#14458);
#11840=LINE('',#14459,#14460);
#11841=FILL_AREA_STYLE_COLOUR('',#14461);
#11842=VERTEX_POINT('',#14462);
#11843=VERTEX_POINT('',#14463);
#11844=LINE('',#14464,#14465);
#11845=VERTEX_POINT('',#14466);
#11846=CIRCLE('',#14467,0.74);
#11847=VERTEX_POINT('',#14468);
#11848=LINE('',#14469,#14470);
#11849=CIRCLE('',#14471,0.74);
#11850=FILL_AREA_STYLE_COLOUR('',#14472);
#11851=VERTEX_POINT('',#14473);
#11852=LINE('',#14474,#14475);
#11853=VERTEX_POINT('',#14476);
#11854=LINE('',#14477,#14478);
#11855=CIRCLE('',#14479,0.65);
#11856=FILL_AREA_STYLE_COLOUR('',#14480);
#11857=VERTEX_POINT('',#14481);
#11858=LINE('',#14482,#14483);
#11859=VERTEX_POINT('',#14484);
#11860=LINE('',#14485,#14486);
#11861=CIRCLE('',#14487,0.65);
#11862=FILL_AREA_STYLE_COLOUR('',#14488);
#11863=VERTEX_POINT('',#14489);
#11864=VERTEX_POINT('',#14490);
#11865=LINE('',#14491,#14492);
#11866=VERTEX_POINT('',#14493);
#11867=CIRCLE('',#14494,0.61);
#11868=VERTEX_POINT('',#14495);
#11869=LINE('',#14496,#14497);
#11870=CIRCLE('',#14498,0.52);
#11871=FILL_AREA_STYLE_COLOUR('',#14499);
#11872=VERTEX_POINT('',#14500);
#11873=LINE('',#14501,#14502);
#11874=VERTEX_POINT('',#14503);
#11875=LINE('',#14504,#14505);
#11876=CIRCLE('',#14506,0.52);
#11877=FILL_AREA_STYLE_COLOUR('',#14507);
#11878=LINE('',#14508,#14509);
#11879=LINE('',#14510,#14511);
#11880=FILL_AREA_STYLE_COLOUR('',#14512);
#11881=VERTEX_POINT('',#14513);
#11882=CIRCLE('',#14514,0.200000000000001);
#11883=VERTEX_POINT('',#14515);
#11884=CIRCLE('',#14516,0.314986030724104);
#11885=VERTEX_POINT('',#14517);
#11886=CIRCLE('',#14518,0.314986030724104);
#11887=CIRCLE('',#14519,0.200000000000001);
#11888=FILL_AREA_STYLE_COLOUR('',#14520);
#11889=VERTEX_POINT('',#14521);
#11890=LINE('',#14522,#14523);
#11891=VERTEX_POINT('',#14524);
#11892=CIRCLE('',#14525,0.314986030724104);
#11893=VERTEX_POINT('',#14526);
#11894=LINE('',#14527,#14528);
#11895=CIRCLE('',#14529,0.40972539731219);
#11896=FILL_AREA_STYLE_COLOUR('',#14530);
#11897=VERTEX_POINT('',#14531);
#11898=LINE('',#14532,#14533);
#11899=VERTEX_POINT('',#14534);
#11900=CIRCLE('',#14535,0.65);
#11901=LINE('',#14536,#14537);
#11902=CIRCLE('',#14538,0.40972539731219);
#11903=FILL_AREA_STYLE_COLOUR('',#14539);
#11904=VERTEX_POINT('',#14540);
#11905=LINE('',#14541,#14542);
#11906=CIRCLE('',#14543,0.65);
#11907=VERTEX_POINT('',#14544);
#11908=LINE('',#14545,#14546);
#11909=CIRCLE('',#14547,0.65);
#11910=FILL_AREA_STYLE_COLOUR('',#14548);
#11911=VERTEX_POINT('',#14549);
#11912=LINE('',#14550,#14551);
#11913=LINE('',#14552,#14553);
#11914=FILL_AREA_STYLE_COLOUR('',#14554);
#11915=VERTEX_POINT('',#14555);
#11916=VERTEX_POINT('',#14556);
#11917=LINE('',#14557,#14558);
#11918=VERTEX_POINT('',#14559);
#11919=CIRCLE('',#14560,0.74);
#11920=VERTEX_POINT('',#14561);
#11921=LINE('',#14562,#14563);
#11922=CIRCLE('',#14564,0.74);
#11923=FILL_AREA_STYLE_COLOUR('',#14565);
#11924=VERTEX_POINT('',#14566);
#11925=LINE('',#14567,#14568);
#11926=VERTEX_POINT('',#14569);
#11927=LINE('',#14570,#14571);
#11928=CIRCLE('',#14572,0.65);
#11929=FILL_AREA_STYLE_COLOUR('',#14573);
#11930=VERTEX_POINT('',#14574);
#11931=LINE('',#14575,#14576);
#11932=VERTEX_POINT('',#14577);
#11933=LINE('',#14578,#14579);
#11934=CIRCLE('',#14580,0.65);
#11935=FILL_AREA_STYLE_COLOUR('',#14581);
#11936=VERTEX_POINT('',#14582);
#11937=VERTEX_POINT('',#14583);
#11938=LINE('',#14584,#14585);
#11939=VERTEX_POINT('',#14586);
#11940=CIRCLE('',#14587,0.61);
#11941=VERTEX_POINT('',#14588);
#11942=LINE('',#14589,#14590);
#11943=CIRCLE('',#14591,0.52);
#11944=FILL_AREA_STYLE_COLOUR('',#14592);
#11945=VERTEX_POINT('',#14593);
#11946=LINE('',#14594,#14595);
#11947=VERTEX_POINT('',#14596);
#11948=LINE('',#14597,#14598);
#11949=CIRCLE('',#14599,0.52);
#11950=FILL_AREA_STYLE_COLOUR('',#14600);
#11951=LINE('',#14601,#14602);
#11952=LINE('',#14603,#14604);
#11953=FILL_AREA_STYLE_COLOUR('',#14605);
#11954=VERTEX_POINT('',#14606);
#11955=CIRCLE('',#14607,0.200000000000001);
#11956=VERTEX_POINT('',#14608);
#11957=CIRCLE('',#14609,0.314986030724104);
#11958=VERTEX_POINT('',#14610);
#11959=CIRCLE('',#14611,0.314986030724104);
#11960=CIRCLE('',#14612,0.200000000000001);
#11961=FILL_AREA_STYLE_COLOUR('',#14613);
#11962=VERTEX_POINT('',#14614);
#11963=LINE('',#14615,#14616);
#11964=VERTEX_POINT('',#14617);
#11965=CIRCLE('',#14618,0.314986030724104);
#11966=VERTEX_POINT('',#14619);
#11967=LINE('',#14620,#14621);
#11968=CIRCLE('',#14622,0.40972539731219);
#11969=FILL_AREA_STYLE_COLOUR('',#14623);
#11970=VERTEX_POINT('',#14624);
#11971=LINE('',#14625,#14626);
#11972=VERTEX_POINT('',#14627);
#11973=CIRCLE('',#14628,0.65);
#11974=LINE('',#14629,#14630);
#11975=CIRCLE('',#14631,0.40972539731219);
#11976=FILL_AREA_STYLE_COLOUR('',#14632);
#11977=VERTEX_POINT('',#14633);
#11978=LINE('',#14634,#14635);
#11979=CIRCLE('',#14636,0.65);
#11980=VERTEX_POINT('',#14637);
#11981=LINE('',#14638,#14639);
#11982=CIRCLE('',#14640,0.65);
#11983=FILL_AREA_STYLE_COLOUR('',#14641);
#11984=VERTEX_POINT('',#14642);
#11985=LINE('',#14643,#14644);
#11986=LINE('',#14645,#14646);
#11987=FILL_AREA_STYLE_COLOUR('',#14647);
#11988=VERTEX_POINT('',#14648);
#11989=VERTEX_POINT('',#14649);
#11990=LINE('',#14650,#14651);
#11991=VERTEX_POINT('',#14652);
#11992=CIRCLE('',#14653,0.74);
#11993=VERTEX_POINT('',#14654);
#11994=LINE('',#14655,#14656);
#11995=CIRCLE('',#14657,0.74);
#11996=FILL_AREA_STYLE_COLOUR('',#14658);
#11997=VERTEX_POINT('',#14659);
#11998=LINE('',#14660,#14661);
#11999=VERTEX_POINT('',#14662);
#12000=LINE('',#14663,#14664);
#12001=CIRCLE('',#14665,0.65);
#12002=FILL_AREA_STYLE_COLOUR('',#14666);
#12003=VERTEX_POINT('',#14667);
#12004=LINE('',#14668,#14669);
#12005=VERTEX_POINT('',#14670);
#12006=LINE('',#14671,#14672);
#12007=CIRCLE('',#14673,0.65);
#12008=FILL_AREA_STYLE_COLOUR('',#14674);
#12009=VERTEX_POINT('',#14675);
#12010=VERTEX_POINT('',#14676);
#12011=LINE('',#14677,#14678);
#12012=VERTEX_POINT('',#14679);
#12013=CIRCLE('',#14680,0.61);
#12014=VERTEX_POINT('',#14681);
#12015=LINE('',#14682,#14683);
#12016=CIRCLE('',#14684,0.52);
#12017=FILL_AREA_STYLE_COLOUR('',#14685);
#12018=VERTEX_POINT('',#14686);
#12019=LINE('',#14687,#14688);
#12020=VERTEX_POINT('',#14689);
#12021=LINE('',#14690,#14691);
#12022=CIRCLE('',#14692,0.52);
#12023=FILL_AREA_STYLE_COLOUR('',#14693);
#12024=LINE('',#14694,#14695);
#12025=LINE('',#14696,#14697);
#12026=FILL_AREA_STYLE_COLOUR('',#14698);
#12027=CIRCLE('',#14699,0.52);
#12028=FILL_AREA_STYLE_COLOUR('',#14700);
#12029=CIRCLE('',#14701,0.52);
#12030=FILL_AREA_STYLE_COLOUR('',#14702);
#12031=CIRCLE('',#14703,0.61);
#12032=FILL_AREA_STYLE_COLOUR('',#14704);
#12033=CIRCLE('',#14705,0.65);
#12034=FILL_AREA_STYLE_COLOUR('',#14706);
#12035=CIRCLE('',#14707,0.65);
#12036=FILL_AREA_STYLE_COLOUR('',#14708);
#12037=CIRCLE('',#14709,0.74);
#12038=FILL_AREA_STYLE_COLOUR('',#14710);
#12039=CIRCLE('',#14711,0.74);
#12040=FILL_AREA_STYLE_COLOUR('',#14712);
#12041=CIRCLE('',#14713,0.65);
#12042=FILL_AREA_STYLE_COLOUR('',#14714);
#12043=FILL_AREA_STYLE_COLOUR('',#14715);
#12044=FILL_AREA_STYLE_COLOUR('',#14716);
#12045=CIRCLE('',#14717,0.314986030724104);
#12046=FILL_AREA_STYLE_COLOUR('',#14718);
#12047=FILL_AREA_STYLE_COLOUR('',#14719);
#12048=CIRCLE('',#14720,0.52);
#12049=FILL_AREA_STYLE_COLOUR('',#14721);
#12050=CIRCLE('',#14722,0.52);
#12051=FILL_AREA_STYLE_COLOUR('',#14723);
#12052=CIRCLE('',#14724,0.61);
#12053=FILL_AREA_STYLE_COLOUR('',#14725);
#12054=CIRCLE('',#14726,0.65);
#12055=FILL_AREA_STYLE_COLOUR('',#14727);
#12056=CIRCLE('',#14728,0.65);
#12057=FILL_AREA_STYLE_COLOUR('',#14729);
#12058=CIRCLE('',#14730,0.74);
#12059=FILL_AREA_STYLE_COLOUR('',#14731);
#12060=CIRCLE('',#14732,0.74);
#12061=FILL_AREA_STYLE_COLOUR('',#14733);
#12062=CIRCLE('',#14734,0.65);
#12063=FILL_AREA_STYLE_COLOUR('',#14735);
#12064=FILL_AREA_STYLE_COLOUR('',#14736);
#12065=FILL_AREA_STYLE_COLOUR('',#14737);
#12066=CIRCLE('',#14738,0.314986030724104);
#12067=FILL_AREA_STYLE_COLOUR('',#14739);
#12068=FILL_AREA_STYLE_COLOUR('',#14740);
#12069=CIRCLE('',#14741,0.52);
#12070=FILL_AREA_STYLE_COLOUR('',#14742);
#12071=CIRCLE('',#14743,0.52);
#12072=FILL_AREA_STYLE_COLOUR('',#14744);
#12073=CIRCLE('',#14745,0.61);
#12074=FILL_AREA_STYLE_COLOUR('',#14746);
#12075=CIRCLE('',#14747,0.65);
#12076=FILL_AREA_STYLE_COLOUR('',#14748);
#12077=CIRCLE('',#14749,0.65);
#12078=FILL_AREA_STYLE_COLOUR('',#14750);
#12079=CIRCLE('',#14751,0.74);
#12080=FILL_AREA_STYLE_COLOUR('',#14752);
#12081=CIRCLE('',#14753,0.74);
#12082=FILL_AREA_STYLE_COLOUR('',#14754);
#12083=CIRCLE('',#14755,0.65);
#12084=FILL_AREA_STYLE_COLOUR('',#14756);
#12085=FILL_AREA_STYLE_COLOUR('',#14757);
#12086=FILL_AREA_STYLE_COLOUR('',#14758);
#12087=CIRCLE('',#14759,0.314986030724104);
#12088=FILL_AREA_STYLE_COLOUR('',#14760);
#12089=FILL_AREA_STYLE_COLOUR('',#14761);
#12090=CIRCLE('',#14762,0.52);
#12091=FILL_AREA_STYLE_COLOUR('',#14763);
#12092=CIRCLE('',#14764,0.52);
#12093=FILL_AREA_STYLE_COLOUR('',#14765);
#12094=CIRCLE('',#14766,0.61);
#12095=FILL_AREA_STYLE_COLOUR('',#14767);
#12096=CIRCLE('',#14768,0.65);
#12097=FILL_AREA_STYLE_COLOUR('',#14769);
#12098=CIRCLE('',#14770,0.65);
#12099=FILL_AREA_STYLE_COLOUR('',#14771);
#12100=CIRCLE('',#14772,0.74);
#12101=FILL_AREA_STYLE_COLOUR('',#14773);
#12102=CIRCLE('',#14774,0.74);
#12103=FILL_AREA_STYLE_COLOUR('',#14775);
#12104=CIRCLE('',#14776,0.65);
#12105=FILL_AREA_STYLE_COLOUR('',#14777);
#12106=FILL_AREA_STYLE_COLOUR('',#14778);
#12107=FILL_AREA_STYLE_COLOUR('',#14779);
#12108=CIRCLE('',#14780,0.314986030724104);
#12109=FILL_AREA_STYLE_COLOUR('',#14781);
#12110=FILL_AREA_STYLE_COLOUR('',#14782);
#12111=CIRCLE('',#14783,0.52);
#12112=FILL_AREA_STYLE_COLOUR('',#14784);
#12113=CIRCLE('',#14785,0.52);
#12114=FILL_AREA_STYLE_COLOUR('',#14786);
#12115=CIRCLE('',#14787,0.61);
#12116=FILL_AREA_STYLE_COLOUR('',#14788);
#12117=CIRCLE('',#14789,0.65);
#12118=FILL_AREA_STYLE_COLOUR('',#14790);
#12119=CIRCLE('',#14791,0.65);
#12120=FILL_AREA_STYLE_COLOUR('',#14792);
#12121=CIRCLE('',#14793,0.74);
#12122=FILL_AREA_STYLE_COLOUR('',#14794);
#12123=CIRCLE('',#14795,0.74);
#12124=FILL_AREA_STYLE_COLOUR('',#14796);
#12125=CIRCLE('',#14797,0.65);
#12126=FILL_AREA_STYLE_COLOUR('',#14798);
#12127=FILL_AREA_STYLE_COLOUR('',#14799);
#12128=FILL_AREA_STYLE_COLOUR('',#14800);
#12129=CIRCLE('',#14801,0.314986030724104);
#12130=FILL_AREA_STYLE_COLOUR('',#14802);
#12131=FILL_AREA_STYLE_COLOUR('',#14803);
#12132=CIRCLE('',#14804,0.52);
#12133=FILL_AREA_STYLE_COLOUR('',#14805);
#12134=CIRCLE('',#14806,0.52);
#12135=FILL_AREA_STYLE_COLOUR('',#14807);
#12136=CIRCLE('',#14808,0.61);
#12137=FILL_AREA_STYLE_COLOUR('',#14809);
#12138=CIRCLE('',#14810,0.65);
#12139=FILL_AREA_STYLE_COLOUR('',#14811);
#12140=CIRCLE('',#14812,0.65);
#12141=FILL_AREA_STYLE_COLOUR('',#14813);
#12142=CIRCLE('',#14814,0.74);
#12143=FILL_AREA_STYLE_COLOUR('',#14815);
#12144=CIRCLE('',#14816,0.74);
#12145=FILL_AREA_STYLE_COLOUR('',#14817);
#12146=CIRCLE('',#14818,0.65);
#12147=FILL_AREA_STYLE_COLOUR('',#14819);
#12148=FILL_AREA_STYLE_COLOUR('',#14820);
#12149=FILL_AREA_STYLE_COLOUR('',#14821);
#12150=CIRCLE('',#14822,0.314986030724104);
#12151=FILL_AREA_STYLE_COLOUR('',#14823);
#12152=FILL_AREA_STYLE_COLOUR('',#14824);
#12153=CIRCLE('',#14825,0.52);
#12154=FILL_AREA_STYLE_COLOUR('',#14826);
#12155=CIRCLE('',#14827,0.52);
#12156=FILL_AREA_STYLE_COLOUR('',#14828);
#12157=CIRCLE('',#14829,0.61);
#12158=FILL_AREA_STYLE_COLOUR('',#14830);
#12159=CIRCLE('',#14831,0.65);
#12160=FILL_AREA_STYLE_COLOUR('',#14832);
#12161=CIRCLE('',#14833,0.65);
#12162=FILL_AREA_STYLE_COLOUR('',#14834);
#12163=CIRCLE('',#14835,0.74);
#12164=FILL_AREA_STYLE_COLOUR('',#14836);
#12165=CIRCLE('',#14837,0.74);
#12166=FILL_AREA_STYLE_COLOUR('',#14838);
#12167=CIRCLE('',#14839,0.65);
#12168=FILL_AREA_STYLE_COLOUR('',#14840);
#12169=FILL_AREA_STYLE_COLOUR('',#14841);
#12170=FILL_AREA_STYLE_COLOUR('',#14842);
#12171=CIRCLE('',#14843,0.314986030724104);
#12172=FILL_AREA_STYLE_COLOUR('',#14844);
#12173=FILL_AREA_STYLE_COLOUR('',#14845);
#12174=CIRCLE('',#14846,0.52);
#12175=FILL_AREA_STYLE_COLOUR('',#14847);
#12176=CIRCLE('',#14848,0.52);
#12177=FILL_AREA_STYLE_COLOUR('',#14849);
#12178=CIRCLE('',#14850,0.61);
#12179=FILL_AREA_STYLE_COLOUR('',#14851);
#12180=CIRCLE('',#14852,0.65);
#12181=FILL_AREA_STYLE_COLOUR('',#14853);
#12182=CIRCLE('',#14854,0.65);
#12183=FILL_AREA_STYLE_COLOUR('',#14855);
#12184=CIRCLE('',#14856,0.74);
#12185=FILL_AREA_STYLE_COLOUR('',#14857);
#12186=CIRCLE('',#14858,0.74);
#12187=FILL_AREA_STYLE_COLOUR('',#14859);
#12188=CIRCLE('',#14860,0.65);
#12189=FILL_AREA_STYLE_COLOUR('',#14861);
#12190=FILL_AREA_STYLE_COLOUR('',#14862);
#12191=FILL_AREA_STYLE_COLOUR('',#14863);
#12192=CIRCLE('',#14864,0.314986030724104);
#12193=FILL_AREA_STYLE_COLOUR('',#14865);
#12194=FILL_AREA_STYLE_COLOUR('',#14866);
#12195=CIRCLE('',#14867,0.52);
#12196=FILL_AREA_STYLE_COLOUR('',#14868);
#12197=CIRCLE('',#14869,0.52);
#12198=FILL_AREA_STYLE_COLOUR('',#14870);
#12199=CIRCLE('',#14871,0.61);
#12200=FILL_AREA_STYLE_COLOUR('',#14872);
#12201=CIRCLE('',#14873,0.65);
#12202=FILL_AREA_STYLE_COLOUR('',#14874);
#12203=CIRCLE('',#14875,0.65);
#12204=FILL_AREA_STYLE_COLOUR('',#14876);
#12205=CIRCLE('',#14877,0.74);
#12206=FILL_AREA_STYLE_COLOUR('',#14878);
#12207=CIRCLE('',#14879,0.74);
#12208=FILL_AREA_STYLE_COLOUR('',#14880);
#12209=CIRCLE('',#14881,0.65);
#12210=FILL_AREA_STYLE_COLOUR('',#14882);
#12211=FILL_AREA_STYLE_COLOUR('',#14883);
#12212=FILL_AREA_STYLE_COLOUR('',#14884);
#12213=CIRCLE('',#14885,0.314986030724104);
#12214=FILL_AREA_STYLE_COLOUR('',#14886);
#12215=FILL_AREA_STYLE_COLOUR('',#14887);
#12216=CIRCLE('',#14888,0.52);
#12217=FILL_AREA_STYLE_COLOUR('',#14889);
#12218=CIRCLE('',#14890,0.52);
#12219=FILL_AREA_STYLE_COLOUR('',#14891);
#12220=CIRCLE('',#14892,0.61);
#12221=FILL_AREA_STYLE_COLOUR('',#14893);
#12222=CIRCLE('',#14894,0.65);
#12223=FILL_AREA_STYLE_COLOUR('',#14895);
#12224=CIRCLE('',#14896,0.65);
#12225=FILL_AREA_STYLE_COLOUR('',#14897);
#12226=CIRCLE('',#14898,0.74);
#12227=FILL_AREA_STYLE_COLOUR('',#14899);
#12228=CIRCLE('',#14900,0.74);
#12229=FILL_AREA_STYLE_COLOUR('',#14901);
#12230=CIRCLE('',#14902,0.65);
#12231=FILL_AREA_STYLE_COLOUR('',#14903);
#12232=FILL_AREA_STYLE_COLOUR('',#14904);
#12233=FILL_AREA_STYLE_COLOUR('',#14905);
#12234=CIRCLE('',#14906,0.314986030724104);
#12235=FILL_AREA_STYLE_COLOUR('',#14907);
#12236=FILL_AREA_STYLE_COLOUR('',#14908);
#12237=CIRCLE('',#14909,0.825);
#12238=CIRCLE('',#14910,0.825);
#12239=FILL_AREA_STYLE_COLOUR('',#14911);
#12240=CIRCLE('',#14912,0.74);
#12241=CIRCLE('',#14913,0.74);
#12242=FILL_AREA_STYLE_COLOUR('',#14914);
#12243=FILL_AREA_STYLE_COLOUR('',#14915);
#12244=VERTEX_POINT('',#14916);
#12245=CIRCLE('',#14917,0.3);
#12246=CIRCLE('',#14918,0.3);
#12247=FILL_AREA_STYLE_COLOUR('',#14919);
#12248=CIRCLE('',#14920,0.3);
#12249=FILL_AREA_STYLE_COLOUR('',#14921);
#12250=VERTEX_POINT('',#14922);
#12251=CIRCLE('',#14923,0.45);
#12252=CIRCLE('',#14924,0.45);
#12253=FILL_AREA_STYLE_COLOUR('',#14925);
#12254=CIRCLE('',#14926,0.54);
#12255=FILL_AREA_STYLE_COLOUR('',#14927);
#12256=FILL_AREA_STYLE_COLOUR('',#14928);
#12257=CIRCLE('',#14929,0.825);
#12258=CIRCLE('',#14930,0.825);
#12259=FILL_AREA_STYLE_COLOUR('',#14931);
#12260=CIRCLE('',#14932,0.74);
#12261=CIRCLE('',#14933,0.74);
#12262=FILL_AREA_STYLE_COLOUR('',#14934);
#12263=FILL_AREA_STYLE_COLOUR('',#14935);
#12264=VERTEX_POINT('',#14936);
#12265=CIRCLE('',#14937,0.3);
#12266=CIRCLE('',#14938,0.3);
#12267=FILL_AREA_STYLE_COLOUR('',#14939);
#12268=CIRCLE('',#14940,0.3);
#12269=FILL_AREA_STYLE_COLOUR('',#14941);
#12270=VERTEX_POINT('',#14942);
#12271=CIRCLE('',#14943,0.45);
#12272=CIRCLE('',#14944,0.45);
#12273=FILL_AREA_STYLE_COLOUR('',#14945);
#12274=CIRCLE('',#14946,0.54);
#12275=FILL_AREA_STYLE_COLOUR('',#14947);
#12276=FILL_AREA_STYLE_COLOUR('',#14948);
#12277=CIRCLE('',#14949,0.825);
#12278=CIRCLE('',#14950,0.825);
#12279=FILL_AREA_STYLE_COLOUR('',#14951);
#12280=CIRCLE('',#14952,0.74);
#12281=CIRCLE('',#14953,0.74);
#12282=FILL_AREA_STYLE_COLOUR('',#14954);
#12283=FILL_AREA_STYLE_COLOUR('',#14955);
#12284=VERTEX_POINT('',#14956);
#12285=CIRCLE('',#14957,0.3);
#12286=CIRCLE('',#14958,0.3);
#12287=FILL_AREA_STYLE_COLOUR('',#14959);
#12288=CIRCLE('',#14960,0.3);
#12289=FILL_AREA_STYLE_COLOUR('',#14961);
#12290=VERTEX_POINT('',#14962);
#12291=CIRCLE('',#14963,0.45);
#12292=CIRCLE('',#14964,0.45);
#12293=FILL_AREA_STYLE_COLOUR('',#14965);
#12294=CIRCLE('',#14966,0.54);
#12295=FILL_AREA_STYLE_COLOUR('',#14967);
#12296=FILL_AREA_STYLE_COLOUR('',#14968);
#12297=CIRCLE('',#14969,0.825);
#12298=CIRCLE('',#14970,0.825);
#12299=FILL_AREA_STYLE_COLOUR('',#14971);
#12300=CIRCLE('',#14972,0.74);
#12301=CIRCLE('',#14973,0.74);
#12302=FILL_AREA_STYLE_COLOUR('',#14974);
#12303=FILL_AREA_STYLE_COLOUR('',#14975);
#12304=VERTEX_POINT('',#14976);
#12305=CIRCLE('',#14977,0.3);
#12306=CIRCLE('',#14978,0.3);
#12307=FILL_AREA_STYLE_COLOUR('',#14979);
#12308=CIRCLE('',#14980,0.3);
#12309=FILL_AREA_STYLE_COLOUR('',#14981);
#12310=VERTEX_POINT('',#14982);
#12311=CIRCLE('',#14983,0.45);
#12312=CIRCLE('',#14984,0.45);
#12313=FILL_AREA_STYLE_COLOUR('',#14985);
#12314=CIRCLE('',#14986,0.54);
#12315=FILL_AREA_STYLE_COLOUR('',#14987);
#12316=FILL_AREA_STYLE_COLOUR('',#14988);
#12317=CIRCLE('',#14989,0.825);
#12318=CIRCLE('',#14990,0.825);
#12319=FILL_AREA_STYLE_COLOUR('',#14991);
#12320=CIRCLE('',#14992,0.74);
#12321=CIRCLE('',#14993,0.74);
#12322=FILL_AREA_STYLE_COLOUR('',#14994);
#12323=FILL_AREA_STYLE_COLOUR('',#14995);
#12324=VERTEX_POINT('',#14996);
#12325=CIRCLE('',#14997,0.3);
#12326=CIRCLE('',#14998,0.3);
#12327=FILL_AREA_STYLE_COLOUR('',#14999);
#12328=CIRCLE('',#15000,0.3);
#12329=FILL_AREA_STYLE_COLOUR('',#15001);
#12330=VERTEX_POINT('',#15002);
#12331=CIRCLE('',#15003,0.45);
#12332=CIRCLE('',#15004,0.45);
#12333=FILL_AREA_STYLE_COLOUR('',#15005);
#12334=CIRCLE('',#15006,0.54);
#12335=FILL_AREA_STYLE_COLOUR('',#15007);
#12336=FILL_AREA_STYLE_COLOUR('',#15008);
#12337=CIRCLE('',#15009,0.825);
#12338=CIRCLE('',#15010,0.825);
#12339=FILL_AREA_STYLE_COLOUR('',#15011);
#12340=CIRCLE('',#15012,0.74);
#12341=CIRCLE('',#15013,0.74);
#12342=FILL_AREA_STYLE_COLOUR('',#15014);
#12343=FILL_AREA_STYLE_COLOUR('',#15015);
#12344=VERTEX_POINT('',#15016);
#12345=CIRCLE('',#15017,0.3);
#12346=CIRCLE('',#15018,0.3);
#12347=FILL_AREA_STYLE_COLOUR('',#15019);
#12348=CIRCLE('',#15020,0.3);
#12349=FILL_AREA_STYLE_COLOUR('',#15021);
#12350=VERTEX_POINT('',#15022);
#12351=CIRCLE('',#15023,0.45);
#12352=CIRCLE('',#15024,0.45);
#12353=FILL_AREA_STYLE_COLOUR('',#15025);
#12354=CIRCLE('',#15026,0.54);
#12355=FILL_AREA_STYLE_COLOUR('',#15027);
#12356=FILL_AREA_STYLE_COLOUR('',#15028);
#12357=CIRCLE('',#15029,0.825);
#12358=CIRCLE('',#15030,0.825);
#12359=FILL_AREA_STYLE_COLOUR('',#15031);
#12360=CIRCLE('',#15032,0.74);
#12361=CIRCLE('',#15033,0.74);
#12362=FILL_AREA_STYLE_COLOUR('',#15034);
#12363=FILL_AREA_STYLE_COLOUR('',#15035);
#12364=VERTEX_POINT('',#15036);
#12365=CIRCLE('',#15037,0.3);
#12366=CIRCLE('',#15038,0.3);
#12367=FILL_AREA_STYLE_COLOUR('',#15039);
#12368=CIRCLE('',#15040,0.3);
#12369=FILL_AREA_STYLE_COLOUR('',#15041);
#12370=VERTEX_POINT('',#15042);
#12371=CIRCLE('',#15043,0.45);
#12372=CIRCLE('',#15044,0.45);
#12373=FILL_AREA_STYLE_COLOUR('',#15045);
#12374=CIRCLE('',#15046,0.54);
#12375=FILL_AREA_STYLE_COLOUR('',#15047);
#12376=FILL_AREA_STYLE_COLOUR('',#15048);
#12377=CIRCLE('',#15049,0.825);
#12378=CIRCLE('',#15050,0.825);
#12379=FILL_AREA_STYLE_COLOUR('',#15051);
#12380=CIRCLE('',#15052,0.74);
#12381=CIRCLE('',#15053,0.74);
#12382=FILL_AREA_STYLE_COLOUR('',#15054);
#12383=FILL_AREA_STYLE_COLOUR('',#15055);
#12384=VERTEX_POINT('',#15056);
#12385=CIRCLE('',#15057,0.3);
#12386=CIRCLE('',#15058,0.3);
#12387=FILL_AREA_STYLE_COLOUR('',#15059);
#12388=CIRCLE('',#15060,0.3);
#12389=FILL_AREA_STYLE_COLOUR('',#15061);
#12390=VERTEX_POINT('',#15062);
#12391=CIRCLE('',#15063,0.45);
#12392=CIRCLE('',#15064,0.45);
#12393=FILL_AREA_STYLE_COLOUR('',#15065);
#12394=CIRCLE('',#15066,0.54);
#12395=FILL_AREA_STYLE_COLOUR('',#15067);
#12396=FILL_AREA_STYLE_COLOUR('',#15068);
#12397=CIRCLE('',#15069,0.825);
#12398=CIRCLE('',#15070,0.825);
#12399=FILL_AREA_STYLE_COLOUR('',#15071);
#12400=CIRCLE('',#15072,0.74);
#12401=CIRCLE('',#15073,0.74);
#12402=FILL_AREA_STYLE_COLOUR('',#15074);
#12403=FILL_AREA_STYLE_COLOUR('',#15075);
#12404=VERTEX_POINT('',#15076);
#12405=CIRCLE('',#15077,0.3);
#12406=CIRCLE('',#15078,0.3);
#12407=FILL_AREA_STYLE_COLOUR('',#15079);
#12408=CIRCLE('',#15080,0.3);
#12409=FILL_AREA_STYLE_COLOUR('',#15081);
#12410=VERTEX_POINT('',#15082);
#12411=CIRCLE('',#15083,0.45);
#12412=CIRCLE('',#15084,0.45);
#12413=FILL_AREA_STYLE_COLOUR('',#15085);
#12414=CIRCLE('',#15086,0.54);
#12415=FILL_AREA_STYLE_COLOUR('',#15087);
#12416=FILL_AREA_STYLE_COLOUR('',#15088);
#12417=CIRCLE('',#15089,0.825);
#12418=CIRCLE('',#15090,0.825);
#12419=FILL_AREA_STYLE_COLOUR('',#15091);
#12420=CIRCLE('',#15092,0.74);
#12421=CIRCLE('',#15093,0.74);
#12422=FILL_AREA_STYLE_COLOUR('',#15094);
#12423=FILL_AREA_STYLE_COLOUR('',#15095);
#12424=VERTEX_POINT('',#15096);
#12425=CIRCLE('',#15097,0.3);
#12426=CIRCLE('',#15098,0.3);
#12427=FILL_AREA_STYLE_COLOUR('',#15099);
#12428=CIRCLE('',#15100,0.3);
#12429=FILL_AREA_STYLE_COLOUR('',#15101);
#12430=VERTEX_POINT('',#15102);
#12431=CIRCLE('',#15103,0.45);
#12432=CIRCLE('',#15104,0.45);
#12433=FILL_AREA_STYLE_COLOUR('',#15105);
#12434=CIRCLE('',#15106,0.54);
#12435=FILL_AREA_STYLE_COLOUR('',#15107);
#12436=FILL_AREA_STYLE_COLOUR('',#15108);
#12437=VERTEX_POINT('',#15109);
#12438=VERTEX_POINT('',#15110);
#12439=LINE('',#15111,#15112);
#12440=VERTEX_POINT('',#15113);
#12441=LINE('',#15114,#15115);
#12442=VERTEX_POINT('',#15116);
#12443=LINE('',#15117,#15118);
#12444=LINE('',#15119,#15120);
#12445=FILL_AREA_STYLE_COLOUR('',#15121);
#12446=VERTEX_POINT('',#15122);
#12447=VERTEX_POINT('',#15123);
#12448=LINE('',#15124,#15125);
#12449=VERTEX_POINT('',#15126);
#12450=LINE('',#15127,#15128);
#12451=VERTEX_POINT('',#15129);
#12452=LINE('',#15130,#15131);
#12453=LINE('',#15132,#15133);
#12454=FILL_AREA_STYLE_COLOUR('',#15134);
#12455=VERTEX_POINT('',#15135);
#12456=VERTEX_POINT('',#15136);
#12457=LINE('',#15137,#15138);
#12458=VERTEX_POINT('',#15139);
#12459=LINE('',#15140,#15141);
#12460=VERTEX_POINT('',#15142);
#12461=LINE('',#15143,#15144);
#12462=LINE('',#15145,#15146);
#12463=FILL_AREA_STYLE_COLOUR('',#15147);
#12464=VERTEX_POINT('',#15148);
#12465=VERTEX_POINT('',#15149);
#12466=LINE('',#15150,#15151);
#12467=VERTEX_POINT('',#15152);
#12468=LINE('',#15153,#15154);
#12469=VERTEX_POINT('',#15155);
#12470=LINE('',#15156,#15157);
#12471=LINE('',#15158,#15159);
#12472=FILL_AREA_STYLE_COLOUR('',#15160);
#12473=VERTEX_POINT('',#15161);
#12474=VERTEX_POINT('',#15162);
#12475=LINE('',#15163,#15164);
#12476=VERTEX_POINT('',#15165);
#12477=LINE('',#15166,#15167);
#12478=VERTEX_POINT('',#15168);
#12479=LINE('',#15169,#15170);
#12480=LINE('',#15171,#15172);
#12481=FILL_AREA_STYLE_COLOUR('',#15173);
#12482=VERTEX_POINT('',#15174);
#12483=VERTEX_POINT('',#15175);
#12484=LINE('',#15176,#15177);
#12485=VERTEX_POINT('',#15178);
#12486=LINE('',#15179,#15180);
#12487=VERTEX_POINT('',#15181);
#12488=LINE('',#15182,#15183);
#12489=LINE('',#15184,#15185);
#12490=FILL_AREA_STYLE_COLOUR('',#15186);
#12491=VERTEX_POINT('',#15187);
#12492=VERTEX_POINT('',#15188);
#12493=LINE('',#15189,#15190);
#12494=VERTEX_POINT('',#15191);
#12495=LINE('',#15192,#15193);
#12496=VERTEX_POINT('',#15194);
#12497=LINE('',#15195,#15196);
#12498=LINE('',#15197,#15198);
#12499=FILL_AREA_STYLE_COLOUR('',#15199);
#12500=VERTEX_POINT('',#15200);
#12501=VERTEX_POINT('',#15201);
#12502=LINE('',#15202,#15203);
#12503=VERTEX_POINT('',#15204);
#12504=LINE('',#15205,#15206);
#12505=VERTEX_POINT('',#15207);
#12506=LINE('',#15208,#15209);
#12507=LINE('',#15210,#15211);
#12508=FILL_AREA_STYLE_COLOUR('',#15212);
#12509=VERTEX_POINT('',#15213);
#12510=VERTEX_POINT('',#15214);
#12511=LINE('',#15215,#15216);
#12512=VERTEX_POINT('',#15217);
#12513=LINE('',#15218,#15219);
#12514=VERTEX_POINT('',#15220);
#12515=LINE('',#15221,#15222);
#12516=LINE('',#15223,#15224);
#12517=FILL_AREA_STYLE_COLOUR('',#15225);
#12518=VERTEX_POINT('',#15226);
#12519=VERTEX_POINT('',#15227);
#12520=LINE('',#15228,#15229);
#12521=VERTEX_POINT('',#15230);
#12522=LINE('',#15231,#15232);
#12523=VERTEX_POINT('',#15233);
#12524=LINE('',#15234,#15235);
#12525=LINE('',#15236,#15237);
#12526=FILL_AREA_STYLE_COLOUR('',#15238);
#12527=VERTEX_POINT('',#15239);
#12528=LINE('',#15240,#15241);
#12529=LINE('',#15242,#15243);
#12530=LINE('',#15244,#15245);
#12531=LINE('',#15246,#15247);
#12532=LINE('',#15248,#15249);
#12533=LINE('',#15250,#15251);
#12534=LINE('',#15252,#15253);
#12535=LINE('',#15254,#15255);
#12536=LINE('',#15256,#15257);
#12537=LINE('',#15258,#15259);
#12538=VERTEX_POINT('',#15260);
#12539=LINE('',#15261,#15262);
#12540=VERTEX_POINT('',#15263);
#12541=LINE('',#15264,#15265);
#12542=VERTEX_POINT('',#15266);
#12543=LINE('',#15267,#15268);
#12544=VERTEX_POINT('',#15269);
#12545=LINE('',#15270,#15271);
#12546=VERTEX_POINT('',#15272);
#12547=LINE('',#15273,#15274);
#12548=VERTEX_POINT('',#15275);
#12549=LINE('',#15276,#15277);
#12550=VERTEX_POINT('',#15278);
#12551=LINE('',#15279,#15280);
#12552=VERTEX_POINT('',#15281);
#12553=LINE('',#15282,#15283);
#12554=VERTEX_POINT('',#15284);
#12555=LINE('',#15285,#15286);
#12556=VERTEX_POINT('',#15287);
#12557=LINE('',#15288,#15289);
#12558=VERTEX_POINT('',#15290);
#12559=LINE('',#15291,#15292);
#12560=VERTEX_POINT('',#15293);
#12561=LINE('',#15294,#15295);
#12562=VERTEX_POINT('',#15296);
#12563=LINE('',#15297,#15298);
#12564=VERTEX_POINT('',#15299);
#12565=LINE('',#15300,#15301);
#12566=VERTEX_POINT('',#15302);
#12567=LINE('',#15303,#15304);
#12568=VERTEX_POINT('',#15305);
#12569=LINE('',#15306,#15307);
#12570=VERTEX_POINT('',#15308);
#12571=LINE('',#15309,#15310);
#12572=VERTEX_POINT('',#15311);
#12573=LINE('',#15312,#15313);
#12574=VERTEX_POINT('',#15314);
#12575=LINE('',#15315,#15316);
#12576=LINE('',#15317,#15318);
#12577=FILL_AREA_STYLE_COLOUR('',#15319);
#12578=VERTEX_POINT('',#15320);
#12579=LINE('',#15321,#15322);
#12580=VERTEX_POINT('',#15323);
#12581=LINE('',#15324,#15325);
#12582=LINE('',#15326,#15327);
#12583=FILL_AREA_STYLE_COLOUR('',#15328);
#12584=VERTEX_POINT('',#15329);
#12585=LINE('',#15330,#15331);
#12586=VERTEX_POINT('',#15332);
#12587=LINE('',#15333,#15334);
#12588=LINE('',#15335,#15336);
#12589=FILL_AREA_STYLE_COLOUR('',#15337);
#12590=VERTEX_POINT('',#15338);
#12591=LINE('',#15339,#15340);
#12592=VERTEX_POINT('',#15341);
#12593=LINE('',#15342,#15343);
#12594=LINE('',#15344,#15345);
#12595=FILL_AREA_STYLE_COLOUR('',#15346);
#12596=VERTEX_POINT('',#15347);
#12597=LINE('',#15348,#15349);
#12598=VERTEX_POINT('',#15350);
#12599=LINE('',#15351,#15352);
#12600=LINE('',#15353,#15354);
#12601=FILL_AREA_STYLE_COLOUR('',#15355);
#12602=VERTEX_POINT('',#15356);
#12603=LINE('',#15357,#15358);
#12604=VERTEX_POINT('',#15359);
#12605=LINE('',#15360,#15361);
#12606=LINE('',#15362,#15363);
#12607=FILL_AREA_STYLE_COLOUR('',#15364);
#12608=VERTEX_POINT('',#15365);
#12609=LINE('',#15366,#15367);
#12610=VERTEX_POINT('',#15368);
#12611=LINE('',#15369,#15370);
#12612=LINE('',#15371,#15372);
#12613=FILL_AREA_STYLE_COLOUR('',#15373);
#12614=VERTEX_POINT('',#15374);
#12615=LINE('',#15375,#15376);
#12616=VERTEX_POINT('',#15377);
#12617=LINE('',#15378,#15379);
#12618=LINE('',#15380,#15381);
#12619=FILL_AREA_STYLE_COLOUR('',#15382);
#12620=VERTEX_POINT('',#15383);
#12621=LINE('',#15384,#15385);
#12622=VERTEX_POINT('',#15386);
#12623=LINE('',#15387,#15388);
#12624=LINE('',#15389,#15390);
#12625=FILL_AREA_STYLE_COLOUR('',#15391);
#12626=VERTEX_POINT('',#15392);
#12627=LINE('',#15393,#15394);
#12628=VERTEX_POINT('',#15395);
#12629=LINE('',#15396,#15397);
#12630=LINE('',#15398,#15399);
#12631=FILL_AREA_STYLE_COLOUR('',#15400);
#12632=VERTEX_POINT('',#15401);
#12633=LINE('',#15402,#15403);
#12634=VERTEX_POINT('',#15404);
#12635=LINE('',#15405,#15406);
#12636=LINE('',#15407,#15408);
#12637=FILL_AREA_STYLE_COLOUR('',#15409);
#12638=VERTEX_POINT('',#15410);
#12639=LINE('',#15411,#15412);
#12640=VERTEX_POINT('',#15413);
#12641=LINE('',#15414,#15415);
#12642=LINE('',#15416,#15417);
#12643=FILL_AREA_STYLE_COLOUR('',#15418);
#12644=VERTEX_POINT('',#15419);
#12645=LINE('',#15420,#15421);
#12646=VERTEX_POINT('',#15422);
#12647=LINE('',#15423,#15424);
#12648=LINE('',#15425,#15426);
#12649=FILL_AREA_STYLE_COLOUR('',#15427);
#12650=VERTEX_POINT('',#15428);
#12651=LINE('',#15429,#15430);
#12652=VERTEX_POINT('',#15431);
#12653=LINE('',#15432,#15433);
#12654=LINE('',#15434,#15435);
#12655=FILL_AREA_STYLE_COLOUR('',#15436);
#12656=VERTEX_POINT('',#15437);
#12657=LINE('',#15438,#15439);
#12658=VERTEX_POINT('',#15440);
#12659=LINE('',#15441,#15442);
#12660=LINE('',#15443,#15444);
#12661=FILL_AREA_STYLE_COLOUR('',#15445);
#12662=VERTEX_POINT('',#15446);
#12663=LINE('',#15447,#15448);
#12664=VERTEX_POINT('',#15449);
#12665=LINE('',#15450,#15451);
#12666=LINE('',#15452,#15453);
#12667=FILL_AREA_STYLE_COLOUR('',#15454);
#12668=VERTEX_POINT('',#15455);
#12669=LINE('',#15456,#15457);
#12670=VERTEX_POINT('',#15458);
#12671=LINE('',#15459,#15460);
#12672=LINE('',#15461,#15462);
#12673=FILL_AREA_STYLE_COLOUR('',#15463);
#12674=VERTEX_POINT('',#15464);
#12675=LINE('',#15465,#15466);
#12676=VERTEX_POINT('',#15467);
#12677=LINE('',#15468,#15469);
#12678=LINE('',#15470,#15471);
#12679=FILL_AREA_STYLE_COLOUR('',#15472);
#12680=VERTEX_POINT('',#15473);
#12681=LINE('',#15474,#15475);
#12682=VERTEX_POINT('',#15476);
#12683=LINE('',#15477,#15478);
#12684=LINE('',#15479,#15480);
#12685=FILL_AREA_STYLE_COLOUR('',#15481);
#12686=VERTEX_POINT('',#15482);
#12687=LINE('',#15483,#15484);
#12688=VERTEX_POINT('',#15485);
#12689=LINE('',#15486,#15487);
#12690=LINE('',#15488,#15489);
#12691=FILL_AREA_STYLE_COLOUR('',#15490);
#12692=VERTEX_POINT('',#15491);
#12693=LINE('',#15492,#15493);
#12694=VERTEX_POINT('',#15494);
#12695=LINE('',#15495,#15496);
#12696=LINE('',#15497,#15498);
#12697=FILL_AREA_STYLE_COLOUR('',#15499);
#12698=VERTEX_POINT('',#15500);
#12699=LINE('',#15501,#15502);
#12700=VERTEX_POINT('',#15503);
#12701=LINE('',#15504,#15505);
#12702=LINE('',#15506,#15507);
#12703=FILL_AREA_STYLE_COLOUR('',#15508);
#12704=VERTEX_POINT('',#15509);
#12705=LINE('',#15510,#15511);
#12706=VERTEX_POINT('',#15512);
#12707=LINE('',#15513,#15514);
#12708=LINE('',#15515,#15516);
#12709=FILL_AREA_STYLE_COLOUR('',#15517);
#12710=VERTEX_POINT('',#15518);
#12711=LINE('',#15519,#15520);
#12712=VERTEX_POINT('',#15521);
#12713=LINE('',#15522,#15523);
#12714=LINE('',#15524,#15525);
#12715=FILL_AREA_STYLE_COLOUR('',#15526);
#12716=VERTEX_POINT('',#15527);
#12717=LINE('',#15528,#15529);
#12718=VERTEX_POINT('',#15530);
#12719=LINE('',#15531,#15532);
#12720=LINE('',#15533,#15534);
#12721=FILL_AREA_STYLE_COLOUR('',#15535);
#12722=VERTEX_POINT('',#15536);
#12723=LINE('',#15537,#15538);
#12724=VERTEX_POINT('',#15539);
#12725=LINE('',#15540,#15541);
#12726=LINE('',#15542,#15543);
#12727=FILL_AREA_STYLE_COLOUR('',#15544);
#12728=VERTEX_POINT('',#15545);
#12729=LINE('',#15546,#15547);
#12730=VERTEX_POINT('',#15548);
#12731=LINE('',#15549,#15550);
#12732=LINE('',#15551,#15552);
#12733=FILL_AREA_STYLE_COLOUR('',#15553);
#12734=VERTEX_POINT('',#15554);
#12735=LINE('',#15555,#15556);
#12736=VERTEX_POINT('',#15557);
#12737=LINE('',#15558,#15559);
#12738=LINE('',#15560,#15561);
#12739=FILL_AREA_STYLE_COLOUR('',#15562);
#12740=VERTEX_POINT('',#15563);
#12741=LINE('',#15564,#15565);
#12742=VERTEX_POINT('',#15566);
#12743=LINE('',#15567,#15568);
#12744=LINE('',#15569,#15570);
#12745=FILL_AREA_STYLE_COLOUR('',#15571);
#12746=VERTEX_POINT('',#15572);
#12747=LINE('',#15573,#15574);
#12748=VERTEX_POINT('',#15575);
#12749=LINE('',#15576,#15577);
#12750=LINE('',#15578,#15579);
#12751=FILL_AREA_STYLE_COLOUR('',#15580);
#12752=VERTEX_POINT('',#15581);
#12753=LINE('',#15582,#15583);
#12754=VERTEX_POINT('',#15584);
#12755=LINE('',#15585,#15586);
#12756=LINE('',#15587,#15588);
#12757=FILL_AREA_STYLE_COLOUR('',#15589);
#12758=VERTEX_POINT('',#15590);
#12759=LINE('',#15591,#15592);
#12760=VERTEX_POINT('',#15593);
#12761=LINE('',#15594,#15595);
#12762=LINE('',#15596,#15597);
#12763=FILL_AREA_STYLE_COLOUR('',#15598);
#12764=VERTEX_POINT('',#15599);
#12765=LINE('',#15600,#15601);
#12766=VERTEX_POINT('',#15602);
#12767=LINE('',#15603,#15604);
#12768=LINE('',#15605,#15606);
#12769=FILL_AREA_STYLE_COLOUR('',#15607);
#12770=VERTEX_POINT('',#15608);
#12771=LINE('',#15609,#15610);
#12772=VERTEX_POINT('',#15611);
#12773=LINE('',#15612,#15613);
#12774=LINE('',#15614,#15615);
#12775=FILL_AREA_STYLE_COLOUR('',#15616);
#12776=VERTEX_POINT('',#15617);
#12777=LINE('',#15618,#15619);
#12778=VERTEX_POINT('',#15620);
#12779=LINE('',#15621,#15622);
#12780=LINE('',#15623,#15624);
#12781=FILL_AREA_STYLE_COLOUR('',#15625);
#12782=VERTEX_POINT('',#15626);
#12783=LINE('',#15627,#15628);
#12784=VERTEX_POINT('',#15629);
#12785=LINE('',#15630,#15631);
#12786=LINE('',#15632,#15633);
#12787=FILL_AREA_STYLE_COLOUR('',#15634);
#12788=VERTEX_POINT('',#15635);
#12789=LINE('',#15636,#15637);
#12790=VERTEX_POINT('',#15638);
#12791=LINE('',#15639,#15640);
#12792=LINE('',#15641,#15642);
#12793=FILL_AREA_STYLE_COLOUR('',#15643);
#12794=VERTEX_POINT('',#15644);
#12795=LINE('',#15645,#15646);
#12796=VERTEX_POINT('',#15647);
#12797=LINE('',#15648,#15649);
#12798=LINE('',#15650,#15651);
#12799=FILL_AREA_STYLE_COLOUR('',#15652);
#12800=VERTEX_POINT('',#15653);
#12801=LINE('',#15654,#15655);
#12802=VERTEX_POINT('',#15656);
#12803=LINE('',#15657,#15658);
#12804=LINE('',#15659,#15660);
#12805=FILL_AREA_STYLE_COLOUR('',#15661);
#12806=VERTEX_POINT('',#15662);
#12807=LINE('',#15663,#15664);
#12808=VERTEX_POINT('',#15665);
#12809=LINE('',#15666,#15667);
#12810=LINE('',#15668,#15669);
#12811=FILL_AREA_STYLE_COLOUR('',#15670);
#12812=VERTEX_POINT('',#15671);
#12813=LINE('',#15672,#15673);
#12814=VERTEX_POINT('',#15674);
#12815=LINE('',#15675,#15676);
#12816=LINE('',#15677,#15678);
#12817=FILL_AREA_STYLE_COLOUR('',#15679);
#12818=VERTEX_POINT('',#15680);
#12819=VERTEX_POINT('',#15681);
#12820=LINE('',#15682,#15683);
#12821=LINE('',#15684,#15685);
#12822=LINE('',#15686,#15687);
#12823=FILL_AREA_STYLE_COLOUR('',#15688);
#12824=LINE('',#15689,#15690);
#12825=FILL_AREA_STYLE_COLOUR('',#15691);
#12826=VERTEX_POINT('',#15692);
#12827=LINE('',#15693,#15694);
#12828=LINE('',#15695,#15696);
#12829=FILL_AREA_STYLE_COLOUR('',#15697);
#12830=VERTEX_POINT('',#15698);
#12831=LINE('',#15699,#15700);
#12832=LINE('',#15701,#15702);
#12833=FILL_AREA_STYLE_COLOUR('',#15703);
#12834=VERTEX_POINT('',#15704);
#12835=LINE('',#15705,#15706);
#12836=LINE('',#15707,#15708);
#12837=FILL_AREA_STYLE_COLOUR('',#15709);
#12838=VERTEX_POINT('',#15710);
#12839=LINE('',#15711,#15712);
#12840=LINE('',#15713,#15714);
#12841=FILL_AREA_STYLE_COLOUR('',#15715);
#12842=LINE('',#15716,#15717);
#12843=FILL_AREA_STYLE_COLOUR('',#15718);
#12844=VERTEX_POINT('',#15719);
#12845=LINE('',#15720,#15721);
#12846=VERTEX_POINT('',#15722);
#12847=LINE('',#15723,#15724);
#12848=VERTEX_POINT('',#15725);
#12849=LINE('',#15726,#15727);
#12850=LINE('',#15728,#15729);
#12851=VERTEX_POINT('',#15730);
#12852=LINE('',#15731,#15732);
#12853=VERTEX_POINT('',#15733);
#12854=LINE('',#15734,#15735);
#12855=LINE('',#15736,#15737);
#12856=VERTEX_POINT('',#15738);
#12857=LINE('',#15739,#15740);
#12858=VERTEX_POINT('',#15741);
#12859=LINE('',#15742,#15743);
#12860=LINE('',#15744,#15745);
#12861=VERTEX_POINT('',#15746);
#12862=LINE('',#15747,#15748);
#12863=VERTEX_POINT('',#15749);
#12864=LINE('',#15750,#15751);
#12865=LINE('',#15752,#15753);
#12866=VERTEX_POINT('',#15754);
#12867=LINE('',#15755,#15756);
#12868=VERTEX_POINT('',#15757);
#12869=LINE('',#15758,#15759);
#12870=LINE('',#15760,#15761);
#12871=VERTEX_POINT('',#15762);
#12872=LINE('',#15763,#15764);
#12873=VERTEX_POINT('',#15765);
#12874=LINE('',#15766,#15767);
#12875=LINE('',#15768,#15769);
#12876=VERTEX_POINT('',#15770);
#12877=LINE('',#15771,#15772);
#12878=VERTEX_POINT('',#15773);
#12879=LINE('',#15774,#15775);
#12880=LINE('',#15776,#15777);
#12881=VERTEX_POINT('',#15778);
#12882=LINE('',#15779,#15780);
#12883=VERTEX_POINT('',#15781);
#12884=LINE('',#15782,#15783);
#12885=LINE('',#15784,#15785);
#12886=VERTEX_POINT('',#15786);
#12887=LINE('',#15787,#15788);
#12888=VERTEX_POINT('',#15789);
#12889=LINE('',#15790,#15791);
#12890=VERTEX_POINT('',#15792);
#12891=LINE('',#15793,#15794);
#12892=VERTEX_POINT('',#15795);
#12893=LINE('',#15796,#15797);
#12894=VERTEX_POINT('',#15798);
#12895=LINE('',#15799,#15800);
#12896=VERTEX_POINT('',#15801);
#12897=LINE('',#15802,#15803);
#12898=VERTEX_POINT('',#15804);
#12899=LINE('',#15805,#15806);
#12900=VERTEX_POINT('',#15807);
#12901=LINE('',#15808,#15809);
#12902=VERTEX_POINT('',#15810);
#12903=LINE('',#15811,#15812);
#12904=VERTEX_POINT('',#15813);
#12905=LINE('',#15814,#15815);
#12906=VERTEX_POINT('',#15816);
#12907=LINE('',#15817,#15818);
#12908=VERTEX_POINT('',#15819);
#12909=LINE('',#15820,#15821);
#12910=VERTEX_POINT('',#15822);
#12911=LINE('',#15823,#15824);
#12912=VERTEX_POINT('',#15825);
#12913=LINE('',#15826,#15827);
#12914=VERTEX_POINT('',#15828);
#12915=LINE('',#15829,#15830);
#12916=VERTEX_POINT('',#15831);
#12917=LINE('',#15832,#15833);
#12918=VERTEX_POINT('',#15834);
#12919=LINE('',#15835,#15836);
#12920=VERTEX_POINT('',#15837);
#12921=LINE('',#15838,#15839);
#12922=VERTEX_POINT('',#15840);
#12923=LINE('',#15841,#15842);
#12924=VERTEX_POINT('',#15843);
#12925=LINE('',#15844,#15845);
#12926=VERTEX_POINT('',#15846);
#12927=LINE('',#15847,#15848);
#12928=VERTEX_POINT('',#15849);
#12929=LINE('',#15850,#15851);
#12930=VERTEX_POINT('',#15852);
#12931=LINE('',#15853,#15854);
#12932=VERTEX_POINT('',#15855);
#12933=LINE('',#15856,#15857);
#12934=VERTEX_POINT('',#15858);
#12935=LINE('',#15859,#15860);
#12936=VERTEX_POINT('',#15861);
#12937=LINE('',#15862,#15863);
#12938=VERTEX_POINT('',#15864);
#12939=LINE('',#15865,#15866);
#12940=VERTEX_POINT('',#15867);
#12941=LINE('',#15868,#15869);
#12942=VERTEX_POINT('',#15870);
#12943=LINE('',#15871,#15872);
#12944=VERTEX_POINT('',#15873);
#12945=LINE('',#15874,#15875);
#12946=VERTEX_POINT('',#15876);
#12947=LINE('',#15877,#15878);
#12948=VERTEX_POINT('',#15879);
#12949=LINE('',#15880,#15881);
#12950=VERTEX_POINT('',#15882);
#12951=LINE('',#15883,#15884);
#12952=VERTEX_POINT('',#15885);
#12953=LINE('',#15886,#15887);
#12954=VERTEX_POINT('',#15888);
#12955=LINE('',#15889,#15890);
#12956=VERTEX_POINT('',#15891);
#12957=LINE('',#15892,#15893);
#12958=VERTEX_POINT('',#15894);
#12959=LINE('',#15895,#15896);
#12960=LINE('',#15897,#15898);
#12961=FILL_AREA_STYLE_COLOUR('',#15899);
#12962=LINE('',#15900,#15901);
#12963=LINE('',#15902,#15903);
#12964=FILL_AREA_STYLE_COLOUR('',#15904);
#12965=LINE('',#15905,#15906);
#12966=FILL_AREA_STYLE_COLOUR('',#15907);
#12967=LINE('',#15908,#15909);
#12968=FILL_AREA_STYLE_COLOUR('',#15910);
#12969=LINE('',#15911,#15912);
#12970=FILL_AREA_STYLE_COLOUR('',#15913);
#12971=FILL_AREA_STYLE_COLOUR('',#15914);
#12972=LINE('',#15915,#15916);
#12973=FILL_AREA_STYLE_COLOUR('',#15917);
#12974=FILL_AREA_STYLE_COLOUR('',#15918);
#12975=LINE('',#15919,#15920);
#12976=LINE('',#15921,#15922);
#12977=FILL_AREA_STYLE_COLOUR('',#15923);
#12978=LINE('',#15924,#15925);
#12979=FILL_AREA_STYLE_COLOUR('',#15926);
#12980=LINE('',#15927,#15928);
#12981=FILL_AREA_STYLE_COLOUR('',#15929);
#12982=LINE('',#15930,#15931);
#12983=FILL_AREA_STYLE_COLOUR('',#15932);
#12984=FILL_AREA_STYLE_COLOUR('',#15933);
#12985=LINE('',#15934,#15935);
#12986=FILL_AREA_STYLE_COLOUR('',#15936);
#12987=FILL_AREA_STYLE_COLOUR('',#15937);
#12988=LINE('',#15938,#15939);
#12989=LINE('',#15940,#15941);
#12990=FILL_AREA_STYLE_COLOUR('',#15942);
#12991=LINE('',#15943,#15944);
#12992=FILL_AREA_STYLE_COLOUR('',#15945);
#12993=LINE('',#15946,#15947);
#12994=FILL_AREA_STYLE_COLOUR('',#15948);
#12995=LINE('',#15949,#15950);
#12996=FILL_AREA_STYLE_COLOUR('',#15951);
#12997=FILL_AREA_STYLE_COLOUR('',#15952);
#12998=LINE('',#15953,#15954);
#12999=FILL_AREA_STYLE_COLOUR('',#15955);
#13000=FILL_AREA_STYLE_COLOUR('',#15956);
#13001=LINE('',#15957,#15958);
#13002=LINE('',#15959,#15960);
#13003=FILL_AREA_STYLE_COLOUR('',#15961);
#13004=LINE('',#15962,#15963);
#13005=FILL_AREA_STYLE_COLOUR('',#15964);
#13006=LINE('',#15965,#15966);
#13007=FILL_AREA_STYLE_COLOUR('',#15967);
#13008=LINE('',#15968,#15969);
#13009=FILL_AREA_STYLE_COLOUR('',#15970);
#13010=FILL_AREA_STYLE_COLOUR('',#15971);
#13011=LINE('',#15972,#15973);
#13012=FILL_AREA_STYLE_COLOUR('',#15974);
#13013=FILL_AREA_STYLE_COLOUR('',#15975);
#13014=LINE('',#15976,#15977);
#13015=LINE('',#15978,#15979);
#13016=FILL_AREA_STYLE_COLOUR('',#15980);
#13017=LINE('',#15981,#15982);
#13018=FILL_AREA_STYLE_COLOUR('',#15983);
#13019=LINE('',#15984,#15985);
#13020=FILL_AREA_STYLE_COLOUR('',#15986);
#13021=LINE('',#15987,#15988);
#13022=FILL_AREA_STYLE_COLOUR('',#15989);
#13023=FILL_AREA_STYLE_COLOUR('',#15990);
#13024=LINE('',#15991,#15992);
#13025=FILL_AREA_STYLE_COLOUR('',#15993);
#13026=FILL_AREA_STYLE_COLOUR('',#15994);
#13027=LINE('',#15995,#15996);
#13028=LINE('',#15997,#15998);
#13029=FILL_AREA_STYLE_COLOUR('',#15999);
#13030=LINE('',#16000,#16001);
#13031=FILL_AREA_STYLE_COLOUR('',#16002);
#13032=LINE('',#16003,#16004);
#13033=FILL_AREA_STYLE_COLOUR('',#16005);
#13034=LINE('',#16006,#16007);
#13035=FILL_AREA_STYLE_COLOUR('',#16008);
#13036=FILL_AREA_STYLE_COLOUR('',#16009);
#13037=LINE('',#16010,#16011);
#13038=FILL_AREA_STYLE_COLOUR('',#16012);
#13039=FILL_AREA_STYLE_COLOUR('',#16013);
#13040=LINE('',#16014,#16015);
#13041=LINE('',#16016,#16017);
#13042=FILL_AREA_STYLE_COLOUR('',#16018);
#13043=LINE('',#16019,#16020);
#13044=FILL_AREA_STYLE_COLOUR('',#16021);
#13045=LINE('',#16022,#16023);
#13046=FILL_AREA_STYLE_COLOUR('',#16024);
#13047=LINE('',#16025,#16026);
#13048=FILL_AREA_STYLE_COLOUR('',#16027);
#13049=FILL_AREA_STYLE_COLOUR('',#16028);
#13050=LINE('',#16029,#16030);
#13051=FILL_AREA_STYLE_COLOUR('',#16031);
#13052=FILL_AREA_STYLE_COLOUR('',#16032);
#13053=LINE('',#16033,#16034);
#13054=LINE('',#16035,#16036);
#13055=FILL_AREA_STYLE_COLOUR('',#16037);
#13056=LINE('',#16038,#16039);
#13057=FILL_AREA_STYLE_COLOUR('',#16040);
#13058=LINE('',#16041,#16042);
#13059=FILL_AREA_STYLE_COLOUR('',#16043);
#13060=LINE('',#16044,#16045);
#13061=FILL_AREA_STYLE_COLOUR('',#16046);
#13062=FILL_AREA_STYLE_COLOUR('',#16047);
#13063=LINE('',#16048,#16049);
#13064=FILL_AREA_STYLE_COLOUR('',#16050);
#13065=FILL_AREA_STYLE_COLOUR('',#16051);
#13066=LINE('',#16052,#16053);
#13067=LINE('',#16054,#16055);
#13068=FILL_AREA_STYLE_COLOUR('',#16056);
#13069=LINE('',#16057,#16058);
#13070=FILL_AREA_STYLE_COLOUR('',#16059);
#13071=LINE('',#16060,#16061);
#13072=FILL_AREA_STYLE_COLOUR('',#16062);
#13073=LINE('',#16063,#16064);
#13074=FILL_AREA_STYLE_COLOUR('',#16065);
#13075=FILL_AREA_STYLE_COLOUR('',#16066);
#13076=LINE('',#16067,#16068);
#13077=FILL_AREA_STYLE_COLOUR('',#16069);
#13078=COLOUR_RGB('',0.811764717102051,0.811764717102051,0.811764717102051);
#13079=CARTESIAN_POINT('',(-11.43,1.91304755078161,0.290007719539947));
#13080=CARTESIAN_POINT('',(-11.43,1.91304755078161,-0.290007719539947));
#13081=AXIS2_PLACEMENT_3D('',#16070,#16071,#16072);
#13082=CARTESIAN_POINT('',(-11.43,1.94688304863934,0.29289059931768));
#13083=AXIS2_PLACEMENT_3D('',#16073,#16074,#16075);
#13084=CARTESIAN_POINT('',(-11.1371094006823,1.94688304863934,3.58675688899275E-17));
#13085=AXIS2_PLACEMENT_3D('',#16076,#16077,#16078);
#13086=CARTESIAN_POINT('',(-11.43,1.94688304863934,-0.29289059931768));
#13087=AXIS2_PLACEMENT_3D('',#16079,#16080,#16081);
#13088=AXIS2_PLACEMENT_3D('',#16082,#16083,#16084);
#13089=COLOUR_RGB('',0.811764717102051,0.811764717102051,0.811764717102051);
#13090=CARTESIAN_POINT('',(-8.89,1.91304755078161,0.290007719539947));
#13091=CARTESIAN_POINT('',(-8.89,1.91304755078161,-0.290007719539947));
#13092=AXIS2_PLACEMENT_3D('',#16085,#16086,#16087);
#13093=CARTESIAN_POINT('',(-8.89,1.94688304863934,0.29289059931768));
#13094=AXIS2_PLACEMENT_3D('',#16088,#16089,#16090);
#13095=CARTESIAN_POINT('',(-8.59710940068232,1.94688304863934,3.58675688899275E-17));
#13096=AXIS2_PLACEMENT_3D('',#16091,#16092,#16093);
#13097=CARTESIAN_POINT('',(-8.89,1.94688304863934,-0.29289059931768));
#13098=AXIS2_PLACEMENT_3D('',#16094,#16095,#16096);
#13099=AXIS2_PLACEMENT_3D('',#16097,#16098,#16099);
#13100=COLOUR_RGB('',0.811764717102051,0.811764717102051,0.811764717102051);
#13101=CARTESIAN_POINT('',(-6.35,1.91304755078161,0.290007719539947));
#13102=CARTESIAN_POINT('',(-6.35,1.91304755078161,-0.290007719539947));
#13103=AXIS2_PLACEMENT_3D('',#16100,#16101,#16102);
#13104=CARTESIAN_POINT('',(-6.35,1.94688304863934,0.29289059931768));
#13105=AXIS2_PLACEMENT_3D('',#16103,#16104,#16105);
#13106=CARTESIAN_POINT('',(-6.05710940068232,1.94688304863934,3.58675688899275E-17));
#13107=AXIS2_PLACEMENT_3D('',#16106,#16107,#16108);
#13108=CARTESIAN_POINT('',(-6.35,1.94688304863934,-0.29289059931768));
#13109=AXIS2_PLACEMENT_3D('',#16109,#16110,#16111);
#13110=AXIS2_PLACEMENT_3D('',#16112,#16113,#16114);
#13111=COLOUR_RGB('',0.811764717102051,0.811764717102051,0.811764717102051);
#13112=CARTESIAN_POINT('',(-3.81,1.91304755078161,0.290007719539947));
#13113=CARTESIAN_POINT('',(-3.81,1.91304755078161,-0.290007719539947));
#13114=AXIS2_PLACEMENT_3D('',#16115,#16116,#16117);
#13115=CARTESIAN_POINT('',(-3.81,1.94688304863934,0.29289059931768));
#13116=AXIS2_PLACEMENT_3D('',#16118,#16119,#16120);
#13117=CARTESIAN_POINT('',(-3.51710940068232,1.94688304863934,3.58675688899275E-17));
#13118=AXIS2_PLACEMENT_3D('',#16121,#16122,#16123);
#13119=CARTESIAN_POINT('',(-3.81,1.94688304863934,-0.29289059931768));
#13120=AXIS2_PLACEMENT_3D('',#16124,#16125,#16126);
#13121=AXIS2_PLACEMENT_3D('',#16127,#16128,#16129);
#13122=COLOUR_RGB('',0.811764717102051,0.811764717102051,0.811764717102051);
#13123=CARTESIAN_POINT('',(-1.27,1.91304755078161,0.290007719539947));
#13124=CARTESIAN_POINT('',(-1.27,1.91304755078161,-0.290007719539947));
#13125=AXIS2_PLACEMENT_3D('',#16130,#16131,#16132);
#13126=CARTESIAN_POINT('',(-1.27,1.94688304863934,0.29289059931768));
#13127=AXIS2_PLACEMENT_3D('',#16133,#16134,#16135);
#13128=CARTESIAN_POINT('',(-0.97710940068232,1.94688304863934,3.58675688899275E-17));
#13129=AXIS2_PLACEMENT_3D('',#16136,#16137,#16138);
#13130=CARTESIAN_POINT('',(-1.27,1.94688304863934,-0.29289059931768));
#13131=AXIS2_PLACEMENT_3D('',#16139,#16140,#16141);
#13132=AXIS2_PLACEMENT_3D('',#16142,#16143,#16144);
#13133=COLOUR_RGB('',0.811764717102051,0.811764717102051,0.811764717102051);
#13134=CARTESIAN_POINT('',(1.27,1.91304755078161,0.290007719539947));
#13135=CARTESIAN_POINT('',(1.27,1.91304755078161,-0.290007719539947));
#13136=AXIS2_PLACEMENT_3D('',#16145,#16146,#16147);
#13137=CARTESIAN_POINT('',(1.27,1.94688304863934,0.29289059931768));
#13138=AXIS2_PLACEMENT_3D('',#16148,#16149,#16150);
#13139=CARTESIAN_POINT('',(1.56289059931768,1.94688304863934,3.58675688899275E-17));
#13140=AXIS2_PLACEMENT_3D('',#16151,#16152,#16153);
#13141=CARTESIAN_POINT('',(1.27,1.94688304863934,-0.29289059931768));
#13142=AXIS2_PLACEMENT_3D('',#16154,#16155,#16156);
#13143=AXIS2_PLACEMENT_3D('',#16157,#16158,#16159);
#13144=COLOUR_RGB('',0.811764717102051,0.811764717102051,0.811764717102051);
#13145=CARTESIAN_POINT('',(3.81,1.91304755078161,0.290007719539947));
#13146=CARTESIAN_POINT('',(3.81,1.91304755078161,-0.290007719539947));
#13147=AXIS2_PLACEMENT_3D('',#16160,#16161,#16162);
#13148=CARTESIAN_POINT('',(3.81,1.94688304863934,0.29289059931768));
#13149=AXIS2_PLACEMENT_3D('',#16163,#16164,#16165);
#13150=CARTESIAN_POINT('',(4.10289059931768,1.94688304863934,3.58675688899275E-17));
#13151=AXIS2_PLACEMENT_3D('',#16166,#16167,#16168);
#13152=CARTESIAN_POINT('',(3.81,1.94688304863934,-0.29289059931768));
#13153=AXIS2_PLACEMENT_3D('',#16169,#16170,#16171);
#13154=AXIS2_PLACEMENT_3D('',#16172,#16173,#16174);
#13155=COLOUR_RGB('',0.811764717102051,0.811764717102051,0.811764717102051);
#13156=CARTESIAN_POINT('',(6.35,1.91304755078161,0.290007719539947));
#13157=CARTESIAN_POINT('',(6.35,1.91304755078161,-0.290007719539947));
#13158=AXIS2_PLACEMENT_3D('',#16175,#16176,#16177);
#13159=CARTESIAN_POINT('',(6.35,1.94688304863934,0.29289059931768));
#13160=AXIS2_PLACEMENT_3D('',#16178,#16179,#16180);
#13161=CARTESIAN_POINT('',(6.64289059931768,1.94688304863934,3.58675688899275E-17));
#13162=AXIS2_PLACEMENT_3D('',#16181,#16182,#16183);
#13163=CARTESIAN_POINT('',(6.35,1.94688304863934,-0.29289059931768));
#13164=AXIS2_PLACEMENT_3D('',#16184,#16185,#16186);
#13165=AXIS2_PLACEMENT_3D('',#16187,#16188,#16189);
#13166=COLOUR_RGB('',0.811764717102051,0.811764717102051,0.811764717102051);
#13167=CARTESIAN_POINT('',(8.89,1.91304755078161,0.290007719539947));
#13168=CARTESIAN_POINT('',(8.89,1.91304755078161,-0.290007719539947));
#13169=AXIS2_PLACEMENT_3D('',#16190,#16191,#16192);
#13170=CARTESIAN_POINT('',(8.89,1.94688304863934,0.29289059931768));
#13171=AXIS2_PLACEMENT_3D('',#16193,#16194,#16195);
#13172=CARTESIAN_POINT('',(9.18289059931768,1.94688304863934,3.58675688899275E-17));
#13173=AXIS2_PLACEMENT_3D('',#16196,#16197,#16198);
#13174=CARTESIAN_POINT('',(8.89,1.94688304863934,-0.29289059931768));
#13175=AXIS2_PLACEMENT_3D('',#16199,#16200,#16201);
#13176=AXIS2_PLACEMENT_3D('',#16202,#16203,#16204);
#13177=COLOUR_RGB('',0.811764717102051,0.811764717102051,0.811764717102051);
#13178=CARTESIAN_POINT('',(11.43,1.91304755078161,0.290007719539947));
#13179=CARTESIAN_POINT('',(11.43,1.91304755078161,-0.290007719539947));
#13180=AXIS2_PLACEMENT_3D('',#16205,#16206,#16207);
#13181=CARTESIAN_POINT('',(11.43,1.94688304863934,0.29289059931768));
#13182=AXIS2_PLACEMENT_3D('',#16208,#16209,#16210);
#13183=CARTESIAN_POINT('',(11.7228905993177,1.94688304863934,3.58675688899275E-17));
#13184=AXIS2_PLACEMENT_3D('',#16211,#16212,#16213);
#13185=CARTESIAN_POINT('',(11.43,1.94688304863934,-0.29289059931768));
#13186=AXIS2_PLACEMENT_3D('',#16214,#16215,#16216);
#13187=AXIS2_PLACEMENT_3D('',#16217,#16218,#16219);
#13188=COLOUR_RGB('',0.811764717102051,0.811764717102051,0.811764717102051);
#13189=AXIS2_PLACEMENT_3D('',#16220,#16221,#16222);
#13190=CARTESIAN_POINT('',(11.1371094006823,1.94688304863934,0.0));
#13191=AXIS2_PLACEMENT_3D('',#16223,#16224,#16225);
#13192=AXIS2_PLACEMENT_3D('',#16226,#16227,#16228);
#13193=COLOUR_RGB('',0.811764717102051,0.811764717102051,0.811764717102051);
#13194=AXIS2_PLACEMENT_3D('',#16229,#16230,#16231);
#13195=CARTESIAN_POINT('',(8.59710940068232,1.94688304863934,0.0));
#13196=AXIS2_PLACEMENT_3D('',#16232,#16233,#16234);
#13197=AXIS2_PLACEMENT_3D('',#16235,#16236,#16237);
#13198=COLOUR_RGB('',0.811764717102051,0.811764717102051,0.811764717102051);
#13199=AXIS2_PLACEMENT_3D('',#16238,#16239,#16240);
#13200=CARTESIAN_POINT('',(6.05710940068232,1.94688304863934,0.0));
#13201=AXIS2_PLACEMENT_3D('',#16241,#16242,#16243);
#13202=AXIS2_PLACEMENT_3D('',#16244,#16245,#16246);
#13203=COLOUR_RGB('',0.811764717102051,0.811764717102051,0.811764717102051);
#13204=AXIS2_PLACEMENT_3D('',#16247,#16248,#16249);
#13205=CARTESIAN_POINT('',(3.51710940068232,1.94688304863934,0.0));
#13206=AXIS2_PLACEMENT_3D('',#16250,#16251,#16252);
#13207=AXIS2_PLACEMENT_3D('',#16253,#16254,#16255);
#13208=COLOUR_RGB('',0.811764717102051,0.811764717102051,0.811764717102051);
#13209=AXIS2_PLACEMENT_3D('',#16256,#16257,#16258);
#13210=CARTESIAN_POINT('',(0.97710940068232,1.94688304863934,0.0));
#13211=AXIS2_PLACEMENT_3D('',#16259,#16260,#16261);
#13212=AXIS2_PLACEMENT_3D('',#16262,#16263,#16264);
#13213=COLOUR_RGB('',0.811764717102051,0.811764717102051,0.811764717102051);
#13214=AXIS2_PLACEMENT_3D('',#16265,#16266,#16267);
#13215=CARTESIAN_POINT('',(-1.56289059931768,1.94688304863934,0.0));
#13216=AXIS2_PLACEMENT_3D('',#16268,#16269,#16270);
#13217=AXIS2_PLACEMENT_3D('',#16271,#16272,#16273);
#13218=COLOUR_RGB('',0.811764717102051,0.811764717102051,0.811764717102051);
#13219=AXIS2_PLACEMENT_3D('',#16274,#16275,#16276);
#13220=CARTESIAN_POINT('',(-4.10289059931768,1.94688304863934,0.0));
#13221=AXIS2_PLACEMENT_3D('',#16277,#16278,#16279);
#13222=AXIS2_PLACEMENT_3D('',#16280,#16281,#16282);
#13223=COLOUR_RGB('',0.811764717102051,0.811764717102051,0.811764717102051);
#13224=AXIS2_PLACEMENT_3D('',#16283,#16284,#16285);
#13225=CARTESIAN_POINT('',(-6.64289059931768,1.94688304863934,0.0));
#13226=AXIS2_PLACEMENT_3D('',#16286,#16287,#16288);
#13227=AXIS2_PLACEMENT_3D('',#16289,#16290,#16291);
#13228=COLOUR_RGB('',0.811764717102051,0.811764717102051,0.811764717102051);
#13229=AXIS2_PLACEMENT_3D('',#16292,#16293,#16294);
#13230=CARTESIAN_POINT('',(-9.18289059931768,1.94688304863934,0.0));
#13231=AXIS2_PLACEMENT_3D('',#16295,#16296,#16297);
#13232=AXIS2_PLACEMENT_3D('',#16298,#16299,#16300);
#13233=COLOUR_RGB('',0.811764717102051,0.811764717102051,0.811764717102051);
#13234=AXIS2_PLACEMENT_3D('',#16301,#16302,#16303);
#13235=CARTESIAN_POINT('',(-11.7228905993177,1.94688304863934,0.0));
#13236=AXIS2_PLACEMENT_3D('',#16304,#16305,#16306);
#13237=AXIS2_PLACEMENT_3D('',#16307,#16308,#16309);
#13238=COLOUR_RGB('',0.811764717102051,0.811764717102051,0.811764717102051);
#13239=CARTESIAN_POINT('',(-10.89,8.88178419700125E-16,0.0));
#13240=CARTESIAN_POINT('',(-10.69,0.200000000000001,0.0));
#13241=CARTESIAN_POINT('',(-10.79,0.100000000000001,7.83748066446321E-17));
#13242=VECTOR('',#16310,1.0);
#13243=CARTESIAN_POINT('',(-11.97,8.88178419700125E-16,-6.61287431064083E-17));
#13244=AXIS2_PLACEMENT_3D('',#16311,#16312,#16313);
#13245=CARTESIAN_POINT('',(-12.17,0.200000000000001,-9.06208701828559E-17));
#13246=CARTESIAN_POINT('',(-12.07,0.100000000000001,-7.83748066446321E-17));
#13247=VECTOR('',#16314,1.0);
#13248=AXIS2_PLACEMENT_3D('',#16315,#16316,#16317);
#13249=COLOUR_RGB('',0.811764717102051,0.811764717102051,0.811764717102051);
#13250=CARTESIAN_POINT('',(-11.43,-0.149999999999998,-0.3));
#13251=CARTESIAN_POINT('',(-11.43,1.33226762955019E-15,-0.45));
#13252=AXIS2_PLACEMENT_3D('',#16318,#16319,#16320);
#13253=CARTESIAN_POINT('',(-11.73,-0.149999999999998,-3.67381906146713E-17));
#13254=AXIS2_PLACEMENT_3D('',#16321,#16322,#16323);
#13255=CARTESIAN_POINT('',(-11.43,-0.149999999999998,0.3));
#13256=AXIS2_PLACEMENT_3D('',#16324,#16325,#16326);
#13257=CARTESIAN_POINT('',(-11.43,1.33226762955019E-15,0.45));
#13258=AXIS2_PLACEMENT_3D('',#16327,#16328,#16329);
#13259=AXIS2_PLACEMENT_3D('',#16330,#16331,#16332);
#13260=COLOUR_RGB('',0.811764717102051,0.811764717102051,0.811764717102051);
#13261=CARTESIAN_POINT('',(-11.13,-2.88,0.0));
#13262=CARTESIAN_POINT('',(-11.13,-0.149999999999998,0.0));
#13263=CARTESIAN_POINT('',(-11.13,-1.515,3.67381906146713E-17));
#13264=VECTOR('',#16333,1.0);
#13265=CARTESIAN_POINT('',(-11.43,-2.88,-0.3));
#13266=AXIS2_PLACEMENT_3D('',#16334,#16335,#16336);
#13267=CARTESIAN_POINT('',(-11.73,-2.88,-3.67381906146713E-17));
#13268=AXIS2_PLACEMENT_3D('',#16337,#16338,#16339);
#13269=CARTESIAN_POINT('',(-11.73,-1.515,-3.67381906146713E-17));
#13270=VECTOR('',#16340,1.0);
#13271=AXIS2_PLACEMENT_3D('',#16341,#16342,#16343);
#13272=COLOUR_RGB('',0.811764717102051,0.811764717102051,0.811764717102051);
#13273=CARTESIAN_POINT('',(-10.69,0.3,9.06208701828559E-17));
#13274=CARTESIAN_POINT('',(-10.69,0.25,9.06208701828559E-17));
#13275=VECTOR('',#16344,1.0);
#13276=CARTESIAN_POINT('',(-12.17,0.3,9.06208701828559E-17));
#13277=CARTESIAN_POINT('',(-12.17,0.25,-9.06208701828559E-17));
#13278=VECTOR('',#16345,1.0);
#13279=AXIS2_PLACEMENT_3D('',#16346,#16347,#16348);
#13280=COLOUR_RGB('',0.811764717102051,0.811764717102051,0.811764717102051);
#13281=CARTESIAN_POINT('',(-10.605,4.2,1.01030024190346E-16));
#13282=CARTESIAN_POINT('',(-10.605,4.201,0.0));
#13283=CARTESIAN_POINT('',(-10.605,4.2005,1.01030024190346E-16));
#13284=VECTOR('',#16349,1.0);
#13285=CARTESIAN_POINT('',(-12.255,4.2,-1.01030024190346E-16));
#13286=AXIS2_PLACEMENT_3D('',#16350,#16351,#16352);
#13287=CARTESIAN_POINT('',(-12.255,4.201,-1.01030024190346E-16));
#13288=CARTESIAN_POINT('',(-12.255,4.2005,-1.01030024190346E-16));
#13289=VECTOR('',#16353,1.0);
#13290=AXIS2_PLACEMENT_3D('',#16354,#16355,#16356);
#13291=COLOUR_RGB('',0.811764717102051,0.811764717102051,0.811764717102051);
#13292=CARTESIAN_POINT('',(-8.35,8.88178419700125E-16,0.0));
#13293=CARTESIAN_POINT('',(-8.15,0.200000000000001,0.0));
#13294=CARTESIAN_POINT('',(-8.25,0.100000000000001,7.83748066446321E-17));
#13295=VECTOR('',#16357,1.0);
#13296=CARTESIAN_POINT('',(-9.43,8.88178419700125E-16,-6.61287431064083E-17));
#13297=AXIS2_PLACEMENT_3D('',#16358,#16359,#16360);
#13298=CARTESIAN_POINT('',(-9.63,0.200000000000001,-9.06208701828559E-17));
#13299=CARTESIAN_POINT('',(-9.53,0.100000000000001,-7.83748066446321E-17));
#13300=VECTOR('',#16361,1.0);
#13301=AXIS2_PLACEMENT_3D('',#16362,#16363,#16364);
#13302=COLOUR_RGB('',0.811764717102051,0.811764717102051,0.811764717102051);
#13303=CARTESIAN_POINT('',(-8.89,-0.149999999999998,-0.3));
#13304=CARTESIAN_POINT('',(-8.89,1.33226762955019E-15,-0.45));
#13305=AXIS2_PLACEMENT_3D('',#16365,#16366,#16367);
#13306=CARTESIAN_POINT('',(-9.19,-0.149999999999998,-3.67381906146713E-17));
#13307=AXIS2_PLACEMENT_3D('',#16368,#16369,#16370);
#13308=CARTESIAN_POINT('',(-8.89,-0.149999999999998,0.3));
#13309=AXIS2_PLACEMENT_3D('',#16371,#16372,#16373);
#13310=CARTESIAN_POINT('',(-8.89,1.33226762955019E-15,0.45));
#13311=AXIS2_PLACEMENT_3D('',#16374,#16375,#16376);
#13312=AXIS2_PLACEMENT_3D('',#16377,#16378,#16379);
#13313=COLOUR_RGB('',0.811764717102051,0.811764717102051,0.811764717102051);
#13314=CARTESIAN_POINT('',(-8.59,-2.88,0.0));
#13315=CARTESIAN_POINT('',(-8.59,-0.149999999999998,0.0));
#13316=CARTESIAN_POINT('',(-8.59,-1.515,3.67381906146713E-17));
#13317=VECTOR('',#16380,1.0);
#13318=CARTESIAN_POINT('',(-8.89,-2.88,-0.3));
#13319=AXIS2_PLACEMENT_3D('',#16381,#16382,#16383);
#13320=CARTESIAN_POINT('',(-9.19,-2.88,-3.67381906146713E-17));
#13321=AXIS2_PLACEMENT_3D('',#16384,#16385,#16386);
#13322=CARTESIAN_POINT('',(-9.19,-1.515,-3.67381906146713E-17));
#13323=VECTOR('',#16387,1.0);
#13324=AXIS2_PLACEMENT_3D('',#16388,#16389,#16390);
#13325=COLOUR_RGB('',0.811764717102051,0.811764717102051,0.811764717102051);
#13326=CARTESIAN_POINT('',(-8.15,0.3,9.06208701828559E-17));
#13327=CARTESIAN_POINT('',(-8.15,0.25,9.06208701828559E-17));
#13328=VECTOR('',#16391,1.0);
#13329=CARTESIAN_POINT('',(-9.63,0.3,9.06208701828559E-17));
#13330=CARTESIAN_POINT('',(-9.63,0.25,-9.06208701828559E-17));
#13331=VECTOR('',#16392,1.0);
#13332=AXIS2_PLACEMENT_3D('',#16393,#16394,#16395);
#13333=COLOUR_RGB('',0.811764717102051,0.811764717102051,0.811764717102051);
#13334=CARTESIAN_POINT('',(-8.065,4.2,1.01030024190346E-16));
#13335=CARTESIAN_POINT('',(-8.065,4.201,0.0));
#13336=CARTESIAN_POINT('',(-8.065,4.2005,1.01030024190346E-16));
#13337=VECTOR('',#16396,1.0);
#13338=CARTESIAN_POINT('',(-9.715,4.2,-1.01030024190346E-16));
#13339=AXIS2_PLACEMENT_3D('',#16397,#16398,#16399);
#13340=CARTESIAN_POINT('',(-9.715,4.201,-1.01030024190346E-16));
#13341=CARTESIAN_POINT('',(-9.715,4.2005,-1.01030024190346E-16));
#13342=VECTOR('',#16400,1.0);
#13343=AXIS2_PLACEMENT_3D('',#16401,#16402,#16403);
#13344=COLOUR_RGB('',0.811764717102051,0.811764717102051,0.811764717102051);
#13345=CARTESIAN_POINT('',(-5.81,8.88178419700125E-16,0.0));
#13346=CARTESIAN_POINT('',(-5.61,0.200000000000001,0.0));
#13347=CARTESIAN_POINT('',(-5.71,0.100000000000001,7.83748066446321E-17));
#13348=VECTOR('',#16404,1.0);
#13349=CARTESIAN_POINT('',(-6.89,8.88178419700125E-16,-6.61287431064083E-17));
#13350=AXIS2_PLACEMENT_3D('',#16405,#16406,#16407);
#13351=CARTESIAN_POINT('',(-7.09,0.200000000000001,-9.06208701828559E-17));
#13352=CARTESIAN_POINT('',(-6.99,0.100000000000001,-7.83748066446321E-17));
#13353=VECTOR('',#16408,1.0);
#13354=AXIS2_PLACEMENT_3D('',#16409,#16410,#16411);
#13355=COLOUR_RGB('',0.811764717102051,0.811764717102051,0.811764717102051);
#13356=CARTESIAN_POINT('',(-6.35,-0.149999999999998,-0.3));
#13357=CARTESIAN_POINT('',(-6.35,1.33226762955019E-15,-0.45));
#13358=AXIS2_PLACEMENT_3D('',#16412,#16413,#16414);
#13359=CARTESIAN_POINT('',(-6.65,-0.149999999999998,-3.67381906146713E-17));
#13360=AXIS2_PLACEMENT_3D('',#16415,#16416,#16417);
#13361=CARTESIAN_POINT('',(-6.35,-0.149999999999998,0.3));
#13362=AXIS2_PLACEMENT_3D('',#16418,#16419,#16420);
#13363=CARTESIAN_POINT('',(-6.35,1.33226762955019E-15,0.45));
#13364=AXIS2_PLACEMENT_3D('',#16421,#16422,#16423);
#13365=AXIS2_PLACEMENT_3D('',#16424,#16425,#16426);
#13366=COLOUR_RGB('',0.811764717102051,0.811764717102051,0.811764717102051);
#13367=CARTESIAN_POINT('',(-6.05,-2.88,0.0));
#13368=CARTESIAN_POINT('',(-6.05,-0.149999999999998,0.0));
#13369=CARTESIAN_POINT('',(-6.05,-1.515,3.67381906146713E-17));
#13370=VECTOR('',#16427,1.0);
#13371=CARTESIAN_POINT('',(-6.35,-2.88,-0.3));
#13372=AXIS2_PLACEMENT_3D('',#16428,#16429,#16430);
#13373=CARTESIAN_POINT('',(-6.65,-2.88,-3.67381906146713E-17));
#13374=AXIS2_PLACEMENT_3D('',#16431,#16432,#16433);
#13375=CARTESIAN_POINT('',(-6.65,-1.515,-3.67381906146713E-17));
#13376=VECTOR('',#16434,1.0);
#13377=AXIS2_PLACEMENT_3D('',#16435,#16436,#16437);
#13378=COLOUR_RGB('',0.811764717102051,0.811764717102051,0.811764717102051);
#13379=CARTESIAN_POINT('',(-5.61,0.3,9.06208701828559E-17));
#13380=CARTESIAN_POINT('',(-5.61,0.25,9.06208701828559E-17));
#13381=VECTOR('',#16438,1.0);
#13382=CARTESIAN_POINT('',(-7.09,0.3,9.06208701828559E-17));
#13383=CARTESIAN_POINT('',(-7.09,0.25,-9.06208701828559E-17));
#13384=VECTOR('',#16439,1.0);
#13385=AXIS2_PLACEMENT_3D('',#16440,#16441,#16442);
#13386=COLOUR_RGB('',0.811764717102051,0.811764717102051,0.811764717102051);
#13387=CARTESIAN_POINT('',(-5.525,4.2,1.01030024190346E-16));
#13388=CARTESIAN_POINT('',(-5.525,4.201,0.0));
#13389=CARTESIAN_POINT('',(-5.525,4.2005,1.01030024190346E-16));
#13390=VECTOR('',#16443,1.0);
#13391=CARTESIAN_POINT('',(-7.175,4.2,-1.01030024190346E-16));
#13392=AXIS2_PLACEMENT_3D('',#16444,#16445,#16446);
#13393=CARTESIAN_POINT('',(-7.175,4.201,-1.01030024190346E-16));
#13394=CARTESIAN_POINT('',(-7.175,4.2005,-1.01030024190346E-16));
#13395=VECTOR('',#16447,1.0);
#13396=AXIS2_PLACEMENT_3D('',#16448,#16449,#16450);
#13397=COLOUR_RGB('',0.811764717102051,0.811764717102051,0.811764717102051);
#13398=CARTESIAN_POINT('',(-3.27,8.88178419700125E-16,0.0));
#13399=CARTESIAN_POINT('',(-3.07,0.200000000000001,0.0));
#13400=CARTESIAN_POINT('',(-3.17,0.100000000000001,7.83748066446321E-17));
#13401=VECTOR('',#16451,1.0);
#13402=CARTESIAN_POINT('',(-4.35,8.88178419700125E-16,-6.61287431064084E-17));
#13403=AXIS2_PLACEMENT_3D('',#16452,#16453,#16454);
#13404=CARTESIAN_POINT('',(-4.55,0.200000000000001,-9.06208701828559E-17));
#13405=CARTESIAN_POINT('',(-4.45,0.100000000000001,-7.83748066446322E-17));
#13406=VECTOR('',#16455,1.0);
#13407=AXIS2_PLACEMENT_3D('',#16456,#16457,#16458);
#13408=COLOUR_RGB('',0.811764717102051,0.811764717102051,0.811764717102051);
#13409=CARTESIAN_POINT('',(-3.81,-0.149999999999998,-0.3));
#13410=CARTESIAN_POINT('',(-3.81,1.33226762955019E-15,-0.45));
#13411=AXIS2_PLACEMENT_3D('',#16459,#16460,#16461);
#13412=CARTESIAN_POINT('',(-4.11,-0.149999999999998,-3.67381906146714E-17));
#13413=AXIS2_PLACEMENT_3D('',#16462,#16463,#16464);
#13414=CARTESIAN_POINT('',(-3.81,-0.149999999999998,0.3));
#13415=AXIS2_PLACEMENT_3D('',#16465,#16466,#16467);
#13416=CARTESIAN_POINT('',(-3.81,1.33226762955019E-15,0.45));
#13417=AXIS2_PLACEMENT_3D('',#16468,#16469,#16470);
#13418=AXIS2_PLACEMENT_3D('',#16471,#16472,#16473);
#13419=COLOUR_RGB('',0.811764717102051,0.811764717102051,0.811764717102051);
#13420=CARTESIAN_POINT('',(-3.51,-2.88,0.0));
#13421=CARTESIAN_POINT('',(-3.51,-0.149999999999998,0.0));
#13422=CARTESIAN_POINT('',(-3.51,-1.515,3.67381906146714E-17));
#13423=VECTOR('',#16474,1.0);
#13424=CARTESIAN_POINT('',(-3.81,-2.88,-0.3));
#13425=AXIS2_PLACEMENT_3D('',#16475,#16476,#16477);
#13426=CARTESIAN_POINT('',(-4.11,-2.88,-3.67381906146714E-17));
#13427=AXIS2_PLACEMENT_3D('',#16478,#16479,#16480);
#13428=CARTESIAN_POINT('',(-4.11,-1.515,-3.67381906146714E-17));
#13429=VECTOR('',#16481,1.0);
#13430=AXIS2_PLACEMENT_3D('',#16482,#16483,#16484);
#13431=COLOUR_RGB('',0.811764717102051,0.811764717102051,0.811764717102051);
#13432=CARTESIAN_POINT('',(-3.07,0.3,9.06208701828559E-17));
#13433=CARTESIAN_POINT('',(-3.07,0.25,9.06208701828559E-17));
#13434=VECTOR('',#16485,1.0);
#13435=CARTESIAN_POINT('',(-4.55,0.3,9.06208701828559E-17));
#13436=CARTESIAN_POINT('',(-4.55,0.25,-9.06208701828559E-17));
#13437=VECTOR('',#16486,1.0);
#13438=AXIS2_PLACEMENT_3D('',#16487,#16488,#16489);
#13439=COLOUR_RGB('',0.811764717102051,0.811764717102051,0.811764717102051);
#13440=CARTESIAN_POINT('',(-2.985,4.2,1.01030024190346E-16));
#13441=CARTESIAN_POINT('',(-2.985,4.201,0.0));
#13442=CARTESIAN_POINT('',(-2.985,4.2005,1.01030024190346E-16));
#13443=VECTOR('',#16490,1.0);
#13444=CARTESIAN_POINT('',(-4.635,4.2,-1.01030024190346E-16));
#13445=AXIS2_PLACEMENT_3D('',#16491,#16492,#16493);
#13446=CARTESIAN_POINT('',(-4.635,4.201,-1.01030024190346E-16));
#13447=CARTESIAN_POINT('',(-4.635,4.2005,-1.01030024190346E-16));
#13448=VECTOR('',#16494,1.0);
#13449=AXIS2_PLACEMENT_3D('',#16495,#16496,#16497);
#13450=COLOUR_RGB('',0.811764717102051,0.811764717102051,0.811764717102051);
#13451=CARTESIAN_POINT('',(-0.73,8.88178419700125E-16,0.0));
#13452=CARTESIAN_POINT('',(-0.529999999999999,0.200000000000001,0.0));
#13453=CARTESIAN_POINT('',(-0.63,0.100000000000001,7.83748066446321E-17));
#13454=VECTOR('',#16498,1.0);
#13455=CARTESIAN_POINT('',(-1.81,8.88178419700125E-16,-6.61287431064084E-17));
#13456=AXIS2_PLACEMENT_3D('',#16499,#16500,#16501);
#13457=CARTESIAN_POINT('',(-2.01,0.200000000000001,-9.06208701828559E-17));
#13458=CARTESIAN_POINT('',(-1.91,0.100000000000001,-7.83748066446321E-17));
#13459=VECTOR('',#16502,1.0);
#13460=AXIS2_PLACEMENT_3D('',#16503,#16504,#16505);
#13461=COLOUR_RGB('',0.811764717102051,0.811764717102051,0.811764717102051);
#13462=CARTESIAN_POINT('',(-1.27,-0.149999999999998,-0.3));
#13463=CARTESIAN_POINT('',(-1.27,1.33226762955019E-15,-0.45));
#13464=AXIS2_PLACEMENT_3D('',#16506,#16507,#16508);
#13465=CARTESIAN_POINT('',(-1.57,-0.149999999999998,-3.67381906146714E-17));
#13466=AXIS2_PLACEMENT_3D('',#16509,#16510,#16511);
#13467=CARTESIAN_POINT('',(-1.27,-0.149999999999998,0.3));
#13468=AXIS2_PLACEMENT_3D('',#16512,#16513,#16514);
#13469=CARTESIAN_POINT('',(-1.27,1.33226762955019E-15,0.45));
#13470=AXIS2_PLACEMENT_3D('',#16515,#16516,#16517);
#13471=AXIS2_PLACEMENT_3D('',#16518,#16519,#16520);
#13472=COLOUR_RGB('',0.811764717102051,0.811764717102051,0.811764717102051);
#13473=CARTESIAN_POINT('',(-0.969999999999999,-2.88,0.0));
#13474=CARTESIAN_POINT('',(-0.969999999999999,-0.149999999999998,0.0));
#13475=CARTESIAN_POINT('',(-0.969999999999999,-1.515,3.67381906146714E-17));
#13476=VECTOR('',#16521,1.0);
#13477=CARTESIAN_POINT('',(-1.27,-2.88,-0.3));
#13478=AXIS2_PLACEMENT_3D('',#16522,#16523,#16524);
#13479=CARTESIAN_POINT('',(-1.57,-2.88,-3.67381906146714E-17));
#13480=AXIS2_PLACEMENT_3D('',#16525,#16526,#16527);
#13481=CARTESIAN_POINT('',(-1.57,-1.515,-3.67381906146714E-17));
#13482=VECTOR('',#16528,1.0);
#13483=AXIS2_PLACEMENT_3D('',#16529,#16530,#16531);
#13484=COLOUR_RGB('',0.811764717102051,0.811764717102051,0.811764717102051);
#13485=CARTESIAN_POINT('',(-0.529999999999999,0.3,9.06208701828559E-17));
#13486=CARTESIAN_POINT('',(-0.529999999999999,0.25,9.06208701828559E-17));
#13487=VECTOR('',#16532,1.0);
#13488=CARTESIAN_POINT('',(-2.01,0.3,9.06208701828559E-17));
#13489=CARTESIAN_POINT('',(-2.01,0.25,-9.06208701828559E-17));
#13490=VECTOR('',#16533,1.0);
#13491=AXIS2_PLACEMENT_3D('',#16534,#16535,#16536);
#13492=COLOUR_RGB('',0.811764717102051,0.811764717102051,0.811764717102051);
#13493=CARTESIAN_POINT('',(-0.444999999999999,4.2,1.01030024190346E-16));
#13494=CARTESIAN_POINT('',(-0.445,4.201,0.0));
#13495=CARTESIAN_POINT('',(-0.444999999999999,4.2005,1.01030024190346E-16));
#13496=VECTOR('',#16537,1.0);
#13497=CARTESIAN_POINT('',(-2.095,4.2,-1.01030024190346E-16));
#13498=AXIS2_PLACEMENT_3D('',#16538,#16539,#16540);
#13499=CARTESIAN_POINT('',(-2.095,4.201,-1.01030024190346E-16));
#13500=CARTESIAN_POINT('',(-2.095,4.2005,-1.01030024190346E-16));
#13501=VECTOR('',#16541,1.0);
#13502=AXIS2_PLACEMENT_3D('',#16542,#16543,#16544);
#13503=COLOUR_RGB('',0.811764717102051,0.811764717102051,0.811764717102051);
#13504=CARTESIAN_POINT('',(1.81,8.88178419700125E-16,0.0));
#13505=CARTESIAN_POINT('',(2.01,0.200000000000001,0.0));
#13506=CARTESIAN_POINT('',(1.91,0.100000000000001,7.83748066446321E-17));
#13507=VECTOR('',#16545,1.0);
#13508=CARTESIAN_POINT('',(0.73,8.88178419700125E-16,-6.61287431064084E-17));
#13509=AXIS2_PLACEMENT_3D('',#16546,#16547,#16548);
#13510=CARTESIAN_POINT('',(0.529999999999999,0.200000000000001,-9.06208701828559E-17));
#13511=CARTESIAN_POINT('',(0.63,0.100000000000001,-7.83748066446321E-17));
#13512=VECTOR('',#16549,1.0);
#13513=AXIS2_PLACEMENT_3D('',#16550,#16551,#16552);
#13514=COLOUR_RGB('',0.811764717102051,0.811764717102051,0.811764717102051);
#13515=CARTESIAN_POINT('',(1.27,-0.149999999999998,-0.3));
#13516=CARTESIAN_POINT('',(1.27,1.33226762955019E-15,-0.45));
#13517=AXIS2_PLACEMENT_3D('',#16553,#16554,#16555);
#13518=CARTESIAN_POINT('',(0.969999999999999,-0.149999999999998,-3.67381906146714E-17));
#13519=AXIS2_PLACEMENT_3D('',#16556,#16557,#16558);
#13520=CARTESIAN_POINT('',(1.27,-0.149999999999998,0.3));
#13521=AXIS2_PLACEMENT_3D('',#16559,#16560,#16561);
#13522=CARTESIAN_POINT('',(1.27,1.33226762955019E-15,0.45));
#13523=AXIS2_PLACEMENT_3D('',#16562,#16563,#16564);
#13524=AXIS2_PLACEMENT_3D('',#16565,#16566,#16567);
#13525=COLOUR_RGB('',0.811764717102051,0.811764717102051,0.811764717102051);
#13526=CARTESIAN_POINT('',(1.57,-2.88,0.0));
#13527=CARTESIAN_POINT('',(1.57,-0.149999999999998,0.0));
#13528=CARTESIAN_POINT('',(1.57,-1.515,3.67381906146714E-17));
#13529=VECTOR('',#16568,1.0);
#13530=CARTESIAN_POINT('',(1.27,-2.88,-0.3));
#13531=AXIS2_PLACEMENT_3D('',#16569,#16570,#16571);
#13532=CARTESIAN_POINT('',(0.969999999999999,-2.88,-3.67381906146714E-17));
#13533=AXIS2_PLACEMENT_3D('',#16572,#16573,#16574);
#13534=CARTESIAN_POINT('',(0.969999999999999,-1.515,-3.67381906146714E-17));
#13535=VECTOR('',#16575,1.0);
#13536=AXIS2_PLACEMENT_3D('',#16576,#16577,#16578);
#13537=COLOUR_RGB('',0.811764717102051,0.811764717102051,0.811764717102051);
#13538=CARTESIAN_POINT('',(2.01,0.3,9.06208701828559E-17));
#13539=CARTESIAN_POINT('',(2.01,0.25,9.06208701828559E-17));
#13540=VECTOR('',#16579,1.0);
#13541=CARTESIAN_POINT('',(0.529999999999999,0.3,9.06208701828559E-17));
#13542=CARTESIAN_POINT('',(0.529999999999999,0.25,-9.06208701828559E-17));
#13543=VECTOR('',#16580,1.0);
#13544=AXIS2_PLACEMENT_3D('',#16581,#16582,#16583);
#13545=COLOUR_RGB('',0.811764717102051,0.811764717102051,0.811764717102051);
#13546=CARTESIAN_POINT('',(2.095,4.2,1.01030024190346E-16));
#13547=CARTESIAN_POINT('',(2.095,4.201,0.0));
#13548=CARTESIAN_POINT('',(2.095,4.2005,1.01030024190346E-16));
#13549=VECTOR('',#16584,1.0);
#13550=CARTESIAN_POINT('',(0.444999999999999,4.2,-1.01030024190346E-16));
#13551=AXIS2_PLACEMENT_3D('',#16585,#16586,#16587);
#13552=CARTESIAN_POINT('',(0.444999999999999,4.201,-1.01030024190346E-16));
#13553=CARTESIAN_POINT('',(0.444999999999999,4.2005,-1.01030024190346E-16));
#13554=VECTOR('',#16588,1.0);
#13555=AXIS2_PLACEMENT_3D('',#16589,#16590,#16591);
#13556=COLOUR_RGB('',0.811764717102051,0.811764717102051,0.811764717102051);
#13557=CARTESIAN_POINT('',(4.35,8.88178419700125E-16,0.0));
#13558=CARTESIAN_POINT('',(4.55,0.200000000000001,0.0));
#13559=CARTESIAN_POINT('',(4.45,0.100000000000001,7.83748066446321E-17));
#13560=VECTOR('',#16592,1.0);
#13561=CARTESIAN_POINT('',(3.27,8.88178419700125E-16,-6.61287431064084E-17));
#13562=AXIS2_PLACEMENT_3D('',#16593,#16594,#16595);
#13563=CARTESIAN_POINT('',(3.07,0.200000000000001,-9.06208701828559E-17));
#13564=CARTESIAN_POINT('',(3.17,0.100000000000001,-7.83748066446321E-17));
#13565=VECTOR('',#16596,1.0);
#13566=AXIS2_PLACEMENT_3D('',#16597,#16598,#16599);
#13567=COLOUR_RGB('',0.811764717102051,0.811764717102051,0.811764717102051);
#13568=CARTESIAN_POINT('',(3.81,-0.149999999999998,-0.3));
#13569=CARTESIAN_POINT('',(3.81,1.33226762955019E-15,-0.45));
#13570=AXIS2_PLACEMENT_3D('',#16600,#16601,#16602);
#13571=CARTESIAN_POINT('',(3.51,-0.149999999999998,-3.67381906146714E-17));
#13572=AXIS2_PLACEMENT_3D('',#16603,#16604,#16605);
#13573=CARTESIAN_POINT('',(3.81,-0.149999999999998,0.3));
#13574=AXIS2_PLACEMENT_3D('',#16606,#16607,#16608);
#13575=CARTESIAN_POINT('',(3.81,1.33226762955019E-15,0.45));
#13576=AXIS2_PLACEMENT_3D('',#16609,#16610,#16611);
#13577=AXIS2_PLACEMENT_3D('',#16612,#16613,#16614);
#13578=COLOUR_RGB('',0.811764717102051,0.811764717102051,0.811764717102051);
#13579=CARTESIAN_POINT('',(4.11,-2.88,0.0));
#13580=CARTESIAN_POINT('',(4.11,-0.149999999999998,0.0));
#13581=CARTESIAN_POINT('',(4.11,-1.515,3.67381906146714E-17));
#13582=VECTOR('',#16615,1.0);
#13583=CARTESIAN_POINT('',(3.81,-2.88,-0.3));
#13584=AXIS2_PLACEMENT_3D('',#16616,#16617,#16618);
#13585=CARTESIAN_POINT('',(3.51,-2.88,-3.67381906146714E-17));
#13586=AXIS2_PLACEMENT_3D('',#16619,#16620,#16621);
#13587=CARTESIAN_POINT('',(3.51,-1.515,-3.67381906146714E-17));
#13588=VECTOR('',#16622,1.0);
#13589=AXIS2_PLACEMENT_3D('',#16623,#16624,#16625);
#13590=COLOUR_RGB('',0.811764717102051,0.811764717102051,0.811764717102051);
#13591=CARTESIAN_POINT('',(4.55,0.3,9.06208701828559E-17));
#13592=CARTESIAN_POINT('',(4.55,0.25,9.06208701828559E-17));
#13593=VECTOR('',#16626,1.0);
#13594=CARTESIAN_POINT('',(3.07,0.3,9.06208701828559E-17));
#13595=CARTESIAN_POINT('',(3.07,0.25,-9.06208701828559E-17));
#13596=VECTOR('',#16627,1.0);
#13597=AXIS2_PLACEMENT_3D('',#16628,#16629,#16630);
#13598=COLOUR_RGB('',0.811764717102051,0.811764717102051,0.811764717102051);
#13599=CARTESIAN_POINT('',(4.635,4.2,1.01030024190346E-16));
#13600=CARTESIAN_POINT('',(4.635,4.201,0.0));
#13601=CARTESIAN_POINT('',(4.635,4.2005,1.01030024190346E-16));
#13602=VECTOR('',#16631,1.0);
#13603=CARTESIAN_POINT('',(2.985,4.2,-1.01030024190346E-16));
#13604=AXIS2_PLACEMENT_3D('',#16632,#16633,#16634);
#13605=CARTESIAN_POINT('',(2.985,4.201,-1.01030024190346E-16));
#13606=CARTESIAN_POINT('',(2.985,4.2005,-1.01030024190346E-16));
#13607=VECTOR('',#16635,1.0);
#13608=AXIS2_PLACEMENT_3D('',#16636,#16637,#16638);
#13609=COLOUR_RGB('',0.811764717102051,0.811764717102051,0.811764717102051);
#13610=CARTESIAN_POINT('',(6.89,8.88178419700125E-16,0.0));
#13611=CARTESIAN_POINT('',(7.09,0.200000000000001,0.0));
#13612=CARTESIAN_POINT('',(6.99,0.100000000000001,7.83748066446321E-17));
#13613=VECTOR('',#16639,1.0);
#13614=CARTESIAN_POINT('',(5.81,8.88178419700125E-16,-6.61287431064083E-17));
#13615=AXIS2_PLACEMENT_3D('',#16640,#16641,#16642);
#13616=CARTESIAN_POINT('',(5.61,0.200000000000001,-9.06208701828559E-17));
#13617=CARTESIAN_POINT('',(5.71,0.100000000000001,-7.83748066446321E-17));
#13618=VECTOR('',#16643,1.0);
#13619=AXIS2_PLACEMENT_3D('',#16644,#16645,#16646);
#13620=COLOUR_RGB('',0.811764717102051,0.811764717102051,0.811764717102051);
#13621=CARTESIAN_POINT('',(6.35,-0.149999999999998,-0.3));
#13622=CARTESIAN_POINT('',(6.35,1.33226762955019E-15,-0.45));
#13623=AXIS2_PLACEMENT_3D('',#16647,#16648,#16649);
#13624=CARTESIAN_POINT('',(6.05,-0.149999999999998,-3.67381906146713E-17));
#13625=AXIS2_PLACEMENT_3D('',#16650,#16651,#16652);
#13626=CARTESIAN_POINT('',(6.35,-0.149999999999998,0.3));
#13627=AXIS2_PLACEMENT_3D('',#16653,#16654,#16655);
#13628=CARTESIAN_POINT('',(6.35,1.33226762955019E-15,0.45));
#13629=AXIS2_PLACEMENT_3D('',#16656,#16657,#16658);
#13630=AXIS2_PLACEMENT_3D('',#16659,#16660,#16661);
#13631=COLOUR_RGB('',0.811764717102051,0.811764717102051,0.811764717102051);
#13632=CARTESIAN_POINT('',(6.65,-2.88,0.0));
#13633=CARTESIAN_POINT('',(6.65,-0.149999999999998,0.0));
#13634=CARTESIAN_POINT('',(6.65,-1.515,3.67381906146713E-17));
#13635=VECTOR('',#16662,1.0);
#13636=CARTESIAN_POINT('',(6.35,-2.88,-0.3));
#13637=AXIS2_PLACEMENT_3D('',#16663,#16664,#16665);
#13638=CARTESIAN_POINT('',(6.05,-2.88,-3.67381906146713E-17));
#13639=AXIS2_PLACEMENT_3D('',#16666,#16667,#16668);
#13640=CARTESIAN_POINT('',(6.05,-1.515,-3.67381906146713E-17));
#13641=VECTOR('',#16669,1.0);
#13642=AXIS2_PLACEMENT_3D('',#16670,#16671,#16672);
#13643=COLOUR_RGB('',0.811764717102051,0.811764717102051,0.811764717102051);
#13644=CARTESIAN_POINT('',(7.09,0.3,9.06208701828559E-17));
#13645=CARTESIAN_POINT('',(7.09,0.25,9.06208701828559E-17));
#13646=VECTOR('',#16673,1.0);
#13647=CARTESIAN_POINT('',(5.61,0.3,9.06208701828559E-17));
#13648=CARTESIAN_POINT('',(5.61,0.25,-9.06208701828559E-17));
#13649=VECTOR('',#16674,1.0);
#13650=AXIS2_PLACEMENT_3D('',#16675,#16676,#16677);
#13651=COLOUR_RGB('',0.811764717102051,0.811764717102051,0.811764717102051);
#13652=CARTESIAN_POINT('',(7.175,4.2,1.01030024190346E-16));
#13653=CARTESIAN_POINT('',(7.175,4.201,0.0));
#13654=CARTESIAN_POINT('',(7.175,4.2005,1.01030024190346E-16));
#13655=VECTOR('',#16678,1.0);
#13656=CARTESIAN_POINT('',(5.525,4.2,-1.01030024190346E-16));
#13657=AXIS2_PLACEMENT_3D('',#16679,#16680,#16681);
#13658=CARTESIAN_POINT('',(5.525,4.201,-1.01030024190346E-16));
#13659=CARTESIAN_POINT('',(5.525,4.2005,-1.01030024190346E-16));
#13660=VECTOR('',#16682,1.0);
#13661=AXIS2_PLACEMENT_3D('',#16683,#16684,#16685);
#13662=COLOUR_RGB('',0.811764717102051,0.811764717102051,0.811764717102051);
#13663=CARTESIAN_POINT('',(9.43,8.88178419700125E-16,0.0));
#13664=CARTESIAN_POINT('',(9.63,0.200000000000001,0.0));
#13665=CARTESIAN_POINT('',(9.53,0.100000000000001,7.83748066446321E-17));
#13666=VECTOR('',#16686,1.0);
#13667=CARTESIAN_POINT('',(8.35,8.88178419700125E-16,-6.61287431064083E-17));
#13668=AXIS2_PLACEMENT_3D('',#16687,#16688,#16689);
#13669=CARTESIAN_POINT('',(8.15,0.200000000000001,-9.06208701828559E-17));
#13670=CARTESIAN_POINT('',(8.25,0.100000000000001,-7.83748066446321E-17));
#13671=VECTOR('',#16690,1.0);
#13672=AXIS2_PLACEMENT_3D('',#16691,#16692,#16693);
#13673=COLOUR_RGB('',0.811764717102051,0.811764717102051,0.811764717102051);
#13674=CARTESIAN_POINT('',(8.89,-0.149999999999998,-0.3));
#13675=CARTESIAN_POINT('',(8.89,1.33226762955019E-15,-0.45));
#13676=AXIS2_PLACEMENT_3D('',#16694,#16695,#16696);
#13677=CARTESIAN_POINT('',(8.59,-0.149999999999998,-3.67381906146713E-17));
#13678=AXIS2_PLACEMENT_3D('',#16697,#16698,#16699);
#13679=CARTESIAN_POINT('',(8.89,-0.149999999999998,0.3));
#13680=AXIS2_PLACEMENT_3D('',#16700,#16701,#16702);
#13681=CARTESIAN_POINT('',(8.89,1.33226762955019E-15,0.45));
#13682=AXIS2_PLACEMENT_3D('',#16703,#16704,#16705);
#13683=AXIS2_PLACEMENT_3D('',#16706,#16707,#16708);
#13684=COLOUR_RGB('',0.811764717102051,0.811764717102051,0.811764717102051);
#13685=CARTESIAN_POINT('',(9.19,-2.88,0.0));
#13686=CARTESIAN_POINT('',(9.19,-0.149999999999998,0.0));
#13687=CARTESIAN_POINT('',(9.19,-1.515,3.67381906146713E-17));
#13688=VECTOR('',#16709,1.0);
#13689=CARTESIAN_POINT('',(8.89,-2.88,-0.3));
#13690=AXIS2_PLACEMENT_3D('',#16710,#16711,#16712);
#13691=CARTESIAN_POINT('',(8.59,-2.88,-3.67381906146713E-17));
#13692=AXIS2_PLACEMENT_3D('',#16713,#16714,#16715);
#13693=CARTESIAN_POINT('',(8.59,-1.515,-3.67381906146713E-17));
#13694=VECTOR('',#16716,1.0);
#13695=AXIS2_PLACEMENT_3D('',#16717,#16718,#16719);
#13696=COLOUR_RGB('',0.811764717102051,0.811764717102051,0.811764717102051);
#13697=CARTESIAN_POINT('',(9.63,0.3,9.06208701828559E-17));
#13698=CARTESIAN_POINT('',(9.63,0.25,9.06208701828559E-17));
#13699=VECTOR('',#16720,1.0);
#13700=CARTESIAN_POINT('',(8.15,0.3,9.06208701828559E-17));
#13701=CARTESIAN_POINT('',(8.15,0.25,-9.06208701828559E-17));
#13702=VECTOR('',#16721,1.0);
#13703=AXIS2_PLACEMENT_3D('',#16722,#16723,#16724);
#13704=COLOUR_RGB('',0.811764717102051,0.811764717102051,0.811764717102051);
#13705=CARTESIAN_POINT('',(9.715,4.2,1.01030024190346E-16));
#13706=CARTESIAN_POINT('',(9.715,4.201,0.0));
#13707=CARTESIAN_POINT('',(9.715,4.2005,1.01030024190346E-16));
#13708=VECTOR('',#16725,1.0);
#13709=CARTESIAN_POINT('',(8.065,4.2,-1.01030024190346E-16));
#13710=AXIS2_PLACEMENT_3D('',#16726,#16727,#16728);
#13711=CARTESIAN_POINT('',(8.065,4.201,-1.01030024190346E-16));
#13712=CARTESIAN_POINT('',(8.065,4.2005,-1.01030024190346E-16));
#13713=VECTOR('',#16729,1.0);
#13714=AXIS2_PLACEMENT_3D('',#16730,#16731,#16732);
#13715=COLOUR_RGB('',0.811764717102051,0.811764717102051,0.811764717102051);
#13716=CARTESIAN_POINT('',(11.97,8.88178419700125E-16,0.0));
#13717=CARTESIAN_POINT('',(12.17,0.200000000000001,0.0));
#13718=CARTESIAN_POINT('',(12.07,0.100000000000001,7.83748066446321E-17));
#13719=VECTOR('',#16733,1.0);
#13720=CARTESIAN_POINT('',(10.89,8.88178419700125E-16,-6.61287431064083E-17));
#13721=AXIS2_PLACEMENT_3D('',#16734,#16735,#16736);
#13722=CARTESIAN_POINT('',(10.69,0.200000000000001,-9.06208701828559E-17));
#13723=CARTESIAN_POINT('',(10.79,0.100000000000001,-7.83748066446321E-17));
#13724=VECTOR('',#16737,1.0);
#13725=AXIS2_PLACEMENT_3D('',#16738,#16739,#16740);
#13726=COLOUR_RGB('',0.811764717102051,0.811764717102051,0.811764717102051);
#13727=CARTESIAN_POINT('',(11.43,-0.149999999999998,-0.3));
#13728=CARTESIAN_POINT('',(11.43,1.33226762955019E-15,-0.45));
#13729=AXIS2_PLACEMENT_3D('',#16741,#16742,#16743);
#13730=CARTESIAN_POINT('',(11.13,-0.149999999999998,-3.67381906146713E-17));
#13731=AXIS2_PLACEMENT_3D('',#16744,#16745,#16746);
#13732=CARTESIAN_POINT('',(11.43,-0.149999999999998,0.3));
#13733=AXIS2_PLACEMENT_3D('',#16747,#16748,#16749);
#13734=CARTESIAN_POINT('',(11.43,1.33226762955019E-15,0.45));
#13735=AXIS2_PLACEMENT_3D('',#16750,#16751,#16752);
#13736=AXIS2_PLACEMENT_3D('',#16753,#16754,#16755);
#13737=COLOUR_RGB('',0.811764717102051,0.811764717102051,0.811764717102051);
#13738=CARTESIAN_POINT('',(11.73,-2.88,0.0));
#13739=CARTESIAN_POINT('',(11.73,-0.149999999999998,0.0));
#13740=CARTESIAN_POINT('',(11.73,-1.515,3.67381906146713E-17));
#13741=VECTOR('',#16756,1.0);
#13742=CARTESIAN_POINT('',(11.43,-2.88,-0.3));
#13743=AXIS2_PLACEMENT_3D('',#16757,#16758,#16759);
#13744=CARTESIAN_POINT('',(11.13,-2.88,-3.67381906146713E-17));
#13745=AXIS2_PLACEMENT_3D('',#16760,#16761,#16762);
#13746=CARTESIAN_POINT('',(11.13,-1.515,-3.67381906146713E-17));
#13747=VECTOR('',#16763,1.0);
#13748=AXIS2_PLACEMENT_3D('',#16764,#16765,#16766);
#13749=COLOUR_RGB('',0.811764717102051,0.811764717102051,0.811764717102051);
#13750=CARTESIAN_POINT('',(12.17,0.3,9.06208701828559E-17));
#13751=CARTESIAN_POINT('',(12.17,0.25,9.06208701828559E-17));
#13752=VECTOR('',#16767,1.0);
#13753=CARTESIAN_POINT('',(10.69,0.3,9.06208701828559E-17));
#13754=CARTESIAN_POINT('',(10.69,0.25,-9.06208701828559E-17));
#13755=VECTOR('',#16768,1.0);
#13756=AXIS2_PLACEMENT_3D('',#16769,#16770,#16771);
#13757=COLOUR_RGB('',0.811764717102051,0.811764717102051,0.811764717102051);
#13758=CARTESIAN_POINT('',(12.255,4.2,1.01030024190346E-16));
#13759=CARTESIAN_POINT('',(12.255,4.201,0.0));
#13760=CARTESIAN_POINT('',(12.255,4.2005,1.01030024190346E-16));
#13761=VECTOR('',#16772,1.0);
#13762=CARTESIAN_POINT('',(10.605,4.2,-1.01030024190346E-16));
#13763=AXIS2_PLACEMENT_3D('',#16773,#16774,#16775);
#13764=CARTESIAN_POINT('',(10.605,4.201,-1.01030024190346E-16));
#13765=CARTESIAN_POINT('',(10.605,4.2005,-1.01030024190346E-16));
#13766=VECTOR('',#16776,1.0);
#13767=AXIS2_PLACEMENT_3D('',#16777,#16778,#16779);
#13768=COLOUR_RGB('',0.811764717102051,0.811764717102051,0.811764717102051);
#13769=CARTESIAN_POINT('',(-11.43,1.81626217769223,0.314986030724104));
#13770=AXIS2_PLACEMENT_3D('',#16780,#16781,#16782);
#13771=CARTESIAN_POINT('',(-11.7449860307241,1.81626217769223,0.0));
#13772=AXIS2_PLACEMENT_3D('',#16783,#16784,#16785);
#13773=CARTESIAN_POINT('',(-11.43,1.81626217769223,-0.314986030724104));
#13774=AXIS2_PLACEMENT_3D('',#16786,#16787,#16788);
#13775=AXIS2_PLACEMENT_3D('',#16789,#16790,#16791);
#13776=COLOUR_RGB('',0.811764717102051,0.811764717102051,0.811764717102051);
#13777=CARTESIAN_POINT('',(-11.8397253973122,1.8,0.0));
#13778=CARTESIAN_POINT('',(-11.7923557140181,1.80813108884611,-4.43743109730467E-17));
#13779=VECTOR('',#16792,1.0);
#13780=CARTESIAN_POINT('',(-11.1150139692759,1.81626217769223,3.85733894590029E-17));
#13781=AXIS2_PLACEMENT_3D('',#16793,#16794,#16795);
#13782=CARTESIAN_POINT('',(-11.0202746026878,1.8,5.01752324870907E-17));
#13783=CARTESIAN_POINT('',(-11.0676442859819,1.80813108884611,4.43743109730467E-17));
#13784=VECTOR('',#16796,1.0);
#13785=AXIS2_PLACEMENT_3D('',#16797,#16798,#16799);
#13786=COLOUR_RGB('',0.811764717102051,0.811764717102051,0.811764717102051);
#13787=CARTESIAN_POINT('',(-12.08,3.50109028386995,0.0));
#13788=CARTESIAN_POINT('',(-11.9598626986561,2.65054514193498,-6.48873227427726E-17));
#13789=VECTOR('',#16800,1.0);
#13790=CARTESIAN_POINT('',(-10.78,3.50109028386995,7.95994129984546E-17));
#13791=AXIS2_PLACEMENT_3D('',#16801,#16802,#16803);
#13792=CARTESIAN_POINT('',(-10.9001373013439,2.65054514193498,6.48873227427726E-17));
#13793=VECTOR('',#16804,1.0);
#13794=AXIS2_PLACEMENT_3D('',#16805,#16806,#16807);
#13795=COLOUR_RGB('',0.811764717102051,0.811764717102051,0.811764717102051);
#13796=CARTESIAN_POINT('',(-12.08,0.5,0.0));
#13797=CARTESIAN_POINT('',(-12.08,2.00054514193498,-7.95994129984545E-17));
#13798=VECTOR('',#16808,1.0);
#13799=AXIS2_PLACEMENT_3D('',#16809,#16810,#16811);
#13800=CARTESIAN_POINT('',(-10.78,0.5,7.95994129984546E-17));
#13801=CARTESIAN_POINT('',(-10.78,2.00054514193498,7.95994129984546E-17));
#13802=VECTOR('',#16812,1.0);
#13803=AXIS2_PLACEMENT_3D('',#16813,#16814,#16815);
#13804=COLOUR_RGB('',0.811764717102051,0.811764717102051,0.811764717102051);
#13805=CARTESIAN_POINT('',(-11.43,0.12472232502675,0.0));
#13806=CARTESIAN_POINT('',(-11.105,0.312361162513375,3.97997064992274E-17));
#13807=VECTOR('',#16816,1.0);
#13808=CARTESIAN_POINT('',(-11.755,0.312361162513375,-3.97997064992272E-17));
#13809=VECTOR('',#16817,1.0);
#13810=COLOUR_RGB('',0.811764717102051,0.811764717102051,0.811764717102051);
#13811=CARTESIAN_POINT('',(-12.17,4.201,-9.06208701828559E-17));
#13812=CARTESIAN_POINT('',(-12.17,4.2,0.0));
#13813=CARTESIAN_POINT('',(-12.17,4.2005,-9.06208701828559E-17));
#13814=VECTOR('',#16818,1.0);
#13815=CARTESIAN_POINT('',(-10.69,4.201,9.06208701828559E-17));
#13816=AXIS2_PLACEMENT_3D('',#16819,#16820,#16821);
#13817=CARTESIAN_POINT('',(-10.69,4.2,9.06208701828559E-17));
#13818=CARTESIAN_POINT('',(-10.69,4.2005,9.06208701828559E-17));
#13819=VECTOR('',#16822,1.0);
#13820=AXIS2_PLACEMENT_3D('',#16823,#16824,#16825);
#13821=COLOUR_RGB('',0.811764717102051,0.811764717102051,0.811764717102051);
#13822=CARTESIAN_POINT('',(-12.08,4.11,0.0));
#13823=CARTESIAN_POINT('',(-12.125,4.155,-8.51101415906552E-17));
#13824=VECTOR('',#16826,1.0);
#13825=CARTESIAN_POINT('',(-10.78,4.11,7.95994129984546E-17));
#13826=CARTESIAN_POINT('',(-10.735,4.155,8.51101415906552E-17));
#13827=VECTOR('',#16827,1.0);
#13828=AXIS2_PLACEMENT_3D('',#16828,#16829,#16830);
#13829=COLOUR_RGB('',0.811764717102051,0.811764717102051,0.811764717102051);
#13830=CARTESIAN_POINT('',(-12.08,4.04301867843887,0.0));
#13831=CARTESIAN_POINT('',(-12.08,4.07650933921943,-7.95994129984545E-17));
#13832=VECTOR('',#16831,1.0);
#13833=CARTESIAN_POINT('',(-10.78,4.04301867843887,7.95994129984546E-17));
#13834=CARTESIAN_POINT('',(-10.78,4.07650933921943,7.95994129984546E-17));
#13835=VECTOR('',#16832,1.0);
#13836=AXIS2_PLACEMENT_3D('',#16833,#16834,#16835);
#13837=COLOUR_RGB('',0.811764717102051,0.811764717102051,0.811764717102051);
#13838=CARTESIAN_POINT('',(-12.04,4.04301867843887,0.0));
#13839=CARTESIAN_POINT('',(-11.95,3.98,0.0));
#13840=CARTESIAN_POINT('',(-11.995,4.01150933921943,-6.91902589909643E-17));
#13841=VECTOR('',#16836,1.0);
#13842=CARTESIAN_POINT('',(-10.82,4.04301867843887,7.47009875831651E-17));
#13843=AXIS2_PLACEMENT_3D('',#16837,#16838,#16839);
#13844=CARTESIAN_POINT('',(-10.91,3.98,6.36795303987637E-17));
#13845=CARTESIAN_POINT('',(-10.865,4.01150933921943,6.91902589909644E-17));
#13846=VECTOR('',#16840,1.0);
#13847=AXIS2_PLACEMENT_3D('',#16841,#16842,#16843);
#13848=COLOUR_RGB('',0.811764717102051,0.811764717102051,0.811764717102051);
#13849=CARTESIAN_POINT('',(-11.95,3.51301867843887,0.0));
#13850=CARTESIAN_POINT('',(-11.95,3.74650933921944,-6.36795303987637E-17));
#13851=VECTOR('',#16844,1.0);
#13852=CARTESIAN_POINT('',(-10.91,3.51301867843887,6.36795303987637E-17));
#13853=CARTESIAN_POINT('',(-10.91,3.74650933921944,6.36795303987637E-17));
#13854=VECTOR('',#16845,1.0);
#13855=AXIS2_PLACEMENT_3D('',#16846,#16847,#16848);
#13856=COLOUR_RGB('',0.811764717102051,0.811764717102051,0.811764717102051);
#13857=CARTESIAN_POINT('',(-11.8364452996588,2.72995086353911,-4.97735496443456E-17));
#13858=VECTOR('',#16849,1.0);
#13859=CARTESIAN_POINT('',(-11.0235547003412,2.72995086353911,4.97735496443456E-17));
#13860=VECTOR('',#16850,1.0);
#13861=COLOUR_RGB('',0.811764717102051,0.811764717102051,0.811764717102051);
#13862=CARTESIAN_POINT('',(-8.89,1.81626217769223,0.314986030724104));
#13863=AXIS2_PLACEMENT_3D('',#16851,#16852,#16853);
#13864=CARTESIAN_POINT('',(-9.2049860307241,1.81626217769223,0.0));
#13865=AXIS2_PLACEMENT_3D('',#16854,#16855,#16856);
#13866=CARTESIAN_POINT('',(-8.89,1.81626217769223,-0.314986030724104));
#13867=AXIS2_PLACEMENT_3D('',#16857,#16858,#16859);
#13868=AXIS2_PLACEMENT_3D('',#16860,#16861,#16862);
#13869=COLOUR_RGB('',0.811764717102051,0.811764717102051,0.811764717102051);
#13870=CARTESIAN_POINT('',(-9.29972539731219,1.8,0.0));
#13871=CARTESIAN_POINT('',(-9.25235571401815,1.80813108884611,-4.43743109730467E-17));
#13872=VECTOR('',#16863,1.0);
#13873=CARTESIAN_POINT('',(-8.5750139692759,1.81626217769223,3.85733894590029E-17));
#13874=AXIS2_PLACEMENT_3D('',#16864,#16865,#16866);
#13875=CARTESIAN_POINT('',(-8.48027460268781,1.8,5.01752324870907E-17));
#13876=CARTESIAN_POINT('',(-8.52764428598185,1.80813108884611,4.43743109730467E-17));
#13877=VECTOR('',#16867,1.0);
#13878=AXIS2_PLACEMENT_3D('',#16868,#16869,#16870);
#13879=COLOUR_RGB('',0.811764717102051,0.811764717102051,0.811764717102051);
#13880=CARTESIAN_POINT('',(-9.54,3.50109028386995,0.0));
#13881=CARTESIAN_POINT('',(-9.41986269865609,2.65054514193498,-6.48873227427726E-17));
#13882=VECTOR('',#16871,1.0);
#13883=CARTESIAN_POINT('',(-8.24,3.50109028386995,7.95994129984546E-17));
#13884=AXIS2_PLACEMENT_3D('',#16872,#16873,#16874);
#13885=CARTESIAN_POINT('',(-8.36013730134391,2.65054514193498,6.48873227427726E-17));
#13886=VECTOR('',#16875,1.0);
#13887=AXIS2_PLACEMENT_3D('',#16876,#16877,#16878);
#13888=COLOUR_RGB('',0.811764717102051,0.811764717102051,0.811764717102051);
#13889=CARTESIAN_POINT('',(-9.54,0.5,0.0));
#13890=CARTESIAN_POINT('',(-9.54,2.00054514193498,-7.95994129984545E-17));
#13891=VECTOR('',#16879,1.0);
#13892=AXIS2_PLACEMENT_3D('',#16880,#16881,#16882);
#13893=CARTESIAN_POINT('',(-8.24,0.5,7.95994129984546E-17));
#13894=CARTESIAN_POINT('',(-8.24,2.00054514193498,7.95994129984546E-17));
#13895=VECTOR('',#16883,1.0);
#13896=AXIS2_PLACEMENT_3D('',#16884,#16885,#16886);
#13897=COLOUR_RGB('',0.811764717102051,0.811764717102051,0.811764717102051);
#13898=CARTESIAN_POINT('',(-8.89,0.12472232502675,0.0));
#13899=CARTESIAN_POINT('',(-8.565,0.312361162513375,3.97997064992274E-17));
#13900=VECTOR('',#16887,1.0);
#13901=CARTESIAN_POINT('',(-9.215,0.312361162513375,-3.97997064992272E-17));
#13902=VECTOR('',#16888,1.0);
#13903=COLOUR_RGB('',0.811764717102051,0.811764717102051,0.811764717102051);
#13904=CARTESIAN_POINT('',(-9.63,4.201,-9.06208701828559E-17));
#13905=CARTESIAN_POINT('',(-9.63,4.2,0.0));
#13906=CARTESIAN_POINT('',(-9.63,4.2005,-9.06208701828559E-17));
#13907=VECTOR('',#16889,1.0);
#13908=CARTESIAN_POINT('',(-8.15,4.201,9.06208701828559E-17));
#13909=AXIS2_PLACEMENT_3D('',#16890,#16891,#16892);
#13910=CARTESIAN_POINT('',(-8.15,4.2,9.06208701828559E-17));
#13911=CARTESIAN_POINT('',(-8.15,4.2005,9.06208701828559E-17));
#13912=VECTOR('',#16893,1.0);
#13913=AXIS2_PLACEMENT_3D('',#16894,#16895,#16896);
#13914=COLOUR_RGB('',0.811764717102051,0.811764717102051,0.811764717102051);
#13915=CARTESIAN_POINT('',(-9.54,4.11,0.0));
#13916=CARTESIAN_POINT('',(-9.585,4.155,-8.51101415906552E-17));
#13917=VECTOR('',#16897,1.0);
#13918=CARTESIAN_POINT('',(-8.24,4.11,7.95994129984546E-17));
#13919=CARTESIAN_POINT('',(-8.195,4.155,8.51101415906552E-17));
#13920=VECTOR('',#16898,1.0);
#13921=AXIS2_PLACEMENT_3D('',#16899,#16900,#16901);
#13922=COLOUR_RGB('',0.811764717102051,0.811764717102051,0.811764717102051);
#13923=CARTESIAN_POINT('',(-9.54,4.04301867843887,0.0));
#13924=CARTESIAN_POINT('',(-9.54,4.07650933921943,-7.95994129984545E-17));
#13925=VECTOR('',#16902,1.0);
#13926=CARTESIAN_POINT('',(-8.24,4.04301867843887,7.95994129984546E-17));
#13927=CARTESIAN_POINT('',(-8.24,4.07650933921943,7.95994129984546E-17));
#13928=VECTOR('',#16903,1.0);
#13929=AXIS2_PLACEMENT_3D('',#16904,#16905,#16906);
#13930=COLOUR_RGB('',0.811764717102051,0.811764717102051,0.811764717102051);
#13931=CARTESIAN_POINT('',(-9.5,4.04301867843887,0.0));
#13932=CARTESIAN_POINT('',(-9.41,3.98,0.0));
#13933=CARTESIAN_POINT('',(-9.455,4.01150933921943,-6.91902589909643E-17));
#13934=VECTOR('',#16907,1.0);
#13935=CARTESIAN_POINT('',(-8.28,4.04301867843887,7.47009875831651E-17));
#13936=AXIS2_PLACEMENT_3D('',#16908,#16909,#16910);
#13937=CARTESIAN_POINT('',(-8.37,3.98,6.36795303987637E-17));
#13938=CARTESIAN_POINT('',(-8.325,4.01150933921943,6.91902589909644E-17));
#13939=VECTOR('',#16911,1.0);
#13940=AXIS2_PLACEMENT_3D('',#16912,#16913,#16914);
#13941=COLOUR_RGB('',0.811764717102051,0.811764717102051,0.811764717102051);
#13942=CARTESIAN_POINT('',(-9.41,3.51301867843887,0.0));
#13943=CARTESIAN_POINT('',(-9.41,3.74650933921944,-6.36795303987637E-17));
#13944=VECTOR('',#16915,1.0);
#13945=CARTESIAN_POINT('',(-8.37,3.51301867843887,6.36795303987637E-17));
#13946=CARTESIAN_POINT('',(-8.37,3.74650933921944,6.36795303987637E-17));
#13947=VECTOR('',#16916,1.0);
#13948=AXIS2_PLACEMENT_3D('',#16917,#16918,#16919);
#13949=COLOUR_RGB('',0.811764717102051,0.811764717102051,0.811764717102051);
#13950=CARTESIAN_POINT('',(-9.29644529965884,2.72995086353911,-4.97735496443456E-17));
#13951=VECTOR('',#16920,1.0);
#13952=CARTESIAN_POINT('',(-8.48355470034116,2.72995086353911,4.97735496443456E-17));
#13953=VECTOR('',#16921,1.0);
#13954=COLOUR_RGB('',0.811764717102051,0.811764717102051,0.811764717102051);
#13955=CARTESIAN_POINT('',(-6.35,1.81626217769223,0.314986030724104));
#13956=AXIS2_PLACEMENT_3D('',#16922,#16923,#16924);
#13957=CARTESIAN_POINT('',(-6.6649860307241,1.81626217769223,0.0));
#13958=AXIS2_PLACEMENT_3D('',#16925,#16926,#16927);
#13959=CARTESIAN_POINT('',(-6.35,1.81626217769223,-0.314986030724104));
#13960=AXIS2_PLACEMENT_3D('',#16928,#16929,#16930);
#13961=AXIS2_PLACEMENT_3D('',#16931,#16932,#16933);
#13962=COLOUR_RGB('',0.811764717102051,0.811764717102051,0.811764717102051);
#13963=CARTESIAN_POINT('',(-6.75972539731219,1.8,0.0));
#13964=CARTESIAN_POINT('',(-6.71235571401815,1.80813108884611,-4.43743109730467E-17));
#13965=VECTOR('',#16934,1.0);
#13966=CARTESIAN_POINT('',(-6.0350139692759,1.81626217769223,3.85733894590029E-17));
#13967=AXIS2_PLACEMENT_3D('',#16935,#16936,#16937);
#13968=CARTESIAN_POINT('',(-5.94027460268781,1.8,5.01752324870905E-17));
#13969=CARTESIAN_POINT('',(-5.98764428598185,1.80813108884611,4.43743109730467E-17));
#13970=VECTOR('',#16938,1.0);
#13971=AXIS2_PLACEMENT_3D('',#16939,#16940,#16941);
#13972=COLOUR_RGB('',0.811764717102051,0.811764717102051,0.811764717102051);
#13973=CARTESIAN_POINT('',(-7.0,3.50109028386995,0.0));
#13974=CARTESIAN_POINT('',(-6.87986269865609,2.65054514193498,-6.48873227427725E-17));
#13975=VECTOR('',#16942,1.0);
#13976=CARTESIAN_POINT('',(-5.7,3.50109028386995,7.95994129984546E-17));
#13977=AXIS2_PLACEMENT_3D('',#16943,#16944,#16945);
#13978=CARTESIAN_POINT('',(-5.8201373013439,2.65054514193498,6.48873227427725E-17));
#13979=VECTOR('',#16946,1.0);
#13980=AXIS2_PLACEMENT_3D('',#16947,#16948,#16949);
#13981=COLOUR_RGB('',0.811764717102051,0.811764717102051,0.811764717102051);
#13982=CARTESIAN_POINT('',(-7.0,0.5,0.0));
#13983=CARTESIAN_POINT('',(-7.0,2.00054514193498,-7.95994129984545E-17));
#13984=VECTOR('',#16950,1.0);
#13985=AXIS2_PLACEMENT_3D('',#16951,#16952,#16953);
#13986=CARTESIAN_POINT('',(-5.7,0.5,7.95994129984545E-17));
#13987=CARTESIAN_POINT('',(-5.7,2.00054514193498,7.95994129984546E-17));
#13988=VECTOR('',#16954,1.0);
#13989=AXIS2_PLACEMENT_3D('',#16955,#16956,#16957);
#13990=COLOUR_RGB('',0.811764717102051,0.811764717102051,0.811764717102051);
#13991=CARTESIAN_POINT('',(-6.35,0.12472232502675,0.0));
#13992=CARTESIAN_POINT('',(-6.025,0.312361162513375,3.97997064992273E-17));
#13993=VECTOR('',#16958,1.0);
#13994=CARTESIAN_POINT('',(-6.675,0.312361162513375,-3.97997064992273E-17));
#13995=VECTOR('',#16959,1.0);
#13996=COLOUR_RGB('',0.811764717102051,0.811764717102051,0.811764717102051);
#13997=CARTESIAN_POINT('',(-7.09,4.201,-9.06208701828559E-17));
#13998=CARTESIAN_POINT('',(-7.09,4.2,0.0));
#13999=CARTESIAN_POINT('',(-7.09,4.2005,-9.06208701828559E-17));
#14000=VECTOR('',#16960,1.0);
#14001=CARTESIAN_POINT('',(-5.61,4.201,9.06208701828559E-17));
#14002=AXIS2_PLACEMENT_3D('',#16961,#16962,#16963);
#14003=CARTESIAN_POINT('',(-5.61,4.2,9.06208701828559E-17));
#14004=CARTESIAN_POINT('',(-5.61,4.2005,9.06208701828559E-17));
#14005=VECTOR('',#16964,1.0);
#14006=AXIS2_PLACEMENT_3D('',#16965,#16966,#16967);
#14007=COLOUR_RGB('',0.811764717102051,0.811764717102051,0.811764717102051);
#14008=CARTESIAN_POINT('',(-7.0,4.11,0.0));
#14009=CARTESIAN_POINT('',(-7.045,4.155,-8.51101415906552E-17));
#14010=VECTOR('',#16968,1.0);
#14011=CARTESIAN_POINT('',(-5.7,4.11,7.95994129984546E-17));
#14012=CARTESIAN_POINT('',(-5.655,4.155,8.51101415906552E-17));
#14013=VECTOR('',#16969,1.0);
#14014=AXIS2_PLACEMENT_3D('',#16970,#16971,#16972);
#14015=COLOUR_RGB('',0.811764717102051,0.811764717102051,0.811764717102051);
#14016=CARTESIAN_POINT('',(-7.0,4.04301867843887,0.0));
#14017=CARTESIAN_POINT('',(-7.0,4.07650933921943,-7.95994129984545E-17));
#14018=VECTOR('',#16973,1.0);
#14019=CARTESIAN_POINT('',(-5.7,4.04301867843887,7.95994129984546E-17));
#14020=CARTESIAN_POINT('',(-5.7,4.07650933921943,7.95994129984546E-17));
#14021=VECTOR('',#16974,1.0);
#14022=AXIS2_PLACEMENT_3D('',#16975,#16976,#16977);
#14023=COLOUR_RGB('',0.811764717102051,0.811764717102051,0.811764717102051);
#14024=CARTESIAN_POINT('',(-6.96,4.04301867843887,0.0));
#14025=CARTESIAN_POINT('',(-6.87,3.98,0.0));
#14026=CARTESIAN_POINT('',(-6.915,4.01150933921943,-6.91902589909644E-17));
#14027=VECTOR('',#16978,1.0);
#14028=CARTESIAN_POINT('',(-5.74,4.04301867843887,7.4700987583165E-17));
#14029=AXIS2_PLACEMENT_3D('',#16979,#16980,#16981);
#14030=CARTESIAN_POINT('',(-5.83,3.98,6.36795303987636E-17));
#14031=CARTESIAN_POINT('',(-5.785,4.01150933921943,6.91902589909643E-17));
#14032=VECTOR('',#16982,1.0);
#14033=AXIS2_PLACEMENT_3D('',#16983,#16984,#16985);
#14034=COLOUR_RGB('',0.811764717102051,0.811764717102051,0.811764717102051);
#14035=CARTESIAN_POINT('',(-6.87,3.51301867843887,0.0));
#14036=CARTESIAN_POINT('',(-6.87,3.74650933921944,-6.36795303987636E-17));
#14037=VECTOR('',#16986,1.0);
#14038=CARTESIAN_POINT('',(-5.83,3.51301867843887,6.36795303987637E-17));
#14039=CARTESIAN_POINT('',(-5.83,3.74650933921944,6.36795303987636E-17));
#14040=VECTOR('',#16987,1.0);
#14041=AXIS2_PLACEMENT_3D('',#16988,#16989,#16990);
#14042=COLOUR_RGB('',0.811764717102051,0.811764717102051,0.811764717102051);
#14043=CARTESIAN_POINT('',(-6.75644529965884,2.72995086353911,-4.97735496443456E-17));
#14044=VECTOR('',#16991,1.0);
#14045=CARTESIAN_POINT('',(-5.94355470034116,2.72995086353911,4.97735496443456E-17));
#14046=VECTOR('',#16992,1.0);
#14047=COLOUR_RGB('',0.811764717102051,0.811764717102051,0.811764717102051);
#14048=CARTESIAN_POINT('',(-3.81,1.81626217769223,0.314986030724104));
#14049=AXIS2_PLACEMENT_3D('',#16993,#16994,#16995);
#14050=CARTESIAN_POINT('',(-4.1249860307241,1.81626217769223,0.0));
#14051=AXIS2_PLACEMENT_3D('',#16996,#16997,#16998);
#14052=CARTESIAN_POINT('',(-3.81,1.81626217769223,-0.314986030724104));
#14053=AXIS2_PLACEMENT_3D('',#16999,#17000,#17001);
#14054=AXIS2_PLACEMENT_3D('',#17002,#17003,#17004);
#14055=COLOUR_RGB('',0.811764717102051,0.811764717102051,0.811764717102051);
#14056=CARTESIAN_POINT('',(-4.21972539731219,1.8,0.0));
#14057=CARTESIAN_POINT('',(-4.17235571401815,1.80813108884611,-4.43743109730467E-17));
#14058=VECTOR('',#17005,1.0);
#14059=CARTESIAN_POINT('',(-3.4950139692759,1.81626217769223,3.85733894590029E-17));
#14060=AXIS2_PLACEMENT_3D('',#17006,#17007,#17008);
#14061=CARTESIAN_POINT('',(-3.40027460268781,1.8,5.01752324870905E-17));
#14062=CARTESIAN_POINT('',(-3.44764428598185,1.80813108884611,4.43743109730467E-17));
#14063=VECTOR('',#17009,1.0);
#14064=AXIS2_PLACEMENT_3D('',#17010,#17011,#17012);
#14065=COLOUR_RGB('',0.811764717102051,0.811764717102051,0.811764717102051);
#14066=CARTESIAN_POINT('',(-4.46,3.50109028386995,0.0));
#14067=CARTESIAN_POINT('',(-4.33986269865609,2.65054514193498,-6.48873227427725E-17));
#14068=VECTOR('',#17013,1.0);
#14069=CARTESIAN_POINT('',(-3.16,3.50109028386995,7.95994129984546E-17));
#14070=AXIS2_PLACEMENT_3D('',#17014,#17015,#17016);
#14071=CARTESIAN_POINT('',(-3.2801373013439,2.65054514193498,6.48873227427725E-17));
#14072=VECTOR('',#17017,1.0);
#14073=AXIS2_PLACEMENT_3D('',#17018,#17019,#17020);
#14074=COLOUR_RGB('',0.811764717102051,0.811764717102051,0.811764717102051);
#14075=CARTESIAN_POINT('',(-4.46,0.5,0.0));
#14076=CARTESIAN_POINT('',(-4.46,2.00054514193498,-7.95994129984545E-17));
#14077=VECTOR('',#17021,1.0);
#14078=AXIS2_PLACEMENT_3D('',#17022,#17023,#17024);
#14079=CARTESIAN_POINT('',(-3.16,0.5,7.95994129984545E-17));
#14080=CARTESIAN_POINT('',(-3.16,2.00054514193498,7.95994129984546E-17));
#14081=VECTOR('',#17025,1.0);
#14082=AXIS2_PLACEMENT_3D('',#17026,#17027,#17028);
#14083=COLOUR_RGB('',0.811764717102051,0.811764717102051,0.811764717102051);
#14084=CARTESIAN_POINT('',(-3.81,0.12472232502675,0.0));
#14085=CARTESIAN_POINT('',(-3.485,0.312361162513375,3.97997064992273E-17));
#14086=VECTOR('',#17029,1.0);
#14087=CARTESIAN_POINT('',(-4.135,0.312361162513375,-3.97997064992273E-17));
#14088=VECTOR('',#17030,1.0);
#14089=COLOUR_RGB('',0.811764717102051,0.811764717102051,0.811764717102051);
#14090=CARTESIAN_POINT('',(-4.55,4.201,-9.06208701828559E-17));
#14091=CARTESIAN_POINT('',(-4.55,4.2,0.0));
#14092=CARTESIAN_POINT('',(-4.55,4.2005,-9.06208701828559E-17));
#14093=VECTOR('',#17031,1.0);
#14094=CARTESIAN_POINT('',(-3.07,4.201,9.06208701828559E-17));
#14095=AXIS2_PLACEMENT_3D('',#17032,#17033,#17034);
#14096=CARTESIAN_POINT('',(-3.07,4.2,9.06208701828559E-17));
#14097=CARTESIAN_POINT('',(-3.07,4.2005,9.06208701828559E-17));
#14098=VECTOR('',#17035,1.0);
#14099=AXIS2_PLACEMENT_3D('',#17036,#17037,#17038);
#14100=COLOUR_RGB('',0.811764717102051,0.811764717102051,0.811764717102051);
#14101=CARTESIAN_POINT('',(-4.46,4.11,0.0));
#14102=CARTESIAN_POINT('',(-4.505,4.155,-8.51101415906552E-17));
#14103=VECTOR('',#17039,1.0);
#14104=CARTESIAN_POINT('',(-3.16,4.11,7.95994129984546E-17));
#14105=CARTESIAN_POINT('',(-3.115,4.155,8.51101415906552E-17));
#14106=VECTOR('',#17040,1.0);
#14107=AXIS2_PLACEMENT_3D('',#17041,#17042,#17043);
#14108=COLOUR_RGB('',0.811764717102051,0.811764717102051,0.811764717102051);
#14109=CARTESIAN_POINT('',(-4.46,4.04301867843887,0.0));
#14110=CARTESIAN_POINT('',(-4.46,4.07650933921943,-7.95994129984545E-17));
#14111=VECTOR('',#17044,1.0);
#14112=CARTESIAN_POINT('',(-3.16,4.04301867843887,7.95994129984546E-17));
#14113=CARTESIAN_POINT('',(-3.16,4.07650933921943,7.95994129984546E-17));
#14114=VECTOR('',#17045,1.0);
#14115=AXIS2_PLACEMENT_3D('',#17046,#17047,#17048);
#14116=COLOUR_RGB('',0.811764717102051,0.811764717102051,0.811764717102051);
#14117=CARTESIAN_POINT('',(-4.42,4.04301867843887,0.0));
#14118=CARTESIAN_POINT('',(-4.33,3.98,0.0));
#14119=CARTESIAN_POINT('',(-4.375,4.01150933921943,-6.91902589909644E-17));
#14120=VECTOR('',#17049,1.0);
#14121=CARTESIAN_POINT('',(-3.2,4.04301867843887,7.4700987583165E-17));
#14122=AXIS2_PLACEMENT_3D('',#17050,#17051,#17052);
#14123=CARTESIAN_POINT('',(-3.29,3.98,6.36795303987636E-17));
#14124=CARTESIAN_POINT('',(-3.245,4.01150933921943,6.91902589909643E-17));
#14125=VECTOR('',#17053,1.0);
#14126=AXIS2_PLACEMENT_3D('',#17054,#17055,#17056);
#14127=COLOUR_RGB('',0.811764717102051,0.811764717102051,0.811764717102051);
#14128=CARTESIAN_POINT('',(-4.33,3.51301867843887,0.0));
#14129=CARTESIAN_POINT('',(-4.33,3.74650933921944,-6.36795303987636E-17));
#14130=VECTOR('',#17057,1.0);
#14131=CARTESIAN_POINT('',(-3.29,3.51301867843887,6.36795303987636E-17));
#14132=CARTESIAN_POINT('',(-3.29,3.74650933921944,6.36795303987636E-17));
#14133=VECTOR('',#17058,1.0);
#14134=AXIS2_PLACEMENT_3D('',#17059,#17060,#17061);
#14135=COLOUR_RGB('',0.811764717102051,0.811764717102051,0.811764717102051);
#14136=CARTESIAN_POINT('',(-4.21644529965884,2.72995086353911,-4.97735496443456E-17));
#14137=VECTOR('',#17062,1.0);
#14138=CARTESIAN_POINT('',(-3.40355470034116,2.72995086353911,4.97735496443456E-17));
#14139=VECTOR('',#17063,1.0);
#14140=COLOUR_RGB('',0.811764717102051,0.811764717102051,0.811764717102051);
#14141=CARTESIAN_POINT('',(-1.27,1.81626217769223,0.314986030724104));
#14142=AXIS2_PLACEMENT_3D('',#17064,#17065,#17066);
#14143=CARTESIAN_POINT('',(-1.5849860307241,1.81626217769223,0.0));
#14144=AXIS2_PLACEMENT_3D('',#17067,#17068,#17069);
#14145=CARTESIAN_POINT('',(-1.27,1.81626217769223,-0.314986030724104));
#14146=AXIS2_PLACEMENT_3D('',#17070,#17071,#17072);
#14147=AXIS2_PLACEMENT_3D('',#17073,#17074,#17075);
#14148=COLOUR_RGB('',0.811764717102051,0.811764717102051,0.811764717102051);
#14149=CARTESIAN_POINT('',(-1.67972539731219,1.8,0.0));
#14150=CARTESIAN_POINT('',(-1.63235571401815,1.80813108884611,-4.43743109730467E-17));
#14151=VECTOR('',#17076,1.0);
#14152=CARTESIAN_POINT('',(-0.955013969275895,1.81626217769223,3.85733894590028E-17));
#14153=AXIS2_PLACEMENT_3D('',#17077,#17078,#17079);
#14154=CARTESIAN_POINT('',(-0.86027460268781,1.8,5.01752324870906E-17));
#14155=CARTESIAN_POINT('',(-0.907644285981853,1.80813108884611,4.43743109730467E-17));
#14156=VECTOR('',#17080,1.0);
#14157=AXIS2_PLACEMENT_3D('',#17081,#17082,#17083);
#14158=COLOUR_RGB('',0.811764717102051,0.811764717102051,0.811764717102051);
#14159=CARTESIAN_POINT('',(-1.92,3.50109028386995,0.0));
#14160=CARTESIAN_POINT('',(-1.79986269865609,2.65054514193498,-6.48873227427726E-17));
#14161=VECTOR('',#17084,1.0);
#14162=CARTESIAN_POINT('',(-0.619999999999999,3.50109028386995,7.95994129984545E-17));
#14163=AXIS2_PLACEMENT_3D('',#17085,#17086,#17087);
#14164=CARTESIAN_POINT('',(-0.740137301343905,2.65054514193498,6.48873227427726E-17));
#14165=VECTOR('',#17088,1.0);
#14166=AXIS2_PLACEMENT_3D('',#17089,#17090,#17091);
#14167=COLOUR_RGB('',0.811764717102051,0.811764717102051,0.811764717102051);
#14168=CARTESIAN_POINT('',(-1.92,0.5,0.0));
#14169=CARTESIAN_POINT('',(-1.92,2.00054514193498,-7.95994129984545E-17));
#14170=VECTOR('',#17092,1.0);
#14171=AXIS2_PLACEMENT_3D('',#17093,#17094,#17095);
#14172=CARTESIAN_POINT('',(-0.619999999999999,0.5,7.95994129984545E-17));
#14173=CARTESIAN_POINT('',(-0.619999999999999,2.00054514193498,7.95994129984545E-17));
#14174=VECTOR('',#17096,1.0);
#14175=AXIS2_PLACEMENT_3D('',#17097,#17098,#17099);
#14176=COLOUR_RGB('',0.811764717102051,0.811764717102051,0.811764717102051);
#14177=CARTESIAN_POINT('',(-1.27,0.12472232502675,0.0));
#14178=CARTESIAN_POINT('',(-0.945,0.312361162513375,3.97997064992273E-17));
#14179=VECTOR('',#17100,1.0);
#14180=CARTESIAN_POINT('',(-1.595,0.312361162513375,-3.97997064992273E-17));
#14181=VECTOR('',#17101,1.0);
#14182=COLOUR_RGB('',0.811764717102051,0.811764717102051,0.811764717102051);
#14183=CARTESIAN_POINT('',(-2.01,4.201,-9.06208701828559E-17));
#14184=CARTESIAN_POINT('',(-2.01,4.2,0.0));
#14185=CARTESIAN_POINT('',(-2.01,4.2005,-9.06208701828559E-17));
#14186=VECTOR('',#17102,1.0);
#14187=CARTESIAN_POINT('',(-0.53,4.201,9.06208701828559E-17));
#14188=AXIS2_PLACEMENT_3D('',#17103,#17104,#17105);
#14189=CARTESIAN_POINT('',(-0.53,4.2,9.06208701828559E-17));
#14190=CARTESIAN_POINT('',(-0.53,4.2005,9.06208701828559E-17));
#14191=VECTOR('',#17106,1.0);
#14192=AXIS2_PLACEMENT_3D('',#17107,#17108,#17109);
#14193=COLOUR_RGB('',0.811764717102051,0.811764717102051,0.811764717102051);
#14194=CARTESIAN_POINT('',(-1.92,4.11,0.0));
#14195=CARTESIAN_POINT('',(-1.965,4.155,-8.51101415906552E-17));
#14196=VECTOR('',#17110,1.0);
#14197=CARTESIAN_POINT('',(-0.619999999999999,4.11,7.95994129984545E-17));
#14198=CARTESIAN_POINT('',(-0.575,4.155,8.51101415906552E-17));
#14199=VECTOR('',#17111,1.0);
#14200=AXIS2_PLACEMENT_3D('',#17112,#17113,#17114);
#14201=COLOUR_RGB('',0.811764717102051,0.811764717102051,0.811764717102051);
#14202=CARTESIAN_POINT('',(-1.92,4.04301867843887,0.0));
#14203=CARTESIAN_POINT('',(-1.92,4.07650933921943,-7.95994129984545E-17));
#14204=VECTOR('',#17115,1.0);
#14205=CARTESIAN_POINT('',(-0.619999999999999,4.04301867843887,7.95994129984545E-17));
#14206=CARTESIAN_POINT('',(-0.619999999999999,4.07650933921943,7.95994129984545E-17));
#14207=VECTOR('',#17116,1.0);
#14208=AXIS2_PLACEMENT_3D('',#17117,#17118,#17119);
#14209=COLOUR_RGB('',0.811764717102051,0.811764717102051,0.811764717102051);
#14210=CARTESIAN_POINT('',(-1.88,4.04301867843887,0.0));
#14211=CARTESIAN_POINT('',(-1.79,3.98,0.0));
#14212=CARTESIAN_POINT('',(-1.835,4.01150933921943,-6.91902589909643E-17));
#14213=VECTOR('',#17120,1.0);
#14214=CARTESIAN_POINT('',(-0.659999999999999,4.04301867843887,7.4700987583165E-17));
#14215=AXIS2_PLACEMENT_3D('',#17121,#17122,#17123);
#14216=CARTESIAN_POINT('',(-0.749999999999999,3.98,6.36795303987636E-17));
#14217=CARTESIAN_POINT('',(-0.704999999999999,4.01150933921943,6.91902589909643E-17));
#14218=VECTOR('',#17124,1.0);
#14219=AXIS2_PLACEMENT_3D('',#17125,#17126,#17127);
#14220=COLOUR_RGB('',0.811764717102051,0.811764717102051,0.811764717102051);
#14221=CARTESIAN_POINT('',(-1.79,3.51301867843887,0.0));
#14222=CARTESIAN_POINT('',(-1.79,3.74650933921944,-6.36795303987636E-17));
#14223=VECTOR('',#17128,1.0);
#14224=CARTESIAN_POINT('',(-0.749999999999999,3.51301867843887,6.36795303987636E-17));
#14225=CARTESIAN_POINT('',(-0.749999999999999,3.74650933921944,6.36795303987636E-17));
#14226=VECTOR('',#17129,1.0);
#14227=AXIS2_PLACEMENT_3D('',#17130,#17131,#17132);
#14228=COLOUR_RGB('',0.811764717102051,0.811764717102051,0.811764717102051);
#14229=CARTESIAN_POINT('',(-1.67644529965884,2.72995086353911,-4.97735496443456E-17));
#14230=VECTOR('',#17133,1.0);
#14231=CARTESIAN_POINT('',(-0.86355470034116,2.72995086353911,4.97735496443456E-17));
#14232=VECTOR('',#17134,1.0);
#14233=COLOUR_RGB('',0.811764717102051,0.811764717102051,0.811764717102051);
#14234=CARTESIAN_POINT('',(1.27,1.81626217769223,0.314986030724104));
#14235=AXIS2_PLACEMENT_3D('',#17135,#17136,#17137);
#14236=CARTESIAN_POINT('',(0.955013969275896,1.81626217769223,0.0));
#14237=AXIS2_PLACEMENT_3D('',#17138,#17139,#17140);
#14238=CARTESIAN_POINT('',(1.27,1.81626217769223,-0.314986030724104));
#14239=AXIS2_PLACEMENT_3D('',#17141,#17142,#17143);
#14240=AXIS2_PLACEMENT_3D('',#17144,#17145,#17146);
#14241=COLOUR_RGB('',0.811764717102051,0.811764717102051,0.811764717102051);
#14242=CARTESIAN_POINT('',(0.860274602687809,1.8,0.0));
#14243=CARTESIAN_POINT('',(0.907644285981853,1.80813108884611,-4.43743109730467E-17));
#14244=VECTOR('',#17147,1.0);
#14245=CARTESIAN_POINT('',(1.5849860307241,1.81626217769223,3.85733894590028E-17));
#14246=AXIS2_PLACEMENT_3D('',#17148,#17149,#17150);
#14247=CARTESIAN_POINT('',(1.67972539731219,1.8,5.01752324870906E-17));
#14248=CARTESIAN_POINT('',(1.63235571401815,1.80813108884611,4.43743109730467E-17));
#14249=VECTOR('',#17151,1.0);
#14250=AXIS2_PLACEMENT_3D('',#17152,#17153,#17154);
#14251=COLOUR_RGB('',0.811764717102051,0.811764717102051,0.811764717102051);
#14252=CARTESIAN_POINT('',(0.619999999999999,3.50109028386995,0.0));
#14253=CARTESIAN_POINT('',(0.740137301343905,2.65054514193498,-6.48873227427726E-17));
#14254=VECTOR('',#17155,1.0);
#14255=CARTESIAN_POINT('',(1.92,3.50109028386995,7.95994129984545E-17));
#14256=AXIS2_PLACEMENT_3D('',#17156,#17157,#17158);
#14257=CARTESIAN_POINT('',(1.79986269865609,2.65054514193498,6.48873227427726E-17));
#14258=VECTOR('',#17159,1.0);
#14259=AXIS2_PLACEMENT_3D('',#17160,#17161,#17162);
#14260=COLOUR_RGB('',0.811764717102051,0.811764717102051,0.811764717102051);
#14261=CARTESIAN_POINT('',(0.619999999999999,0.5,0.0));
#14262=CARTESIAN_POINT('',(0.619999999999999,2.00054514193498,-7.95994129984545E-17));
#14263=VECTOR('',#17163,1.0);
#14264=AXIS2_PLACEMENT_3D('',#17164,#17165,#17166);
#14265=CARTESIAN_POINT('',(1.92,0.5,7.95994129984545E-17));
#14266=CARTESIAN_POINT('',(1.92,2.00054514193498,7.95994129984545E-17));
#14267=VECTOR('',#17167,1.0);
#14268=AXIS2_PLACEMENT_3D('',#17168,#17169,#17170);
#14269=COLOUR_RGB('',0.811764717102051,0.811764717102051,0.811764717102051);
#14270=CARTESIAN_POINT('',(1.27,0.12472232502675,0.0));
#14271=CARTESIAN_POINT('',(1.595,0.312361162513375,3.97997064992273E-17));
#14272=VECTOR('',#17171,1.0);
#14273=CARTESIAN_POINT('',(0.945,0.312361162513375,-3.97997064992273E-17));
#14274=VECTOR('',#17172,1.0);
#14275=COLOUR_RGB('',0.811764717102051,0.811764717102051,0.811764717102051);
#14276=CARTESIAN_POINT('',(0.529999999999999,4.201,-9.06208701828559E-17));
#14277=CARTESIAN_POINT('',(0.529999999999999,4.2,0.0));
#14278=CARTESIAN_POINT('',(0.529999999999999,4.2005,-9.06208701828559E-17));
#14279=VECTOR('',#17173,1.0);
#14280=CARTESIAN_POINT('',(2.01,4.201,9.06208701828559E-17));
#14281=AXIS2_PLACEMENT_3D('',#17174,#17175,#17176);
#14282=CARTESIAN_POINT('',(2.01,4.2,9.06208701828559E-17));
#14283=CARTESIAN_POINT('',(2.01,4.2005,9.06208701828559E-17));
#14284=VECTOR('',#17177,1.0);
#14285=AXIS2_PLACEMENT_3D('',#17178,#17179,#17180);
#14286=COLOUR_RGB('',0.811764717102051,0.811764717102051,0.811764717102051);
#14287=CARTESIAN_POINT('',(0.619999999999999,4.11,0.0));
#14288=CARTESIAN_POINT('',(0.575,4.155,-8.51101415906552E-17));
#14289=VECTOR('',#17181,1.0);
#14290=CARTESIAN_POINT('',(1.92,4.11,7.95994129984545E-17));
#14291=CARTESIAN_POINT('',(1.965,4.155,8.51101415906552E-17));
#14292=VECTOR('',#17182,1.0);
#14293=AXIS2_PLACEMENT_3D('',#17183,#17184,#17185);
#14294=COLOUR_RGB('',0.811764717102051,0.811764717102051,0.811764717102051);
#14295=CARTESIAN_POINT('',(0.619999999999999,4.04301867843887,0.0));
#14296=CARTESIAN_POINT('',(0.619999999999999,4.07650933921943,-7.95994129984545E-17));
#14297=VECTOR('',#17186,1.0);
#14298=CARTESIAN_POINT('',(1.92,4.04301867843887,7.95994129984545E-17));
#14299=CARTESIAN_POINT('',(1.92,4.07650933921943,7.95994129984545E-17));
#14300=VECTOR('',#17187,1.0);
#14301=AXIS2_PLACEMENT_3D('',#17188,#17189,#17190);
#14302=COLOUR_RGB('',0.811764717102051,0.811764717102051,0.811764717102051);
#14303=CARTESIAN_POINT('',(0.66,4.04301867843887,0.0));
#14304=CARTESIAN_POINT('',(0.75,3.98,0.0));
#14305=CARTESIAN_POINT('',(0.704999999999999,4.01150933921943,-6.91902589909643E-17));
#14306=VECTOR('',#17191,1.0);
#14307=CARTESIAN_POINT('',(1.88,4.04301867843887,7.4700987583165E-17));
#14308=AXIS2_PLACEMENT_3D('',#17192,#17193,#17194);
#14309=CARTESIAN_POINT('',(1.79,3.98,6.36795303987636E-17));
#14310=CARTESIAN_POINT('',(1.835,4.01150933921943,6.91902589909643E-17));
#14311=VECTOR('',#17195,1.0);
#14312=AXIS2_PLACEMENT_3D('',#17196,#17197,#17198);
#14313=COLOUR_RGB('',0.811764717102051,0.811764717102051,0.811764717102051);
#14314=CARTESIAN_POINT('',(0.75,3.51301867843887,0.0));
#14315=CARTESIAN_POINT('',(0.749999999999999,3.74650933921944,-6.36795303987636E-17));
#14316=VECTOR('',#17199,1.0);
#14317=CARTESIAN_POINT('',(1.79,3.51301867843887,6.36795303987636E-17));
#14318=CARTESIAN_POINT('',(1.79,3.74650933921944,6.36795303987636E-17));
#14319=VECTOR('',#17200,1.0);
#14320=AXIS2_PLACEMENT_3D('',#17201,#17202,#17203);
#14321=COLOUR_RGB('',0.811764717102051,0.811764717102051,0.811764717102051);
#14322=CARTESIAN_POINT('',(0.86355470034116,2.72995086353911,-4.97735496443456E-17));
#14323=VECTOR('',#17204,1.0);
#14324=CARTESIAN_POINT('',(1.67644529965884,2.72995086353911,4.97735496443456E-17));
#14325=VECTOR('',#17205,1.0);
#14326=COLOUR_RGB('',0.811764717102051,0.811764717102051,0.811764717102051);
#14327=CARTESIAN_POINT('',(3.81,1.81626217769223,0.314986030724104));
#14328=AXIS2_PLACEMENT_3D('',#17206,#17207,#17208);
#14329=CARTESIAN_POINT('',(3.4950139692759,1.81626217769223,0.0));
#14330=AXIS2_PLACEMENT_3D('',#17209,#17210,#17211);
#14331=CARTESIAN_POINT('',(3.81,1.81626217769223,-0.314986030724104));
#14332=AXIS2_PLACEMENT_3D('',#17212,#17213,#17214);
#14333=AXIS2_PLACEMENT_3D('',#17215,#17216,#17217);
#14334=COLOUR_RGB('',0.811764717102051,0.811764717102051,0.811764717102051);
#14335=CARTESIAN_POINT('',(3.40027460268781,1.8,0.0));
#14336=CARTESIAN_POINT('',(3.44764428598185,1.80813108884611,-4.43743109730467E-17));
#14337=VECTOR('',#17218,1.0);
#14338=CARTESIAN_POINT('',(4.1249860307241,1.81626217769223,3.85733894590029E-17));
#14339=AXIS2_PLACEMENT_3D('',#17219,#17220,#17221);
#14340=CARTESIAN_POINT('',(4.21972539731219,1.8,5.01752324870905E-17));
#14341=CARTESIAN_POINT('',(4.17235571401815,1.80813108884611,4.43743109730467E-17));
#14342=VECTOR('',#17222,1.0);
#14343=AXIS2_PLACEMENT_3D('',#17223,#17224,#17225);
#14344=COLOUR_RGB('',0.811764717102051,0.811764717102051,0.811764717102051);
#14345=CARTESIAN_POINT('',(3.16,3.50109028386995,0.0));
#14346=CARTESIAN_POINT('',(3.28013730134391,2.65054514193498,-6.48873227427725E-17));
#14347=VECTOR('',#17226,1.0);
#14348=CARTESIAN_POINT('',(4.46,3.50109028386995,7.95994129984546E-17));
#14349=AXIS2_PLACEMENT_3D('',#17227,#17228,#17229);
#14350=CARTESIAN_POINT('',(4.3398626986561,2.65054514193498,6.48873227427725E-17));
#14351=VECTOR('',#17230,1.0);
#14352=AXIS2_PLACEMENT_3D('',#17231,#17232,#17233);
#14353=COLOUR_RGB('',0.811764717102051,0.811764717102051,0.811764717102051);
#14354=CARTESIAN_POINT('',(3.16,0.5,0.0));
#14355=CARTESIAN_POINT('',(3.16,2.00054514193498,-7.95994129984545E-17));
#14356=VECTOR('',#17234,1.0);
#14357=AXIS2_PLACEMENT_3D('',#17235,#17236,#17237);
#14358=CARTESIAN_POINT('',(4.46,0.5,7.95994129984545E-17));
#14359=CARTESIAN_POINT('',(4.46,2.00054514193498,7.95994129984546E-17));
#14360=VECTOR('',#17238,1.0);
#14361=AXIS2_PLACEMENT_3D('',#17239,#17240,#17241);
#14362=COLOUR_RGB('',0.811764717102051,0.811764717102051,0.811764717102051);
#14363=CARTESIAN_POINT('',(3.81,0.12472232502675,0.0));
#14364=CARTESIAN_POINT('',(4.135,0.312361162513375,3.97997064992273E-17));
#14365=VECTOR('',#17242,1.0);
#14366=CARTESIAN_POINT('',(3.485,0.312361162513375,-3.97997064992273E-17));
#14367=VECTOR('',#17243,1.0);
#14368=COLOUR_RGB('',0.811764717102051,0.811764717102051,0.811764717102051);
#14369=CARTESIAN_POINT('',(3.07,4.201,-9.06208701828559E-17));
#14370=CARTESIAN_POINT('',(3.07,4.2,0.0));
#14371=CARTESIAN_POINT('',(3.07,4.2005,-9.06208701828559E-17));
#14372=VECTOR('',#17244,1.0);
#14373=CARTESIAN_POINT('',(4.55,4.201,9.06208701828559E-17));
#14374=AXIS2_PLACEMENT_3D('',#17245,#17246,#17247);
#14375=CARTESIAN_POINT('',(4.55,4.2,9.06208701828559E-17));
#14376=CARTESIAN_POINT('',(4.55,4.2005,9.06208701828559E-17));
#14377=VECTOR('',#17248,1.0);
#14378=AXIS2_PLACEMENT_3D('',#17249,#17250,#17251);
#14379=COLOUR_RGB('',0.811764717102051,0.811764717102051,0.811764717102051);
#14380=CARTESIAN_POINT('',(3.16,4.11,0.0));
#14381=CARTESIAN_POINT('',(3.115,4.155,-8.51101415906552E-17));
#14382=VECTOR('',#17252,1.0);
#14383=CARTESIAN_POINT('',(4.46,4.11,7.95994129984546E-17));
#14384=CARTESIAN_POINT('',(4.505,4.155,8.51101415906552E-17));
#14385=VECTOR('',#17253,1.0);
#14386=AXIS2_PLACEMENT_3D('',#17254,#17255,#17256);
#14387=COLOUR_RGB('',0.811764717102051,0.811764717102051,0.811764717102051);
#14388=CARTESIAN_POINT('',(3.16,4.04301867843887,0.0));
#14389=CARTESIAN_POINT('',(3.16,4.07650933921943,-7.95994129984545E-17));
#14390=VECTOR('',#17257,1.0);
#14391=CARTESIAN_POINT('',(4.46,4.04301867843887,7.95994129984546E-17));
#14392=CARTESIAN_POINT('',(4.46,4.07650933921943,7.95994129984546E-17));
#14393=VECTOR('',#17258,1.0);
#14394=AXIS2_PLACEMENT_3D('',#17259,#17260,#17261);
#14395=COLOUR_RGB('',0.811764717102051,0.811764717102051,0.811764717102051);
#14396=CARTESIAN_POINT('',(3.2,4.04301867843887,0.0));
#14397=CARTESIAN_POINT('',(3.29,3.98,0.0));
#14398=CARTESIAN_POINT('',(3.245,4.01150933921943,-6.91902589909644E-17));
#14399=VECTOR('',#17262,1.0);
#14400=CARTESIAN_POINT('',(4.42,4.04301867843887,7.4700987583165E-17));
#14401=AXIS2_PLACEMENT_3D('',#17263,#17264,#17265);
#14402=CARTESIAN_POINT('',(4.33,3.98,6.36795303987636E-17));
#14403=CARTESIAN_POINT('',(4.375,4.01150933921943,6.91902589909643E-17));
#14404=VECTOR('',#17266,1.0);
#14405=AXIS2_PLACEMENT_3D('',#17267,#17268,#17269);
#14406=COLOUR_RGB('',0.811764717102051,0.811764717102051,0.811764717102051);
#14407=CARTESIAN_POINT('',(3.29,3.51301867843887,0.0));
#14408=CARTESIAN_POINT('',(3.29,3.74650933921944,-6.36795303987636E-17));
#14409=VECTOR('',#17270,1.0);
#14410=CARTESIAN_POINT('',(4.33,3.51301867843887,6.36795303987637E-17));
#14411=CARTESIAN_POINT('',(4.33,3.74650933921944,6.36795303987636E-17));
#14412=VECTOR('',#17271,1.0);
#14413=AXIS2_PLACEMENT_3D('',#17272,#17273,#17274);
#14414=COLOUR_RGB('',0.811764717102051,0.811764717102051,0.811764717102051);
#14415=CARTESIAN_POINT('',(3.40355470034116,2.72995086353911,-4.97735496443456E-17));
#14416=VECTOR('',#17275,1.0);
#14417=CARTESIAN_POINT('',(4.21644529965884,2.72995086353911,4.97735496443456E-17));
#14418=VECTOR('',#17276,1.0);
#14419=COLOUR_RGB('',0.811764717102051,0.811764717102051,0.811764717102051);
#14420=CARTESIAN_POINT('',(6.35,1.81626217769223,0.314986030724104));
#14421=AXIS2_PLACEMENT_3D('',#17277,#17278,#17279);
#14422=CARTESIAN_POINT('',(6.0350139692759,1.81626217769223,0.0));
#14423=AXIS2_PLACEMENT_3D('',#17280,#17281,#17282);
#14424=CARTESIAN_POINT('',(6.35,1.81626217769223,-0.314986030724104));
#14425=AXIS2_PLACEMENT_3D('',#17283,#17284,#17285);
#14426=AXIS2_PLACEMENT_3D('',#17286,#17287,#17288);
#14427=COLOUR_RGB('',0.811764717102051,0.811764717102051,0.811764717102051);
#14428=CARTESIAN_POINT('',(5.94027460268781,1.8,0.0));
#14429=CARTESIAN_POINT('',(5.98764428598185,1.80813108884611,-4.43743109730467E-17));
#14430=VECTOR('',#17289,1.0);
#14431=CARTESIAN_POINT('',(6.66498603072411,1.81626217769223,3.85733894590029E-17));
#14432=AXIS2_PLACEMENT_3D('',#17290,#17291,#17292);
#14433=CARTESIAN_POINT('',(6.75972539731219,1.8,5.01752324870905E-17));
#14434=CARTESIAN_POINT('',(6.71235571401815,1.80813108884611,4.43743109730467E-17));
#14435=VECTOR('',#17293,1.0);
#14436=AXIS2_PLACEMENT_3D('',#17294,#17295,#17296);
#14437=COLOUR_RGB('',0.811764717102051,0.811764717102051,0.811764717102051);
#14438=CARTESIAN_POINT('',(5.7,3.50109028386995,0.0));
#14439=CARTESIAN_POINT('',(5.82013730134391,2.65054514193498,-6.48873227427725E-17));
#14440=VECTOR('',#17297,1.0);
#14441=CARTESIAN_POINT('',(7.0,3.50109028386995,7.95994129984546E-17));
#14442=AXIS2_PLACEMENT_3D('',#17298,#17299,#17300);
#14443=CARTESIAN_POINT('',(6.8798626986561,2.65054514193498,6.48873227427725E-17));
#14444=VECTOR('',#17301,1.0);
#14445=AXIS2_PLACEMENT_3D('',#17302,#17303,#17304);
#14446=COLOUR_RGB('',0.811764717102051,0.811764717102051,0.811764717102051);
#14447=CARTESIAN_POINT('',(5.7,0.5,0.0));
#14448=CARTESIAN_POINT('',(5.7,2.00054514193498,-7.95994129984545E-17));
#14449=VECTOR('',#17305,1.0);
#14450=AXIS2_PLACEMENT_3D('',#17306,#17307,#17308);
#14451=CARTESIAN_POINT('',(7.0,0.5,7.95994129984545E-17));
#14452=CARTESIAN_POINT('',(7.0,2.00054514193498,7.95994129984546E-17));
#14453=VECTOR('',#17309,1.0);
#14454=AXIS2_PLACEMENT_3D('',#17310,#17311,#17312);
#14455=COLOUR_RGB('',0.811764717102051,0.811764717102051,0.811764717102051);
#14456=CARTESIAN_POINT('',(6.35,0.12472232502675,0.0));
#14457=CARTESIAN_POINT('',(6.675,0.312361162513375,3.97997064992273E-17));
#14458=VECTOR('',#17313,1.0);
#14459=CARTESIAN_POINT('',(6.025,0.312361162513375,-3.97997064992273E-17));
#14460=VECTOR('',#17314,1.0);
#14461=COLOUR_RGB('',0.811764717102051,0.811764717102051,0.811764717102051);
#14462=CARTESIAN_POINT('',(5.61,4.201,-9.06208701828559E-17));
#14463=CARTESIAN_POINT('',(5.61,4.2,0.0));
#14464=CARTESIAN_POINT('',(5.61,4.2005,-9.06208701828559E-17));
#14465=VECTOR('',#17315,1.0);
#14466=CARTESIAN_POINT('',(7.09,4.201,9.06208701828559E-17));
#14467=AXIS2_PLACEMENT_3D('',#17316,#17317,#17318);
#14468=CARTESIAN_POINT('',(7.09,4.2,9.06208701828559E-17));
#14469=CARTESIAN_POINT('',(7.09,4.2005,9.06208701828559E-17));
#14470=VECTOR('',#17319,1.0);
#14471=AXIS2_PLACEMENT_3D('',#17320,#17321,#17322);
#14472=COLOUR_RGB('',0.811764717102051,0.811764717102051,0.811764717102051);
#14473=CARTESIAN_POINT('',(5.7,4.11,0.0));
#14474=CARTESIAN_POINT('',(5.655,4.155,-8.51101415906552E-17));
#14475=VECTOR('',#17323,1.0);
#14476=CARTESIAN_POINT('',(7.0,4.11,7.95994129984546E-17));
#14477=CARTESIAN_POINT('',(7.045,4.155,8.51101415906552E-17));
#14478=VECTOR('',#17324,1.0);
#14479=AXIS2_PLACEMENT_3D('',#17325,#17326,#17327);
#14480=COLOUR_RGB('',0.811764717102051,0.811764717102051,0.811764717102051);
#14481=CARTESIAN_POINT('',(5.7,4.04301867843887,0.0));
#14482=CARTESIAN_POINT('',(5.7,4.07650933921943,-7.95994129984545E-17));
#14483=VECTOR('',#17328,1.0);
#14484=CARTESIAN_POINT('',(7.0,4.04301867843887,7.95994129984546E-17));
#14485=CARTESIAN_POINT('',(7.0,4.07650933921943,7.95994129984546E-17));
#14486=VECTOR('',#17329,1.0);
#14487=AXIS2_PLACEMENT_3D('',#17330,#17331,#17332);
#14488=COLOUR_RGB('',0.811764717102051,0.811764717102051,0.811764717102051);
#14489=CARTESIAN_POINT('',(5.74,4.04301867843887,0.0));
#14490=CARTESIAN_POINT('',(5.83,3.98,0.0));
#14491=CARTESIAN_POINT('',(5.785,4.01150933921943,-6.91902589909644E-17));
#14492=VECTOR('',#17333,1.0);
#14493=CARTESIAN_POINT('',(6.96,4.04301867843887,7.4700987583165E-17));
#14494=AXIS2_PLACEMENT_3D('',#17334,#17335,#17336);
#14495=CARTESIAN_POINT('',(6.87,3.98,6.36795303987636E-17));
#14496=CARTESIAN_POINT('',(6.915,4.01150933921943,6.91902589909643E-17));
#14497=VECTOR('',#17337,1.0);
#14498=AXIS2_PLACEMENT_3D('',#17338,#17339,#17340);
#14499=COLOUR_RGB('',0.811764717102051,0.811764717102051,0.811764717102051);
#14500=CARTESIAN_POINT('',(5.83,3.51301867843887,0.0));
#14501=CARTESIAN_POINT('',(5.83,3.74650933921944,-6.36795303987636E-17));
#14502=VECTOR('',#17341,1.0);
#14503=CARTESIAN_POINT('',(6.87,3.51301867843887,6.36795303987637E-17));
#14504=CARTESIAN_POINT('',(6.87,3.74650933921944,6.36795303987636E-17));
#14505=VECTOR('',#17342,1.0);
#14506=AXIS2_PLACEMENT_3D('',#17343,#17344,#17345);
#14507=COLOUR_RGB('',0.811764717102051,0.811764717102051,0.811764717102051);
#14508=CARTESIAN_POINT('',(5.94355470034116,2.72995086353911,-4.97735496443456E-17));
#14509=VECTOR('',#17346,1.0);
#14510=CARTESIAN_POINT('',(6.75644529965884,2.72995086353911,4.97735496443456E-17));
#14511=VECTOR('',#17347,1.0);
#14512=COLOUR_RGB('',0.811764717102051,0.811764717102051,0.811764717102051);
#14513=CARTESIAN_POINT('',(8.89,1.81626217769223,0.314986030724104));
#14514=AXIS2_PLACEMENT_3D('',#17348,#17349,#17350);
#14515=CARTESIAN_POINT('',(8.5750139692759,1.81626217769223,0.0));
#14516=AXIS2_PLACEMENT_3D('',#17351,#17352,#17353);
#14517=CARTESIAN_POINT('',(8.89,1.81626217769223,-0.314986030724104));
#14518=AXIS2_PLACEMENT_3D('',#17354,#17355,#17356);
#14519=AXIS2_PLACEMENT_3D('',#17357,#17358,#17359);
#14520=COLOUR_RGB('',0.811764717102051,0.811764717102051,0.811764717102051);
#14521=CARTESIAN_POINT('',(8.48027460268781,1.8,0.0));
#14522=CARTESIAN_POINT('',(8.52764428598185,1.80813108884611,-4.43743109730467E-17));
#14523=VECTOR('',#17360,1.0);
#14524=CARTESIAN_POINT('',(9.2049860307241,1.81626217769223,3.85733894590029E-17));
#14525=AXIS2_PLACEMENT_3D('',#17361,#17362,#17363);
#14526=CARTESIAN_POINT('',(9.29972539731219,1.8,5.01752324870907E-17));
#14527=CARTESIAN_POINT('',(9.25235571401815,1.80813108884611,4.43743109730467E-17));
#14528=VECTOR('',#17364,1.0);
#14529=AXIS2_PLACEMENT_3D('',#17365,#17366,#17367);
#14530=COLOUR_RGB('',0.811764717102051,0.811764717102051,0.811764717102051);
#14531=CARTESIAN_POINT('',(8.24,3.50109028386995,0.0));
#14532=CARTESIAN_POINT('',(8.36013730134391,2.65054514193498,-6.48873227427726E-17));
#14533=VECTOR('',#17368,1.0);
#14534=CARTESIAN_POINT('',(9.54,3.50109028386995,7.95994129984546E-17));
#14535=AXIS2_PLACEMENT_3D('',#17369,#17370,#17371);
#14536=CARTESIAN_POINT('',(9.41986269865609,2.65054514193498,6.48873227427726E-17));
#14537=VECTOR('',#17372,1.0);
#14538=AXIS2_PLACEMENT_3D('',#17373,#17374,#17375);
#14539=COLOUR_RGB('',0.811764717102051,0.811764717102051,0.811764717102051);
#14540=CARTESIAN_POINT('',(8.24,0.5,0.0));
#14541=CARTESIAN_POINT('',(8.24,2.00054514193498,-7.95994129984545E-17));
#14542=VECTOR('',#17376,1.0);
#14543=AXIS2_PLACEMENT_3D('',#17377,#17378,#17379);
#14544=CARTESIAN_POINT('',(9.54,0.5,7.95994129984546E-17));
#14545=CARTESIAN_POINT('',(9.54,2.00054514193498,7.95994129984546E-17));
#14546=VECTOR('',#17380,1.0);
#14547=AXIS2_PLACEMENT_3D('',#17381,#17382,#17383);
#14548=COLOUR_RGB('',0.811764717102051,0.811764717102051,0.811764717102051);
#14549=CARTESIAN_POINT('',(8.89,0.12472232502675,0.0));
#14550=CARTESIAN_POINT('',(9.215,0.312361162513375,3.97997064992274E-17));
#14551=VECTOR('',#17384,1.0);
#14552=CARTESIAN_POINT('',(8.565,0.312361162513375,-3.97997064992272E-17));
#14553=VECTOR('',#17385,1.0);
#14554=COLOUR_RGB('',0.811764717102051,0.811764717102051,0.811764717102051);
#14555=CARTESIAN_POINT('',(8.15,4.201,-9.06208701828559E-17));
#14556=CARTESIAN_POINT('',(8.15,4.2,0.0));
#14557=CARTESIAN_POINT('',(8.15,4.2005,-9.06208701828559E-17));
#14558=VECTOR('',#17386,1.0);
#14559=CARTESIAN_POINT('',(9.63,4.201,9.06208701828559E-17));
#14560=AXIS2_PLACEMENT_3D('',#17387,#17388,#17389);
#14561=CARTESIAN_POINT('',(9.63,4.2,9.06208701828559E-17));
#14562=CARTESIAN_POINT('',(9.63,4.2005,9.06208701828559E-17));
#14563=VECTOR('',#17390,1.0);
#14564=AXIS2_PLACEMENT_3D('',#17391,#17392,#17393);
#14565=COLOUR_RGB('',0.811764717102051,0.811764717102051,0.811764717102051);
#14566=CARTESIAN_POINT('',(8.24,4.11,0.0));
#14567=CARTESIAN_POINT('',(8.195,4.155,-8.51101415906552E-17));
#14568=VECTOR('',#17394,1.0);
#14569=CARTESIAN_POINT('',(9.54,4.11,7.95994129984546E-17));
#14570=CARTESIAN_POINT('',(9.585,4.155,8.51101415906552E-17));
#14571=VECTOR('',#17395,1.0);
#14572=AXIS2_PLACEMENT_3D('',#17396,#17397,#17398);
#14573=COLOUR_RGB('',0.811764717102051,0.811764717102051,0.811764717102051);
#14574=CARTESIAN_POINT('',(8.24,4.04301867843887,0.0));
#14575=CARTESIAN_POINT('',(8.24,4.07650933921943,-7.95994129984545E-17));
#14576=VECTOR('',#17399,1.0);
#14577=CARTESIAN_POINT('',(9.54,4.04301867843887,7.95994129984546E-17));
#14578=CARTESIAN_POINT('',(9.54,4.07650933921943,7.95994129984546E-17));
#14579=VECTOR('',#17400,1.0);
#14580=AXIS2_PLACEMENT_3D('',#17401,#17402,#17403);
#14581=COLOUR_RGB('',0.811764717102051,0.811764717102051,0.811764717102051);
#14582=CARTESIAN_POINT('',(8.28,4.04301867843887,0.0));
#14583=CARTESIAN_POINT('',(8.37,3.98,0.0));
#14584=CARTESIAN_POINT('',(8.325,4.01150933921943,-6.91902589909643E-17));
#14585=VECTOR('',#17404,1.0);
#14586=CARTESIAN_POINT('',(9.5,4.04301867843887,7.47009875831651E-17));
#14587=AXIS2_PLACEMENT_3D('',#17405,#17406,#17407);
#14588=CARTESIAN_POINT('',(9.41,3.98,6.36795303987637E-17));
#14589=CARTESIAN_POINT('',(9.455,4.01150933921943,6.91902589909644E-17));
#14590=VECTOR('',#17408,1.0);
#14591=AXIS2_PLACEMENT_3D('',#17409,#17410,#17411);
#14592=COLOUR_RGB('',0.811764717102051,0.811764717102051,0.811764717102051);
#14593=CARTESIAN_POINT('',(8.37,3.51301867843887,0.0));
#14594=CARTESIAN_POINT('',(8.37,3.74650933921944,-6.36795303987637E-17));
#14595=VECTOR('',#17412,1.0);
#14596=CARTESIAN_POINT('',(9.41,3.51301867843887,6.36795303987637E-17));
#14597=CARTESIAN_POINT('',(9.41,3.74650933921944,6.36795303987637E-17));
#14598=VECTOR('',#17413,1.0);
#14599=AXIS2_PLACEMENT_3D('',#17414,#17415,#17416);
#14600=COLOUR_RGB('',0.811764717102051,0.811764717102051,0.811764717102051);
#14601=CARTESIAN_POINT('',(8.48355470034116,2.72995086353911,-4.97735496443456E-17));
#14602=VECTOR('',#17417,1.0);
#14603=CARTESIAN_POINT('',(9.29644529965884,2.72995086353911,4.97735496443456E-17));
#14604=VECTOR('',#17418,1.0);
#14605=COLOUR_RGB('',0.811764717102051,0.811764717102051,0.811764717102051);
#14606=CARTESIAN_POINT('',(11.43,1.81626217769223,0.314986030724104));
#14607=AXIS2_PLACEMENT_3D('',#17419,#17420,#17421);
#14608=CARTESIAN_POINT('',(11.1150139692759,1.81626217769223,0.0));
#14609=AXIS2_PLACEMENT_3D('',#17422,#17423,#17424);
#14610=CARTESIAN_POINT('',(11.43,1.81626217769223,-0.314986030724104));
#14611=AXIS2_PLACEMENT_3D('',#17425,#17426,#17427);
#14612=AXIS2_PLACEMENT_3D('',#17428,#17429,#17430);
#14613=COLOUR_RGB('',0.811764717102051,0.811764717102051,0.811764717102051);
#14614=CARTESIAN_POINT('',(11.0202746026878,1.8,0.0));
#14615=CARTESIAN_POINT('',(11.0676442859819,1.80813108884611,-4.43743109730467E-17));
#14616=VECTOR('',#17431,1.0);
#14617=CARTESIAN_POINT('',(11.7449860307241,1.81626217769223,3.85733894590029E-17));
#14618=AXIS2_PLACEMENT_3D('',#17432,#17433,#17434);
#14619=CARTESIAN_POINT('',(11.8397253973122,1.8,5.01752324870907E-17));
#14620=CARTESIAN_POINT('',(11.7923557140181,1.80813108884611,4.43743109730467E-17));
#14621=VECTOR('',#17435,1.0);
#14622=AXIS2_PLACEMENT_3D('',#17436,#17437,#17438);
#14623=COLOUR_RGB('',0.811764717102051,0.811764717102051,0.811764717102051);
#14624=CARTESIAN_POINT('',(10.78,3.50109028386995,0.0));
#14625=CARTESIAN_POINT('',(10.9001373013439,2.65054514193498,-6.48873227427726E-17));
#14626=VECTOR('',#17439,1.0);
#14627=CARTESIAN_POINT('',(12.08,3.50109028386995,7.95994129984546E-17));
#14628=AXIS2_PLACEMENT_3D('',#17440,#17441,#17442);
#14629=CARTESIAN_POINT('',(11.9598626986561,2.65054514193498,6.48873227427726E-17));
#14630=VECTOR('',#17443,1.0);
#14631=AXIS2_PLACEMENT_3D('',#17444,#17445,#17446);
#14632=COLOUR_RGB('',0.811764717102051,0.811764717102051,0.811764717102051);
#14633=CARTESIAN_POINT('',(10.78,0.5,0.0));
#14634=CARTESIAN_POINT('',(10.78,2.00054514193498,-7.95994129984545E-17));
#14635=VECTOR('',#17447,1.0);
#14636=AXIS2_PLACEMENT_3D('',#17448,#17449,#17450);
#14637=CARTESIAN_POINT('',(12.08,0.5,7.95994129984546E-17));
#14638=CARTESIAN_POINT('',(12.08,2.00054514193498,7.95994129984546E-17));
#14639=VECTOR('',#17451,1.0);
#14640=AXIS2_PLACEMENT_3D('',#17452,#17453,#17454);
#14641=COLOUR_RGB('',0.811764717102051,0.811764717102051,0.811764717102051);
#14642=CARTESIAN_POINT('',(11.43,0.12472232502675,0.0));
#14643=CARTESIAN_POINT('',(11.755,0.312361162513375,3.97997064992274E-17));
#14644=VECTOR('',#17455,1.0);
#14645=CARTESIAN_POINT('',(11.105,0.312361162513375,-3.97997064992272E-17));
#14646=VECTOR('',#17456,1.0);
#14647=COLOUR_RGB('',0.811764717102051,0.811764717102051,0.811764717102051);
#14648=CARTESIAN_POINT('',(10.69,4.201,-9.06208701828559E-17));
#14649=CARTESIAN_POINT('',(10.69,4.2,0.0));
#14650=CARTESIAN_POINT('',(10.69,4.2005,-9.06208701828559E-17));
#14651=VECTOR('',#17457,1.0);
#14652=CARTESIAN_POINT('',(12.17,4.201,9.06208701828559E-17));
#14653=AXIS2_PLACEMENT_3D('',#17458,#17459,#17460);
#14654=CARTESIAN_POINT('',(12.17,4.2,9.06208701828559E-17));
#14655=CARTESIAN_POINT('',(12.17,4.2005,9.06208701828559E-17));
#14656=VECTOR('',#17461,1.0);
#14657=AXIS2_PLACEMENT_3D('',#17462,#17463,#17464);
#14658=COLOUR_RGB('',0.811764717102051,0.811764717102051,0.811764717102051);
#14659=CARTESIAN_POINT('',(10.78,4.11,0.0));
#14660=CARTESIAN_POINT('',(10.735,4.155,-8.51101415906552E-17));
#14661=VECTOR('',#17465,1.0);
#14662=CARTESIAN_POINT('',(12.08,4.11,7.95994129984546E-17));
#14663=CARTESIAN_POINT('',(12.125,4.155,8.51101415906552E-17));
#14664=VECTOR('',#17466,1.0);
#14665=AXIS2_PLACEMENT_3D('',#17467,#17468,#17469);
#14666=COLOUR_RGB('',0.811764717102051,0.811764717102051,0.811764717102051);
#14667=CARTESIAN_POINT('',(10.78,4.04301867843887,0.0));
#14668=CARTESIAN_POINT('',(10.78,4.07650933921943,-7.95994129984545E-17));
#14669=VECTOR('',#17470,1.0);
#14670=CARTESIAN_POINT('',(12.08,4.04301867843887,7.95994129984546E-17));
#14671=CARTESIAN_POINT('',(12.08,4.07650933921943,7.95994129984546E-17));
#14672=VECTOR('',#17471,1.0);
#14673=AXIS2_PLACEMENT_3D('',#17472,#17473,#17474);
#14674=COLOUR_RGB('',0.811764717102051,0.811764717102051,0.811764717102051);
#14675=CARTESIAN_POINT('',(10.82,4.04301867843887,0.0));
#14676=CARTESIAN_POINT('',(10.91,3.98,0.0));
#14677=CARTESIAN_POINT('',(10.865,4.01150933921943,-6.91902589909643E-17));
#14678=VECTOR('',#17475,1.0);
#14679=CARTESIAN_POINT('',(12.04,4.04301867843887,7.47009875831651E-17));
#14680=AXIS2_PLACEMENT_3D('',#17476,#17477,#17478);
#14681=CARTESIAN_POINT('',(11.95,3.98,6.36795303987637E-17));
#14682=CARTESIAN_POINT('',(11.995,4.01150933921943,6.91902589909644E-17));
#14683=VECTOR('',#17479,1.0);
#14684=AXIS2_PLACEMENT_3D('',#17480,#17481,#17482);
#14685=COLOUR_RGB('',0.811764717102051,0.811764717102051,0.811764717102051);
#14686=CARTESIAN_POINT('',(10.91,3.51301867843887,0.0));
#14687=CARTESIAN_POINT('',(10.91,3.74650933921944,-6.36795303987637E-17));
#14688=VECTOR('',#17483,1.0);
#14689=CARTESIAN_POINT('',(11.95,3.51301867843887,6.36795303987637E-17));
#14690=CARTESIAN_POINT('',(11.95,3.74650933921944,6.36795303987637E-17));
#14691=VECTOR('',#17484,1.0);
#14692=AXIS2_PLACEMENT_3D('',#17485,#17486,#17487);
#14693=COLOUR_RGB('',0.811764717102051,0.811764717102051,0.811764717102051);
#14694=CARTESIAN_POINT('',(11.0235547003412,2.72995086353911,-4.97735496443456E-17));
#14695=VECTOR('',#17488,1.0);
#14696=CARTESIAN_POINT('',(11.8364452996588,2.72995086353911,4.97735496443456E-17));
#14697=VECTOR('',#17489,1.0);
#14698=COLOUR_RGB('',0.811764717102051,0.811764717102051,0.811764717102051);
#14699=AXIS2_PLACEMENT_3D('',#17490,#17491,#17492);
#14700=COLOUR_RGB('',0.811764717102051,0.811764717102051,0.811764717102051);
#14701=AXIS2_PLACEMENT_3D('',#17493,#17494,#17495);
#14702=COLOUR_RGB('',0.811764717102051,0.811764717102051,0.811764717102051);
#14703=AXIS2_PLACEMENT_3D('',#17496,#17497,#17498);
#14704=COLOUR_RGB('',0.811764717102051,0.811764717102051,0.811764717102051);
#14705=AXIS2_PLACEMENT_3D('',#17499,#17500,#17501);
#14706=COLOUR_RGB('',0.811764717102051,0.811764717102051,0.811764717102051);
#14707=AXIS2_PLACEMENT_3D('',#17502,#17503,#17504);
#14708=COLOUR_RGB('',0.811764717102051,0.811764717102051,0.811764717102051);
#14709=AXIS2_PLACEMENT_3D('',#17505,#17506,#17507);
#14710=COLOUR_RGB('',0.811764717102051,0.811764717102051,0.811764717102051);
#14711=AXIS2_PLACEMENT_3D('',#17508,#17509,#17510);
#14712=COLOUR_RGB('',0.811764717102051,0.811764717102051,0.811764717102051);
#14713=AXIS2_PLACEMENT_3D('',#17511,#17512,#17513);
#14714=COLOUR_RGB('',0.811764717102051,0.811764717102051,0.811764717102051);
#14715=COLOUR_RGB('',0.811764717102051,0.811764717102051,0.811764717102051);
#14716=COLOUR_RGB('',0.811764717102051,0.811764717102051,0.811764717102051);
#14717=AXIS2_PLACEMENT_3D('',#17514,#17515,#17516);
#14718=COLOUR_RGB('',0.811764717102051,0.811764717102051,0.811764717102051);
#14719=COLOUR_RGB('',0.811764717102051,0.811764717102051,0.811764717102051);
#14720=AXIS2_PLACEMENT_3D('',#17517,#17518,#17519);
#14721=COLOUR_RGB('',0.811764717102051,0.811764717102051,0.811764717102051);
#14722=AXIS2_PLACEMENT_3D('',#17520,#17521,#17522);
#14723=COLOUR_RGB('',0.811764717102051,0.811764717102051,0.811764717102051);
#14724=AXIS2_PLACEMENT_3D('',#17523,#17524,#17525);
#14725=COLOUR_RGB('',0.811764717102051,0.811764717102051,0.811764717102051);
#14726=AXIS2_PLACEMENT_3D('',#17526,#17527,#17528);
#14727=COLOUR_RGB('',0.811764717102051,0.811764717102051,0.811764717102051);
#14728=AXIS2_PLACEMENT_3D('',#17529,#17530,#17531);
#14729=COLOUR_RGB('',0.811764717102051,0.811764717102051,0.811764717102051);
#14730=AXIS2_PLACEMENT_3D('',#17532,#17533,#17534);
#14731=COLOUR_RGB('',0.811764717102051,0.811764717102051,0.811764717102051);
#14732=AXIS2_PLACEMENT_3D('',#17535,#17536,#17537);
#14733=COLOUR_RGB('',0.811764717102051,0.811764717102051,0.811764717102051);
#14734=AXIS2_PLACEMENT_3D('',#17538,#17539,#17540);
#14735=COLOUR_RGB('',0.811764717102051,0.811764717102051,0.811764717102051);
#14736=COLOUR_RGB('',0.811764717102051,0.811764717102051,0.811764717102051);
#14737=COLOUR_RGB('',0.811764717102051,0.811764717102051,0.811764717102051);
#14738=AXIS2_PLACEMENT_3D('',#17541,#17542,#17543);
#14739=COLOUR_RGB('',0.811764717102051,0.811764717102051,0.811764717102051);
#14740=COLOUR_RGB('',0.811764717102051,0.811764717102051,0.811764717102051);
#14741=AXIS2_PLACEMENT_3D('',#17544,#17545,#17546);
#14742=COLOUR_RGB('',0.811764717102051,0.811764717102051,0.811764717102051);
#14743=AXIS2_PLACEMENT_3D('',#17547,#17548,#17549);
#14744=COLOUR_RGB('',0.811764717102051,0.811764717102051,0.811764717102051);
#14745=AXIS2_PLACEMENT_3D('',#17550,#17551,#17552);
#14746=COLOUR_RGB('',0.811764717102051,0.811764717102051,0.811764717102051);
#14747=AXIS2_PLACEMENT_3D('',#17553,#17554,#17555);
#14748=COLOUR_RGB('',0.811764717102051,0.811764717102051,0.811764717102051);
#14749=AXIS2_PLACEMENT_3D('',#17556,#17557,#17558);
#14750=COLOUR_RGB('',0.811764717102051,0.811764717102051,0.811764717102051);
#14751=AXIS2_PLACEMENT_3D('',#17559,#17560,#17561);
#14752=COLOUR_RGB('',0.811764717102051,0.811764717102051,0.811764717102051);
#14753=AXIS2_PLACEMENT_3D('',#17562,#17563,#17564);
#14754=COLOUR_RGB('',0.811764717102051,0.811764717102051,0.811764717102051);
#14755=AXIS2_PLACEMENT_3D('',#17565,#17566,#17567);
#14756=COLOUR_RGB('',0.811764717102051,0.811764717102051,0.811764717102051);
#14757=COLOUR_RGB('',0.811764717102051,0.811764717102051,0.811764717102051);
#14758=COLOUR_RGB('',0.811764717102051,0.811764717102051,0.811764717102051);
#14759=AXIS2_PLACEMENT_3D('',#17568,#17569,#17570);
#14760=COLOUR_RGB('',0.811764717102051,0.811764717102051,0.811764717102051);
#14761=COLOUR_RGB('',0.811764717102051,0.811764717102051,0.811764717102051);
#14762=AXIS2_PLACEMENT_3D('',#17571,#17572,#17573);
#14763=COLOUR_RGB('',0.811764717102051,0.811764717102051,0.811764717102051);
#14764=AXIS2_PLACEMENT_3D('',#17574,#17575,#17576);
#14765=COLOUR_RGB('',0.811764717102051,0.811764717102051,0.811764717102051);
#14766=AXIS2_PLACEMENT_3D('',#17577,#17578,#17579);
#14767=COLOUR_RGB('',0.811764717102051,0.811764717102051,0.811764717102051);
#14768=AXIS2_PLACEMENT_3D('',#17580,#17581,#17582);
#14769=COLOUR_RGB('',0.811764717102051,0.811764717102051,0.811764717102051);
#14770=AXIS2_PLACEMENT_3D('',#17583,#17584,#17585);
#14771=COLOUR_RGB('',0.811764717102051,0.811764717102051,0.811764717102051);
#14772=AXIS2_PLACEMENT_3D('',#17586,#17587,#17588);
#14773=COLOUR_RGB('',0.811764717102051,0.811764717102051,0.811764717102051);
#14774=AXIS2_PLACEMENT_3D('',#17589,#17590,#17591);
#14775=COLOUR_RGB('',0.811764717102051,0.811764717102051,0.811764717102051);
#14776=AXIS2_PLACEMENT_3D('',#17592,#17593,#17594);
#14777=COLOUR_RGB('',0.811764717102051,0.811764717102051,0.811764717102051);
#14778=COLOUR_RGB('',0.811764717102051,0.811764717102051,0.811764717102051);
#14779=COLOUR_RGB('',0.811764717102051,0.811764717102051,0.811764717102051);
#14780=AXIS2_PLACEMENT_3D('',#17595,#17596,#17597);
#14781=COLOUR_RGB('',0.811764717102051,0.811764717102051,0.811764717102051);
#14782=COLOUR_RGB('',0.811764717102051,0.811764717102051,0.811764717102051);
#14783=AXIS2_PLACEMENT_3D('',#17598,#17599,#17600);
#14784=COLOUR_RGB('',0.811764717102051,0.811764717102051,0.811764717102051);
#14785=AXIS2_PLACEMENT_3D('',#17601,#17602,#17603);
#14786=COLOUR_RGB('',0.811764717102051,0.811764717102051,0.811764717102051);
#14787=AXIS2_PLACEMENT_3D('',#17604,#17605,#17606);
#14788=COLOUR_RGB('',0.811764717102051,0.811764717102051,0.811764717102051);
#14789=AXIS2_PLACEMENT_3D('',#17607,#17608,#17609);
#14790=COLOUR_RGB('',0.811764717102051,0.811764717102051,0.811764717102051);
#14791=AXIS2_PLACEMENT_3D('',#17610,#17611,#17612);
#14792=COLOUR_RGB('',0.811764717102051,0.811764717102051,0.811764717102051);
#14793=AXIS2_PLACEMENT_3D('',#17613,#17614,#17615);
#14794=COLOUR_RGB('',0.811764717102051,0.811764717102051,0.811764717102051);
#14795=AXIS2_PLACEMENT_3D('',#17616,#17617,#17618);
#14796=COLOUR_RGB('',0.811764717102051,0.811764717102051,0.811764717102051);
#14797=AXIS2_PLACEMENT_3D('',#17619,#17620,#17621);
#14798=COLOUR_RGB('',0.811764717102051,0.811764717102051,0.811764717102051);
#14799=COLOUR_RGB('',0.811764717102051,0.811764717102051,0.811764717102051);
#14800=COLOUR_RGB('',0.811764717102051,0.811764717102051,0.811764717102051);
#14801=AXIS2_PLACEMENT_3D('',#17622,#17623,#17624);
#14802=COLOUR_RGB('',0.811764717102051,0.811764717102051,0.811764717102051);
#14803=COLOUR_RGB('',0.811764717102051,0.811764717102051,0.811764717102051);
#14804=AXIS2_PLACEMENT_3D('',#17625,#17626,#17627);
#14805=COLOUR_RGB('',0.811764717102051,0.811764717102051,0.811764717102051);
#14806=AXIS2_PLACEMENT_3D('',#17628,#17629,#17630);
#14807=COLOUR_RGB('',0.811764717102051,0.811764717102051,0.811764717102051);
#14808=AXIS2_PLACEMENT_3D('',#17631,#17632,#17633);
#14809=COLOUR_RGB('',0.811764717102051,0.811764717102051,0.811764717102051);
#14810=AXIS2_PLACEMENT_3D('',#17634,#17635,#17636);
#14811=COLOUR_RGB('',0.811764717102051,0.811764717102051,0.811764717102051);
#14812=AXIS2_PLACEMENT_3D('',#17637,#17638,#17639);
#14813=COLOUR_RGB('',0.811764717102051,0.811764717102051,0.811764717102051);
#14814=AXIS2_PLACEMENT_3D('',#17640,#17641,#17642);
#14815=COLOUR_RGB('',0.811764717102051,0.811764717102051,0.811764717102051);
#14816=AXIS2_PLACEMENT_3D('',#17643,#17644,#17645);
#14817=COLOUR_RGB('',0.811764717102051,0.811764717102051,0.811764717102051);
#14818=AXIS2_PLACEMENT_3D('',#17646,#17647,#17648);
#14819=COLOUR_RGB('',0.811764717102051,0.811764717102051,0.811764717102051);
#14820=COLOUR_RGB('',0.811764717102051,0.811764717102051,0.811764717102051);
#14821=COLOUR_RGB('',0.811764717102051,0.811764717102051,0.811764717102051);
#14822=AXIS2_PLACEMENT_3D('',#17649,#17650,#17651);
#14823=COLOUR_RGB('',0.811764717102051,0.811764717102051,0.811764717102051);
#14824=COLOUR_RGB('',0.811764717102051,0.811764717102051,0.811764717102051);
#14825=AXIS2_PLACEMENT_3D('',#17652,#17653,#17654);
#14826=COLOUR_RGB('',0.811764717102051,0.811764717102051,0.811764717102051);
#14827=AXIS2_PLACEMENT_3D('',#17655,#17656,#17657);
#14828=COLOUR_RGB('',0.811764717102051,0.811764717102051,0.811764717102051);
#14829=AXIS2_PLACEMENT_3D('',#17658,#17659,#17660);
#14830=COLOUR_RGB('',0.811764717102051,0.811764717102051,0.811764717102051);
#14831=AXIS2_PLACEMENT_3D('',#17661,#17662,#17663);
#14832=COLOUR_RGB('',0.811764717102051,0.811764717102051,0.811764717102051);
#14833=AXIS2_PLACEMENT_3D('',#17664,#17665,#17666);
#14834=COLOUR_RGB('',0.811764717102051,0.811764717102051,0.811764717102051);
#14835=AXIS2_PLACEMENT_3D('',#17667,#17668,#17669);
#14836=COLOUR_RGB('',0.811764717102051,0.811764717102051,0.811764717102051);
#14837=AXIS2_PLACEMENT_3D('',#17670,#17671,#17672);
#14838=COLOUR_RGB('',0.811764717102051,0.811764717102051,0.811764717102051);
#14839=AXIS2_PLACEMENT_3D('',#17673,#17674,#17675);
#14840=COLOUR_RGB('',0.811764717102051,0.811764717102051,0.811764717102051);
#14841=COLOUR_RGB('',0.811764717102051,0.811764717102051,0.811764717102051);
#14842=COLOUR_RGB('',0.811764717102051,0.811764717102051,0.811764717102051);
#14843=AXIS2_PLACEMENT_3D('',#17676,#17677,#17678);
#14844=COLOUR_RGB('',0.811764717102051,0.811764717102051,0.811764717102051);
#14845=COLOUR_RGB('',0.811764717102051,0.811764717102051,0.811764717102051);
#14846=AXIS2_PLACEMENT_3D('',#17679,#17680,#17681);
#14847=COLOUR_RGB('',0.811764717102051,0.811764717102051,0.811764717102051);
#14848=AXIS2_PLACEMENT_3D('',#17682,#17683,#17684);
#14849=COLOUR_RGB('',0.811764717102051,0.811764717102051,0.811764717102051);
#14850=AXIS2_PLACEMENT_3D('',#17685,#17686,#17687);
#14851=COLOUR_RGB('',0.811764717102051,0.811764717102051,0.811764717102051);
#14852=AXIS2_PLACEMENT_3D('',#17688,#17689,#17690);
#14853=COLOUR_RGB('',0.811764717102051,0.811764717102051,0.811764717102051);
#14854=AXIS2_PLACEMENT_3D('',#17691,#17692,#17693);
#14855=COLOUR_RGB('',0.811764717102051,0.811764717102051,0.811764717102051);
#14856=AXIS2_PLACEMENT_3D('',#17694,#17695,#17696);
#14857=COLOUR_RGB('',0.811764717102051,0.811764717102051,0.811764717102051);
#14858=AXIS2_PLACEMENT_3D('',#17697,#17698,#17699);
#14859=COLOUR_RGB('',0.811764717102051,0.811764717102051,0.811764717102051);
#14860=AXIS2_PLACEMENT_3D('',#17700,#17701,#17702);
#14861=COLOUR_RGB('',0.811764717102051,0.811764717102051,0.811764717102051);
#14862=COLOUR_RGB('',0.811764717102051,0.811764717102051,0.811764717102051);
#14863=COLOUR_RGB('',0.811764717102051,0.811764717102051,0.811764717102051);
#14864=AXIS2_PLACEMENT_3D('',#17703,#17704,#17705);
#14865=COLOUR_RGB('',0.811764717102051,0.811764717102051,0.811764717102051);
#14866=COLOUR_RGB('',0.811764717102051,0.811764717102051,0.811764717102051);
#14867=AXIS2_PLACEMENT_3D('',#17706,#17707,#17708);
#14868=COLOUR_RGB('',0.811764717102051,0.811764717102051,0.811764717102051);
#14869=AXIS2_PLACEMENT_3D('',#17709,#17710,#17711);
#14870=COLOUR_RGB('',0.811764717102051,0.811764717102051,0.811764717102051);
#14871=AXIS2_PLACEMENT_3D('',#17712,#17713,#17714);
#14872=COLOUR_RGB('',0.811764717102051,0.811764717102051,0.811764717102051);
#14873=AXIS2_PLACEMENT_3D('',#17715,#17716,#17717);
#14874=COLOUR_RGB('',0.811764717102051,0.811764717102051,0.811764717102051);
#14875=AXIS2_PLACEMENT_3D('',#17718,#17719,#17720);
#14876=COLOUR_RGB('',0.811764717102051,0.811764717102051,0.811764717102051);
#14877=AXIS2_PLACEMENT_3D('',#17721,#17722,#17723);
#14878=COLOUR_RGB('',0.811764717102051,0.811764717102051,0.811764717102051);
#14879=AXIS2_PLACEMENT_3D('',#17724,#17725,#17726);
#14880=COLOUR_RGB('',0.811764717102051,0.811764717102051,0.811764717102051);
#14881=AXIS2_PLACEMENT_3D('',#17727,#17728,#17729);
#14882=COLOUR_RGB('',0.811764717102051,0.811764717102051,0.811764717102051);
#14883=COLOUR_RGB('',0.811764717102051,0.811764717102051,0.811764717102051);
#14884=COLOUR_RGB('',0.811764717102051,0.811764717102051,0.811764717102051);
#14885=AXIS2_PLACEMENT_3D('',#17730,#17731,#17732);
#14886=COLOUR_RGB('',0.811764717102051,0.811764717102051,0.811764717102051);
#14887=COLOUR_RGB('',0.811764717102051,0.811764717102051,0.811764717102051);
#14888=AXIS2_PLACEMENT_3D('',#17733,#17734,#17735);
#14889=COLOUR_RGB('',0.811764717102051,0.811764717102051,0.811764717102051);
#14890=AXIS2_PLACEMENT_3D('',#17736,#17737,#17738);
#14891=COLOUR_RGB('',0.811764717102051,0.811764717102051,0.811764717102051);
#14892=AXIS2_PLACEMENT_3D('',#17739,#17740,#17741);
#14893=COLOUR_RGB('',0.811764717102051,0.811764717102051,0.811764717102051);
#14894=AXIS2_PLACEMENT_3D('',#17742,#17743,#17744);
#14895=COLOUR_RGB('',0.811764717102051,0.811764717102051,0.811764717102051);
#14896=AXIS2_PLACEMENT_3D('',#17745,#17746,#17747);
#14897=COLOUR_RGB('',0.811764717102051,0.811764717102051,0.811764717102051);
#14898=AXIS2_PLACEMENT_3D('',#17748,#17749,#17750);
#14899=COLOUR_RGB('',0.811764717102051,0.811764717102051,0.811764717102051);
#14900=AXIS2_PLACEMENT_3D('',#17751,#17752,#17753);
#14901=COLOUR_RGB('',0.811764717102051,0.811764717102051,0.811764717102051);
#14902=AXIS2_PLACEMENT_3D('',#17754,#17755,#17756);
#14903=COLOUR_RGB('',0.811764717102051,0.811764717102051,0.811764717102051);
#14904=COLOUR_RGB('',0.811764717102051,0.811764717102051,0.811764717102051);
#14905=COLOUR_RGB('',0.811764717102051,0.811764717102051,0.811764717102051);
#14906=AXIS2_PLACEMENT_3D('',#17757,#17758,#17759);
#14907=COLOUR_RGB('',0.811764717102051,0.811764717102051,0.811764717102051);
#14908=COLOUR_RGB('',0.811764717102051,0.811764717102051,0.811764717102051);
#14909=AXIS2_PLACEMENT_3D('',#17760,#17761,#17762);
#14910=AXIS2_PLACEMENT_3D('',#17763,#17764,#17765);
#14911=COLOUR_RGB('',0.811764717102051,0.811764717102051,0.811764717102051);
#14912=AXIS2_PLACEMENT_3D('',#17766,#17767,#17768);
#14913=AXIS2_PLACEMENT_3D('',#17769,#17770,#17771);
#14914=COLOUR_RGB('',0.811764717102051,0.811764717102051,0.811764717102051);
#14915=COLOUR_RGB('',0.811764717102051,0.811764717102051,0.811764717102051);
#14916=CARTESIAN_POINT('',(11.43,-2.88,0.3));
#14917=AXIS2_PLACEMENT_3D('',#17772,#17773,#17774);
#14918=AXIS2_PLACEMENT_3D('',#17775,#17776,#17777);
#14919=COLOUR_RGB('',0.811764717102051,0.811764717102051,0.811764717102051);
#14920=AXIS2_PLACEMENT_3D('',#17778,#17779,#17780);
#14921=COLOUR_RGB('',0.811764717102051,0.811764717102051,0.811764717102051);
#14922=CARTESIAN_POINT('',(11.88,1.52655665885959E-15,0.0));
#14923=AXIS2_PLACEMENT_3D('',#17781,#17782,#17783);
#14924=AXIS2_PLACEMENT_3D('',#17784,#17785,#17786);
#14925=COLOUR_RGB('',0.811764717102051,0.811764717102051,0.811764717102051);
#14926=AXIS2_PLACEMENT_3D('',#17787,#17788,#17789);
#14927=COLOUR_RGB('',0.811764717102051,0.811764717102051,0.811764717102051);
#14928=COLOUR_RGB('',0.811764717102051,0.811764717102051,0.811764717102051);
#14929=AXIS2_PLACEMENT_3D('',#17790,#17791,#17792);
#14930=AXIS2_PLACEMENT_3D('',#17793,#17794,#17795);
#14931=COLOUR_RGB('',0.811764717102051,0.811764717102051,0.811764717102051);
#14932=AXIS2_PLACEMENT_3D('',#17796,#17797,#17798);
#14933=AXIS2_PLACEMENT_3D('',#17799,#17800,#17801);
#14934=COLOUR_RGB('',0.811764717102051,0.811764717102051,0.811764717102051);
#14935=COLOUR_RGB('',0.811764717102051,0.811764717102051,0.811764717102051);
#14936=CARTESIAN_POINT('',(8.89,-2.88,0.3));
#14937=AXIS2_PLACEMENT_3D('',#17802,#17803,#17804);
#14938=AXIS2_PLACEMENT_3D('',#17805,#17806,#17807);
#14939=COLOUR_RGB('',0.811764717102051,0.811764717102051,0.811764717102051);
#14940=AXIS2_PLACEMENT_3D('',#17808,#17809,#17810);
#14941=COLOUR_RGB('',0.811764717102051,0.811764717102051,0.811764717102051);
#14942=CARTESIAN_POINT('',(9.34,1.52655665885959E-15,0.0));
#14943=AXIS2_PLACEMENT_3D('',#17811,#17812,#17813);
#14944=AXIS2_PLACEMENT_3D('',#17814,#17815,#17816);
#14945=COLOUR_RGB('',0.811764717102051,0.811764717102051,0.811764717102051);
#14946=AXIS2_PLACEMENT_3D('',#17817,#17818,#17819);
#14947=COLOUR_RGB('',0.811764717102051,0.811764717102051,0.811764717102051);
#14948=COLOUR_RGB('',0.811764717102051,0.811764717102051,0.811764717102051);
#14949=AXIS2_PLACEMENT_3D('',#17820,#17821,#17822);
#14950=AXIS2_PLACEMENT_3D('',#17823,#17824,#17825);
#14951=COLOUR_RGB('',0.811764717102051,0.811764717102051,0.811764717102051);
#14952=AXIS2_PLACEMENT_3D('',#17826,#17827,#17828);
#14953=AXIS2_PLACEMENT_3D('',#17829,#17830,#17831);
#14954=COLOUR_RGB('',0.811764717102051,0.811764717102051,0.811764717102051);
#14955=COLOUR_RGB('',0.811764717102051,0.811764717102051,0.811764717102051);
#14956=CARTESIAN_POINT('',(6.35,-2.88,0.3));
#14957=AXIS2_PLACEMENT_3D('',#17832,#17833,#17834);
#14958=AXIS2_PLACEMENT_3D('',#17835,#17836,#17837);
#14959=COLOUR_RGB('',0.811764717102051,0.811764717102051,0.811764717102051);
#14960=AXIS2_PLACEMENT_3D('',#17838,#17839,#17840);
#14961=COLOUR_RGB('',0.811764717102051,0.811764717102051,0.811764717102051);
#14962=CARTESIAN_POINT('',(6.8,1.52655665885959E-15,0.0));
#14963=AXIS2_PLACEMENT_3D('',#17841,#17842,#17843);
#14964=AXIS2_PLACEMENT_3D('',#17844,#17845,#17846);
#14965=COLOUR_RGB('',0.811764717102051,0.811764717102051,0.811764717102051);
#14966=AXIS2_PLACEMENT_3D('',#17847,#17848,#17849);
#14967=COLOUR_RGB('',0.811764717102051,0.811764717102051,0.811764717102051);
#14968=COLOUR_RGB('',0.811764717102051,0.811764717102051,0.811764717102051);
#14969=AXIS2_PLACEMENT_3D('',#17850,#17851,#17852);
#14970=AXIS2_PLACEMENT_3D('',#17853,#17854,#17855);
#14971=COLOUR_RGB('',0.811764717102051,0.811764717102051,0.811764717102051);
#14972=AXIS2_PLACEMENT_3D('',#17856,#17857,#17858);
#14973=AXIS2_PLACEMENT_3D('',#17859,#17860,#17861);
#14974=COLOUR_RGB('',0.811764717102051,0.811764717102051,0.811764717102051);
#14975=COLOUR_RGB('',0.811764717102051,0.811764717102051,0.811764717102051);
#14976=CARTESIAN_POINT('',(3.81,-2.88,0.3));
#14977=AXIS2_PLACEMENT_3D('',#17862,#17863,#17864);
#14978=AXIS2_PLACEMENT_3D('',#17865,#17866,#17867);
#14979=COLOUR_RGB('',0.811764717102051,0.811764717102051,0.811764717102051);
#14980=AXIS2_PLACEMENT_3D('',#17868,#17869,#17870);
#14981=COLOUR_RGB('',0.811764717102051,0.811764717102051,0.811764717102051);
#14982=CARTESIAN_POINT('',(4.26,1.52655665885959E-15,0.0));
#14983=AXIS2_PLACEMENT_3D('',#17871,#17872,#17873);
#14984=AXIS2_PLACEMENT_3D('',#17874,#17875,#17876);
#14985=COLOUR_RGB('',0.811764717102051,0.811764717102051,0.811764717102051);
#14986=AXIS2_PLACEMENT_3D('',#17877,#17878,#17879);
#14987=COLOUR_RGB('',0.811764717102051,0.811764717102051,0.811764717102051);
#14988=COLOUR_RGB('',0.811764717102051,0.811764717102051,0.811764717102051);
#14989=AXIS2_PLACEMENT_3D('',#17880,#17881,#17882);
#14990=AXIS2_PLACEMENT_3D('',#17883,#17884,#17885);
#14991=COLOUR_RGB('',0.811764717102051,0.811764717102051,0.811764717102051);
#14992=AXIS2_PLACEMENT_3D('',#17886,#17887,#17888);
#14993=AXIS2_PLACEMENT_3D('',#17889,#17890,#17891);
#14994=COLOUR_RGB('',0.811764717102051,0.811764717102051,0.811764717102051);
#14995=COLOUR_RGB('',0.811764717102051,0.811764717102051,0.811764717102051);
#14996=CARTESIAN_POINT('',(1.27,-2.88,0.3));
#14997=AXIS2_PLACEMENT_3D('',#17892,#17893,#17894);
#14998=AXIS2_PLACEMENT_3D('',#17895,#17896,#17897);
#14999=COLOUR_RGB('',0.811764717102051,0.811764717102051,0.811764717102051);
#15000=AXIS2_PLACEMENT_3D('',#17898,#17899,#17900);
#15001=COLOUR_RGB('',0.811764717102051,0.811764717102051,0.811764717102051);
#15002=CARTESIAN_POINT('',(1.72,1.52655665885959E-15,0.0));
#15003=AXIS2_PLACEMENT_3D('',#17901,#17902,#17903);
#15004=AXIS2_PLACEMENT_3D('',#17904,#17905,#17906);
#15005=COLOUR_RGB('',0.811764717102051,0.811764717102051,0.811764717102051);
#15006=AXIS2_PLACEMENT_3D('',#17907,#17908,#17909);
#15007=COLOUR_RGB('',0.811764717102051,0.811764717102051,0.811764717102051);
#15008=COLOUR_RGB('',0.811764717102051,0.811764717102051,0.811764717102051);
#15009=AXIS2_PLACEMENT_3D('',#17910,#17911,#17912);
#15010=AXIS2_PLACEMENT_3D('',#17913,#17914,#17915);
#15011=COLOUR_RGB('',0.811764717102051,0.811764717102051,0.811764717102051);
#15012=AXIS2_PLACEMENT_3D('',#17916,#17917,#17918);
#15013=AXIS2_PLACEMENT_3D('',#17919,#17920,#17921);
#15014=COLOUR_RGB('',0.811764717102051,0.811764717102051,0.811764717102051);
#15015=COLOUR_RGB('',0.811764717102051,0.811764717102051,0.811764717102051);
#15016=CARTESIAN_POINT('',(-1.27,-2.88,0.3));
#15017=AXIS2_PLACEMENT_3D('',#17922,#17923,#17924);
#15018=AXIS2_PLACEMENT_3D('',#17925,#17926,#17927);
#15019=COLOUR_RGB('',0.811764717102051,0.811764717102051,0.811764717102051);
#15020=AXIS2_PLACEMENT_3D('',#17928,#17929,#17930);
#15021=COLOUR_RGB('',0.811764717102051,0.811764717102051,0.811764717102051);
#15022=CARTESIAN_POINT('',(-0.82,1.52655665885959E-15,0.0));
#15023=AXIS2_PLACEMENT_3D('',#17931,#17932,#17933);
#15024=AXIS2_PLACEMENT_3D('',#17934,#17935,#17936);
#15025=COLOUR_RGB('',0.811764717102051,0.811764717102051,0.811764717102051);
#15026=AXIS2_PLACEMENT_3D('',#17937,#17938,#17939);
#15027=COLOUR_RGB('',0.811764717102051,0.811764717102051,0.811764717102051);
#15028=COLOUR_RGB('',0.811764717102051,0.811764717102051,0.811764717102051);
#15029=AXIS2_PLACEMENT_3D('',#17940,#17941,#17942);
#15030=AXIS2_PLACEMENT_3D('',#17943,#17944,#17945);
#15031=COLOUR_RGB('',0.811764717102051,0.811764717102051,0.811764717102051);
#15032=AXIS2_PLACEMENT_3D('',#17946,#17947,#17948);
#15033=AXIS2_PLACEMENT_3D('',#17949,#17950,#17951);
#15034=COLOUR_RGB('',0.811764717102051,0.811764717102051,0.811764717102051);
#15035=COLOUR_RGB('',0.811764717102051,0.811764717102051,0.811764717102051);
#15036=CARTESIAN_POINT('',(-3.81,-2.88,0.3));
#15037=AXIS2_PLACEMENT_3D('',#17952,#17953,#17954);
#15038=AXIS2_PLACEMENT_3D('',#17955,#17956,#17957);
#15039=COLOUR_RGB('',0.811764717102051,0.811764717102051,0.811764717102051);
#15040=AXIS2_PLACEMENT_3D('',#17958,#17959,#17960);
#15041=COLOUR_RGB('',0.811764717102051,0.811764717102051,0.811764717102051);
#15042=CARTESIAN_POINT('',(-3.36,1.52655665885959E-15,0.0));
#15043=AXIS2_PLACEMENT_3D('',#17961,#17962,#17963);
#15044=AXIS2_PLACEMENT_3D('',#17964,#17965,#17966);
#15045=COLOUR_RGB('',0.811764717102051,0.811764717102051,0.811764717102051);
#15046=AXIS2_PLACEMENT_3D('',#17967,#17968,#17969);
#15047=COLOUR_RGB('',0.811764717102051,0.811764717102051,0.811764717102051);
#15048=COLOUR_RGB('',0.811764717102051,0.811764717102051,0.811764717102051);
#15049=AXIS2_PLACEMENT_3D('',#17970,#17971,#17972);
#15050=AXIS2_PLACEMENT_3D('',#17973,#17974,#17975);
#15051=COLOUR_RGB('',0.811764717102051,0.811764717102051,0.811764717102051);
#15052=AXIS2_PLACEMENT_3D('',#17976,#17977,#17978);
#15053=AXIS2_PLACEMENT_3D('',#17979,#17980,#17981);
#15054=COLOUR_RGB('',0.811764717102051,0.811764717102051,0.811764717102051);
#15055=COLOUR_RGB('',0.811764717102051,0.811764717102051,0.811764717102051);
#15056=CARTESIAN_POINT('',(-6.35,-2.88,0.3));
#15057=AXIS2_PLACEMENT_3D('',#17982,#17983,#17984);
#15058=AXIS2_PLACEMENT_3D('',#17985,#17986,#17987);
#15059=COLOUR_RGB('',0.811764717102051,0.811764717102051,0.811764717102051);
#15060=AXIS2_PLACEMENT_3D('',#17988,#17989,#17990);
#15061=COLOUR_RGB('',0.811764717102051,0.811764717102051,0.811764717102051);
#15062=CARTESIAN_POINT('',(-5.9,1.52655665885959E-15,0.0));
#15063=AXIS2_PLACEMENT_3D('',#17991,#17992,#17993);
#15064=AXIS2_PLACEMENT_3D('',#17994,#17995,#17996);
#15065=COLOUR_RGB('',0.811764717102051,0.811764717102051,0.811764717102051);
#15066=AXIS2_PLACEMENT_3D('',#17997,#17998,#17999);
#15067=COLOUR_RGB('',0.811764717102051,0.811764717102051,0.811764717102051);
#15068=COLOUR_RGB('',0.811764717102051,0.811764717102051,0.811764717102051);
#15069=AXIS2_PLACEMENT_3D('',#18000,#18001,#18002);
#15070=AXIS2_PLACEMENT_3D('',#18003,#18004,#18005);
#15071=COLOUR_RGB('',0.811764717102051,0.811764717102051,0.811764717102051);
#15072=AXIS2_PLACEMENT_3D('',#18006,#18007,#18008);
#15073=AXIS2_PLACEMENT_3D('',#18009,#18010,#18011);
#15074=COLOUR_RGB('',0.811764717102051,0.811764717102051,0.811764717102051);
#15075=COLOUR_RGB('',0.811764717102051,0.811764717102051,0.811764717102051);
#15076=CARTESIAN_POINT('',(-8.89,-2.88,0.3));
#15077=AXIS2_PLACEMENT_3D('',#18012,#18013,#18014);
#15078=AXIS2_PLACEMENT_3D('',#18015,#18016,#18017);
#15079=COLOUR_RGB('',0.811764717102051,0.811764717102051,0.811764717102051);
#15080=AXIS2_PLACEMENT_3D('',#18018,#18019,#18020);
#15081=COLOUR_RGB('',0.811764717102051,0.811764717102051,0.811764717102051);
#15082=CARTESIAN_POINT('',(-8.44,1.52655665885959E-15,0.0));
#15083=AXIS2_PLACEMENT_3D('',#18021,#18022,#18023);
#15084=AXIS2_PLACEMENT_3D('',#18024,#18025,#18026);
#15085=COLOUR_RGB('',0.811764717102051,0.811764717102051,0.811764717102051);
#15086=AXIS2_PLACEMENT_3D('',#18027,#18028,#18029);
#15087=COLOUR_RGB('',0.811764717102051,0.811764717102051,0.811764717102051);
#15088=COLOUR_RGB('',0.811764717102051,0.811764717102051,0.811764717102051);
#15089=AXIS2_PLACEMENT_3D('',#18030,#18031,#18032);
#15090=AXIS2_PLACEMENT_3D('',#18033,#18034,#18035);
#15091=COLOUR_RGB('',0.811764717102051,0.811764717102051,0.811764717102051);
#15092=AXIS2_PLACEMENT_3D('',#18036,#18037,#18038);
#15093=AXIS2_PLACEMENT_3D('',#18039,#18040,#18041);
#15094=COLOUR_RGB('',0.811764717102051,0.811764717102051,0.811764717102051);
#15095=COLOUR_RGB('',0.811764717102051,0.811764717102051,0.811764717102051);
#15096=CARTESIAN_POINT('',(-11.43,-2.88,0.3));
#15097=AXIS2_PLACEMENT_3D('',#18042,#18043,#18044);
#15098=AXIS2_PLACEMENT_3D('',#18045,#18046,#18047);
#15099=COLOUR_RGB('',0.811764717102051,0.811764717102051,0.811764717102051);
#15100=AXIS2_PLACEMENT_3D('',#18048,#18049,#18050);
#15101=COLOUR_RGB('',0.811764717102051,0.811764717102051,0.811764717102051);
#15102=CARTESIAN_POINT('',(-10.98,1.52655665885959E-15,0.0));
#15103=AXIS2_PLACEMENT_3D('',#18051,#18052,#18053);
#15104=AXIS2_PLACEMENT_3D('',#18054,#18055,#18056);
#15105=COLOUR_RGB('',0.811764717102051,0.811764717102051,0.811764717102051);
#15106=AXIS2_PLACEMENT_3D('',#18057,#18058,#18059);
#15107=COLOUR_RGB('',0.811764717102051,0.811764717102051,0.811764717102051);
#15108=COLOUR_RGB('',0.0,0.0,0.0);
#15109=CARTESIAN_POINT('',(-10.36,-5.32703763912734E-17,0.87));
#15110=CARTESIAN_POINT('',(-10.36,0.3,0.87));
#15111=CARTESIAN_POINT('',(-10.36,-5.32703763912734E-17,0.87));
#15112=VECTOR('',#18060,1.0);
#15113=CARTESIAN_POINT('',(-12.7,-5.32703763912734E-17,0.87));
#15114=CARTESIAN_POINT('',(-5.765,-5.55111512312578E-17,0.87));
#15115=VECTOR('',#18061,1.0);
#15116=CARTESIAN_POINT('',(-12.7,0.3,0.87));
#15117=CARTESIAN_POINT('',(-12.7,-5.32703763912734E-17,0.87));
#15118=VECTOR('',#18062,1.0);
#15119=CARTESIAN_POINT('',(0.0,0.3,0.87));
#15120=VECTOR('',#18063,1.0);
#15121=COLOUR_RGB('',0.0,0.0,0.0);
#15122=CARTESIAN_POINT('',(-7.82,-5.32703763912734E-17,0.87));
#15123=CARTESIAN_POINT('',(-7.82,0.3,0.87));
#15124=CARTESIAN_POINT('',(-7.82,-5.32703763912734E-17,0.87));
#15125=VECTOR('',#18064,1.0);
#15126=CARTESIAN_POINT('',(-9.96,-5.32703763912734E-17,0.87));
#15127=CARTESIAN_POINT('',(-5.765,-5.55111512312578E-17,0.87));
#15128=VECTOR('',#18065,1.0);
#15129=CARTESIAN_POINT('',(-9.96,0.3,0.87));
#15130=CARTESIAN_POINT('',(-9.96,-5.32703763912734E-17,0.87));
#15131=VECTOR('',#18066,1.0);
#15132=CARTESIAN_POINT('',(0.0,0.3,0.87));
#15133=VECTOR('',#18067,1.0);
#15134=COLOUR_RGB('',0.0,0.0,0.0);
#15135=CARTESIAN_POINT('',(-5.28,-5.32703763912734E-17,0.87));
#15136=CARTESIAN_POINT('',(-5.28,0.3,0.87));
#15137=CARTESIAN_POINT('',(-5.28,-5.32703763912734E-17,0.87));
#15138=VECTOR('',#18068,1.0);
#15139=CARTESIAN_POINT('',(-7.42,-5.32703763912734E-17,0.87));
#15140=CARTESIAN_POINT('',(-5.765,-5.55111512312578E-17,0.87));
#15141=VECTOR('',#18069,1.0);
#15142=CARTESIAN_POINT('',(-7.42,0.3,0.87));
#15143=CARTESIAN_POINT('',(-7.42,-5.32703763912734E-17,0.87));
#15144=VECTOR('',#18070,1.0);
#15145=CARTESIAN_POINT('',(0.0,0.3,0.87));
#15146=VECTOR('',#18071,1.0);
#15147=COLOUR_RGB('',0.0,0.0,0.0);
#15148=CARTESIAN_POINT('',(-2.74,-5.32703763912734E-17,0.87));
#15149=CARTESIAN_POINT('',(-2.74,0.3,0.87));
#15150=CARTESIAN_POINT('',(-2.74,-5.32703763912734E-17,0.87));
#15151=VECTOR('',#18072,1.0);
#15152=CARTESIAN_POINT('',(-4.88,-5.32703763912734E-17,0.87));
#15153=CARTESIAN_POINT('',(-5.765,-5.55111512312578E-17,0.87));
#15154=VECTOR('',#18073,1.0);
#15155=CARTESIAN_POINT('',(-4.88,0.3,0.87));
#15156=CARTESIAN_POINT('',(-4.88,-5.32703763912734E-17,0.87));
#15157=VECTOR('',#18074,1.0);
#15158=CARTESIAN_POINT('',(0.0,0.3,0.87));
#15159=VECTOR('',#18075,1.0);
#15160=COLOUR_RGB('',0.0,0.0,0.0);
#15161=CARTESIAN_POINT('',(-0.199999999999999,-5.32703763912734E-17,0.87));
#15162=CARTESIAN_POINT('',(-0.199999999999999,0.3,0.87));
#15163=CARTESIAN_POINT('',(-0.199999999999999,-5.32703763912734E-17,0.87));
#15164=VECTOR('',#18076,1.0);
#15165=CARTESIAN_POINT('',(-2.34,-5.32703763912734E-17,0.87));
#15166=CARTESIAN_POINT('',(-5.765,-5.55111512312578E-17,0.87));
#15167=VECTOR('',#18077,1.0);
#15168=CARTESIAN_POINT('',(-2.34,0.3,0.87));
#15169=CARTESIAN_POINT('',(-2.34,-5.32703763912734E-17,0.87));
#15170=VECTOR('',#18078,1.0);
#15171=CARTESIAN_POINT('',(0.0,0.3,0.87));
#15172=VECTOR('',#18079,1.0);
#15173=COLOUR_RGB('',0.0,0.0,0.0);
#15174=CARTESIAN_POINT('',(2.34,-5.32703763912734E-17,0.87));
#15175=CARTESIAN_POINT('',(2.34,0.3,0.87));
#15176=CARTESIAN_POINT('',(2.34,-5.32703763912734E-17,0.87));
#15177=VECTOR('',#18080,1.0);
#15178=CARTESIAN_POINT('',(0.199999999999999,-5.32703763912734E-17,0.87));
#15179=CARTESIAN_POINT('',(-5.765,-5.55111512312578E-17,0.87));
#15180=VECTOR('',#18081,1.0);
#15181=CARTESIAN_POINT('',(0.199999999999999,0.3,0.87));
#15182=CARTESIAN_POINT('',(0.199999999999999,-5.32703763912734E-17,0.87));
#15183=VECTOR('',#18082,1.0);
#15184=CARTESIAN_POINT('',(0.0,0.3,0.87));
#15185=VECTOR('',#18083,1.0);
#15186=COLOUR_RGB('',0.0,0.0,0.0);
#15187=CARTESIAN_POINT('',(4.88,-5.32703763912734E-17,0.87));
#15188=CARTESIAN_POINT('',(4.88,0.3,0.87));
#15189=CARTESIAN_POINT('',(4.88,-5.32703763912734E-17,0.87));
#15190=VECTOR('',#18084,1.0);
#15191=CARTESIAN_POINT('',(2.74,-5.32703763912734E-17,0.87));
#15192=CARTESIAN_POINT('',(-5.765,-5.55111512312578E-17,0.87));
#15193=VECTOR('',#18085,1.0);
#15194=CARTESIAN_POINT('',(2.74,0.3,0.87));
#15195=CARTESIAN_POINT('',(2.74,-5.32703763912734E-17,0.87));
#15196=VECTOR('',#18086,1.0);
#15197=CARTESIAN_POINT('',(0.0,0.3,0.87));
#15198=VECTOR('',#18087,1.0);
#15199=COLOUR_RGB('',0.0,0.0,0.0);
#15200=CARTESIAN_POINT('',(7.42,-5.32703763912734E-17,0.87));
#15201=CARTESIAN_POINT('',(7.42,0.3,0.87));
#15202=CARTESIAN_POINT('',(7.42,-5.32703763912734E-17,0.87));
#15203=VECTOR('',#18088,1.0);
#15204=CARTESIAN_POINT('',(5.28,-5.32703763912734E-17,0.87));
#15205=CARTESIAN_POINT('',(-5.765,-5.55111512312578E-17,0.87));
#15206=VECTOR('',#18089,1.0);
#15207=CARTESIAN_POINT('',(5.28,0.3,0.87));
#15208=CARTESIAN_POINT('',(5.28,-5.32703763912734E-17,0.87));
#15209=VECTOR('',#18090,1.0);
#15210=CARTESIAN_POINT('',(0.0,0.3,0.87));
#15211=VECTOR('',#18091,1.0);
#15212=COLOUR_RGB('',0.0,0.0,0.0);
#15213=CARTESIAN_POINT('',(9.96,-5.32703763912734E-17,0.87));
#15214=CARTESIAN_POINT('',(9.96,0.3,0.87));
#15215=CARTESIAN_POINT('',(9.96,-5.32703763912734E-17,0.87));
#15216=VECTOR('',#18092,1.0);
#15217=CARTESIAN_POINT('',(7.82,-5.32703763912734E-17,0.87));
#15218=CARTESIAN_POINT('',(-5.765,-5.55111512312578E-17,0.87));
#15219=VECTOR('',#18093,1.0);
#15220=CARTESIAN_POINT('',(7.82,0.3,0.87));
#15221=CARTESIAN_POINT('',(7.82,-5.32703763912734E-17,0.87));
#15222=VECTOR('',#18094,1.0);
#15223=CARTESIAN_POINT('',(0.0,0.3,0.87));
#15224=VECTOR('',#18095,1.0);
#15225=COLOUR_RGB('',0.0,0.0,0.0);
#15226=CARTESIAN_POINT('',(10.36,-5.32703763912734E-17,0.87));
#15227=CARTESIAN_POINT('',(10.36,0.3,0.87));
#15228=CARTESIAN_POINT('',(10.36,-5.32703763912734E-17,0.87));
#15229=VECTOR('',#18096,1.0);
#15230=CARTESIAN_POINT('',(12.7,0.3,0.87));
#15231=CARTESIAN_POINT('',(0.0,0.3,0.87));
#15232=VECTOR('',#18097,1.0);
#15233=CARTESIAN_POINT('',(12.7,-5.32703763912734E-17,0.87));
#15234=CARTESIAN_POINT('',(12.7,-5.32703763912734E-17,0.87));
#15235=VECTOR('',#18098,1.0);
#15236=CARTESIAN_POINT('',(-5.765,-5.55111512312578E-17,0.87));
#15237=VECTOR('',#18099,1.0);
#15238=COLOUR_RGB('',0.0,0.0,0.0);
#15239=CARTESIAN_POINT('',(12.7,0.3,-0.87));
#15240=CARTESIAN_POINT('',(12.7,0.3,0.0));
#15241=VECTOR('',#18100,1.0);
#15242=CARTESIAN_POINT('',(5.05710141781705,0.3,0.87));
#15243=VECTOR('',#18101,1.0);
#15244=CARTESIAN_POINT('',(3.78286654942895,0.3,0.87));
#15245=VECTOR('',#18102,1.0);
#15246=CARTESIAN_POINT('',(2.51286654942895,0.3,0.87));
#15247=VECTOR('',#18103,1.0);
#15248=CARTESIAN_POINT('',(1.24286654942895,0.3,0.87));
#15249=VECTOR('',#18104,1.0);
#15250=CARTESIAN_POINT('',(-0.0271334505710463,0.3,0.87));
#15251=VECTOR('',#18105,1.0);
#15252=CARTESIAN_POINT('',(-1.29713345057105,0.3,0.87));
#15253=VECTOR('',#18106,1.0);
#15254=CARTESIAN_POINT('',(-2.56713345057105,0.3,0.87));
#15255=VECTOR('',#18107,1.0);
#15256=CARTESIAN_POINT('',(-3.83713345057105,0.3,0.87));
#15257=VECTOR('',#18108,1.0);
#15258=CARTESIAN_POINT('',(-5.10713345057105,0.3,0.87));
#15259=VECTOR('',#18109,1.0);
#15260=CARTESIAN_POINT('',(-12.7,0.3,-0.87));
#15261=CARTESIAN_POINT('',(-12.7,0.3,-5.55111512312578E-17));
#15262=VECTOR('',#18110,1.0);
#15263=CARTESIAN_POINT('',(-10.36,0.3,-0.87));
#15264=CARTESIAN_POINT('',(0.0,0.3,-0.87));
#15265=VECTOR('',#18111,1.0);
#15266=CARTESIAN_POINT('',(-9.96,0.3,-0.87));
#15267=CARTESIAN_POINT('',(-5.10713345057105,0.3,-0.87));
#15268=VECTOR('',#18112,1.0);
#15269=CARTESIAN_POINT('',(-7.82,0.3,-0.87));
#15270=CARTESIAN_POINT('',(0.0,0.3,-0.87));
#15271=VECTOR('',#18113,1.0);
#15272=CARTESIAN_POINT('',(-7.42,0.3,-0.87));
#15273=CARTESIAN_POINT('',(-3.83713345057105,0.3,-0.87));
#15274=VECTOR('',#18114,1.0);
#15275=CARTESIAN_POINT('',(-5.28,0.3,-0.87));
#15276=CARTESIAN_POINT('',(0.0,0.3,-0.87));
#15277=VECTOR('',#18115,1.0);
#15278=CARTESIAN_POINT('',(-4.88,0.3,-0.87));
#15279=CARTESIAN_POINT('',(-2.56713345057105,0.3,-0.87));
#15280=VECTOR('',#18116,1.0);
#15281=CARTESIAN_POINT('',(-2.74,0.3,-0.87));
#15282=CARTESIAN_POINT('',(0.0,0.3,-0.87));
#15283=VECTOR('',#18117,1.0);
#15284=CARTESIAN_POINT('',(-2.34,0.3,-0.87));
#15285=CARTESIAN_POINT('',(-1.29713345057105,0.3,-0.87));
#15286=VECTOR('',#18118,1.0);
#15287=CARTESIAN_POINT('',(-0.199999999999999,0.3,-0.87));
#15288=CARTESIAN_POINT('',(0.0,0.3,-0.87));
#15289=VECTOR('',#18119,1.0);
#15290=CARTESIAN_POINT('',(0.199999999999999,0.3,-0.87));
#15291=CARTESIAN_POINT('',(-0.0271334505710463,0.3,-0.87));
#15292=VECTOR('',#18120,1.0);
#15293=CARTESIAN_POINT('',(2.34,0.3,-0.87));
#15294=CARTESIAN_POINT('',(0.0,0.3,-0.87));
#15295=VECTOR('',#18121,1.0);
#15296=CARTESIAN_POINT('',(2.74,0.3,-0.87));
#15297=CARTESIAN_POINT('',(1.24286654942895,0.3,-0.87));
#15298=VECTOR('',#18122,1.0);
#15299=CARTESIAN_POINT('',(4.88,0.3,-0.87));
#15300=CARTESIAN_POINT('',(0.0,0.3,-0.87));
#15301=VECTOR('',#18123,1.0);
#15302=CARTESIAN_POINT('',(5.28,0.3,-0.87));
#15303=CARTESIAN_POINT('',(2.51286654942895,0.3,-0.87));
#15304=VECTOR('',#18124,1.0);
#15305=CARTESIAN_POINT('',(7.42,0.3,-0.87));
#15306=CARTESIAN_POINT('',(0.0,0.3,-0.87));
#15307=VECTOR('',#18125,1.0);
#15308=CARTESIAN_POINT('',(7.82,0.3,-0.87));
#15309=CARTESIAN_POINT('',(3.78286654942895,0.3,-0.87));
#15310=VECTOR('',#18126,1.0);
#15311=CARTESIAN_POINT('',(9.96,0.3,-0.87));
#15312=CARTESIAN_POINT('',(0.0,0.3,-0.87));
#15313=VECTOR('',#18127,1.0);
#15314=CARTESIAN_POINT('',(10.36,0.3,-0.87));
#15315=CARTESIAN_POINT('',(5.05710141781705,0.3,-0.87));
#15316=VECTOR('',#18128,1.0);
#15317=CARTESIAN_POINT('',(0.0,0.3,-0.87));
#15318=VECTOR('',#18129,1.0);
#15319=COLOUR_RGB('',0.0,0.0,0.0);
#15320=CARTESIAN_POINT('',(9.96,5.32703763912734E-17,-0.87));
#15321=CARTESIAN_POINT('',(9.96,5.32703763912734E-17,-0.87));
#15322=VECTOR('',#18130,1.0);
#15323=CARTESIAN_POINT('',(7.82,5.32703763912734E-17,-0.87));
#15324=CARTESIAN_POINT('',(7.82,5.32703763912734E-17,-0.87));
#15325=VECTOR('',#18131,1.0);
#15326=CARTESIAN_POINT('',(-5.765,5.55111512312578E-17,-0.87));
#15327=VECTOR('',#18132,1.0);
#15328=COLOUR_RGB('',0.0,0.0,0.0);
#15329=CARTESIAN_POINT('',(7.42,5.32703763912734E-17,-0.87));
#15330=CARTESIAN_POINT('',(7.42,5.32703763912734E-17,-0.87));
#15331=VECTOR('',#18133,1.0);
#15332=CARTESIAN_POINT('',(5.28,5.32703763912734E-17,-0.87));
#15333=CARTESIAN_POINT('',(5.28,5.32703763912734E-17,-0.87));
#15334=VECTOR('',#18134,1.0);
#15335=CARTESIAN_POINT('',(-5.765,5.55111512312578E-17,-0.87));
#15336=VECTOR('',#18135,1.0);
#15337=COLOUR_RGB('',0.0,0.0,0.0);
#15338=CARTESIAN_POINT('',(4.88,5.32703763912734E-17,-0.87));
#15339=CARTESIAN_POINT('',(4.88,5.32703763912734E-17,-0.87));
#15340=VECTOR('',#18136,1.0);
#15341=CARTESIAN_POINT('',(2.74,5.32703763912734E-17,-0.87));
#15342=CARTESIAN_POINT('',(2.74,5.32703763912734E-17,-0.87));
#15343=VECTOR('',#18137,1.0);
#15344=CARTESIAN_POINT('',(-5.765,5.55111512312578E-17,-0.87));
#15345=VECTOR('',#18138,1.0);
#15346=COLOUR_RGB('',0.0,0.0,0.0);
#15347=CARTESIAN_POINT('',(2.34,5.32703763912734E-17,-0.87));
#15348=CARTESIAN_POINT('',(2.34,5.32703763912734E-17,-0.87));
#15349=VECTOR('',#18139,1.0);
#15350=CARTESIAN_POINT('',(0.199999999999999,5.32703763912734E-17,-0.87));
#15351=CARTESIAN_POINT('',(0.199999999999999,5.32703763912734E-17,-0.87));
#15352=VECTOR('',#18140,1.0);
#15353=CARTESIAN_POINT('',(-5.765,5.55111512312578E-17,-0.87));
#15354=VECTOR('',#18141,1.0);
#15355=COLOUR_RGB('',0.0,0.0,0.0);
#15356=CARTESIAN_POINT('',(-0.199999999999999,5.32703763912734E-17,-0.87));
#15357=CARTESIAN_POINT('',(-0.199999999999999,5.32703763912734E-17,-0.87));
#15358=VECTOR('',#18142,1.0);
#15359=CARTESIAN_POINT('',(-2.34,5.32703763912734E-17,-0.87));
#15360=CARTESIAN_POINT('',(-2.34,5.32703763912734E-17,-0.87));
#15361=VECTOR('',#18143,1.0);
#15362=CARTESIAN_POINT('',(-5.765,5.55111512312578E-17,-0.87));
#15363=VECTOR('',#18144,1.0);
#15364=COLOUR_RGB('',0.0,0.0,0.0);
#15365=CARTESIAN_POINT('',(-2.74,5.32703763912734E-17,-0.87));
#15366=CARTESIAN_POINT('',(-2.74,5.32703763912734E-17,-0.87));
#15367=VECTOR('',#18145,1.0);
#15368=CARTESIAN_POINT('',(-4.88,5.32703763912734E-17,-0.87));
#15369=CARTESIAN_POINT('',(-4.88,5.32703763912734E-17,-0.87));
#15370=VECTOR('',#18146,1.0);
#15371=CARTESIAN_POINT('',(-5.765,5.55111512312578E-17,-0.87));
#15372=VECTOR('',#18147,1.0);
#15373=COLOUR_RGB('',0.0,0.0,0.0);
#15374=CARTESIAN_POINT('',(-5.28,5.32703763912734E-17,-0.87));
#15375=CARTESIAN_POINT('',(-5.28,5.32703763912734E-17,-0.87));
#15376=VECTOR('',#18148,1.0);
#15377=CARTESIAN_POINT('',(-7.42,5.32703763912734E-17,-0.87));
#15378=CARTESIAN_POINT('',(-7.42,5.32703763912734E-17,-0.87));
#15379=VECTOR('',#18149,1.0);
#15380=CARTESIAN_POINT('',(-5.765,5.55111512312578E-17,-0.87));
#15381=VECTOR('',#18150,1.0);
#15382=COLOUR_RGB('',0.0,0.0,0.0);
#15383=CARTESIAN_POINT('',(-7.82,5.32703763912734E-17,-0.87));
#15384=CARTESIAN_POINT('',(-7.82,5.32703763912734E-17,-0.87));
#15385=VECTOR('',#18151,1.0);
#15386=CARTESIAN_POINT('',(-9.96,5.32703763912734E-17,-0.87));
#15387=CARTESIAN_POINT('',(-9.96,5.32703763912734E-17,-0.87));
#15388=VECTOR('',#18152,1.0);
#15389=CARTESIAN_POINT('',(-5.765,5.55111512312578E-17,-0.87));
#15390=VECTOR('',#18153,1.0);
#15391=COLOUR_RGB('',0.0,0.0,0.0);
#15392=CARTESIAN_POINT('',(-12.7,5.32703763912734E-17,-0.87));
#15393=CARTESIAN_POINT('',(-12.7,5.32703763912734E-17,-0.87));
#15394=VECTOR('',#18154,1.0);
#15395=CARTESIAN_POINT('',(-10.36,5.32703763912734E-17,-0.87));
#15396=CARTESIAN_POINT('',(-5.765,5.55111512312578E-17,-0.87));
#15397=VECTOR('',#18155,1.0);
#15398=CARTESIAN_POINT('',(-10.36,5.32703763912734E-17,-0.87));
#15399=VECTOR('',#18156,1.0);
#15400=COLOUR_RGB('',0.0,0.0,0.0);
#15401=CARTESIAN_POINT('',(12.7,5.32703763912734E-17,-0.87));
#15402=CARTESIAN_POINT('',(12.7,5.32703763912734E-17,-0.87));
#15403=VECTOR('',#18157,1.0);
#15404=CARTESIAN_POINT('',(10.36,5.32703763912734E-17,-0.87));
#15405=CARTESIAN_POINT('',(10.36,5.32703763912734E-17,-0.87));
#15406=VECTOR('',#18158,1.0);
#15407=CARTESIAN_POINT('',(-5.765,5.55111512312578E-17,-0.87));
#15408=VECTOR('',#18159,1.0);
#15409=COLOUR_RGB('',0.0,0.0,0.0);
#15410=CARTESIAN_POINT('',(12.7,4.2,-0.87));
#15411=CARTESIAN_POINT('',(12.7,5.32703763912734E-17,-0.87));
#15412=VECTOR('',#18160,1.0);
#15413=CARTESIAN_POINT('',(12.7,4.2,0.87));
#15414=CARTESIAN_POINT('',(12.7,4.2,-0.87));
#15415=VECTOR('',#18161,1.0);
#15416=CARTESIAN_POINT('',(12.7,-5.32703763912734E-17,0.87));
#15417=VECTOR('',#18162,1.0);
#15418=COLOUR_RGB('',0.0,0.0,0.0);
#15419=CARTESIAN_POINT('',(9.96,4.2,-0.87));
#15420=CARTESIAN_POINT('',(9.96,5.32703763912734E-17,-0.87));
#15421=VECTOR('',#18163,1.0);
#15422=CARTESIAN_POINT('',(10.36,4.2,-0.87));
#15423=CARTESIAN_POINT('',(10.36,4.2,-0.87));
#15424=VECTOR('',#18164,1.0);
#15425=CARTESIAN_POINT('',(10.36,5.32703763912734E-17,-0.87));
#15426=VECTOR('',#18165,1.0);
#15427=COLOUR_RGB('',0.0,0.0,0.0);
#15428=CARTESIAN_POINT('',(7.42,4.2,-0.87));
#15429=CARTESIAN_POINT('',(7.42,5.32703763912734E-17,-0.87));
#15430=VECTOR('',#18166,1.0);
#15431=CARTESIAN_POINT('',(7.82,4.2,-0.87));
#15432=CARTESIAN_POINT('',(7.82,4.2,-0.87));
#15433=VECTOR('',#18167,1.0);
#15434=CARTESIAN_POINT('',(7.82,5.32703763912734E-17,-0.87));
#15435=VECTOR('',#18168,1.0);
#15436=COLOUR_RGB('',0.0,0.0,0.0);
#15437=CARTESIAN_POINT('',(4.88,4.2,-0.87));
#15438=CARTESIAN_POINT('',(4.88,5.32703763912734E-17,-0.87));
#15439=VECTOR('',#18169,1.0);
#15440=CARTESIAN_POINT('',(5.28,4.2,-0.87));
#15441=CARTESIAN_POINT('',(5.28,4.2,-0.87));
#15442=VECTOR('',#18170,1.0);
#15443=CARTESIAN_POINT('',(5.28,5.32703763912734E-17,-0.87));
#15444=VECTOR('',#18171,1.0);
#15445=COLOUR_RGB('',0.0,0.0,0.0);
#15446=CARTESIAN_POINT('',(2.34,4.2,-0.87));
#15447=CARTESIAN_POINT('',(2.34,5.32703763912734E-17,-0.87));
#15448=VECTOR('',#18172,1.0);
#15449=CARTESIAN_POINT('',(2.74,4.2,-0.87));
#15450=CARTESIAN_POINT('',(2.74,4.2,-0.87));
#15451=VECTOR('',#18173,1.0);
#15452=CARTESIAN_POINT('',(2.74,5.32703763912734E-17,-0.87));
#15453=VECTOR('',#18174,1.0);
#15454=COLOUR_RGB('',0.0,0.0,0.0);
#15455=CARTESIAN_POINT('',(-0.199999999999999,4.2,-0.87));
#15456=CARTESIAN_POINT('',(-0.199999999999999,5.32703763912734E-17,-0.87));
#15457=VECTOR('',#18175,1.0);
#15458=CARTESIAN_POINT('',(0.199999999999999,4.2,-0.87));
#15459=CARTESIAN_POINT('',(0.199999999999999,4.2,-0.87));
#15460=VECTOR('',#18176,1.0);
#15461=CARTESIAN_POINT('',(0.199999999999999,5.32703763912734E-17,-0.87));
#15462=VECTOR('',#18177,1.0);
#15463=COLOUR_RGB('',0.0,0.0,0.0);
#15464=CARTESIAN_POINT('',(-2.74,4.2,-0.87));
#15465=CARTESIAN_POINT('',(-2.74,5.32703763912734E-17,-0.87));
#15466=VECTOR('',#18178,1.0);
#15467=CARTESIAN_POINT('',(-2.34,4.2,-0.87));
#15468=CARTESIAN_POINT('',(-2.34,4.2,-0.87));
#15469=VECTOR('',#18179,1.0);
#15470=CARTESIAN_POINT('',(-2.34,5.32703763912734E-17,-0.87));
#15471=VECTOR('',#18180,1.0);
#15472=COLOUR_RGB('',0.0,0.0,0.0);
#15473=CARTESIAN_POINT('',(-5.28,4.2,-0.87));
#15474=CARTESIAN_POINT('',(-5.28,5.32703763912734E-17,-0.87));
#15475=VECTOR('',#18181,1.0);
#15476=CARTESIAN_POINT('',(-4.88,4.2,-0.87));
#15477=CARTESIAN_POINT('',(-4.88,4.2,-0.87));
#15478=VECTOR('',#18182,1.0);
#15479=CARTESIAN_POINT('',(-4.88,5.32703763912734E-17,-0.87));
#15480=VECTOR('',#18183,1.0);
#15481=COLOUR_RGB('',0.0,0.0,0.0);
#15482=CARTESIAN_POINT('',(-7.82,4.2,-0.87));
#15483=CARTESIAN_POINT('',(-7.82,5.32703763912734E-17,-0.87));
#15484=VECTOR('',#18184,1.0);
#15485=CARTESIAN_POINT('',(-7.42,4.2,-0.87));
#15486=CARTESIAN_POINT('',(-7.42,4.2,-0.87));
#15487=VECTOR('',#18185,1.0);
#15488=CARTESIAN_POINT('',(-7.42,5.32703763912734E-17,-0.87));
#15489=VECTOR('',#18186,1.0);
#15490=COLOUR_RGB('',0.0,0.0,0.0);
#15491=CARTESIAN_POINT('',(10.546523063262,7.7762503467721E-17,-1.27));
#15492=CARTESIAN_POINT('',(10.36,5.32703763912734E-17,-0.87));
#15493=VECTOR('',#18187,1.0);
#15494=CARTESIAN_POINT('',(12.513476936738,7.7762503467721E-17,-1.27));
#15495=CARTESIAN_POINT('',(10.546523063262,7.7762503467721E-17,-1.27));
#15496=VECTOR('',#18188,1.0);
#15497=CARTESIAN_POINT('',(12.513476936738,7.7762503467721E-17,-1.27));
#15498=VECTOR('',#18189,1.0);
#15499=COLOUR_RGB('',0.0,0.0,0.0);
#15500=CARTESIAN_POINT('',(8.006523063262,7.7762503467721E-17,-1.27));
#15501=CARTESIAN_POINT('',(8.006523063262,7.7762503467721E-17,-1.27));
#15502=VECTOR('',#18190,0.999999999999999);
#15503=CARTESIAN_POINT('',(9.773476936738,7.7762503467721E-17,-1.27));
#15504=CARTESIAN_POINT('',(9.773476936738,7.7762503467721E-17,-1.27));
#15505=VECTOR('',#18191,1.0);
#15506=CARTESIAN_POINT('',(9.96,5.32703763912734E-17,-0.87));
#15507=VECTOR('',#18192,0.999999999999999);
#15508=COLOUR_RGB('',0.0,0.0,0.0);
#15509=CARTESIAN_POINT('',(5.466523063262,7.7762503467721E-17,-1.27));
#15510=CARTESIAN_POINT('',(5.466523063262,7.7762503467721E-17,-1.27));
#15511=VECTOR('',#18193,0.999999999999999);
#15512=CARTESIAN_POINT('',(7.233476936738,7.7762503467721E-17,-1.27));
#15513=CARTESIAN_POINT('',(7.233476936738,7.7762503467721E-17,-1.27));
#15514=VECTOR('',#18194,1.0);
#15515=CARTESIAN_POINT('',(7.42,5.32703763912734E-17,-0.87));
#15516=VECTOR('',#18195,0.999999999999999);
#15517=COLOUR_RGB('',0.0,0.0,0.0);
#15518=CARTESIAN_POINT('',(2.926523063262,7.7762503467721E-17,-1.27));
#15519=CARTESIAN_POINT('',(2.926523063262,7.7762503467721E-17,-1.27));
#15520=VECTOR('',#18196,0.999999999999999);
#15521=CARTESIAN_POINT('',(4.693476936738,7.7762503467721E-17,-1.27));
#15522=CARTESIAN_POINT('',(4.693476936738,7.7762503467721E-17,-1.27));
#15523=VECTOR('',#18197,1.0);
#15524=CARTESIAN_POINT('',(4.88,5.32703763912734E-17,-0.87));
#15525=VECTOR('',#18198,0.999999999999999);
#15526=COLOUR_RGB('',0.0,0.0,0.0);
#15527=CARTESIAN_POINT('',(0.386523063262,7.7762503467721E-17,-1.27));
#15528=CARTESIAN_POINT('',(0.386523063262,7.7762503467721E-17,-1.27));
#15529=VECTOR('',#18199,0.999999999999999);
#15530=CARTESIAN_POINT('',(2.153476936738,7.7762503467721E-17,-1.27));
#15531=CARTESIAN_POINT('',(2.153476936738,7.7762503467721E-17,-1.27));
#15532=VECTOR('',#18200,1.0);
#15533=CARTESIAN_POINT('',(2.34,5.32703763912734E-17,-0.87));
#15534=VECTOR('',#18201,0.999999999999999);
#15535=COLOUR_RGB('',0.0,0.0,0.0);
#15536=CARTESIAN_POINT('',(-2.153476936738,7.7762503467721E-17,-1.27));
#15537=CARTESIAN_POINT('',(-2.153476936738,7.7762503467721E-17,-1.27));
#15538=VECTOR('',#18202,0.999999999999999);
#15539=CARTESIAN_POINT('',(-0.386523063262,7.7762503467721E-17,-1.27));
#15540=CARTESIAN_POINT('',(-0.386523063262,7.7762503467721E-17,-1.27));
#15541=VECTOR('',#18203,1.0);
#15542=CARTESIAN_POINT('',(-0.199999999999999,5.32703763912734E-17,-0.87));
#15543=VECTOR('',#18204,0.999999999999999);
#15544=COLOUR_RGB('',0.0,0.0,0.0);
#15545=CARTESIAN_POINT('',(-4.693476936738,7.7762503467721E-17,-1.27));
#15546=CARTESIAN_POINT('',(-4.693476936738,7.7762503467721E-17,-1.27));
#15547=VECTOR('',#18205,0.999999999999999);
#15548=CARTESIAN_POINT('',(-2.926523063262,7.7762503467721E-17,-1.27));
#15549=CARTESIAN_POINT('',(-2.926523063262,7.7762503467721E-17,-1.27));
#15550=VECTOR('',#18206,1.0);
#15551=CARTESIAN_POINT('',(-2.74,5.32703763912734E-17,-0.87));
#15552=VECTOR('',#18207,0.999999999999999);
#15553=COLOUR_RGB('',0.0,0.0,0.0);
#15554=CARTESIAN_POINT('',(-7.233476936738,7.7762503467721E-17,-1.27));
#15555=CARTESIAN_POINT('',(-7.233476936738,7.7762503467721E-17,-1.27));
#15556=VECTOR('',#18208,0.999999999999999);
#15557=CARTESIAN_POINT('',(-5.466523063262,7.7762503467721E-17,-1.27));
#15558=CARTESIAN_POINT('',(-5.466523063262,7.7762503467721E-17,-1.27));
#15559=VECTOR('',#18209,1.0);
#15560=CARTESIAN_POINT('',(-5.28,5.32703763912734E-17,-0.87));
#15561=VECTOR('',#18210,0.999999999999999);
#15562=COLOUR_RGB('',0.0,0.0,0.0);
#15563=CARTESIAN_POINT('',(-9.773476936738,7.7762503467721E-17,-1.27));
#15564=CARTESIAN_POINT('',(-9.773476936738,7.7762503467721E-17,-1.27));
#15565=VECTOR('',#18211,1.0);
#15566=CARTESIAN_POINT('',(-8.006523063262,7.7762503467721E-17,-1.27));
#15567=CARTESIAN_POINT('',(-8.006523063262,7.7762503467721E-17,-1.27));
#15568=VECTOR('',#18212,1.0);
#15569=CARTESIAN_POINT('',(-7.82,5.32703763912734E-17,-0.87));
#15570=VECTOR('',#18213,1.0);
#15571=COLOUR_RGB('',0.0,0.0,0.0);
#15572=CARTESIAN_POINT('',(-12.513476936738,7.7762503467721E-17,-1.27));
#15573=CARTESIAN_POINT('',(-12.7,5.32703763912734E-17,-0.87));
#15574=VECTOR('',#18214,1.0);
#15575=CARTESIAN_POINT('',(-10.546523063262,7.7762503467721E-17,-1.27));
#15576=CARTESIAN_POINT('',(-12.513476936738,7.7762503467721E-17,-1.27));
#15577=VECTOR('',#18215,1.0);
#15578=CARTESIAN_POINT('',(-10.546523063262,7.7762503467721E-17,-1.27));
#15579=VECTOR('',#18216,1.0);
#15580=COLOUR_RGB('',0.0,0.0,0.0);
#15581=CARTESIAN_POINT('',(-10.546523063262,-7.7762503467721E-17,1.27));
#15582=CARTESIAN_POINT('',(-10.36,-5.32703763912734E-17,0.87));
#15583=VECTOR('',#18217,1.0);
#15584=CARTESIAN_POINT('',(-12.513476936738,-7.7762503467721E-17,1.27));
#15585=CARTESIAN_POINT('',(-10.546523063262,-7.7762503467721E-17,1.27));
#15586=VECTOR('',#18218,1.0);
#15587=CARTESIAN_POINT('',(-12.513476936738,-7.7762503467721E-17,1.27));
#15588=VECTOR('',#18219,1.0);
#15589=COLOUR_RGB('',0.0,0.0,0.0);
#15590=CARTESIAN_POINT('',(-8.006523063262,-7.7762503467721E-17,1.27));
#15591=CARTESIAN_POINT('',(-8.006523063262,-7.7762503467721E-17,1.27));
#15592=VECTOR('',#18220,1.0);
#15593=CARTESIAN_POINT('',(-9.773476936738,-7.7762503467721E-17,1.27));
#15594=CARTESIAN_POINT('',(-9.773476936738,-7.7762503467721E-17,1.27));
#15595=VECTOR('',#18221,1.0);
#15596=CARTESIAN_POINT('',(-9.96,-5.32703763912734E-17,0.87));
#15597=VECTOR('',#18222,1.0);
#15598=COLOUR_RGB('',0.0,0.0,0.0);
#15599=CARTESIAN_POINT('',(-5.466523063262,-7.7762503467721E-17,1.27));
#15600=CARTESIAN_POINT('',(-5.466523063262,-7.7762503467721E-17,1.27));
#15601=VECTOR('',#18223,0.999999999999999);
#15602=CARTESIAN_POINT('',(-7.233476936738,-7.7762503467721E-17,1.27));
#15603=CARTESIAN_POINT('',(-7.233476936738,-7.7762503467721E-17,1.27));
#15604=VECTOR('',#18224,1.0);
#15605=CARTESIAN_POINT('',(-7.42,-5.32703763912734E-17,0.87));
#15606=VECTOR('',#18225,0.999999999999999);
#15607=COLOUR_RGB('',0.0,0.0,0.0);
#15608=CARTESIAN_POINT('',(-2.926523063262,-7.7762503467721E-17,1.27));
#15609=CARTESIAN_POINT('',(-2.926523063262,-7.7762503467721E-17,1.27));
#15610=VECTOR('',#18226,0.999999999999999);
#15611=CARTESIAN_POINT('',(-4.693476936738,-7.7762503467721E-17,1.27));
#15612=CARTESIAN_POINT('',(-4.693476936738,-7.7762503467721E-17,1.27));
#15613=VECTOR('',#18227,1.0);
#15614=CARTESIAN_POINT('',(-4.88,-5.32703763912734E-17,0.87));
#15615=VECTOR('',#18228,0.999999999999999);
#15616=COLOUR_RGB('',0.0,0.0,0.0);
#15617=CARTESIAN_POINT('',(-0.386523063262,-7.7762503467721E-17,1.27));
#15618=CARTESIAN_POINT('',(-0.386523063262,-7.7762503467721E-17,1.27));
#15619=VECTOR('',#18229,0.999999999999999);
#15620=CARTESIAN_POINT('',(-2.153476936738,-7.7762503467721E-17,1.27));
#15621=CARTESIAN_POINT('',(-2.153476936738,-7.7762503467721E-17,1.27));
#15622=VECTOR('',#18230,1.0);
#15623=CARTESIAN_POINT('',(-2.34,-5.32703763912734E-17,0.87));
#15624=VECTOR('',#18231,0.999999999999999);
#15625=COLOUR_RGB('',0.0,0.0,0.0);
#15626=CARTESIAN_POINT('',(2.153476936738,-7.7762503467721E-17,1.27));
#15627=CARTESIAN_POINT('',(2.153476936738,-7.7762503467721E-17,1.27));
#15628=VECTOR('',#18232,0.999999999999999);
#15629=CARTESIAN_POINT('',(0.386523063262,-7.7762503467721E-17,1.27));
#15630=CARTESIAN_POINT('',(0.386523063262,-7.7762503467721E-17,1.27));
#15631=VECTOR('',#18233,1.0);
#15632=CARTESIAN_POINT('',(0.199999999999999,-5.32703763912734E-17,0.87));
#15633=VECTOR('',#18234,0.999999999999999);
#15634=COLOUR_RGB('',0.0,0.0,0.0);
#15635=CARTESIAN_POINT('',(4.693476936738,-7.7762503467721E-17,1.27));
#15636=CARTESIAN_POINT('',(4.693476936738,-7.7762503467721E-17,1.27));
#15637=VECTOR('',#18235,0.999999999999999);
#15638=CARTESIAN_POINT('',(2.926523063262,-7.7762503467721E-17,1.27));
#15639=CARTESIAN_POINT('',(2.926523063262,-7.7762503467721E-17,1.27));
#15640=VECTOR('',#18236,1.0);
#15641=CARTESIAN_POINT('',(2.74,-5.32703763912734E-17,0.87));
#15642=VECTOR('',#18237,0.999999999999999);
#15643=COLOUR_RGB('',0.0,0.0,0.0);
#15644=CARTESIAN_POINT('',(7.233476936738,-7.7762503467721E-17,1.27));
#15645=CARTESIAN_POINT('',(7.233476936738,-7.7762503467721E-17,1.27));
#15646=VECTOR('',#18238,0.999999999999999);
#15647=CARTESIAN_POINT('',(5.466523063262,-7.7762503467721E-17,1.27));
#15648=CARTESIAN_POINT('',(5.466523063262,-7.7762503467721E-17,1.27));
#15649=VECTOR('',#18239,1.0);
#15650=CARTESIAN_POINT('',(5.28,-5.32703763912734E-17,0.87));
#15651=VECTOR('',#18240,0.999999999999999);
#15652=COLOUR_RGB('',0.0,0.0,0.0);
#15653=CARTESIAN_POINT('',(9.773476936738,-7.7762503467721E-17,1.27));
#15654=CARTESIAN_POINT('',(9.773476936738,-7.7762503467721E-17,1.27));
#15655=VECTOR('',#18241,0.999999999999999);
#15656=CARTESIAN_POINT('',(8.006523063262,-7.7762503467721E-17,1.27));
#15657=CARTESIAN_POINT('',(8.006523063262,-7.7762503467721E-17,1.27));
#15658=VECTOR('',#18242,1.0);
#15659=CARTESIAN_POINT('',(7.82,-5.32703763912734E-17,0.87));
#15660=VECTOR('',#18243,0.999999999999999);
#15661=COLOUR_RGB('',0.0,0.0,0.0);
#15662=CARTESIAN_POINT('',(12.513476936738,-7.7762503467721E-17,1.27));
#15663=CARTESIAN_POINT('',(12.7,-5.32703763912734E-17,0.87));
#15664=VECTOR('',#18244,0.999999999999999);
#15665=CARTESIAN_POINT('',(10.546523063262,-7.7762503467721E-17,1.27));
#15666=CARTESIAN_POINT('',(12.513476936738,-7.7762503467721E-17,1.27));
#15667=VECTOR('',#18245,1.0);
#15668=CARTESIAN_POINT('',(10.546523063262,-7.7762503467721E-17,1.27));
#15669=VECTOR('',#18246,0.999999999999999);
#15670=COLOUR_RGB('',0.0,0.0,0.0);
#15671=CARTESIAN_POINT('',(-10.36,4.2,-0.87));
#15672=CARTESIAN_POINT('',(-10.36,5.32703763912734E-17,-0.87));
#15673=VECTOR('',#18247,1.0);
#15674=CARTESIAN_POINT('',(-9.96,4.2,-0.87));
#15675=CARTESIAN_POINT('',(-9.96,4.2,-0.87));
#15676=VECTOR('',#18248,1.0);
#15677=CARTESIAN_POINT('',(-9.96,5.32703763912734E-17,-0.87));
#15678=VECTOR('',#18249,1.0);
#15679=COLOUR_RGB('',0.0,0.0,0.0);
#15680=CARTESIAN_POINT('',(10.546523063262,4.2,-1.27));
#15681=CARTESIAN_POINT('',(12.513476936738,4.2,-1.27));
#15682=CARTESIAN_POINT('',(10.546523063262,4.2,-1.27));
#15683=VECTOR('',#18250,1.0);
#15684=CARTESIAN_POINT('',(12.513476936738,7.7762503467721E-17,-1.27));
#15685=VECTOR('',#18251,1.0);
#15686=CARTESIAN_POINT('',(10.546523063262,7.7762503467721E-17,-1.27));
#15687=VECTOR('',#18252,1.0);
#15688=COLOUR_RGB('',0.0,0.0,0.0);
#15689=CARTESIAN_POINT('',(12.513476936738,4.2,-1.27));
#15690=VECTOR('',#18253,1.0);
#15691=COLOUR_RGB('',0.0,0.0,0.0);
#15692=CARTESIAN_POINT('',(12.513476936738,4.2,1.27));
#15693=CARTESIAN_POINT('',(12.7,4.2,0.87));
#15694=VECTOR('',#18254,0.999999999999999);
#15695=CARTESIAN_POINT('',(12.513476936738,-7.7762503467721E-17,1.27));
#15696=VECTOR('',#18255,1.0);
#15697=COLOUR_RGB('',0.0,0.0,0.0);
#15698=CARTESIAN_POINT('',(10.546523063262,4.2,1.27));
#15699=CARTESIAN_POINT('',(12.513476936738,4.2,1.27));
#15700=VECTOR('',#18256,1.0);
#15701=CARTESIAN_POINT('',(10.546523063262,-7.7762503467721E-17,1.27));
#15702=VECTOR('',#18257,1.0);
#15703=COLOUR_RGB('',0.0,0.0,0.0);
#15704=CARTESIAN_POINT('',(10.36,4.2,0.87));
#15705=CARTESIAN_POINT('',(10.546523063262,4.2,1.27));
#15706=VECTOR('',#18258,0.999999999999999);
#15707=CARTESIAN_POINT('',(10.36,-5.32703763912734E-17,0.87));
#15708=VECTOR('',#18259,1.0);
#15709=COLOUR_RGB('',0.0,0.0,0.0);
#15710=CARTESIAN_POINT('',(9.96,4.2,0.87));
#15711=CARTESIAN_POINT('',(10.36,4.2,0.87));
#15712=VECTOR('',#18260,1.0);
#15713=CARTESIAN_POINT('',(9.96,-5.32703763912734E-17,0.87));
#15714=VECTOR('',#18261,1.0);
#15715=COLOUR_RGB('',0.0,0.0,0.0);
#15716=CARTESIAN_POINT('',(10.36,4.2,-0.87));
#15717=VECTOR('',#18262,1.0);
#15718=COLOUR_RGB('',0.0,0.0,0.0);
#15719=CARTESIAN_POINT('',(9.773476936738,4.2,1.27));
#15720=CARTESIAN_POINT('',(9.773476936738,4.2,1.27));
#15721=VECTOR('',#18263,0.999999999999999);
#15722=CARTESIAN_POINT('',(9.773476936738,4.2,-1.27));
#15723=CARTESIAN_POINT('',(9.96,4.2,-0.87));
#15724=VECTOR('',#18264,0.999999999999999);
#15725=CARTESIAN_POINT('',(8.006523063262,4.2,-1.27));
#15726=CARTESIAN_POINT('',(9.773476936738,4.2,-1.27));
#15727=VECTOR('',#18265,1.0);
#15728=CARTESIAN_POINT('',(8.006523063262,4.2,-1.27));
#15729=VECTOR('',#18266,0.999999999999999);
#15730=CARTESIAN_POINT('',(7.233476936738,4.2,-1.27));
#15731=CARTESIAN_POINT('',(7.42,4.2,-0.87));
#15732=VECTOR('',#18267,0.999999999999999);
#15733=CARTESIAN_POINT('',(5.466523063262,4.2,-1.27));
#15734=CARTESIAN_POINT('',(7.233476936738,4.2,-1.27));
#15735=VECTOR('',#18268,1.0);
#15736=CARTESIAN_POINT('',(5.466523063262,4.2,-1.27));
#15737=VECTOR('',#18269,0.999999999999999);
#15738=CARTESIAN_POINT('',(4.693476936738,4.2,-1.27));
#15739=CARTESIAN_POINT('',(4.88,4.2,-0.87));
#15740=VECTOR('',#18270,0.999999999999999);
#15741=CARTESIAN_POINT('',(2.926523063262,4.2,-1.27));
#15742=CARTESIAN_POINT('',(4.693476936738,4.2,-1.27));
#15743=VECTOR('',#18271,1.0);
#15744=CARTESIAN_POINT('',(2.926523063262,4.2,-1.27));
#15745=VECTOR('',#18272,0.999999999999999);
#15746=CARTESIAN_POINT('',(2.153476936738,4.2,-1.27));
#15747=CARTESIAN_POINT('',(2.34,4.2,-0.87));
#15748=VECTOR('',#18273,0.999999999999999);
#15749=CARTESIAN_POINT('',(0.386523063262,4.2,-1.27));
#15750=CARTESIAN_POINT('',(2.153476936738,4.2,-1.27));
#15751=VECTOR('',#18274,1.0);
#15752=CARTESIAN_POINT('',(0.386523063262,4.2,-1.27));
#15753=VECTOR('',#18275,0.999999999999999);
#15754=CARTESIAN_POINT('',(-0.386523063262,4.2,-1.27));
#15755=CARTESIAN_POINT('',(-0.199999999999999,4.2,-0.87));
#15756=VECTOR('',#18276,0.999999999999999);
#15757=CARTESIAN_POINT('',(-2.153476936738,4.2,-1.27));
#15758=CARTESIAN_POINT('',(-0.386523063262,4.2,-1.27));
#15759=VECTOR('',#18277,1.0);
#15760=CARTESIAN_POINT('',(-2.153476936738,4.2,-1.27));
#15761=VECTOR('',#18278,0.999999999999999);
#15762=CARTESIAN_POINT('',(-2.926523063262,4.2,-1.27));
#15763=CARTESIAN_POINT('',(-2.74,4.2,-0.87));
#15764=VECTOR('',#18279,0.999999999999999);
#15765=CARTESIAN_POINT('',(-4.693476936738,4.2,-1.27));
#15766=CARTESIAN_POINT('',(-2.926523063262,4.2,-1.27));
#15767=VECTOR('',#18280,1.0);
#15768=CARTESIAN_POINT('',(-4.693476936738,4.2,-1.27));
#15769=VECTOR('',#18281,0.999999999999999);
#15770=CARTESIAN_POINT('',(-5.466523063262,4.2,-1.27));
#15771=CARTESIAN_POINT('',(-5.28,4.2,-0.87));
#15772=VECTOR('',#18282,0.999999999999999);
#15773=CARTESIAN_POINT('',(-7.233476936738,4.2,-1.27));
#15774=CARTESIAN_POINT('',(-5.466523063262,4.2,-1.27));
#15775=VECTOR('',#18283,1.0);
#15776=CARTESIAN_POINT('',(-7.233476936738,4.2,-1.27));
#15777=VECTOR('',#18284,0.999999999999999);
#15778=CARTESIAN_POINT('',(-8.006523063262,4.2,-1.27));
#15779=CARTESIAN_POINT('',(-7.82,4.2,-0.87));
#15780=VECTOR('',#18285,0.999999999999999);
#15781=CARTESIAN_POINT('',(-9.773476936738,4.2,-1.27));
#15782=CARTESIAN_POINT('',(-8.006523063262,4.2,-1.27));
#15783=VECTOR('',#18286,1.0);
#15784=CARTESIAN_POINT('',(-9.773476936738,4.2,-1.27));
#15785=VECTOR('',#18287,0.999999999999999);
#15786=CARTESIAN_POINT('',(-10.546523063262,4.2,-1.27));
#15787=CARTESIAN_POINT('',(-10.546523063262,4.2,-1.27));
#15788=VECTOR('',#18288,1.0);
#15789=CARTESIAN_POINT('',(-12.513476936738,4.2,-1.27));
#15790=CARTESIAN_POINT('',(-12.513476936738,4.2,-1.27));
#15791=VECTOR('',#18289,1.0);
#15792=CARTESIAN_POINT('',(-12.7,4.2,-0.87));
#15793=CARTESIAN_POINT('',(-12.7,4.2,-0.87));
#15794=VECTOR('',#18290,1.0);
#15795=CARTESIAN_POINT('',(-12.7,4.2,0.87));
#15796=CARTESIAN_POINT('',(-12.7,4.2,0.87));
#15797=VECTOR('',#18291,1.0);
#15798=CARTESIAN_POINT('',(-12.513476936738,4.2,1.27));
#15799=CARTESIAN_POINT('',(-12.513476936738,4.2,1.27));
#15800=VECTOR('',#18292,1.0);
#15801=CARTESIAN_POINT('',(-10.546523063262,4.2,1.27));
#15802=CARTESIAN_POINT('',(-10.546523063262,4.2,1.27));
#15803=VECTOR('',#18293,1.0);
#15804=CARTESIAN_POINT('',(-10.36,4.2,0.87));
#15805=CARTESIAN_POINT('',(-10.36,4.2,0.87));
#15806=VECTOR('',#18294,0.999999999999999);
#15807=CARTESIAN_POINT('',(-9.96,4.2,0.87));
#15808=CARTESIAN_POINT('',(-9.96,4.2,0.87));
#15809=VECTOR('',#18295,1.0);
#15810=CARTESIAN_POINT('',(-9.773476936738,4.2,1.27));
#15811=CARTESIAN_POINT('',(-9.96,4.2,0.87));
#15812=VECTOR('',#18296,0.999999999999999);
#15813=CARTESIAN_POINT('',(-8.006523063262,4.2,1.27));
#15814=CARTESIAN_POINT('',(-9.773476936738,4.2,1.27));
#15815=VECTOR('',#18297,1.0);
#15816=CARTESIAN_POINT('',(-7.82,4.2,0.87));
#15817=CARTESIAN_POINT('',(-8.006523063262,4.2,1.27));
#15818=VECTOR('',#18298,0.999999999999999);
#15819=CARTESIAN_POINT('',(-7.42,4.2,0.87));
#15820=CARTESIAN_POINT('',(-7.42,4.2,0.87));
#15821=VECTOR('',#18299,1.0);
#15822=CARTESIAN_POINT('',(-7.233476936738,4.2,1.27));
#15823=CARTESIAN_POINT('',(-7.42,4.2,0.87));
#15824=VECTOR('',#18300,0.999999999999999);
#15825=CARTESIAN_POINT('',(-5.466523063262,4.2,1.27));
#15826=CARTESIAN_POINT('',(-7.233476936738,4.2,1.27));
#15827=VECTOR('',#18301,1.0);
#15828=CARTESIAN_POINT('',(-5.28,4.2,0.87));
#15829=CARTESIAN_POINT('',(-5.466523063262,4.2,1.27));
#15830=VECTOR('',#18302,0.999999999999999);
#15831=CARTESIAN_POINT('',(-4.88,4.2,0.87));
#15832=CARTESIAN_POINT('',(-4.88,4.2,0.87));
#15833=VECTOR('',#18303,1.0);
#15834=CARTESIAN_POINT('',(-4.693476936738,4.2,1.27));
#15835=CARTESIAN_POINT('',(-4.88,4.2,0.87));
#15836=VECTOR('',#18304,0.999999999999999);
#15837=CARTESIAN_POINT('',(-2.926523063262,4.2,1.27));
#15838=CARTESIAN_POINT('',(-4.693476936738,4.2,1.27));
#15839=VECTOR('',#18305,1.0);
#15840=CARTESIAN_POINT('',(-2.74,4.2,0.87));
#15841=CARTESIAN_POINT('',(-2.926523063262,4.2,1.27));
#15842=VECTOR('',#18306,0.999999999999999);
#15843=CARTESIAN_POINT('',(-2.34,4.2,0.87));
#15844=CARTESIAN_POINT('',(-2.34,4.2,0.87));
#15845=VECTOR('',#18307,1.0);
#15846=CARTESIAN_POINT('',(-2.153476936738,4.2,1.27));
#15847=CARTESIAN_POINT('',(-2.34,4.2,0.87));
#15848=VECTOR('',#18308,0.999999999999999);
#15849=CARTESIAN_POINT('',(-0.386523063262,4.2,1.27));
#15850=CARTESIAN_POINT('',(-2.153476936738,4.2,1.27));
#15851=VECTOR('',#18309,1.0);
#15852=CARTESIAN_POINT('',(-0.199999999999999,4.2,0.87));
#15853=CARTESIAN_POINT('',(-0.386523063262,4.2,1.27));
#15854=VECTOR('',#18310,0.999999999999999);
#15855=CARTESIAN_POINT('',(0.199999999999999,4.2,0.87));
#15856=CARTESIAN_POINT('',(0.199999999999999,4.2,0.87));
#15857=VECTOR('',#18311,1.0);
#15858=CARTESIAN_POINT('',(0.386523063262,4.2,1.27));
#15859=CARTESIAN_POINT('',(0.199999999999999,4.2,0.87));
#15860=VECTOR('',#18312,0.999999999999999);
#15861=CARTESIAN_POINT('',(2.153476936738,4.2,1.27));
#15862=CARTESIAN_POINT('',(0.386523063262,4.2,1.27));
#15863=VECTOR('',#18313,1.0);
#15864=CARTESIAN_POINT('',(2.34,4.2,0.87));
#15865=CARTESIAN_POINT('',(2.153476936738,4.2,1.27));
#15866=VECTOR('',#18314,0.999999999999999);
#15867=CARTESIAN_POINT('',(2.74,4.2,0.87));
#15868=CARTESIAN_POINT('',(2.74,4.2,0.87));
#15869=VECTOR('',#18315,1.0);
#15870=CARTESIAN_POINT('',(2.926523063262,4.2,1.27));
#15871=CARTESIAN_POINT('',(2.74,4.2,0.87));
#15872=VECTOR('',#18316,0.999999999999999);
#15873=CARTESIAN_POINT('',(4.693476936738,4.2,1.27));
#15874=CARTESIAN_POINT('',(2.926523063262,4.2,1.27));
#15875=VECTOR('',#18317,1.0);
#15876=CARTESIAN_POINT('',(4.88,4.2,0.87));
#15877=CARTESIAN_POINT('',(4.693476936738,4.2,1.27));
#15878=VECTOR('',#18318,0.999999999999999);
#15879=CARTESIAN_POINT('',(5.28,4.2,0.87));
#15880=CARTESIAN_POINT('',(5.28,4.2,0.87));
#15881=VECTOR('',#18319,1.0);
#15882=CARTESIAN_POINT('',(5.466523063262,4.2,1.27));
#15883=CARTESIAN_POINT('',(5.28,4.2,0.87));
#15884=VECTOR('',#18320,0.999999999999999);
#15885=CARTESIAN_POINT('',(7.233476936738,4.2,1.27));
#15886=CARTESIAN_POINT('',(5.466523063262,4.2,1.27));
#15887=VECTOR('',#18321,1.0);
#15888=CARTESIAN_POINT('',(7.42,4.2,0.87));
#15889=CARTESIAN_POINT('',(7.233476936738,4.2,1.27));
#15890=VECTOR('',#18322,0.999999999999999);
#15891=CARTESIAN_POINT('',(7.82,4.2,0.87));
#15892=CARTESIAN_POINT('',(7.82,4.2,0.87));
#15893=VECTOR('',#18323,1.0);
#15894=CARTESIAN_POINT('',(8.006523063262,4.2,1.27));
#15895=CARTESIAN_POINT('',(7.82,4.2,0.87));
#15896=VECTOR('',#18324,0.999999999999999);
#15897=CARTESIAN_POINT('',(8.006523063262,4.2,1.27));
#15898=VECTOR('',#18325,1.0);
#15899=COLOUR_RGB('',0.0,0.0,0.0);
#15900=CARTESIAN_POINT('',(7.82,-5.32703763912734E-17,0.87));
#15901=VECTOR('',#18326,1.0);
#15902=CARTESIAN_POINT('',(8.006523063262,-7.7762503467721E-17,1.27));
#15903=VECTOR('',#18327,1.0);
#15904=COLOUR_RGB('',0.0,0.0,0.0);
#15905=CARTESIAN_POINT('',(7.42,-5.32703763912734E-17,0.87));
#15906=VECTOR('',#18328,1.0);
#15907=COLOUR_RGB('',0.0,0.0,0.0);
#15908=CARTESIAN_POINT('',(8.006523063262,7.7762503467721E-17,-1.27));
#15909=VECTOR('',#18329,1.0);
#15910=COLOUR_RGB('',0.0,0.0,0.0);
#15911=CARTESIAN_POINT('',(9.773476936738,7.7762503467721E-17,-1.27));
#15912=VECTOR('',#18330,1.0);
#15913=COLOUR_RGB('',0.0,0.0,0.0);
#15914=COLOUR_RGB('',0.0,0.0,0.0);
#15915=CARTESIAN_POINT('',(9.773476936738,-7.7762503467721E-17,1.27));
#15916=VECTOR('',#18331,1.0);
#15917=COLOUR_RGB('',0.0,0.0,0.0);
#15918=COLOUR_RGB('',0.0,0.0,0.0);
#15919=CARTESIAN_POINT('',(5.28,-5.32703763912734E-17,0.87));
#15920=VECTOR('',#18332,1.0);
#15921=CARTESIAN_POINT('',(5.466523063262,-7.7762503467721E-17,1.27));
#15922=VECTOR('',#18333,1.0);
#15923=COLOUR_RGB('',0.0,0.0,0.0);
#15924=CARTESIAN_POINT('',(4.88,-5.32703763912734E-17,0.87));
#15925=VECTOR('',#18334,1.0);
#15926=COLOUR_RGB('',0.0,0.0,0.0);
#15927=CARTESIAN_POINT('',(5.466523063262,7.7762503467721E-17,-1.27));
#15928=VECTOR('',#18335,1.0);
#15929=COLOUR_RGB('',0.0,0.0,0.0);
#15930=CARTESIAN_POINT('',(7.233476936738,7.7762503467721E-17,-1.27));
#15931=VECTOR('',#18336,1.0);
#15932=COLOUR_RGB('',0.0,0.0,0.0);
#15933=COLOUR_RGB('',0.0,0.0,0.0);
#15934=CARTESIAN_POINT('',(7.233476936738,-7.7762503467721E-17,1.27));
#15935=VECTOR('',#18337,1.0);
#15936=COLOUR_RGB('',0.0,0.0,0.0);
#15937=COLOUR_RGB('',0.0,0.0,0.0);
#15938=CARTESIAN_POINT('',(2.74,-5.32703763912734E-17,0.87));
#15939=VECTOR('',#18338,1.0);
#15940=CARTESIAN_POINT('',(2.926523063262,-7.7762503467721E-17,1.27));
#15941=VECTOR('',#18339,1.0);
#15942=COLOUR_RGB('',0.0,0.0,0.0);
#15943=CARTESIAN_POINT('',(2.34,-5.32703763912734E-17,0.87));
#15944=VECTOR('',#18340,1.0);
#15945=COLOUR_RGB('',0.0,0.0,0.0);
#15946=CARTESIAN_POINT('',(2.926523063262,7.7762503467721E-17,-1.27));
#15947=VECTOR('',#18341,1.0);
#15948=COLOUR_RGB('',0.0,0.0,0.0);
#15949=CARTESIAN_POINT('',(4.693476936738,7.7762503467721E-17,-1.27));
#15950=VECTOR('',#18342,1.0);
#15951=COLOUR_RGB('',0.0,0.0,0.0);
#15952=COLOUR_RGB('',0.0,0.0,0.0);
#15953=CARTESIAN_POINT('',(4.693476936738,-7.7762503467721E-17,1.27));
#15954=VECTOR('',#18343,1.0);
#15955=COLOUR_RGB('',0.0,0.0,0.0);
#15956=COLOUR_RGB('',0.0,0.0,0.0);
#15957=CARTESIAN_POINT('',(0.199999999999999,-5.32703763912734E-17,0.87));
#15958=VECTOR('',#18344,1.0);
#15959=CARTESIAN_POINT('',(0.386523063262,-7.7762503467721E-17,1.27));
#15960=VECTOR('',#18345,1.0);
#15961=COLOUR_RGB('',0.0,0.0,0.0);
#15962=CARTESIAN_POINT('',(-0.199999999999999,-5.32703763912734E-17,0.87));
#15963=VECTOR('',#18346,1.0);
#15964=COLOUR_RGB('',0.0,0.0,0.0);
#15965=CARTESIAN_POINT('',(0.386523063262,7.7762503467721E-17,-1.27));
#15966=VECTOR('',#18347,1.0);
#15967=COLOUR_RGB('',0.0,0.0,0.0);
#15968=CARTESIAN_POINT('',(2.153476936738,7.7762503467721E-17,-1.27));
#15969=VECTOR('',#18348,1.0);
#15970=COLOUR_RGB('',0.0,0.0,0.0);
#15971=COLOUR_RGB('',0.0,0.0,0.0);
#15972=CARTESIAN_POINT('',(2.153476936738,-7.7762503467721E-17,1.27));
#15973=VECTOR('',#18349,1.0);
#15974=COLOUR_RGB('',0.0,0.0,0.0);
#15975=COLOUR_RGB('',0.0,0.0,0.0);
#15976=CARTESIAN_POINT('',(-2.34,-5.32703763912734E-17,0.87));
#15977=VECTOR('',#18350,1.0);
#15978=CARTESIAN_POINT('',(-2.153476936738,-7.7762503467721E-17,1.27));
#15979=VECTOR('',#18351,1.0);
#15980=COLOUR_RGB('',0.0,0.0,0.0);
#15981=CARTESIAN_POINT('',(-2.74,-5.32703763912734E-17,0.87));
#15982=VECTOR('',#18352,1.0);
#15983=COLOUR_RGB('',0.0,0.0,0.0);
#15984=CARTESIAN_POINT('',(-2.153476936738,7.7762503467721E-17,-1.27));
#15985=VECTOR('',#18353,1.0);
#15986=COLOUR_RGB('',0.0,0.0,0.0);
#15987=CARTESIAN_POINT('',(-0.386523063262,7.7762503467721E-17,-1.27));
#15988=VECTOR('',#18354,1.0);
#15989=COLOUR_RGB('',0.0,0.0,0.0);
#15990=COLOUR_RGB('',0.0,0.0,0.0);
#15991=CARTESIAN_POINT('',(-0.386523063262,-7.7762503467721E-17,1.27));
#15992=VECTOR('',#18355,1.0);
#15993=COLOUR_RGB('',0.0,0.0,0.0);
#15994=COLOUR_RGB('',0.0,0.0,0.0);
#15995=CARTESIAN_POINT('',(-4.88,-5.32703763912734E-17,0.87));
#15996=VECTOR('',#18356,1.0);
#15997=CARTESIAN_POINT('',(-4.693476936738,-7.7762503467721E-17,1.27));
#15998=VECTOR('',#18357,1.0);
#15999=COLOUR_RGB('',0.0,0.0,0.0);
#16000=CARTESIAN_POINT('',(-5.28,-5.32703763912734E-17,0.87));
#16001=VECTOR('',#18358,1.0);
#16002=COLOUR_RGB('',0.0,0.0,0.0);
#16003=CARTESIAN_POINT('',(-4.693476936738,7.7762503467721E-17,-1.27));
#16004=VECTOR('',#18359,1.0);
#16005=COLOUR_RGB('',0.0,0.0,0.0);
#16006=CARTESIAN_POINT('',(-2.926523063262,7.7762503467721E-17,-1.27));
#16007=VECTOR('',#18360,1.0);
#16008=COLOUR_RGB('',0.0,0.0,0.0);
#16009=COLOUR_RGB('',0.0,0.0,0.0);
#16010=CARTESIAN_POINT('',(-2.926523063262,-7.7762503467721E-17,1.27));
#16011=VECTOR('',#18361,1.0);
#16012=COLOUR_RGB('',0.0,0.0,0.0);
#16013=COLOUR_RGB('',0.0,0.0,0.0);
#16014=CARTESIAN_POINT('',(-7.42,-5.32703763912734E-17,0.87));
#16015=VECTOR('',#18362,1.0);
#16016=CARTESIAN_POINT('',(-7.233476936738,-7.7762503467721E-17,1.27));
#16017=VECTOR('',#18363,1.0);
#16018=COLOUR_RGB('',0.0,0.0,0.0);
#16019=CARTESIAN_POINT('',(-7.82,-5.32703763912734E-17,0.87));
#16020=VECTOR('',#18364,1.0);
#16021=COLOUR_RGB('',0.0,0.0,0.0);
#16022=CARTESIAN_POINT('',(-7.233476936738,7.7762503467721E-17,-1.27));
#16023=VECTOR('',#18365,1.0);
#16024=COLOUR_RGB('',0.0,0.0,0.0);
#16025=CARTESIAN_POINT('',(-5.466523063262,7.7762503467721E-17,-1.27));
#16026=VECTOR('',#18366,1.0);
#16027=COLOUR_RGB('',0.0,0.0,0.0);
#16028=COLOUR_RGB('',0.0,0.0,0.0);
#16029=CARTESIAN_POINT('',(-5.466523063262,-7.7762503467721E-17,1.27));
#16030=VECTOR('',#18367,1.0);
#16031=COLOUR_RGB('',0.0,0.0,0.0);
#16032=COLOUR_RGB('',0.0,0.0,0.0);
#16033=CARTESIAN_POINT('',(-9.96,-5.32703763912734E-17,0.87));
#16034=VECTOR('',#18368,1.0);
#16035=CARTESIAN_POINT('',(-9.773476936738,-7.7762503467721E-17,1.27));
#16036=VECTOR('',#18369,1.0);
#16037=COLOUR_RGB('',0.0,0.0,0.0);
#16038=CARTESIAN_POINT('',(-10.36,-5.32703763912734E-17,0.87));
#16039=VECTOR('',#18370,1.0);
#16040=COLOUR_RGB('',0.0,0.0,0.0);
#16041=CARTESIAN_POINT('',(-9.773476936738,7.7762503467721E-17,-1.27));
#16042=VECTOR('',#18371,1.0);
#16043=COLOUR_RGB('',0.0,0.0,0.0);
#16044=CARTESIAN_POINT('',(-8.006523063262,7.7762503467721E-17,-1.27));
#16045=VECTOR('',#18372,1.0);
#16046=COLOUR_RGB('',0.0,0.0,0.0);
#16047=COLOUR_RGB('',0.0,0.0,0.0);
#16048=CARTESIAN_POINT('',(-8.006523063262,-7.7762503467721E-17,1.27));
#16049=VECTOR('',#18373,1.0);
#16050=COLOUR_RGB('',0.0,0.0,0.0);
#16051=COLOUR_RGB('',0.0,0.0,0.0);
#16052=CARTESIAN_POINT('',(-12.7,-5.32703763912734E-17,0.87));
#16053=VECTOR('',#18374,1.0);
#16054=CARTESIAN_POINT('',(-12.513476936738,-7.7762503467721E-17,1.27));
#16055=VECTOR('',#18375,1.0);
#16056=COLOUR_RGB('',0.0,0.0,0.0);
#16057=CARTESIAN_POINT('',(-12.7,5.32703763912734E-17,-0.87));
#16058=VECTOR('',#18376,1.0);
#16059=COLOUR_RGB('',0.0,0.0,0.0);
#16060=CARTESIAN_POINT('',(-12.513476936738,7.7762503467721E-17,-1.27));
#16061=VECTOR('',#18377,1.0);
#16062=COLOUR_RGB('',0.0,0.0,0.0);
#16063=CARTESIAN_POINT('',(-10.546523063262,7.7762503467721E-17,-1.27));
#16064=VECTOR('',#18378,1.0);
#16065=COLOUR_RGB('',0.0,0.0,0.0);
#16066=COLOUR_RGB('',0.0,0.0,0.0);
#16067=CARTESIAN_POINT('',(-10.546523063262,-7.7762503467721E-17,1.27));
#16068=VECTOR('',#18379,1.0);
#16069=COLOUR_RGB('',0.0,0.0,0.0);
#16070=CARTESIAN_POINT('',(-11.43,1.91304755078161,0.0));
#16071=DIRECTION('',(0.0,1.0,0.0));
#16072=DIRECTION('',(0.0,0.0,-1.0));
#16073=CARTESIAN_POINT('',(-11.43,1.91304755078161,0.490007719539948));
#16074=DIRECTION('',(1.0,0.0,0.0));
#16075=DIRECTION('',(-0.0,0.0,1.0));
#16076=CARTESIAN_POINT('',(-11.43,1.94688304863934,0.0));
#16077=DIRECTION('',(0.0,1.0,0.0));
#16078=DIRECTION('',(-1.0,0.0,0.0));
#16079=CARTESIAN_POINT('',(-11.43,1.94688304863934,0.0));
#16080=DIRECTION('',(0.0,1.0,0.0));
#16081=DIRECTION('',(-1.0,0.0,0.0));
#16082=CARTESIAN_POINT('',(-11.43,1.91304755078161,-0.490007719539948));
#16083=DIRECTION('',(1.0,-0.0,0.0));
#16084=DIRECTION('',(0.0,0.0,-1.0));
#16085=CARTESIAN_POINT('',(-8.89,1.91304755078161,0.0));
#16086=DIRECTION('',(0.0,1.0,0.0));
#16087=DIRECTION('',(0.0,0.0,-1.0));
#16088=CARTESIAN_POINT('',(-8.89,1.91304755078161,0.490007719539948));
#16089=DIRECTION('',(1.0,0.0,0.0));
#16090=DIRECTION('',(-0.0,0.0,1.0));
#16091=CARTESIAN_POINT('',(-8.89,1.94688304863934,0.0));
#16092=DIRECTION('',(0.0,1.0,0.0));
#16093=DIRECTION('',(-1.0,0.0,0.0));
#16094=CARTESIAN_POINT('',(-8.89,1.94688304863934,0.0));
#16095=DIRECTION('',(0.0,1.0,0.0));
#16096=DIRECTION('',(-1.0,0.0,0.0));
#16097=CARTESIAN_POINT('',(-8.89,1.91304755078161,-0.490007719539948));
#16098=DIRECTION('',(1.0,-0.0,0.0));
#16099=DIRECTION('',(0.0,0.0,-1.0));
#16100=CARTESIAN_POINT('',(-6.35,1.91304755078161,0.0));
#16101=DIRECTION('',(0.0,1.0,0.0));
#16102=DIRECTION('',(0.0,0.0,-1.0));
#16103=CARTESIAN_POINT('',(-6.35,1.91304755078161,0.490007719539948));
#16104=DIRECTION('',(1.0,0.0,0.0));
#16105=DIRECTION('',(-0.0,0.0,1.0));
#16106=CARTESIAN_POINT('',(-6.35,1.94688304863934,0.0));
#16107=DIRECTION('',(0.0,1.0,0.0));
#16108=DIRECTION('',(-1.0,0.0,0.0));
#16109=CARTESIAN_POINT('',(-6.35,1.94688304863934,0.0));
#16110=DIRECTION('',(0.0,1.0,0.0));
#16111=DIRECTION('',(-1.0,0.0,0.0));
#16112=CARTESIAN_POINT('',(-6.35,1.91304755078161,-0.490007719539948));
#16113=DIRECTION('',(1.0,-0.0,0.0));
#16114=DIRECTION('',(0.0,0.0,-1.0));
#16115=CARTESIAN_POINT('',(-3.81,1.91304755078161,0.0));
#16116=DIRECTION('',(0.0,1.0,0.0));
#16117=DIRECTION('',(0.0,0.0,-1.0));
#16118=CARTESIAN_POINT('',(-3.81,1.91304755078161,0.490007719539948));
#16119=DIRECTION('',(1.0,0.0,0.0));
#16120=DIRECTION('',(-0.0,0.0,1.0));
#16121=CARTESIAN_POINT('',(-3.81,1.94688304863934,0.0));
#16122=DIRECTION('',(0.0,1.0,0.0));
#16123=DIRECTION('',(-1.0,0.0,0.0));
#16124=CARTESIAN_POINT('',(-3.81,1.94688304863934,0.0));
#16125=DIRECTION('',(0.0,1.0,0.0));
#16126=DIRECTION('',(-1.0,0.0,0.0));
#16127=CARTESIAN_POINT('',(-3.81,1.91304755078161,-0.490007719539948));
#16128=DIRECTION('',(1.0,-0.0,0.0));
#16129=DIRECTION('',(0.0,0.0,-1.0));
#16130=CARTESIAN_POINT('',(-1.27,1.91304755078161,0.0));
#16131=DIRECTION('',(0.0,1.0,0.0));
#16132=DIRECTION('',(0.0,0.0,-1.0));
#16133=CARTESIAN_POINT('',(-1.27,1.91304755078161,0.490007719539948));
#16134=DIRECTION('',(1.0,0.0,0.0));
#16135=DIRECTION('',(-0.0,0.0,1.0));
#16136=CARTESIAN_POINT('',(-1.27,1.94688304863934,0.0));
#16137=DIRECTION('',(0.0,1.0,0.0));
#16138=DIRECTION('',(-1.0,0.0,0.0));
#16139=CARTESIAN_POINT('',(-1.27,1.94688304863934,0.0));
#16140=DIRECTION('',(0.0,1.0,0.0));
#16141=DIRECTION('',(-1.0,0.0,0.0));
#16142=CARTESIAN_POINT('',(-1.27,1.91304755078161,-0.490007719539948));
#16143=DIRECTION('',(1.0,-0.0,0.0));
#16144=DIRECTION('',(0.0,0.0,-1.0));
#16145=CARTESIAN_POINT('',(1.27,1.91304755078161,0.0));
#16146=DIRECTION('',(0.0,1.0,0.0));
#16147=DIRECTION('',(0.0,0.0,-1.0));
#16148=CARTESIAN_POINT('',(1.27,1.91304755078161,0.490007719539948));
#16149=DIRECTION('',(1.0,0.0,0.0));
#16150=DIRECTION('',(-0.0,0.0,1.0));
#16151=CARTESIAN_POINT('',(1.27,1.94688304863934,0.0));
#16152=DIRECTION('',(0.0,1.0,0.0));
#16153=DIRECTION('',(-1.0,0.0,0.0));
#16154=CARTESIAN_POINT('',(1.27,1.94688304863934,0.0));
#16155=DIRECTION('',(0.0,1.0,0.0));
#16156=DIRECTION('',(-1.0,0.0,0.0));
#16157=CARTESIAN_POINT('',(1.27,1.91304755078161,-0.490007719539948));
#16158=DIRECTION('',(1.0,-0.0,0.0));
#16159=DIRECTION('',(0.0,0.0,-1.0));
#16160=CARTESIAN_POINT('',(3.81,1.91304755078161,0.0));
#16161=DIRECTION('',(0.0,1.0,0.0));
#16162=DIRECTION('',(0.0,0.0,-1.0));
#16163=CARTESIAN_POINT('',(3.81,1.91304755078161,0.490007719539948));
#16164=DIRECTION('',(1.0,0.0,0.0));
#16165=DIRECTION('',(-0.0,0.0,1.0));
#16166=CARTESIAN_POINT('',(3.81,1.94688304863934,0.0));
#16167=DIRECTION('',(0.0,1.0,0.0));
#16168=DIRECTION('',(-1.0,0.0,0.0));
#16169=CARTESIAN_POINT('',(3.81,1.94688304863934,0.0));
#16170=DIRECTION('',(0.0,1.0,0.0));
#16171=DIRECTION('',(-1.0,0.0,0.0));
#16172=CARTESIAN_POINT('',(3.81,1.91304755078161,-0.490007719539948));
#16173=DIRECTION('',(1.0,-0.0,0.0));
#16174=DIRECTION('',(0.0,0.0,-1.0));
#16175=CARTESIAN_POINT('',(6.35,1.91304755078161,0.0));
#16176=DIRECTION('',(0.0,1.0,0.0));
#16177=DIRECTION('',(0.0,0.0,-1.0));
#16178=CARTESIAN_POINT('',(6.35,1.91304755078161,0.490007719539948));
#16179=DIRECTION('',(1.0,0.0,0.0));
#16180=DIRECTION('',(-0.0,0.0,1.0));
#16181=CARTESIAN_POINT('',(6.35,1.94688304863934,0.0));
#16182=DIRECTION('',(0.0,1.0,0.0));
#16183=DIRECTION('',(-1.0,0.0,0.0));
#16184=CARTESIAN_POINT('',(6.35,1.94688304863934,0.0));
#16185=DIRECTION('',(0.0,1.0,0.0));
#16186=DIRECTION('',(-1.0,0.0,0.0));
#16187=CARTESIAN_POINT('',(6.35,1.91304755078161,-0.490007719539948));
#16188=DIRECTION('',(1.0,-0.0,0.0));
#16189=DIRECTION('',(0.0,0.0,-1.0));
#16190=CARTESIAN_POINT('',(8.89,1.91304755078161,0.0));
#16191=DIRECTION('',(0.0,1.0,0.0));
#16192=DIRECTION('',(0.0,0.0,-1.0));
#16193=CARTESIAN_POINT('',(8.89,1.91304755078161,0.490007719539948));
#16194=DIRECTION('',(1.0,0.0,0.0));
#16195=DIRECTION('',(-0.0,0.0,1.0));
#16196=CARTESIAN_POINT('',(8.89,1.94688304863934,0.0));
#16197=DIRECTION('',(0.0,1.0,0.0));
#16198=DIRECTION('',(-1.0,0.0,0.0));
#16199=CARTESIAN_POINT('',(8.89,1.94688304863934,0.0));
#16200=DIRECTION('',(0.0,1.0,0.0));
#16201=DIRECTION('',(-1.0,0.0,0.0));
#16202=CARTESIAN_POINT('',(8.89,1.91304755078161,-0.490007719539948));
#16203=DIRECTION('',(1.0,-0.0,0.0));
#16204=DIRECTION('',(0.0,0.0,-1.0));
#16205=CARTESIAN_POINT('',(11.43,1.91304755078161,0.0));
#16206=DIRECTION('',(0.0,1.0,0.0));
#16207=DIRECTION('',(0.0,0.0,-1.0));
#16208=CARTESIAN_POINT('',(11.43,1.91304755078161,0.490007719539948));
#16209=DIRECTION('',(1.0,0.0,0.0));
#16210=DIRECTION('',(-0.0,0.0,1.0));
#16211=CARTESIAN_POINT('',(11.43,1.94688304863934,0.0));
#16212=DIRECTION('',(0.0,1.0,0.0));
#16213=DIRECTION('',(-1.0,0.0,0.0));
#16214=CARTESIAN_POINT('',(11.43,1.94688304863934,0.0));
#16215=DIRECTION('',(0.0,1.0,0.0));
#16216=DIRECTION('',(-1.0,0.0,0.0));
#16217=CARTESIAN_POINT('',(11.43,1.91304755078161,-0.490007719539948));
#16218=DIRECTION('',(1.0,-0.0,0.0));
#16219=DIRECTION('',(0.0,0.0,-1.0));
#16220=CARTESIAN_POINT('',(11.43,1.91304755078161,0.0));
#16221=DIRECTION('',(0.0,1.0,0.0));
#16222=DIRECTION('',(0.0,0.0,-1.0));
#16223=CARTESIAN_POINT('',(11.43,1.94688304863934,0.0));
#16224=DIRECTION('',(0.0,1.0,0.0));
#16225=DIRECTION('',(-1.0,0.0,0.0));
#16226=CARTESIAN_POINT('',(11.43,1.94688304863934,0.0));
#16227=DIRECTION('',(0.0,1.0,0.0));
#16228=DIRECTION('',(-1.0,0.0,0.0));
#16229=CARTESIAN_POINT('',(8.89,1.91304755078161,0.0));
#16230=DIRECTION('',(0.0,1.0,0.0));
#16231=DIRECTION('',(0.0,0.0,-1.0));
#16232=CARTESIAN_POINT('',(8.89,1.94688304863934,0.0));
#16233=DIRECTION('',(0.0,1.0,0.0));
#16234=DIRECTION('',(-1.0,0.0,0.0));
#16235=CARTESIAN_POINT('',(8.89,1.94688304863934,0.0));
#16236=DIRECTION('',(0.0,1.0,0.0));
#16237=DIRECTION('',(-1.0,0.0,0.0));
#16238=CARTESIAN_POINT('',(6.35,1.91304755078161,0.0));
#16239=DIRECTION('',(0.0,1.0,0.0));
#16240=DIRECTION('',(0.0,0.0,-1.0));
#16241=CARTESIAN_POINT('',(6.35,1.94688304863934,0.0));
#16242=DIRECTION('',(0.0,1.0,0.0));
#16243=DIRECTION('',(-1.0,0.0,0.0));
#16244=CARTESIAN_POINT('',(6.35,1.94688304863934,0.0));
#16245=DIRECTION('',(0.0,1.0,0.0));
#16246=DIRECTION('',(-1.0,0.0,0.0));
#16247=CARTESIAN_POINT('',(3.81,1.91304755078161,0.0));
#16248=DIRECTION('',(0.0,1.0,0.0));
#16249=DIRECTION('',(0.0,0.0,-1.0));
#16250=CARTESIAN_POINT('',(3.81,1.94688304863934,0.0));
#16251=DIRECTION('',(0.0,1.0,0.0));
#16252=DIRECTION('',(-1.0,0.0,0.0));
#16253=CARTESIAN_POINT('',(3.81,1.94688304863934,0.0));
#16254=DIRECTION('',(0.0,1.0,0.0));
#16255=DIRECTION('',(-1.0,0.0,0.0));
#16256=CARTESIAN_POINT('',(1.27,1.91304755078161,0.0));
#16257=DIRECTION('',(0.0,1.0,0.0));
#16258=DIRECTION('',(0.0,0.0,-1.0));
#16259=CARTESIAN_POINT('',(1.27,1.94688304863934,0.0));
#16260=DIRECTION('',(0.0,1.0,0.0));
#16261=DIRECTION('',(-1.0,0.0,0.0));
#16262=CARTESIAN_POINT('',(1.27,1.94688304863934,0.0));
#16263=DIRECTION('',(0.0,1.0,0.0));
#16264=DIRECTION('',(-1.0,0.0,0.0));
#16265=CARTESIAN_POINT('',(-1.27,1.91304755078161,0.0));
#16266=DIRECTION('',(0.0,1.0,0.0));
#16267=DIRECTION('',(0.0,0.0,-1.0));
#16268=CARTESIAN_POINT('',(-1.27,1.94688304863934,0.0));
#16269=DIRECTION('',(0.0,1.0,0.0));
#16270=DIRECTION('',(-1.0,0.0,0.0));
#16271=CARTESIAN_POINT('',(-1.27,1.94688304863934,0.0));
#16272=DIRECTION('',(0.0,1.0,0.0));
#16273=DIRECTION('',(-1.0,0.0,0.0));
#16274=CARTESIAN_POINT('',(-3.81,1.91304755078161,0.0));
#16275=DIRECTION('',(0.0,1.0,0.0));
#16276=DIRECTION('',(0.0,0.0,-1.0));
#16277=CARTESIAN_POINT('',(-3.81,1.94688304863934,0.0));
#16278=DIRECTION('',(0.0,1.0,0.0));
#16279=DIRECTION('',(-1.0,0.0,0.0));
#16280=CARTESIAN_POINT('',(-3.81,1.94688304863934,0.0));
#16281=DIRECTION('',(0.0,1.0,0.0));
#16282=DIRECTION('',(-1.0,0.0,0.0));
#16283=CARTESIAN_POINT('',(-6.35,1.91304755078161,0.0));
#16284=DIRECTION('',(0.0,1.0,0.0));
#16285=DIRECTION('',(0.0,0.0,-1.0));
#16286=CARTESIAN_POINT('',(-6.35,1.94688304863934,0.0));
#16287=DIRECTION('',(0.0,1.0,0.0));
#16288=DIRECTION('',(-1.0,0.0,0.0));
#16289=CARTESIAN_POINT('',(-6.35,1.94688304863934,0.0));
#16290=DIRECTION('',(0.0,1.0,0.0));
#16291=DIRECTION('',(-1.0,0.0,0.0));
#16292=CARTESIAN_POINT('',(-8.89,1.91304755078161,0.0));
#16293=DIRECTION('',(0.0,1.0,0.0));
#16294=DIRECTION('',(0.0,0.0,-1.0));
#16295=CARTESIAN_POINT('',(-8.89,1.94688304863934,0.0));
#16296=DIRECTION('',(0.0,1.0,0.0));
#16297=DIRECTION('',(-1.0,0.0,0.0));
#16298=CARTESIAN_POINT('',(-8.89,1.94688304863934,0.0));
#16299=DIRECTION('',(0.0,1.0,0.0));
#16300=DIRECTION('',(-1.0,0.0,0.0));
#16301=CARTESIAN_POINT('',(-11.43,1.91304755078161,0.0));
#16302=DIRECTION('',(0.0,1.0,0.0));
#16303=DIRECTION('',(0.0,0.0,-1.0));
#16304=CARTESIAN_POINT('',(-11.43,1.94688304863934,0.0));
#16305=DIRECTION('',(0.0,1.0,0.0));
#16306=DIRECTION('',(-1.0,0.0,0.0));
#16307=CARTESIAN_POINT('',(-11.43,1.94688304863934,0.0));
#16308=DIRECTION('',(0.0,1.0,0.0));
#16309=DIRECTION('',(-1.0,0.0,0.0));
#16310=DIRECTION('',(0.707106781186548,0.707106781186547,8.65927457071934E-17));
#16311=CARTESIAN_POINT('',(-11.43,8.88178419700125E-16,0.0));
#16312=DIRECTION('',(-0.0,1.0,0.0));
#16313=DIRECTION('',(1.0,0.0,0.0));
#16314=DIRECTION('',(0.707106781186548,-0.707106781186547,8.65927457071935E-17));
#16315=CARTESIAN_POINT('',(-11.43,0.200000000000001,0.0));
#16316=DIRECTION('',(-0.0,1.0,0.0));
#16317=DIRECTION('',(1.0,0.0,0.0));
#16318=CARTESIAN_POINT('',(-11.43,-0.149999999999998,-0.45));
#16319=DIRECTION('',(-1.0,0.0,-0.0));
#16320=DIRECTION('',(0.0,-0.0,-1.0));
#16321=CARTESIAN_POINT('',(-11.43,-0.149999999999998,0.0));
#16322=DIRECTION('',(-0.0,1.0,0.0));
#16323=DIRECTION('',(1.0,0.0,0.0));
#16324=CARTESIAN_POINT('',(-11.43,-0.149999999999998,0.0));
#16325=DIRECTION('',(-0.0,1.0,0.0));
#16326=DIRECTION('',(1.0,0.0,0.0));
#16327=CARTESIAN_POINT('',(-11.43,-0.149999999999998,0.45));
#16328=DIRECTION('',(-1.0,0.0,0.0));
#16329=DIRECTION('',(0.0,0.0,1.0));
#16330=CARTESIAN_POINT('',(-11.43,1.33226762955019E-15,0.0));
#16331=DIRECTION('',(-0.0,1.0,0.0));
#16332=DIRECTION('',(1.0,0.0,0.0));
#16333=DIRECTION('',(0.0,1.0,0.0));
#16334=CARTESIAN_POINT('',(-11.43,-2.88,0.0));
#16335=DIRECTION('',(-0.0,1.0,0.0));
#16336=DIRECTION('',(1.0,0.0,0.0));
#16337=CARTESIAN_POINT('',(-11.43,-2.88,0.0));
#16338=DIRECTION('',(-0.0,1.0,0.0));
#16339=DIRECTION('',(1.0,0.0,0.0));
#16340=DIRECTION('',(-0.0,-1.0,-0.0));
#16341=CARTESIAN_POINT('',(-11.43,-0.149999999999998,0.0));
#16342=DIRECTION('',(-0.0,1.0,0.0));
#16343=DIRECTION('',(1.0,0.0,0.0));
#16344=DIRECTION('',(0.0,1.0,0.0));
#16345=DIRECTION('',(-0.0,-1.0,-0.0));
#16346=CARTESIAN_POINT('',(-11.43,0.3,0.0));
#16347=DIRECTION('',(-0.0,1.0,0.0));
#16348=DIRECTION('',(1.0,0.0,0.0));
#16349=DIRECTION('',(0.0,1.0,0.0));
#16350=CARTESIAN_POINT('',(-11.43,4.2,0.0));
#16351=DIRECTION('',(0.0,-1.0,-6.12303176911189E-17));
#16352=DIRECTION('',(1.0,0.0,0.0));
#16353=DIRECTION('',(-0.0,-1.0,-0.0));
#16354=CARTESIAN_POINT('',(-11.43,4.201,0.0));
#16355=DIRECTION('',(-0.0,1.0,0.0));
#16356=DIRECTION('',(1.0,0.0,0.0));
#16357=DIRECTION('',(0.707106781186548,0.707106781186547,8.65927457071934E-17));
#16358=CARTESIAN_POINT('',(-8.89,8.88178419700125E-16,0.0));
#16359=DIRECTION('',(-0.0,1.0,0.0));
#16360=DIRECTION('',(1.0,0.0,0.0));
#16361=DIRECTION('',(0.707106781186548,-0.707106781186547,8.65927457071935E-17));
#16362=CARTESIAN_POINT('',(-8.89,0.200000000000001,0.0));
#16363=DIRECTION('',(-0.0,1.0,0.0));
#16364=DIRECTION('',(1.0,0.0,0.0));
#16365=CARTESIAN_POINT('',(-8.89,-0.149999999999998,-0.45));
#16366=DIRECTION('',(-1.0,0.0,-0.0));
#16367=DIRECTION('',(0.0,-0.0,-1.0));
#16368=CARTESIAN_POINT('',(-8.89,-0.149999999999998,0.0));
#16369=DIRECTION('',(-0.0,1.0,0.0));
#16370=DIRECTION('',(1.0,0.0,0.0));
#16371=CARTESIAN_POINT('',(-8.89,-0.149999999999998,0.0));
#16372=DIRECTION('',(-0.0,1.0,0.0));
#16373=DIRECTION('',(1.0,0.0,0.0));
#16374=CARTESIAN_POINT('',(-8.89,-0.149999999999998,0.45));
#16375=DIRECTION('',(-1.0,0.0,0.0));
#16376=DIRECTION('',(0.0,0.0,1.0));
#16377=CARTESIAN_POINT('',(-8.89,1.33226762955019E-15,0.0));
#16378=DIRECTION('',(-0.0,1.0,0.0));
#16379=DIRECTION('',(1.0,0.0,0.0));
#16380=DIRECTION('',(0.0,1.0,0.0));
#16381=CARTESIAN_POINT('',(-8.89,-2.88,0.0));
#16382=DIRECTION('',(-0.0,1.0,0.0));
#16383=DIRECTION('',(1.0,0.0,0.0));
#16384=CARTESIAN_POINT('',(-8.89,-2.88,0.0));
#16385=DIRECTION('',(-0.0,1.0,0.0));
#16386=DIRECTION('',(1.0,0.0,0.0));
#16387=DIRECTION('',(-0.0,-1.0,-0.0));
#16388=CARTESIAN_POINT('',(-8.89,-0.149999999999998,0.0));
#16389=DIRECTION('',(-0.0,1.0,0.0));
#16390=DIRECTION('',(1.0,0.0,0.0));
#16391=DIRECTION('',(0.0,1.0,0.0));
#16392=DIRECTION('',(-0.0,-1.0,-0.0));
#16393=CARTESIAN_POINT('',(-8.89,0.3,0.0));
#16394=DIRECTION('',(-0.0,1.0,0.0));
#16395=DIRECTION('',(1.0,0.0,0.0));
#16396=DIRECTION('',(0.0,1.0,0.0));
#16397=CARTESIAN_POINT('',(-8.89,4.2,0.0));
#16398=DIRECTION('',(0.0,-1.0,-6.12303176911189E-17));
#16399=DIRECTION('',(1.0,0.0,0.0));
#16400=DIRECTION('',(-0.0,-1.0,-0.0));
#16401=CARTESIAN_POINT('',(-8.89,4.201,0.0));
#16402=DIRECTION('',(-0.0,1.0,0.0));
#16403=DIRECTION('',(1.0,0.0,0.0));
#16404=DIRECTION('',(0.707106781186547,0.707106781186548,8.65927457071935E-17));
#16405=CARTESIAN_POINT('',(-6.35,8.88178419700125E-16,0.0));
#16406=DIRECTION('',(-0.0,1.0,0.0));
#16407=DIRECTION('',(1.0,0.0,0.0));
#16408=DIRECTION('',(0.707106781186547,-0.707106781186548,8.65927457071936E-17));
#16409=CARTESIAN_POINT('',(-6.35,0.200000000000001,0.0));
#16410=DIRECTION('',(-0.0,1.0,0.0));
#16411=DIRECTION('',(1.0,0.0,0.0));
#16412=CARTESIAN_POINT('',(-6.35,-0.149999999999998,-0.45));
#16413=DIRECTION('',(-1.0,0.0,-0.0));
#16414=DIRECTION('',(0.0,-0.0,-1.0));
#16415=CARTESIAN_POINT('',(-6.35,-0.149999999999998,0.0));
#16416=DIRECTION('',(-0.0,1.0,0.0));
#16417=DIRECTION('',(1.0,0.0,0.0));
#16418=CARTESIAN_POINT('',(-6.35,-0.149999999999998,0.0));
#16419=DIRECTION('',(-0.0,1.0,0.0));
#16420=DIRECTION('',(1.0,0.0,0.0));
#16421=CARTESIAN_POINT('',(-6.35,-0.149999999999998,0.45));
#16422=DIRECTION('',(-1.0,0.0,0.0));
#16423=DIRECTION('',(0.0,0.0,1.0));
#16424=CARTESIAN_POINT('',(-6.35,1.33226762955019E-15,0.0));
#16425=DIRECTION('',(-0.0,1.0,0.0));
#16426=DIRECTION('',(1.0,0.0,0.0));
#16427=DIRECTION('',(0.0,1.0,0.0));
#16428=CARTESIAN_POINT('',(-6.35,-2.88,0.0));
#16429=DIRECTION('',(-0.0,1.0,0.0));
#16430=DIRECTION('',(1.0,0.0,0.0));
#16431=CARTESIAN_POINT('',(-6.35,-2.88,0.0));
#16432=DIRECTION('',(-0.0,1.0,0.0));
#16433=DIRECTION('',(1.0,0.0,0.0));
#16434=DIRECTION('',(-0.0,-1.0,-0.0));
#16435=CARTESIAN_POINT('',(-6.35,-0.149999999999998,0.0));
#16436=DIRECTION('',(-0.0,1.0,0.0));
#16437=DIRECTION('',(1.0,0.0,0.0));
#16438=DIRECTION('',(0.0,1.0,0.0));
#16439=DIRECTION('',(-0.0,-1.0,-0.0));
#16440=CARTESIAN_POINT('',(-6.35,0.3,0.0));
#16441=DIRECTION('',(-0.0,1.0,0.0));
#16442=DIRECTION('',(1.0,0.0,0.0));
#16443=DIRECTION('',(0.0,1.0,0.0));
#16444=CARTESIAN_POINT('',(-6.35,4.2,0.0));
#16445=DIRECTION('',(0.0,-1.0,-6.12303176911189E-17));
#16446=DIRECTION('',(1.0,0.0,0.0));
#16447=DIRECTION('',(-0.0,-1.0,-0.0));
#16448=CARTESIAN_POINT('',(-6.35,4.201,0.0));
#16449=DIRECTION('',(-0.0,1.0,0.0));
#16450=DIRECTION('',(1.0,0.0,0.0));
#16451=DIRECTION('',(0.707106781186548,0.707106781186548,8.65927457071936E-17));
#16452=CARTESIAN_POINT('',(-3.81,8.88178419700125E-16,0.0));
#16453=DIRECTION('',(-0.0,1.0,0.0));
#16454=DIRECTION('',(1.0,0.0,0.0));
#16455=DIRECTION('',(0.707106781186547,-0.707106781186548,8.65927457071936E-17));
#16456=CARTESIAN_POINT('',(-3.81,0.200000000000001,0.0));
#16457=DIRECTION('',(-0.0,1.0,0.0));
#16458=DIRECTION('',(1.0,0.0,0.0));
#16459=CARTESIAN_POINT('',(-3.81,-0.149999999999998,-0.45));
#16460=DIRECTION('',(-1.0,0.0,-0.0));
#16461=DIRECTION('',(0.0,-0.0,-1.0));
#16462=CARTESIAN_POINT('',(-3.81,-0.149999999999998,0.0));
#16463=DIRECTION('',(-0.0,1.0,0.0));
#16464=DIRECTION('',(1.0,0.0,0.0));
#16465=CARTESIAN_POINT('',(-3.81,-0.149999999999998,0.0));
#16466=DIRECTION('',(-0.0,1.0,0.0));
#16467=DIRECTION('',(1.0,0.0,0.0));
#16468=CARTESIAN_POINT('',(-3.81,-0.149999999999998,0.45));
#16469=DIRECTION('',(-1.0,0.0,0.0));
#16470=DIRECTION('',(0.0,0.0,1.0));
#16471=CARTESIAN_POINT('',(-3.81,1.33226762955019E-15,0.0));
#16472=DIRECTION('',(-0.0,1.0,0.0));
#16473=DIRECTION('',(1.0,0.0,0.0));
#16474=DIRECTION('',(0.0,1.0,0.0));
#16475=CARTESIAN_POINT('',(-3.81,-2.88,0.0));
#16476=DIRECTION('',(-0.0,1.0,0.0));
#16477=DIRECTION('',(1.0,0.0,0.0));
#16478=CARTESIAN_POINT('',(-3.81,-2.88,0.0));
#16479=DIRECTION('',(-0.0,1.0,0.0));
#16480=DIRECTION('',(1.0,0.0,0.0));
#16481=DIRECTION('',(-0.0,-1.0,-0.0));
#16482=CARTESIAN_POINT('',(-3.81,-0.149999999999998,0.0));
#16483=DIRECTION('',(-0.0,1.0,0.0));
#16484=DIRECTION('',(1.0,0.0,0.0));
#16485=DIRECTION('',(0.0,1.0,0.0));
#16486=DIRECTION('',(-0.0,-1.0,-0.0));
#16487=CARTESIAN_POINT('',(-3.81,0.3,0.0));
#16488=DIRECTION('',(-0.0,1.0,0.0));
#16489=DIRECTION('',(1.0,0.0,0.0));
#16490=DIRECTION('',(0.0,1.0,0.0));
#16491=CARTESIAN_POINT('',(-3.81,4.2,0.0));
#16492=DIRECTION('',(0.0,-1.0,-6.12303176911189E-17));
#16493=DIRECTION('',(1.0,0.0,0.0));
#16494=DIRECTION('',(-0.0,-1.0,-0.0));
#16495=CARTESIAN_POINT('',(-3.81,4.201,0.0));
#16496=DIRECTION('',(-0.0,1.0,0.0));
#16497=DIRECTION('',(1.0,0.0,0.0));
#16498=DIRECTION('',(0.707106781186547,0.707106781186548,8.65927457071935E-17));
#16499=CARTESIAN_POINT('',(-1.27,8.88178419700125E-16,0.0));
#16500=DIRECTION('',(-0.0,1.0,0.0));
#16501=DIRECTION('',(1.0,0.0,0.0));
#16502=DIRECTION('',(0.707106781186548,-0.707106781186548,8.65927457071935E-17));
#16503=CARTESIAN_POINT('',(-1.27,0.200000000000001,0.0));
#16504=DIRECTION('',(-0.0,1.0,0.0));
#16505=DIRECTION('',(1.0,0.0,0.0));
#16506=CARTESIAN_POINT('',(-1.27,-0.149999999999998,-0.45));
#16507=DIRECTION('',(-1.0,0.0,-0.0));
#16508=DIRECTION('',(0.0,-0.0,-1.0));
#16509=CARTESIAN_POINT('',(-1.27,-0.149999999999998,0.0));
#16510=DIRECTION('',(-0.0,1.0,0.0));
#16511=DIRECTION('',(1.0,0.0,0.0));
#16512=CARTESIAN_POINT('',(-1.27,-0.149999999999998,0.0));
#16513=DIRECTION('',(-0.0,1.0,0.0));
#16514=DIRECTION('',(1.0,0.0,0.0));
#16515=CARTESIAN_POINT('',(-1.27,-0.149999999999998,0.45));
#16516=DIRECTION('',(-1.0,0.0,0.0));
#16517=DIRECTION('',(0.0,0.0,1.0));
#16518=CARTESIAN_POINT('',(-1.27,1.33226762955019E-15,0.0));
#16519=DIRECTION('',(-0.0,1.0,0.0));
#16520=DIRECTION('',(1.0,0.0,0.0));
#16521=DIRECTION('',(0.0,1.0,0.0));
#16522=CARTESIAN_POINT('',(-1.27,-2.88,0.0));
#16523=DIRECTION('',(-0.0,1.0,0.0));
#16524=DIRECTION('',(1.0,0.0,0.0));
#16525=CARTESIAN_POINT('',(-1.27,-2.88,0.0));
#16526=DIRECTION('',(-0.0,1.0,0.0));
#16527=DIRECTION('',(1.0,0.0,0.0));
#16528=DIRECTION('',(-0.0,-1.0,-0.0));
#16529=CARTESIAN_POINT('',(-1.27,-0.149999999999998,0.0));
#16530=DIRECTION('',(-0.0,1.0,0.0));
#16531=DIRECTION('',(1.0,0.0,0.0));
#16532=DIRECTION('',(0.0,1.0,0.0));
#16533=DIRECTION('',(-0.0,-1.0,-0.0));
#16534=CARTESIAN_POINT('',(-1.27,0.3,0.0));
#16535=DIRECTION('',(-0.0,1.0,0.0));
#16536=DIRECTION('',(1.0,0.0,0.0));
#16537=DIRECTION('',(0.0,1.0,0.0));
#16538=CARTESIAN_POINT('',(-1.27,4.2,0.0));
#16539=DIRECTION('',(0.0,-1.0,-6.12303176911189E-17));
#16540=DIRECTION('',(1.0,0.0,0.0));
#16541=DIRECTION('',(-0.0,-1.0,-0.0));
#16542=CARTESIAN_POINT('',(-1.27,4.201,0.0));
#16543=DIRECTION('',(-0.0,1.0,0.0));
#16544=DIRECTION('',(1.0,0.0,0.0));
#16545=DIRECTION('',(0.707106781186548,0.707106781186548,8.65927457071935E-17));
#16546=CARTESIAN_POINT('',(1.27,8.88178419700125E-16,0.0));
#16547=DIRECTION('',(-0.0,1.0,0.0));
#16548=DIRECTION('',(1.0,0.0,0.0));
#16549=DIRECTION('',(0.707106781186547,-0.707106781186548,8.65927457071935E-17));
#16550=CARTESIAN_POINT('',(1.27,0.200000000000001,0.0));
#16551=DIRECTION('',(-0.0,1.0,0.0));
#16552=DIRECTION('',(1.0,0.0,0.0));
#16553=CARTESIAN_POINT('',(1.27,-0.149999999999998,-0.45));
#16554=DIRECTION('',(-1.0,0.0,-0.0));
#16555=DIRECTION('',(0.0,-0.0,-1.0));
#16556=CARTESIAN_POINT('',(1.27,-0.149999999999998,0.0));
#16557=DIRECTION('',(-0.0,1.0,0.0));
#16558=DIRECTION('',(1.0,0.0,0.0));
#16559=CARTESIAN_POINT('',(1.27,-0.149999999999998,0.0));
#16560=DIRECTION('',(-0.0,1.0,0.0));
#16561=DIRECTION('',(1.0,0.0,0.0));
#16562=CARTESIAN_POINT('',(1.27,-0.149999999999998,0.45));
#16563=DIRECTION('',(-1.0,0.0,0.0));
#16564=DIRECTION('',(0.0,0.0,1.0));
#16565=CARTESIAN_POINT('',(1.27,1.33226762955019E-15,0.0));
#16566=DIRECTION('',(-0.0,1.0,0.0));
#16567=DIRECTION('',(1.0,0.0,0.0));
#16568=DIRECTION('',(0.0,1.0,0.0));
#16569=CARTESIAN_POINT('',(1.27,-2.88,0.0));
#16570=DIRECTION('',(-0.0,1.0,0.0));
#16571=DIRECTION('',(1.0,0.0,0.0));
#16572=CARTESIAN_POINT('',(1.27,-2.88,0.0));
#16573=DIRECTION('',(-0.0,1.0,0.0));
#16574=DIRECTION('',(1.0,0.0,0.0));
#16575=DIRECTION('',(-0.0,-1.0,-0.0));
#16576=CARTESIAN_POINT('',(1.27,-0.149999999999998,0.0));
#16577=DIRECTION('',(-0.0,1.0,0.0));
#16578=DIRECTION('',(1.0,0.0,0.0));
#16579=DIRECTION('',(0.0,1.0,0.0));
#16580=DIRECTION('',(-0.0,-1.0,-0.0));
#16581=CARTESIAN_POINT('',(1.27,0.3,0.0));
#16582=DIRECTION('',(-0.0,1.0,0.0));
#16583=DIRECTION('',(1.0,0.0,0.0));
#16584=DIRECTION('',(0.0,1.0,0.0));
#16585=CARTESIAN_POINT('',(1.27,4.2,0.0));
#16586=DIRECTION('',(0.0,-1.0,-6.12303176911189E-17));
#16587=DIRECTION('',(1.0,0.0,0.0));
#16588=DIRECTION('',(-0.0,-1.0,-0.0));
#16589=CARTESIAN_POINT('',(1.27,4.201,0.0));
#16590=DIRECTION('',(-0.0,1.0,0.0));
#16591=DIRECTION('',(1.0,0.0,0.0));
#16592=DIRECTION('',(0.707106781186547,0.707106781186548,8.65927457071936E-17));
#16593=CARTESIAN_POINT('',(3.81,8.88178419700125E-16,0.0));
#16594=DIRECTION('',(-0.0,1.0,0.0));
#16595=DIRECTION('',(1.0,0.0,0.0));
#16596=DIRECTION('',(0.707106781186548,-0.707106781186548,8.65927457071935E-17));
#16597=CARTESIAN_POINT('',(3.81,0.200000000000001,0.0));
#16598=DIRECTION('',(-0.0,1.0,0.0));
#16599=DIRECTION('',(1.0,0.0,0.0));
#16600=CARTESIAN_POINT('',(3.81,-0.149999999999998,-0.45));
#16601=DIRECTION('',(-1.0,0.0,-0.0));
#16602=DIRECTION('',(0.0,-0.0,-1.0));
#16603=CARTESIAN_POINT('',(3.81,-0.149999999999998,0.0));
#16604=DIRECTION('',(-0.0,1.0,0.0));
#16605=DIRECTION('',(1.0,0.0,0.0));
#16606=CARTESIAN_POINT('',(3.81,-0.149999999999998,0.0));
#16607=DIRECTION('',(-0.0,1.0,0.0));
#16608=DIRECTION('',(1.0,0.0,0.0));
#16609=CARTESIAN_POINT('',(3.81,-0.149999999999998,0.45));
#16610=DIRECTION('',(-1.0,0.0,0.0));
#16611=DIRECTION('',(0.0,0.0,1.0));
#16612=CARTESIAN_POINT('',(3.81,1.33226762955019E-15,0.0));
#16613=DIRECTION('',(-0.0,1.0,0.0));
#16614=DIRECTION('',(1.0,0.0,0.0));
#16615=DIRECTION('',(0.0,1.0,0.0));
#16616=CARTESIAN_POINT('',(3.81,-2.88,0.0));
#16617=DIRECTION('',(-0.0,1.0,0.0));
#16618=DIRECTION('',(1.0,0.0,0.0));
#16619=CARTESIAN_POINT('',(3.81,-2.88,0.0));
#16620=DIRECTION('',(-0.0,1.0,0.0));
#16621=DIRECTION('',(1.0,0.0,0.0));
#16622=DIRECTION('',(-0.0,-1.0,-0.0));
#16623=CARTESIAN_POINT('',(3.81,-0.149999999999998,0.0));
#16624=DIRECTION('',(-0.0,1.0,0.0));
#16625=DIRECTION('',(1.0,0.0,0.0));
#16626=DIRECTION('',(0.0,1.0,0.0));
#16627=DIRECTION('',(-0.0,-1.0,-0.0));
#16628=CARTESIAN_POINT('',(3.81,0.3,0.0));
#16629=DIRECTION('',(-0.0,1.0,0.0));
#16630=DIRECTION('',(1.0,0.0,0.0));
#16631=DIRECTION('',(0.0,1.0,0.0));
#16632=CARTESIAN_POINT('',(3.81,4.2,0.0));
#16633=DIRECTION('',(0.0,-1.0,-6.12303176911189E-17));
#16634=DIRECTION('',(1.0,0.0,0.0));
#16635=DIRECTION('',(-0.0,-1.0,-0.0));
#16636=CARTESIAN_POINT('',(3.81,4.201,0.0));
#16637=DIRECTION('',(-0.0,1.0,0.0));
#16638=DIRECTION('',(1.0,0.0,0.0));
#16639=DIRECTION('',(0.707106781186547,0.707106781186548,8.65927457071935E-17));
#16640=CARTESIAN_POINT('',(6.35,8.88178419700125E-16,0.0));
#16641=DIRECTION('',(-0.0,1.0,0.0));
#16642=DIRECTION('',(1.0,0.0,0.0));
#16643=DIRECTION('',(0.707106781186547,-0.707106781186548,8.65927457071936E-17));
#16644=CARTESIAN_POINT('',(6.35,0.200000000000001,0.0));
#16645=DIRECTION('',(-0.0,1.0,0.0));
#16646=DIRECTION('',(1.0,0.0,0.0));
#16647=CARTESIAN_POINT('',(6.35,-0.149999999999998,-0.45));
#16648=DIRECTION('',(-1.0,0.0,-0.0));
#16649=DIRECTION('',(0.0,-0.0,-1.0));
#16650=CARTESIAN_POINT('',(6.35,-0.149999999999998,0.0));
#16651=DIRECTION('',(-0.0,1.0,0.0));
#16652=DIRECTION('',(1.0,0.0,0.0));
#16653=CARTESIAN_POINT('',(6.35,-0.149999999999998,0.0));
#16654=DIRECTION('',(-0.0,1.0,0.0));
#16655=DIRECTION('',(1.0,0.0,0.0));
#16656=CARTESIAN_POINT('',(6.35,-0.149999999999998,0.45));
#16657=DIRECTION('',(-1.0,0.0,0.0));
#16658=DIRECTION('',(0.0,0.0,1.0));
#16659=CARTESIAN_POINT('',(6.35,1.33226762955019E-15,0.0));
#16660=DIRECTION('',(-0.0,1.0,0.0));
#16661=DIRECTION('',(1.0,0.0,0.0));
#16662=DIRECTION('',(0.0,1.0,0.0));
#16663=CARTESIAN_POINT('',(6.35,-2.88,0.0));
#16664=DIRECTION('',(-0.0,1.0,0.0));
#16665=DIRECTION('',(1.0,0.0,0.0));
#16666=CARTESIAN_POINT('',(6.35,-2.88,0.0));
#16667=DIRECTION('',(-0.0,1.0,0.0));
#16668=DIRECTION('',(1.0,0.0,0.0));
#16669=DIRECTION('',(-0.0,-1.0,-0.0));
#16670=CARTESIAN_POINT('',(6.35,-0.149999999999998,0.0));
#16671=DIRECTION('',(-0.0,1.0,0.0));
#16672=DIRECTION('',(1.0,0.0,0.0));
#16673=DIRECTION('',(0.0,1.0,0.0));
#16674=DIRECTION('',(-0.0,-1.0,-0.0));
#16675=CARTESIAN_POINT('',(6.35,0.3,0.0));
#16676=DIRECTION('',(-0.0,1.0,0.0));
#16677=DIRECTION('',(1.0,0.0,0.0));
#16678=DIRECTION('',(0.0,1.0,0.0));
#16679=CARTESIAN_POINT('',(6.35,4.2,0.0));
#16680=DIRECTION('',(0.0,-1.0,-6.12303176911189E-17));
#16681=DIRECTION('',(1.0,0.0,0.0));
#16682=DIRECTION('',(-0.0,-1.0,-0.0));
#16683=CARTESIAN_POINT('',(6.35,4.201,0.0));
#16684=DIRECTION('',(-0.0,1.0,0.0));
#16685=DIRECTION('',(1.0,0.0,0.0));
#16686=DIRECTION('',(0.707106781186548,0.707106781186547,8.65927457071934E-17));
#16687=CARTESIAN_POINT('',(8.89,8.88178419700125E-16,0.0));
#16688=DIRECTION('',(-0.0,1.0,0.0));
#16689=DIRECTION('',(1.0,0.0,0.0));
#16690=DIRECTION('',(0.707106781186548,-0.707106781186547,8.65927457071935E-17));
#16691=CARTESIAN_POINT('',(8.89,0.200000000000001,0.0));
#16692=DIRECTION('',(-0.0,1.0,0.0));
#16693=DIRECTION('',(1.0,0.0,0.0));
#16694=CARTESIAN_POINT('',(8.89,-0.149999999999998,-0.45));
#16695=DIRECTION('',(-1.0,0.0,-0.0));
#16696=DIRECTION('',(0.0,-0.0,-1.0));
#16697=CARTESIAN_POINT('',(8.89,-0.149999999999998,0.0));
#16698=DIRECTION('',(-0.0,1.0,0.0));
#16699=DIRECTION('',(1.0,0.0,0.0));
#16700=CARTESIAN_POINT('',(8.89,-0.149999999999998,0.0));
#16701=DIRECTION('',(-0.0,1.0,0.0));
#16702=DIRECTION('',(1.0,0.0,0.0));
#16703=CARTESIAN_POINT('',(8.89,-0.149999999999998,0.45));
#16704=DIRECTION('',(-1.0,0.0,0.0));
#16705=DIRECTION('',(0.0,0.0,1.0));
#16706=CARTESIAN_POINT('',(8.89,1.33226762955019E-15,0.0));
#16707=DIRECTION('',(-0.0,1.0,0.0));
#16708=DIRECTION('',(1.0,0.0,0.0));
#16709=DIRECTION('',(0.0,1.0,0.0));
#16710=CARTESIAN_POINT('',(8.89,-2.88,0.0));
#16711=DIRECTION('',(-0.0,1.0,0.0));
#16712=DIRECTION('',(1.0,0.0,0.0));
#16713=CARTESIAN_POINT('',(8.89,-2.88,0.0));
#16714=DIRECTION('',(-0.0,1.0,0.0));
#16715=DIRECTION('',(1.0,0.0,0.0));
#16716=DIRECTION('',(-0.0,-1.0,-0.0));
#16717=CARTESIAN_POINT('',(8.89,-0.149999999999998,0.0));
#16718=DIRECTION('',(-0.0,1.0,0.0));
#16719=DIRECTION('',(1.0,0.0,0.0));
#16720=DIRECTION('',(0.0,1.0,0.0));
#16721=DIRECTION('',(-0.0,-1.0,-0.0));
#16722=CARTESIAN_POINT('',(8.89,0.3,0.0));
#16723=DIRECTION('',(-0.0,1.0,0.0));
#16724=DIRECTION('',(1.0,0.0,0.0));
#16725=DIRECTION('',(0.0,1.0,0.0));
#16726=CARTESIAN_POINT('',(8.89,4.2,0.0));
#16727=DIRECTION('',(0.0,-1.0,-6.12303176911189E-17));
#16728=DIRECTION('',(1.0,0.0,0.0));
#16729=DIRECTION('',(-0.0,-1.0,-0.0));
#16730=CARTESIAN_POINT('',(8.89,4.201,0.0));
#16731=DIRECTION('',(-0.0,1.0,0.0));
#16732=DIRECTION('',(1.0,0.0,0.0));
#16733=DIRECTION('',(0.707106781186548,0.707106781186547,8.65927457071934E-17));
#16734=CARTESIAN_POINT('',(11.43,8.88178419700125E-16,0.0));
#16735=DIRECTION('',(-0.0,1.0,0.0));
#16736=DIRECTION('',(1.0,0.0,0.0));
#16737=DIRECTION('',(0.707106781186548,-0.707106781186547,8.65927457071935E-17));
#16738=CARTESIAN_POINT('',(11.43,0.200000000000001,0.0));
#16739=DIRECTION('',(-0.0,1.0,0.0));
#16740=DIRECTION('',(1.0,0.0,0.0));
#16741=CARTESIAN_POINT('',(11.43,-0.149999999999998,-0.45));
#16742=DIRECTION('',(-1.0,0.0,-0.0));
#16743=DIRECTION('',(0.0,-0.0,-1.0));
#16744=CARTESIAN_POINT('',(11.43,-0.149999999999998,0.0));
#16745=DIRECTION('',(-0.0,1.0,0.0));
#16746=DIRECTION('',(1.0,0.0,0.0));
#16747=CARTESIAN_POINT('',(11.43,-0.149999999999998,0.0));
#16748=DIRECTION('',(-0.0,1.0,0.0));
#16749=DIRECTION('',(1.0,0.0,0.0));
#16750=CARTESIAN_POINT('',(11.43,-0.149999999999998,0.45));
#16751=DIRECTION('',(-1.0,0.0,0.0));
#16752=DIRECTION('',(0.0,0.0,1.0));
#16753=CARTESIAN_POINT('',(11.43,1.33226762955019E-15,0.0));
#16754=DIRECTION('',(-0.0,1.0,0.0));
#16755=DIRECTION('',(1.0,0.0,0.0));
#16756=DIRECTION('',(0.0,1.0,0.0));
#16757=CARTESIAN_POINT('',(11.43,-2.88,0.0));
#16758=DIRECTION('',(-0.0,1.0,0.0));
#16759=DIRECTION('',(1.0,0.0,0.0));
#16760=CARTESIAN_POINT('',(11.43,-2.88,0.0));
#16761=DIRECTION('',(-0.0,1.0,0.0));
#16762=DIRECTION('',(1.0,0.0,0.0));
#16763=DIRECTION('',(-0.0,-1.0,-0.0));
#16764=CARTESIAN_POINT('',(11.43,-0.149999999999998,0.0));
#16765=DIRECTION('',(-0.0,1.0,0.0));
#16766=DIRECTION('',(1.0,0.0,0.0));
#16767=DIRECTION('',(0.0,1.0,0.0));
#16768=DIRECTION('',(-0.0,-1.0,-0.0));
#16769=CARTESIAN_POINT('',(11.43,0.3,0.0));
#16770=DIRECTION('',(-0.0,1.0,0.0));
#16771=DIRECTION('',(1.0,0.0,0.0));
#16772=DIRECTION('',(0.0,1.0,0.0));
#16773=CARTESIAN_POINT('',(11.43,4.2,0.0));
#16774=DIRECTION('',(0.0,-1.0,-6.12303176911189E-17));
#16775=DIRECTION('',(1.0,0.0,0.0));
#16776=DIRECTION('',(-0.0,-1.0,-0.0));
#16777=CARTESIAN_POINT('',(11.43,4.201,0.0));
#16778=DIRECTION('',(-0.0,1.0,0.0));
#16779=DIRECTION('',(1.0,0.0,0.0));
#16780=CARTESIAN_POINT('',(-11.43,1.91304755078161,0.490007719539948));
#16781=DIRECTION('',(1.0,0.0,0.0));
#16782=DIRECTION('',(-0.0,0.0,1.0));
#16783=CARTESIAN_POINT('',(-11.43,1.81626217769223,0.0));
#16784=DIRECTION('',(0.0,1.0,0.0));
#16785=DIRECTION('',(-1.0,0.0,0.0));
#16786=CARTESIAN_POINT('',(-11.43,1.81626217769223,0.0));
#16787=DIRECTION('',(0.0,1.0,0.0));
#16788=DIRECTION('',(-1.0,0.0,0.0));
#16789=CARTESIAN_POINT('',(-11.43,1.91304755078161,-0.490007719539948));
#16790=DIRECTION('',(1.0,-0.0,0.0));
#16791=DIRECTION('',(0.0,0.0,-1.0));
#16792=DIRECTION('',(-0.985585601111323,-0.16917748928871,-1.20695438935677E-16));
#16793=CARTESIAN_POINT('',(-11.43,1.81626217769223,0.0));
#16794=DIRECTION('',(0.0,1.0,0.0));
#16795=DIRECTION('',(-1.0,0.0,0.0));
#16796=DIRECTION('',(-0.985585601111323,0.16917748928871,-1.20695438935677E-16));
#16797=CARTESIAN_POINT('',(-11.43,1.8,0.0));
#16798=DIRECTION('',(0.0,1.0,0.0));
#16799=DIRECTION('',(-1.0,0.0,0.0));
#16800=DIRECTION('',(0.139859150339383,-0.990171408427019,1.71272404145808E-17));
#16801=CARTESIAN_POINT('',(-11.43,3.50109028386995,0.0));
#16802=DIRECTION('',(0.0,1.0,0.0));
#16803=DIRECTION('',(-1.0,0.0,0.0));
#16804=DIRECTION('',(0.139859150339383,0.990171408427019,1.71272404145808E-17));
#16805=CARTESIAN_POINT('',(-11.43,1.8,0.0));
#16806=DIRECTION('',(0.0,1.0,0.0));
#16807=DIRECTION('',(-1.0,0.0,0.0));
#16808=DIRECTION('',(0.0,-1.0,0.0));
#16809=CARTESIAN_POINT('',(-11.43,3.50109028386995,0.0));
#16810=DIRECTION('',(0.0,1.0,0.0));
#16811=DIRECTION('',(-1.0,0.0,0.0));
#16812=DIRECTION('',(0.0,1.0,0.0));
#16813=CARTESIAN_POINT('',(-11.43,0.5,0.0));
#16814=DIRECTION('',(0.0,1.0,0.0));
#16815=DIRECTION('',(-1.0,0.0,0.0));
#16816=DIRECTION('',(0.866025403784442,0.499999999999994,1.06054021204602E-16));
#16817=DIRECTION('',(0.866025403784442,-0.499999999999994,1.06054021204602E-16));
#16818=DIRECTION('',(0.0,-1.0,0.0));
#16819=CARTESIAN_POINT('',(-11.43,4.201,0.0));
#16820=DIRECTION('',(-0.0,-1.0,-0.0));
#16821=DIRECTION('',(-1.0,0.0,0.0));
#16822=DIRECTION('',(0.0,1.0,0.0));
#16823=CARTESIAN_POINT('',(-11.43,4.2,0.0));
#16824=DIRECTION('',(0.0,1.0,0.0));
#16825=DIRECTION('',(-1.0,0.0,0.0));
#16826=DIRECTION('',(0.707106781186548,-0.707106781186547,8.65927457071935E-17));
#16827=DIRECTION('',(0.707106781186548,0.707106781186547,8.65927457071935E-17));
#16828=CARTESIAN_POINT('',(-11.43,4.11,0.0));
#16829=DIRECTION('',(0.0,1.0,0.0));
#16830=DIRECTION('',(-1.0,0.0,0.0));
#16831=DIRECTION('',(0.0,-1.0,0.0));
#16832=DIRECTION('',(0.0,1.0,0.0));
#16833=CARTESIAN_POINT('',(-11.43,4.04301867843887,0.0));
#16834=DIRECTION('',(0.0,1.0,0.0));
#16835=DIRECTION('',(-1.0,0.0,0.0));
#16836=DIRECTION('',(0.819152044289008,-0.573576436351023,1.00313879818291E-16));
#16837=CARTESIAN_POINT('',(-11.43,4.04301867843887,0.0));
#16838=DIRECTION('',(0.0,1.0,0.0));
#16839=DIRECTION('',(-1.0,0.0,0.0));
#16840=DIRECTION('',(0.819152044289008,0.573576436351023,1.00313879818291E-16));
#16841=CARTESIAN_POINT('',(-11.43,3.98,0.0));
#16842=DIRECTION('',(0.0,1.0,0.0));
#16843=DIRECTION('',(-1.0,0.0,0.0));
#16844=DIRECTION('',(0.0,-1.0,0.0));
#16845=DIRECTION('',(0.0,1.0,0.0));
#16846=CARTESIAN_POINT('',(-11.43,3.51301867843887,0.0));
#16847=DIRECTION('',(0.0,1.0,0.0));
#16848=DIRECTION('',(-1.0,0.0,0.0));
#16849=DIRECTION('',(0.143511523906266,-0.989648645988111,1.75745124022345E-17));
#16850=DIRECTION('',(0.143511523906266,0.989648645988111,1.75745124022345E-17));
#16851=CARTESIAN_POINT('',(-8.89,1.91304755078161,0.490007719539948));
#16852=DIRECTION('',(1.0,0.0,0.0));
#16853=DIRECTION('',(-0.0,0.0,1.0));
#16854=CARTESIAN_POINT('',(-8.89,1.81626217769223,0.0));
#16855=DIRECTION('',(0.0,1.0,0.0));
#16856=DIRECTION('',(-1.0,0.0,0.0));
#16857=CARTESIAN_POINT('',(-8.89,1.81626217769223,0.0));
#16858=DIRECTION('',(0.0,1.0,0.0));
#16859=DIRECTION('',(-1.0,0.0,0.0));
#16860=CARTESIAN_POINT('',(-8.89,1.91304755078161,-0.490007719539948));
#16861=DIRECTION('',(1.0,-0.0,0.0));
#16862=DIRECTION('',(0.0,0.0,-1.0));
#16863=DIRECTION('',(-0.985585601111323,-0.16917748928871,-1.20695438935677E-16));
#16864=CARTESIAN_POINT('',(-8.89,1.81626217769223,0.0));
#16865=DIRECTION('',(0.0,1.0,0.0));
#16866=DIRECTION('',(-1.0,0.0,0.0));
#16867=DIRECTION('',(-0.985585601111323,0.16917748928871,-1.20695438935677E-16));
#16868=CARTESIAN_POINT('',(-8.89,1.8,0.0));
#16869=DIRECTION('',(0.0,1.0,0.0));
#16870=DIRECTION('',(-1.0,0.0,0.0));
#16871=DIRECTION('',(0.139859150339383,-0.990171408427019,1.71272404145808E-17));
#16872=CARTESIAN_POINT('',(-8.89,3.50109028386995,0.0));
#16873=DIRECTION('',(0.0,1.0,0.0));
#16874=DIRECTION('',(-1.0,0.0,0.0));
#16875=DIRECTION('',(0.139859150339383,0.990171408427019,1.71272404145808E-17));
#16876=CARTESIAN_POINT('',(-8.89,1.8,0.0));
#16877=DIRECTION('',(0.0,1.0,0.0));
#16878=DIRECTION('',(-1.0,0.0,0.0));
#16879=DIRECTION('',(0.0,-1.0,0.0));
#16880=CARTESIAN_POINT('',(-8.89,3.50109028386995,0.0));
#16881=DIRECTION('',(0.0,1.0,0.0));
#16882=DIRECTION('',(-1.0,0.0,0.0));
#16883=DIRECTION('',(0.0,1.0,0.0));
#16884=CARTESIAN_POINT('',(-8.89,0.5,0.0));
#16885=DIRECTION('',(0.0,1.0,0.0));
#16886=DIRECTION('',(-1.0,0.0,0.0));
#16887=DIRECTION('',(0.866025403784442,0.499999999999994,1.06054021204602E-16));
#16888=DIRECTION('',(0.866025403784442,-0.499999999999994,1.06054021204602E-16));
#16889=DIRECTION('',(0.0,-1.0,0.0));
#16890=CARTESIAN_POINT('',(-8.89,4.201,0.0));
#16891=DIRECTION('',(-0.0,-1.0,-0.0));
#16892=DIRECTION('',(-1.0,0.0,0.0));
#16893=DIRECTION('',(0.0,1.0,0.0));
#16894=CARTESIAN_POINT('',(-8.89,4.2,0.0));
#16895=DIRECTION('',(0.0,1.0,0.0));
#16896=DIRECTION('',(-1.0,0.0,0.0));
#16897=DIRECTION('',(0.707106781186548,-0.707106781186547,8.65927457071935E-17));
#16898=DIRECTION('',(0.707106781186548,0.707106781186547,8.65927457071935E-17));
#16899=CARTESIAN_POINT('',(-8.89,4.11,0.0));
#16900=DIRECTION('',(0.0,1.0,0.0));
#16901=DIRECTION('',(-1.0,0.0,0.0));
#16902=DIRECTION('',(0.0,-1.0,0.0));
#16903=DIRECTION('',(0.0,1.0,0.0));
#16904=CARTESIAN_POINT('',(-8.89,4.04301867843887,0.0));
#16905=DIRECTION('',(0.0,1.0,0.0));
#16906=DIRECTION('',(-1.0,0.0,0.0));
#16907=DIRECTION('',(0.819152044289008,-0.573576436351023,1.00313879818291E-16));
#16908=CARTESIAN_POINT('',(-8.89,4.04301867843887,0.0));
#16909=DIRECTION('',(0.0,1.0,0.0));
#16910=DIRECTION('',(-1.0,0.0,0.0));
#16911=DIRECTION('',(0.819152044289008,0.573576436351023,1.00313879818291E-16));
#16912=CARTESIAN_POINT('',(-8.89,3.98,0.0));
#16913=DIRECTION('',(0.0,1.0,0.0));
#16914=DIRECTION('',(-1.0,0.0,0.0));
#16915=DIRECTION('',(0.0,-1.0,0.0));
#16916=DIRECTION('',(0.0,1.0,0.0));
#16917=CARTESIAN_POINT('',(-8.89,3.51301867843887,0.0));
#16918=DIRECTION('',(0.0,1.0,0.0));
#16919=DIRECTION('',(-1.0,0.0,0.0));
#16920=DIRECTION('',(0.143511523906266,-0.989648645988111,1.75745124022345E-17));
#16921=DIRECTION('',(0.143511523906266,0.989648645988111,1.75745124022345E-17));
#16922=CARTESIAN_POINT('',(-6.35,1.91304755078161,0.490007719539948));
#16923=DIRECTION('',(1.0,0.0,0.0));
#16924=DIRECTION('',(-0.0,0.0,1.0));
#16925=CARTESIAN_POINT('',(-6.35,1.81626217769223,0.0));
#16926=DIRECTION('',(0.0,1.0,0.0));
#16927=DIRECTION('',(-1.0,0.0,0.0));
#16928=CARTESIAN_POINT('',(-6.35,1.81626217769223,0.0));
#16929=DIRECTION('',(0.0,1.0,0.0));
#16930=DIRECTION('',(-1.0,0.0,0.0));
#16931=CARTESIAN_POINT('',(-6.35,1.91304755078161,-0.490007719539948));
#16932=DIRECTION('',(1.0,-0.0,0.0));
#16933=DIRECTION('',(0.0,0.0,-1.0));
#16934=DIRECTION('',(-0.985585601111323,-0.16917748928871,-1.20695438935677E-16));
#16935=CARTESIAN_POINT('',(-6.35,1.81626217769223,0.0));
#16936=DIRECTION('',(0.0,1.0,0.0));
#16937=DIRECTION('',(-1.0,0.0,0.0));
#16938=DIRECTION('',(-0.985585601111323,0.16917748928871,-1.20695438935677E-16));
#16939=CARTESIAN_POINT('',(-6.35,1.8,0.0));
#16940=DIRECTION('',(0.0,1.0,0.0));
#16941=DIRECTION('',(-1.0,0.0,0.0));
#16942=DIRECTION('',(0.139859150339383,-0.990171408427019,1.71272404145808E-17));
#16943=CARTESIAN_POINT('',(-6.35,3.50109028386995,0.0));
#16944=DIRECTION('',(0.0,1.0,0.0));
#16945=DIRECTION('',(-1.0,0.0,0.0));
#16946=DIRECTION('',(0.139859150339383,0.990171408427019,1.71272404145808E-17));
#16947=CARTESIAN_POINT('',(-6.35,1.8,0.0));
#16948=DIRECTION('',(0.0,1.0,0.0));
#16949=DIRECTION('',(-1.0,0.0,0.0));
#16950=DIRECTION('',(0.0,-1.0,0.0));
#16951=CARTESIAN_POINT('',(-6.35,3.50109028386995,0.0));
#16952=DIRECTION('',(0.0,1.0,0.0));
#16953=DIRECTION('',(-1.0,0.0,0.0));
#16954=DIRECTION('',(0.0,1.0,0.0));
#16955=CARTESIAN_POINT('',(-6.35,0.5,0.0));
#16956=DIRECTION('',(0.0,1.0,0.0));
#16957=DIRECTION('',(-1.0,0.0,0.0));
#16958=DIRECTION('',(0.866025403784443,0.499999999999993,1.06054021204602E-16));
#16959=DIRECTION('',(0.866025403784443,-0.499999999999993,1.06054021204602E-16));
#16960=DIRECTION('',(0.0,-1.0,0.0));
#16961=CARTESIAN_POINT('',(-6.35,4.201,0.0));
#16962=DIRECTION('',(-0.0,-1.0,-0.0));
#16963=DIRECTION('',(-1.0,0.0,0.0));
#16964=DIRECTION('',(0.0,1.0,0.0));
#16965=CARTESIAN_POINT('',(-6.35,4.2,0.0));
#16966=DIRECTION('',(0.0,1.0,0.0));
#16967=DIRECTION('',(-1.0,0.0,0.0));
#16968=DIRECTION('',(0.707106781186548,-0.707106781186547,8.65927457071935E-17));
#16969=DIRECTION('',(0.707106781186548,0.707106781186547,8.65927457071935E-17));
#16970=CARTESIAN_POINT('',(-6.35,4.11,0.0));
#16971=DIRECTION('',(0.0,1.0,0.0));
#16972=DIRECTION('',(-1.0,0.0,0.0));
#16973=DIRECTION('',(0.0,-1.0,0.0));
#16974=DIRECTION('',(0.0,1.0,0.0));
#16975=CARTESIAN_POINT('',(-6.35,4.04301867843887,0.0));
#16976=DIRECTION('',(0.0,1.0,0.0));
#16977=DIRECTION('',(-1.0,0.0,0.0));
#16978=DIRECTION('',(0.819152044289008,-0.573576436351023,1.00313879818291E-16));
#16979=CARTESIAN_POINT('',(-6.35,4.04301867843887,0.0));
#16980=DIRECTION('',(0.0,1.0,0.0));
#16981=DIRECTION('',(-1.0,0.0,0.0));
#16982=DIRECTION('',(0.819152044289008,0.573576436351023,1.00313879818291E-16));
#16983=CARTESIAN_POINT('',(-6.35,3.98,0.0));
#16984=DIRECTION('',(0.0,1.0,0.0));
#16985=DIRECTION('',(-1.0,0.0,0.0));
#16986=DIRECTION('',(0.0,-1.0,0.0));
#16987=DIRECTION('',(0.0,1.0,0.0));
#16988=CARTESIAN_POINT('',(-6.35,3.51301867843887,0.0));
#16989=DIRECTION('',(0.0,1.0,0.0));
#16990=DIRECTION('',(-1.0,0.0,0.0));
#16991=DIRECTION('',(0.143511523906266,-0.989648645988111,1.75745124022345E-17));
#16992=DIRECTION('',(0.143511523906266,0.989648645988111,1.75745124022345E-17));
#16993=CARTESIAN_POINT('',(-3.81,1.91304755078161,0.490007719539948));
#16994=DIRECTION('',(1.0,0.0,0.0));
#16995=DIRECTION('',(-0.0,0.0,1.0));
#16996=CARTESIAN_POINT('',(-3.81,1.81626217769223,0.0));
#16997=DIRECTION('',(0.0,1.0,0.0));
#16998=DIRECTION('',(-1.0,0.0,0.0));
#16999=CARTESIAN_POINT('',(-3.81,1.81626217769223,0.0));
#17000=DIRECTION('',(0.0,1.0,0.0));
#17001=DIRECTION('',(-1.0,0.0,0.0));
#17002=CARTESIAN_POINT('',(-3.81,1.91304755078161,-0.490007719539948));
#17003=DIRECTION('',(1.0,-0.0,0.0));
#17004=DIRECTION('',(0.0,0.0,-1.0));
#17005=DIRECTION('',(-0.985585601111323,-0.16917748928871,-1.20695438935677E-16));
#17006=CARTESIAN_POINT('',(-3.81,1.81626217769223,0.0));
#17007=DIRECTION('',(0.0,1.0,0.0));
#17008=DIRECTION('',(-1.0,0.0,0.0));
#17009=DIRECTION('',(-0.985585601111323,0.16917748928871,-1.20695438935677E-16));
#17010=CARTESIAN_POINT('',(-3.81,1.8,0.0));
#17011=DIRECTION('',(0.0,1.0,0.0));
#17012=DIRECTION('',(-1.0,0.0,0.0));
#17013=DIRECTION('',(0.139859150339383,-0.990171408427019,1.71272404145808E-17));
#17014=CARTESIAN_POINT('',(-3.81,3.50109028386995,0.0));
#17015=DIRECTION('',(0.0,1.0,0.0));
#17016=DIRECTION('',(-1.0,0.0,0.0));
#17017=DIRECTION('',(0.139859150339383,0.990171408427019,1.71272404145808E-17));
#17018=CARTESIAN_POINT('',(-3.81,1.8,0.0));
#17019=DIRECTION('',(0.0,1.0,0.0));
#17020=DIRECTION('',(-1.0,0.0,0.0));
#17021=DIRECTION('',(0.0,-1.0,0.0));
#17022=CARTESIAN_POINT('',(-3.81,3.50109028386995,0.0));
#17023=DIRECTION('',(0.0,1.0,0.0));
#17024=DIRECTION('',(-1.0,0.0,0.0));
#17025=DIRECTION('',(0.0,1.0,0.0));
#17026=CARTESIAN_POINT('',(-3.81,0.5,0.0));
#17027=DIRECTION('',(0.0,1.0,0.0));
#17028=DIRECTION('',(-1.0,0.0,0.0));
#17029=DIRECTION('',(0.866025403784443,0.499999999999993,1.06054021204602E-16));
#17030=DIRECTION('',(0.866025403784443,-0.499999999999993,1.06054021204602E-16));
#17031=DIRECTION('',(0.0,-1.0,0.0));
#17032=CARTESIAN_POINT('',(-3.81,4.201,0.0));
#17033=DIRECTION('',(-0.0,-1.0,-0.0));
#17034=DIRECTION('',(-1.0,0.0,0.0));
#17035=DIRECTION('',(0.0,1.0,0.0));
#17036=CARTESIAN_POINT('',(-3.81,4.2,0.0));
#17037=DIRECTION('',(0.0,1.0,0.0));
#17038=DIRECTION('',(-1.0,0.0,0.0));
#17039=DIRECTION('',(0.707106781186548,-0.707106781186547,8.65927457071935E-17));
#17040=DIRECTION('',(0.707106781186548,0.707106781186547,8.65927457071935E-17));
#17041=CARTESIAN_POINT('',(-3.81,4.11,0.0));
#17042=DIRECTION('',(0.0,1.0,0.0));
#17043=DIRECTION('',(-1.0,0.0,0.0));
#17044=DIRECTION('',(0.0,-1.0,0.0));
#17045=DIRECTION('',(0.0,1.0,0.0));
#17046=CARTESIAN_POINT('',(-3.81,4.04301867843887,0.0));
#17047=DIRECTION('',(0.0,1.0,0.0));
#17048=DIRECTION('',(-1.0,0.0,0.0));
#17049=DIRECTION('',(0.819152044289008,-0.573576436351023,1.00313879818291E-16));
#17050=CARTESIAN_POINT('',(-3.81,4.04301867843887,0.0));
#17051=DIRECTION('',(0.0,1.0,0.0));
#17052=DIRECTION('',(-1.0,0.0,0.0));
#17053=DIRECTION('',(0.819152044289008,0.573576436351023,1.00313879818291E-16));
#17054=CARTESIAN_POINT('',(-3.81,3.98,0.0));
#17055=DIRECTION('',(0.0,1.0,0.0));
#17056=DIRECTION('',(-1.0,0.0,0.0));
#17057=DIRECTION('',(0.0,-1.0,0.0));
#17058=DIRECTION('',(0.0,1.0,0.0));
#17059=CARTESIAN_POINT('',(-3.81,3.51301867843887,0.0));
#17060=DIRECTION('',(0.0,1.0,0.0));
#17061=DIRECTION('',(-1.0,0.0,0.0));
#17062=DIRECTION('',(0.143511523906266,-0.989648645988111,1.75745124022345E-17));
#17063=DIRECTION('',(0.143511523906266,0.989648645988111,1.75745124022345E-17));
#17064=CARTESIAN_POINT('',(-1.27,1.91304755078161,0.490007719539948));
#17065=DIRECTION('',(1.0,0.0,0.0));
#17066=DIRECTION('',(-0.0,0.0,1.0));
#17067=CARTESIAN_POINT('',(-1.27,1.81626217769223,0.0));
#17068=DIRECTION('',(0.0,1.0,0.0));
#17069=DIRECTION('',(-1.0,0.0,0.0));
#17070=CARTESIAN_POINT('',(-1.27,1.81626217769223,0.0));
#17071=DIRECTION('',(0.0,1.0,0.0));
#17072=DIRECTION('',(-1.0,0.0,0.0));
#17073=CARTESIAN_POINT('',(-1.27,1.91304755078161,-0.490007719539948));
#17074=DIRECTION('',(1.0,-0.0,0.0));
#17075=DIRECTION('',(0.0,0.0,-1.0));
#17076=DIRECTION('',(-0.985585601111323,-0.16917748928871,-1.20695438935677E-16));
#17077=CARTESIAN_POINT('',(-1.27,1.81626217769223,0.0));
#17078=DIRECTION('',(0.0,1.0,0.0));
#17079=DIRECTION('',(-1.0,0.0,0.0));
#17080=DIRECTION('',(-0.985585601111323,0.16917748928871,-1.20695438935677E-16));
#17081=CARTESIAN_POINT('',(-1.27,1.8,0.0));
#17082=DIRECTION('',(0.0,1.0,0.0));
#17083=DIRECTION('',(-1.0,0.0,0.0));
#17084=DIRECTION('',(0.139859150339383,-0.990171408427019,1.71272404145808E-17));
#17085=CARTESIAN_POINT('',(-1.27,3.50109028386995,0.0));
#17086=DIRECTION('',(0.0,1.0,0.0));
#17087=DIRECTION('',(-1.0,0.0,0.0));
#17088=DIRECTION('',(0.139859150339383,0.990171408427019,1.71272404145808E-17));
#17089=CARTESIAN_POINT('',(-1.27,1.8,0.0));
#17090=DIRECTION('',(0.0,1.0,0.0));
#17091=DIRECTION('',(-1.0,0.0,0.0));
#17092=DIRECTION('',(0.0,-1.0,0.0));
#17093=CARTESIAN_POINT('',(-1.27,3.50109028386995,0.0));
#17094=DIRECTION('',(0.0,1.0,0.0));
#17095=DIRECTION('',(-1.0,0.0,0.0));
#17096=DIRECTION('',(0.0,1.0,0.0));
#17097=CARTESIAN_POINT('',(-1.27,0.5,0.0));
#17098=DIRECTION('',(0.0,1.0,0.0));
#17099=DIRECTION('',(-1.0,0.0,0.0));
#17100=DIRECTION('',(0.866025403784442,0.499999999999993,1.06054021204602E-16));
#17101=DIRECTION('',(0.866025403784443,-0.499999999999993,1.06054021204602E-16));
#17102=DIRECTION('',(0.0,-1.0,0.0));
#17103=CARTESIAN_POINT('',(-1.27,4.201,0.0));
#17104=DIRECTION('',(-0.0,-1.0,-0.0));
#17105=DIRECTION('',(-1.0,0.0,0.0));
#17106=DIRECTION('',(0.0,1.0,0.0));
#17107=CARTESIAN_POINT('',(-1.27,4.2,0.0));
#17108=DIRECTION('',(0.0,1.0,0.0));
#17109=DIRECTION('',(-1.0,0.0,0.0));
#17110=DIRECTION('',(0.707106781186548,-0.707106781186548,8.65927457071936E-17));
#17111=DIRECTION('',(0.707106781186548,0.707106781186548,8.65927457071936E-17));
#17112=CARTESIAN_POINT('',(-1.27,4.11,0.0));
#17113=DIRECTION('',(0.0,1.0,0.0));
#17114=DIRECTION('',(-1.0,0.0,0.0));
#17115=DIRECTION('',(0.0,-1.0,0.0));
#17116=DIRECTION('',(0.0,1.0,0.0));
#17117=CARTESIAN_POINT('',(-1.27,4.04301867843887,0.0));
#17118=DIRECTION('',(0.0,1.0,0.0));
#17119=DIRECTION('',(-1.0,0.0,0.0));
#17120=DIRECTION('',(0.819152044289008,-0.573576436351023,1.00313879818291E-16));
#17121=CARTESIAN_POINT('',(-1.27,4.04301867843887,0.0));
#17122=DIRECTION('',(0.0,1.0,0.0));
#17123=DIRECTION('',(-1.0,0.0,0.0));
#17124=DIRECTION('',(0.819152044289008,0.573576436351023,1.00313879818291E-16));
#17125=CARTESIAN_POINT('',(-1.27,3.98,0.0));
#17126=DIRECTION('',(0.0,1.0,0.0));
#17127=DIRECTION('',(-1.0,0.0,0.0));
#17128=DIRECTION('',(0.0,-1.0,0.0));
#17129=DIRECTION('',(0.0,1.0,0.0));
#17130=CARTESIAN_POINT('',(-1.27,3.51301867843887,0.0));
#17131=DIRECTION('',(0.0,1.0,0.0));
#17132=DIRECTION('',(-1.0,0.0,0.0));
#17133=DIRECTION('',(0.143511523906266,-0.989648645988111,1.75745124022345E-17));
#17134=DIRECTION('',(0.143511523906266,0.989648645988111,1.75745124022345E-17));
#17135=CARTESIAN_POINT('',(1.27,1.91304755078161,0.490007719539948));
#17136=DIRECTION('',(1.0,0.0,0.0));
#17137=DIRECTION('',(-0.0,0.0,1.0));
#17138=CARTESIAN_POINT('',(1.27,1.81626217769223,0.0));
#17139=DIRECTION('',(0.0,1.0,0.0));
#17140=DIRECTION('',(-1.0,0.0,0.0));
#17141=CARTESIAN_POINT('',(1.27,1.81626217769223,0.0));
#17142=DIRECTION('',(0.0,1.0,0.0));
#17143=DIRECTION('',(-1.0,0.0,0.0));
#17144=CARTESIAN_POINT('',(1.27,1.91304755078161,-0.490007719539948));
#17145=DIRECTION('',(1.0,-0.0,0.0));
#17146=DIRECTION('',(0.0,0.0,-1.0));
#17147=DIRECTION('',(-0.985585601111323,-0.16917748928871,-1.20695438935677E-16));
#17148=CARTESIAN_POINT('',(1.27,1.81626217769223,0.0));
#17149=DIRECTION('',(0.0,1.0,0.0));
#17150=DIRECTION('',(-1.0,0.0,0.0));
#17151=DIRECTION('',(-0.985585601111323,0.16917748928871,-1.20695438935677E-16));
#17152=CARTESIAN_POINT('',(1.27,1.8,0.0));
#17153=DIRECTION('',(0.0,1.0,0.0));
#17154=DIRECTION('',(-1.0,0.0,0.0));
#17155=DIRECTION('',(0.139859150339383,-0.990171408427019,1.71272404145808E-17));
#17156=CARTESIAN_POINT('',(1.27,3.50109028386995,0.0));
#17157=DIRECTION('',(0.0,1.0,0.0));
#17158=DIRECTION('',(-1.0,0.0,0.0));
#17159=DIRECTION('',(0.139859150339383,0.990171408427019,1.71272404145808E-17));
#17160=CARTESIAN_POINT('',(1.27,1.8,0.0));
#17161=DIRECTION('',(0.0,1.0,0.0));
#17162=DIRECTION('',(-1.0,0.0,0.0));
#17163=DIRECTION('',(0.0,-1.0,0.0));
#17164=CARTESIAN_POINT('',(1.27,3.50109028386995,0.0));
#17165=DIRECTION('',(0.0,1.0,0.0));
#17166=DIRECTION('',(-1.0,0.0,0.0));
#17167=DIRECTION('',(0.0,1.0,0.0));
#17168=CARTESIAN_POINT('',(1.27,0.5,0.0));
#17169=DIRECTION('',(0.0,1.0,0.0));
#17170=DIRECTION('',(-1.0,0.0,0.0));
#17171=DIRECTION('',(0.866025403784443,0.499999999999993,1.06054021204602E-16));
#17172=DIRECTION('',(0.866025403784442,-0.499999999999993,1.06054021204602E-16));
#17173=DIRECTION('',(0.0,-1.0,0.0));
#17174=CARTESIAN_POINT('',(1.27,4.201,0.0));
#17175=DIRECTION('',(-0.0,-1.0,-0.0));
#17176=DIRECTION('',(-1.0,0.0,0.0));
#17177=DIRECTION('',(0.0,1.0,0.0));
#17178=CARTESIAN_POINT('',(1.27,4.2,0.0));
#17179=DIRECTION('',(0.0,1.0,0.0));
#17180=DIRECTION('',(-1.0,0.0,0.0));
#17181=DIRECTION('',(0.707106781186548,-0.707106781186548,8.65927457071936E-17));
#17182=DIRECTION('',(0.707106781186548,0.707106781186548,8.65927457071936E-17));
#17183=CARTESIAN_POINT('',(1.27,4.11,0.0));
#17184=DIRECTION('',(0.0,1.0,0.0));
#17185=DIRECTION('',(-1.0,0.0,0.0));
#17186=DIRECTION('',(0.0,-1.0,0.0));
#17187=DIRECTION('',(0.0,1.0,0.0));
#17188=CARTESIAN_POINT('',(1.27,4.04301867843887,0.0));
#17189=DIRECTION('',(0.0,1.0,0.0));
#17190=DIRECTION('',(-1.0,0.0,0.0));
#17191=DIRECTION('',(0.819152044289008,-0.573576436351023,1.00313879818291E-16));
#17192=CARTESIAN_POINT('',(1.27,4.04301867843887,0.0));
#17193=DIRECTION('',(0.0,1.0,0.0));
#17194=DIRECTION('',(-1.0,0.0,0.0));
#17195=DIRECTION('',(0.819152044289008,0.573576436351023,1.00313879818291E-16));
#17196=CARTESIAN_POINT('',(1.27,3.98,0.0));
#17197=DIRECTION('',(0.0,1.0,0.0));
#17198=DIRECTION('',(-1.0,0.0,0.0));
#17199=DIRECTION('',(0.0,-1.0,0.0));
#17200=DIRECTION('',(0.0,1.0,0.0));
#17201=CARTESIAN_POINT('',(1.27,3.51301867843887,0.0));
#17202=DIRECTION('',(0.0,1.0,0.0));
#17203=DIRECTION('',(-1.0,0.0,0.0));
#17204=DIRECTION('',(0.143511523906266,-0.989648645988111,1.75745124022345E-17));
#17205=DIRECTION('',(0.143511523906266,0.989648645988111,1.75745124022345E-17));
#17206=CARTESIAN_POINT('',(3.81,1.91304755078161,0.490007719539948));
#17207=DIRECTION('',(1.0,0.0,0.0));
#17208=DIRECTION('',(-0.0,0.0,1.0));
#17209=CARTESIAN_POINT('',(3.81,1.81626217769223,0.0));
#17210=DIRECTION('',(0.0,1.0,0.0));
#17211=DIRECTION('',(-1.0,0.0,0.0));
#17212=CARTESIAN_POINT('',(3.81,1.81626217769223,0.0));
#17213=DIRECTION('',(0.0,1.0,0.0));
#17214=DIRECTION('',(-1.0,0.0,0.0));
#17215=CARTESIAN_POINT('',(3.81,1.91304755078161,-0.490007719539948));
#17216=DIRECTION('',(1.0,-0.0,0.0));
#17217=DIRECTION('',(0.0,0.0,-1.0));
#17218=DIRECTION('',(-0.985585601111323,-0.16917748928871,-1.20695438935677E-16));
#17219=CARTESIAN_POINT('',(3.81,1.81626217769223,0.0));
#17220=DIRECTION('',(0.0,1.0,0.0));
#17221=DIRECTION('',(-1.0,0.0,0.0));
#17222=DIRECTION('',(-0.985585601111323,0.16917748928871,-1.20695438935677E-16));
#17223=CARTESIAN_POINT('',(3.81,1.8,0.0));
#17224=DIRECTION('',(0.0,1.0,0.0));
#17225=DIRECTION('',(-1.0,0.0,0.0));
#17226=DIRECTION('',(0.139859150339383,-0.990171408427019,1.71272404145808E-17));
#17227=CARTESIAN_POINT('',(3.81,3.50109028386995,0.0));
#17228=DIRECTION('',(0.0,1.0,0.0));
#17229=DIRECTION('',(-1.0,0.0,0.0));
#17230=DIRECTION('',(0.139859150339383,0.990171408427019,1.71272404145808E-17));
#17231=CARTESIAN_POINT('',(3.81,1.8,0.0));
#17232=DIRECTION('',(0.0,1.0,0.0));
#17233=DIRECTION('',(-1.0,0.0,0.0));
#17234=DIRECTION('',(0.0,-1.0,0.0));
#17235=CARTESIAN_POINT('',(3.81,3.50109028386995,0.0));
#17236=DIRECTION('',(0.0,1.0,0.0));
#17237=DIRECTION('',(-1.0,0.0,0.0));
#17238=DIRECTION('',(0.0,1.0,0.0));
#17239=CARTESIAN_POINT('',(3.81,0.5,0.0));
#17240=DIRECTION('',(0.0,1.0,0.0));
#17241=DIRECTION('',(-1.0,0.0,0.0));
#17242=DIRECTION('',(0.866025403784443,0.499999999999993,1.06054021204602E-16));
#17243=DIRECTION('',(0.866025403784443,-0.499999999999993,1.06054021204602E-16));
#17244=DIRECTION('',(0.0,-1.0,0.0));
#17245=CARTESIAN_POINT('',(3.81,4.201,0.0));
#17246=DIRECTION('',(-0.0,-1.0,-0.0));
#17247=DIRECTION('',(-1.0,0.0,0.0));
#17248=DIRECTION('',(0.0,1.0,0.0));
#17249=CARTESIAN_POINT('',(3.81,4.2,0.0));
#17250=DIRECTION('',(0.0,1.0,0.0));
#17251=DIRECTION('',(-1.0,0.0,0.0));
#17252=DIRECTION('',(0.707106781186548,-0.707106781186547,8.65927457071935E-17));
#17253=DIRECTION('',(0.707106781186548,0.707106781186547,8.65927457071935E-17));
#17254=CARTESIAN_POINT('',(3.81,4.11,0.0));
#17255=DIRECTION('',(0.0,1.0,0.0));
#17256=DIRECTION('',(-1.0,0.0,0.0));
#17257=DIRECTION('',(0.0,-1.0,0.0));
#17258=DIRECTION('',(0.0,1.0,0.0));
#17259=CARTESIAN_POINT('',(3.81,4.04301867843887,0.0));
#17260=DIRECTION('',(0.0,1.0,0.0));
#17261=DIRECTION('',(-1.0,0.0,0.0));
#17262=DIRECTION('',(0.819152044289008,-0.573576436351023,1.00313879818291E-16));
#17263=CARTESIAN_POINT('',(3.81,4.04301867843887,0.0));
#17264=DIRECTION('',(0.0,1.0,0.0));
#17265=DIRECTION('',(-1.0,0.0,0.0));
#17266=DIRECTION('',(0.819152044289008,0.573576436351023,1.00313879818291E-16));
#17267=CARTESIAN_POINT('',(3.81,3.98,0.0));
#17268=DIRECTION('',(0.0,1.0,0.0));
#17269=DIRECTION('',(-1.0,0.0,0.0));
#17270=DIRECTION('',(0.0,-1.0,0.0));
#17271=DIRECTION('',(0.0,1.0,0.0));
#17272=CARTESIAN_POINT('',(3.81,3.51301867843887,0.0));
#17273=DIRECTION('',(0.0,1.0,0.0));
#17274=DIRECTION('',(-1.0,0.0,0.0));
#17275=DIRECTION('',(0.143511523906266,-0.989648645988111,1.75745124022345E-17));
#17276=DIRECTION('',(0.143511523906266,0.989648645988111,1.75745124022345E-17));
#17277=CARTESIAN_POINT('',(6.35,1.91304755078161,0.490007719539948));
#17278=DIRECTION('',(1.0,0.0,0.0));
#17279=DIRECTION('',(-0.0,0.0,1.0));
#17280=CARTESIAN_POINT('',(6.35,1.81626217769223,0.0));
#17281=DIRECTION('',(0.0,1.0,0.0));
#17282=DIRECTION('',(-1.0,0.0,0.0));
#17283=CARTESIAN_POINT('',(6.35,1.81626217769223,0.0));
#17284=DIRECTION('',(0.0,1.0,0.0));
#17285=DIRECTION('',(-1.0,0.0,0.0));
#17286=CARTESIAN_POINT('',(6.35,1.91304755078161,-0.490007719539948));
#17287=DIRECTION('',(1.0,-0.0,0.0));
#17288=DIRECTION('',(0.0,0.0,-1.0));
#17289=DIRECTION('',(-0.985585601111323,-0.16917748928871,-1.20695438935677E-16));
#17290=CARTESIAN_POINT('',(6.35,1.81626217769223,0.0));
#17291=DIRECTION('',(0.0,1.0,0.0));
#17292=DIRECTION('',(-1.0,0.0,0.0));
#17293=DIRECTION('',(-0.985585601111323,0.16917748928871,-1.20695438935677E-16));
#17294=CARTESIAN_POINT('',(6.35,1.8,0.0));
#17295=DIRECTION('',(0.0,1.0,0.0));
#17296=DIRECTION('',(-1.0,0.0,0.0));
#17297=DIRECTION('',(0.139859150339383,-0.990171408427019,1.71272404145808E-17));
#17298=CARTESIAN_POINT('',(6.35,3.50109028386995,0.0));
#17299=DIRECTION('',(0.0,1.0,0.0));
#17300=DIRECTION('',(-1.0,0.0,0.0));
#17301=DIRECTION('',(0.139859150339383,0.990171408427019,1.71272404145808E-17));
#17302=CARTESIAN_POINT('',(6.35,1.8,0.0));
#17303=DIRECTION('',(0.0,1.0,0.0));
#17304=DIRECTION('',(-1.0,0.0,0.0));
#17305=DIRECTION('',(0.0,-1.0,0.0));
#17306=CARTESIAN_POINT('',(6.35,3.50109028386995,0.0));
#17307=DIRECTION('',(0.0,1.0,0.0));
#17308=DIRECTION('',(-1.0,0.0,0.0));
#17309=DIRECTION('',(0.0,1.0,0.0));
#17310=CARTESIAN_POINT('',(6.35,0.5,0.0));
#17311=DIRECTION('',(0.0,1.0,0.0));
#17312=DIRECTION('',(-1.0,0.0,0.0));
#17313=DIRECTION('',(0.866025403784443,0.499999999999993,1.06054021204602E-16));
#17314=DIRECTION('',(0.866025403784443,-0.499999999999993,1.06054021204602E-16));
#17315=DIRECTION('',(0.0,-1.0,0.0));
#17316=CARTESIAN_POINT('',(6.35,4.201,0.0));
#17317=DIRECTION('',(-0.0,-1.0,-0.0));
#17318=DIRECTION('',(-1.0,0.0,0.0));
#17319=DIRECTION('',(0.0,1.0,0.0));
#17320=CARTESIAN_POINT('',(6.35,4.2,0.0));
#17321=DIRECTION('',(0.0,1.0,0.0));
#17322=DIRECTION('',(-1.0,0.0,0.0));
#17323=DIRECTION('',(0.707106781186548,-0.707106781186547,8.65927457071935E-17));
#17324=DIRECTION('',(0.707106781186548,0.707106781186547,8.65927457071935E-17));
#17325=CARTESIAN_POINT('',(6.35,4.11,0.0));
#17326=DIRECTION('',(0.0,1.0,0.0));
#17327=DIRECTION('',(-1.0,0.0,0.0));
#17328=DIRECTION('',(0.0,-1.0,0.0));
#17329=DIRECTION('',(0.0,1.0,0.0));
#17330=CARTESIAN_POINT('',(6.35,4.04301867843887,0.0));
#17331=DIRECTION('',(0.0,1.0,0.0));
#17332=DIRECTION('',(-1.0,0.0,0.0));
#17333=DIRECTION('',(0.819152044289008,-0.573576436351023,1.00313879818291E-16));
#17334=CARTESIAN_POINT('',(6.35,4.04301867843887,0.0));
#17335=DIRECTION('',(0.0,1.0,0.0));
#17336=DIRECTION('',(-1.0,0.0,0.0));
#17337=DIRECTION('',(0.819152044289008,0.573576436351023,1.00313879818291E-16));
#17338=CARTESIAN_POINT('',(6.35,3.98,0.0));
#17339=DIRECTION('',(0.0,1.0,0.0));
#17340=DIRECTION('',(-1.0,0.0,0.0));
#17341=DIRECTION('',(0.0,-1.0,0.0));
#17342=DIRECTION('',(0.0,1.0,0.0));
#17343=CARTESIAN_POINT('',(6.35,3.51301867843887,0.0));
#17344=DIRECTION('',(0.0,1.0,0.0));
#17345=DIRECTION('',(-1.0,0.0,0.0));
#17346=DIRECTION('',(0.143511523906266,-0.989648645988111,1.75745124022345E-17));
#17347=DIRECTION('',(0.143511523906266,0.989648645988111,1.75745124022345E-17));
#17348=CARTESIAN_POINT('',(8.89,1.91304755078161,0.490007719539948));
#17349=DIRECTION('',(1.0,0.0,0.0));
#17350=DIRECTION('',(-0.0,0.0,1.0));
#17351=CARTESIAN_POINT('',(8.89,1.81626217769223,0.0));
#17352=DIRECTION('',(0.0,1.0,0.0));
#17353=DIRECTION('',(-1.0,0.0,0.0));
#17354=CARTESIAN_POINT('',(8.89,1.81626217769223,0.0));
#17355=DIRECTION('',(0.0,1.0,0.0));
#17356=DIRECTION('',(-1.0,0.0,0.0));
#17357=CARTESIAN_POINT('',(8.89,1.91304755078161,-0.490007719539948));
#17358=DIRECTION('',(1.0,-0.0,0.0));
#17359=DIRECTION('',(0.0,0.0,-1.0));
#17360=DIRECTION('',(-0.985585601111323,-0.16917748928871,-1.20695438935677E-16));
#17361=CARTESIAN_POINT('',(8.89,1.81626217769223,0.0));
#17362=DIRECTION('',(0.0,1.0,0.0));
#17363=DIRECTION('',(-1.0,0.0,0.0));
#17364=DIRECTION('',(-0.985585601111323,0.16917748928871,-1.20695438935677E-16));
#17365=CARTESIAN_POINT('',(8.89,1.8,0.0));
#17366=DIRECTION('',(0.0,1.0,0.0));
#17367=DIRECTION('',(-1.0,0.0,0.0));
#17368=DIRECTION('',(0.139859150339383,-0.990171408427019,1.71272404145808E-17));
#17369=CARTESIAN_POINT('',(8.89,3.50109028386995,0.0));
#17370=DIRECTION('',(0.0,1.0,0.0));
#17371=DIRECTION('',(-1.0,0.0,0.0));
#17372=DIRECTION('',(0.139859150339383,0.990171408427019,1.71272404145808E-17));
#17373=CARTESIAN_POINT('',(8.89,1.8,0.0));
#17374=DIRECTION('',(0.0,1.0,0.0));
#17375=DIRECTION('',(-1.0,0.0,0.0));
#17376=DIRECTION('',(0.0,-1.0,0.0));
#17377=CARTESIAN_POINT('',(8.89,3.50109028386995,0.0));
#17378=DIRECTION('',(0.0,1.0,0.0));
#17379=DIRECTION('',(-1.0,0.0,0.0));
#17380=DIRECTION('',(0.0,1.0,0.0));
#17381=CARTESIAN_POINT('',(8.89,0.5,0.0));
#17382=DIRECTION('',(0.0,1.0,0.0));
#17383=DIRECTION('',(-1.0,0.0,0.0));
#17384=DIRECTION('',(0.866025403784442,0.499999999999994,1.06054021204602E-16));
#17385=DIRECTION('',(0.866025403784442,-0.499999999999994,1.06054021204602E-16));
#17386=DIRECTION('',(0.0,-1.0,0.0));
#17387=CARTESIAN_POINT('',(8.89,4.201,0.0));
#17388=DIRECTION('',(-0.0,-1.0,-0.0));
#17389=DIRECTION('',(-1.0,0.0,0.0));
#17390=DIRECTION('',(0.0,1.0,0.0));
#17391=CARTESIAN_POINT('',(8.89,4.2,0.0));
#17392=DIRECTION('',(0.0,1.0,0.0));
#17393=DIRECTION('',(-1.0,0.0,0.0));
#17394=DIRECTION('',(0.707106781186548,-0.707106781186547,8.65927457071935E-17));
#17395=DIRECTION('',(0.707106781186548,0.707106781186547,8.65927457071935E-17));
#17396=CARTESIAN_POINT('',(8.89,4.11,0.0));
#17397=DIRECTION('',(0.0,1.0,0.0));
#17398=DIRECTION('',(-1.0,0.0,0.0));
#17399=DIRECTION('',(0.0,-1.0,0.0));
#17400=DIRECTION('',(0.0,1.0,0.0));
#17401=CARTESIAN_POINT('',(8.89,4.04301867843887,0.0));
#17402=DIRECTION('',(0.0,1.0,0.0));
#17403=DIRECTION('',(-1.0,0.0,0.0));
#17404=DIRECTION('',(0.819152044289008,-0.573576436351023,1.00313879818291E-16));
#17405=CARTESIAN_POINT('',(8.89,4.04301867843887,0.0));
#17406=DIRECTION('',(0.0,1.0,0.0));
#17407=DIRECTION('',(-1.0,0.0,0.0));
#17408=DIRECTION('',(0.819152044289008,0.573576436351023,1.00313879818291E-16));
#17409=CARTESIAN_POINT('',(8.89,3.98,0.0));
#17410=DIRECTION('',(0.0,1.0,0.0));
#17411=DIRECTION('',(-1.0,0.0,0.0));
#17412=DIRECTION('',(0.0,-1.0,0.0));
#17413=DIRECTION('',(0.0,1.0,0.0));
#17414=CARTESIAN_POINT('',(8.89,3.51301867843887,0.0));
#17415=DIRECTION('',(0.0,1.0,0.0));
#17416=DIRECTION('',(-1.0,0.0,0.0));
#17417=DIRECTION('',(0.143511523906266,-0.989648645988111,1.75745124022345E-17));
#17418=DIRECTION('',(0.143511523906266,0.989648645988111,1.75745124022345E-17));
#17419=CARTESIAN_POINT('',(11.43,1.91304755078161,0.490007719539948));
#17420=DIRECTION('',(1.0,0.0,0.0));
#17421=DIRECTION('',(-0.0,0.0,1.0));
#17422=CARTESIAN_POINT('',(11.43,1.81626217769223,0.0));
#17423=DIRECTION('',(0.0,1.0,0.0));
#17424=DIRECTION('',(-1.0,0.0,0.0));
#17425=CARTESIAN_POINT('',(11.43,1.81626217769223,0.0));
#17426=DIRECTION('',(0.0,1.0,0.0));
#17427=DIRECTION('',(-1.0,0.0,0.0));
#17428=CARTESIAN_POINT('',(11.43,1.91304755078161,-0.490007719539948));
#17429=DIRECTION('',(1.0,-0.0,0.0));
#17430=DIRECTION('',(0.0,0.0,-1.0));
#17431=DIRECTION('',(-0.985585601111323,-0.16917748928871,-1.20695438935677E-16));
#17432=CARTESIAN_POINT('',(11.43,1.81626217769223,0.0));
#17433=DIRECTION('',(0.0,1.0,0.0));
#17434=DIRECTION('',(-1.0,0.0,0.0));
#17435=DIRECTION('',(-0.985585601111323,0.16917748928871,-1.20695438935677E-16));
#17436=CARTESIAN_POINT('',(11.43,1.8,0.0));
#17437=DIRECTION('',(0.0,1.0,0.0));
#17438=DIRECTION('',(-1.0,0.0,0.0));
#17439=DIRECTION('',(0.139859150339383,-0.990171408427019,1.71272404145808E-17));
#17440=CARTESIAN_POINT('',(11.43,3.50109028386995,0.0));
#17441=DIRECTION('',(0.0,1.0,0.0));
#17442=DIRECTION('',(-1.0,0.0,0.0));
#17443=DIRECTION('',(0.139859150339383,0.990171408427019,1.71272404145808E-17));
#17444=CARTESIAN_POINT('',(11.43,1.8,0.0));
#17445=DIRECTION('',(0.0,1.0,0.0));
#17446=DIRECTION('',(-1.0,0.0,0.0));
#17447=DIRECTION('',(0.0,-1.0,0.0));
#17448=CARTESIAN_POINT('',(11.43,3.50109028386995,0.0));
#17449=DIRECTION('',(0.0,1.0,0.0));
#17450=DIRECTION('',(-1.0,0.0,0.0));
#17451=DIRECTION('',(0.0,1.0,0.0));
#17452=CARTESIAN_POINT('',(11.43,0.5,0.0));
#17453=DIRECTION('',(0.0,1.0,0.0));
#17454=DIRECTION('',(-1.0,0.0,0.0));
#17455=DIRECTION('',(0.866025403784442,0.499999999999994,1.06054021204602E-16));
#17456=DIRECTION('',(0.866025403784442,-0.499999999999994,1.06054021204602E-16));
#17457=DIRECTION('',(0.0,-1.0,0.0));
#17458=CARTESIAN_POINT('',(11.43,4.201,0.0));
#17459=DIRECTION('',(-0.0,-1.0,-0.0));
#17460=DIRECTION('',(-1.0,0.0,0.0));
#17461=DIRECTION('',(0.0,1.0,0.0));
#17462=CARTESIAN_POINT('',(11.43,4.2,0.0));
#17463=DIRECTION('',(0.0,1.0,0.0));
#17464=DIRECTION('',(-1.0,0.0,0.0));
#17465=DIRECTION('',(0.707106781186548,-0.707106781186547,8.65927457071935E-17));
#17466=DIRECTION('',(0.707106781186548,0.707106781186547,8.65927457071935E-17));
#17467=CARTESIAN_POINT('',(11.43,4.11,0.0));
#17468=DIRECTION('',(0.0,1.0,0.0));
#17469=DIRECTION('',(-1.0,0.0,0.0));
#17470=DIRECTION('',(0.0,-1.0,0.0));
#17471=DIRECTION('',(0.0,1.0,0.0));
#17472=CARTESIAN_POINT('',(11.43,4.04301867843887,0.0));
#17473=DIRECTION('',(0.0,1.0,0.0));
#17474=DIRECTION('',(-1.0,0.0,0.0));
#17475=DIRECTION('',(0.819152044289008,-0.573576436351023,1.00313879818291E-16));
#17476=CARTESIAN_POINT('',(11.43,4.04301867843887,0.0));
#17477=DIRECTION('',(0.0,1.0,0.0));
#17478=DIRECTION('',(-1.0,0.0,0.0));
#17479=DIRECTION('',(0.819152044289008,0.573576436351023,1.00313879818291E-16));
#17480=CARTESIAN_POINT('',(11.43,3.98,0.0));
#17481=DIRECTION('',(0.0,1.0,0.0));
#17482=DIRECTION('',(-1.0,0.0,0.0));
#17483=DIRECTION('',(0.0,-1.0,0.0));
#17484=DIRECTION('',(0.0,1.0,0.0));
#17485=CARTESIAN_POINT('',(11.43,3.51301867843887,0.0));
#17486=DIRECTION('',(0.0,1.0,0.0));
#17487=DIRECTION('',(-1.0,0.0,0.0));
#17488=DIRECTION('',(0.143511523906266,-0.989648645988111,1.75745124022345E-17));
#17489=DIRECTION('',(0.143511523906266,0.989648645988111,1.75745124022345E-17));
#17490=CARTESIAN_POINT('',(11.43,3.51301867843887,0.0));
#17491=DIRECTION('',(0.0,1.0,0.0));
#17492=DIRECTION('',(-1.0,0.0,0.0));
#17493=CARTESIAN_POINT('',(11.43,3.98,0.0));
#17494=DIRECTION('',(0.0,1.0,0.0));
#17495=DIRECTION('',(-1.0,0.0,0.0));
#17496=CARTESIAN_POINT('',(11.43,4.04301867843887,0.0));
#17497=DIRECTION('',(0.0,1.0,0.0));
#17498=DIRECTION('',(-1.0,0.0,0.0));
#17499=CARTESIAN_POINT('',(11.43,4.04301867843887,0.0));
#17500=DIRECTION('',(0.0,1.0,0.0));
#17501=DIRECTION('',(-1.0,0.0,0.0));
#17502=CARTESIAN_POINT('',(11.43,4.11,0.0));
#17503=DIRECTION('',(0.0,1.0,0.0));
#17504=DIRECTION('',(-1.0,0.0,0.0));
#17505=CARTESIAN_POINT('',(11.43,4.2,0.0));
#17506=DIRECTION('',(0.0,1.0,0.0));
#17507=DIRECTION('',(-1.0,0.0,0.0));
#17508=CARTESIAN_POINT('',(11.43,4.201,0.0));
#17509=DIRECTION('',(-0.0,-1.0,-0.0));
#17510=DIRECTION('',(-1.0,0.0,0.0));
#17511=CARTESIAN_POINT('',(11.43,0.5,0.0));
#17512=DIRECTION('',(0.0,1.0,0.0));
#17513=DIRECTION('',(-1.0,0.0,0.0));
#17514=CARTESIAN_POINT('',(11.43,1.81626217769223,0.0));
#17515=DIRECTION('',(0.0,1.0,0.0));
#17516=DIRECTION('',(-1.0,0.0,0.0));
#17517=CARTESIAN_POINT('',(8.89,3.51301867843887,0.0));
#17518=DIRECTION('',(0.0,1.0,0.0));
#17519=DIRECTION('',(-1.0,0.0,0.0));
#17520=CARTESIAN_POINT('',(8.89,3.98,0.0));
#17521=DIRECTION('',(0.0,1.0,0.0));
#17522=DIRECTION('',(-1.0,0.0,0.0));
#17523=CARTESIAN_POINT('',(8.89,4.04301867843887,0.0));
#17524=DIRECTION('',(0.0,1.0,0.0));
#17525=DIRECTION('',(-1.0,0.0,0.0));
#17526=CARTESIAN_POINT('',(8.89,4.04301867843887,0.0));
#17527=DIRECTION('',(0.0,1.0,0.0));
#17528=DIRECTION('',(-1.0,0.0,0.0));
#17529=CARTESIAN_POINT('',(8.89,4.11,0.0));
#17530=DIRECTION('',(0.0,1.0,0.0));
#17531=DIRECTION('',(-1.0,0.0,0.0));
#17532=CARTESIAN_POINT('',(8.89,4.2,0.0));
#17533=DIRECTION('',(0.0,1.0,0.0));
#17534=DIRECTION('',(-1.0,0.0,0.0));
#17535=CARTESIAN_POINT('',(8.89,4.201,0.0));
#17536=DIRECTION('',(-0.0,-1.0,-0.0));
#17537=DIRECTION('',(-1.0,0.0,0.0));
#17538=CARTESIAN_POINT('',(8.89,0.5,0.0));
#17539=DIRECTION('',(0.0,1.0,0.0));
#17540=DIRECTION('',(-1.0,0.0,0.0));
#17541=CARTESIAN_POINT('',(8.89,1.81626217769223,0.0));
#17542=DIRECTION('',(0.0,1.0,0.0));
#17543=DIRECTION('',(-1.0,0.0,0.0));
#17544=CARTESIAN_POINT('',(6.35,3.51301867843887,0.0));
#17545=DIRECTION('',(0.0,1.0,0.0));
#17546=DIRECTION('',(-1.0,0.0,0.0));
#17547=CARTESIAN_POINT('',(6.35,3.98,0.0));
#17548=DIRECTION('',(0.0,1.0,0.0));
#17549=DIRECTION('',(-1.0,0.0,0.0));
#17550=CARTESIAN_POINT('',(6.35,4.04301867843887,0.0));
#17551=DIRECTION('',(0.0,1.0,0.0));
#17552=DIRECTION('',(-1.0,0.0,0.0));
#17553=CARTESIAN_POINT('',(6.35,4.04301867843887,0.0));
#17554=DIRECTION('',(0.0,1.0,0.0));
#17555=DIRECTION('',(-1.0,0.0,0.0));
#17556=CARTESIAN_POINT('',(6.35,4.11,0.0));
#17557=DIRECTION('',(0.0,1.0,0.0));
#17558=DIRECTION('',(-1.0,0.0,0.0));
#17559=CARTESIAN_POINT('',(6.35,4.2,0.0));
#17560=DIRECTION('',(0.0,1.0,0.0));
#17561=DIRECTION('',(-1.0,0.0,0.0));
#17562=CARTESIAN_POINT('',(6.35,4.201,0.0));
#17563=DIRECTION('',(-0.0,-1.0,-0.0));
#17564=DIRECTION('',(-1.0,0.0,0.0));
#17565=CARTESIAN_POINT('',(6.35,0.5,0.0));
#17566=DIRECTION('',(0.0,1.0,0.0));
#17567=DIRECTION('',(-1.0,0.0,0.0));
#17568=CARTESIAN_POINT('',(6.35,1.81626217769223,0.0));
#17569=DIRECTION('',(0.0,1.0,0.0));
#17570=DIRECTION('',(-1.0,0.0,0.0));
#17571=CARTESIAN_POINT('',(3.81,3.51301867843887,0.0));
#17572=DIRECTION('',(0.0,1.0,0.0));
#17573=DIRECTION('',(-1.0,0.0,0.0));
#17574=CARTESIAN_POINT('',(3.81,3.98,0.0));
#17575=DIRECTION('',(0.0,1.0,0.0));
#17576=DIRECTION('',(-1.0,0.0,0.0));
#17577=CARTESIAN_POINT('',(3.81,4.04301867843887,0.0));
#17578=DIRECTION('',(0.0,1.0,0.0));
#17579=DIRECTION('',(-1.0,0.0,0.0));
#17580=CARTESIAN_POINT('',(3.81,4.04301867843887,0.0));
#17581=DIRECTION('',(0.0,1.0,0.0));
#17582=DIRECTION('',(-1.0,0.0,0.0));
#17583=CARTESIAN_POINT('',(3.81,4.11,0.0));
#17584=DIRECTION('',(0.0,1.0,0.0));
#17585=DIRECTION('',(-1.0,0.0,0.0));
#17586=CARTESIAN_POINT('',(3.81,4.2,0.0));
#17587=DIRECTION('',(0.0,1.0,0.0));
#17588=DIRECTION('',(-1.0,0.0,0.0));
#17589=CARTESIAN_POINT('',(3.81,4.201,0.0));
#17590=DIRECTION('',(-0.0,-1.0,-0.0));
#17591=DIRECTION('',(-1.0,0.0,0.0));
#17592=CARTESIAN_POINT('',(3.81,0.5,0.0));
#17593=DIRECTION('',(0.0,1.0,0.0));
#17594=DIRECTION('',(-1.0,0.0,0.0));
#17595=CARTESIAN_POINT('',(3.81,1.81626217769223,0.0));
#17596=DIRECTION('',(0.0,1.0,0.0));
#17597=DIRECTION('',(-1.0,0.0,0.0));
#17598=CARTESIAN_POINT('',(1.27,3.51301867843887,0.0));
#17599=DIRECTION('',(0.0,1.0,0.0));
#17600=DIRECTION('',(-1.0,0.0,0.0));
#17601=CARTESIAN_POINT('',(1.27,3.98,0.0));
#17602=DIRECTION('',(0.0,1.0,0.0));
#17603=DIRECTION('',(-1.0,0.0,0.0));
#17604=CARTESIAN_POINT('',(1.27,4.04301867843887,0.0));
#17605=DIRECTION('',(0.0,1.0,0.0));
#17606=DIRECTION('',(-1.0,0.0,0.0));
#17607=CARTESIAN_POINT('',(1.27,4.04301867843887,0.0));
#17608=DIRECTION('',(0.0,1.0,0.0));
#17609=DIRECTION('',(-1.0,0.0,0.0));
#17610=CARTESIAN_POINT('',(1.27,4.11,0.0));
#17611=DIRECTION('',(0.0,1.0,0.0));
#17612=DIRECTION('',(-1.0,0.0,0.0));
#17613=CARTESIAN_POINT('',(1.27,4.2,0.0));
#17614=DIRECTION('',(0.0,1.0,0.0));
#17615=DIRECTION('',(-1.0,0.0,0.0));
#17616=CARTESIAN_POINT('',(1.27,4.201,0.0));
#17617=DIRECTION('',(-0.0,-1.0,-0.0));
#17618=DIRECTION('',(-1.0,0.0,0.0));
#17619=CARTESIAN_POINT('',(1.27,0.5,0.0));
#17620=DIRECTION('',(0.0,1.0,0.0));
#17621=DIRECTION('',(-1.0,0.0,0.0));
#17622=CARTESIAN_POINT('',(1.27,1.81626217769223,0.0));
#17623=DIRECTION('',(0.0,1.0,0.0));
#17624=DIRECTION('',(-1.0,0.0,0.0));
#17625=CARTESIAN_POINT('',(-1.27,3.51301867843887,0.0));
#17626=DIRECTION('',(0.0,1.0,0.0));
#17627=DIRECTION('',(-1.0,0.0,0.0));
#17628=CARTESIAN_POINT('',(-1.27,3.98,0.0));
#17629=DIRECTION('',(0.0,1.0,0.0));
#17630=DIRECTION('',(-1.0,0.0,0.0));
#17631=CARTESIAN_POINT('',(-1.27,4.04301867843887,0.0));
#17632=DIRECTION('',(0.0,1.0,0.0));
#17633=DIRECTION('',(-1.0,0.0,0.0));
#17634=CARTESIAN_POINT('',(-1.27,4.04301867843887,0.0));
#17635=DIRECTION('',(0.0,1.0,0.0));
#17636=DIRECTION('',(-1.0,0.0,0.0));
#17637=CARTESIAN_POINT('',(-1.27,4.11,0.0));
#17638=DIRECTION('',(0.0,1.0,0.0));
#17639=DIRECTION('',(-1.0,0.0,0.0));
#17640=CARTESIAN_POINT('',(-1.27,4.2,0.0));
#17641=DIRECTION('',(0.0,1.0,0.0));
#17642=DIRECTION('',(-1.0,0.0,0.0));
#17643=CARTESIAN_POINT('',(-1.27,4.201,0.0));
#17644=DIRECTION('',(-0.0,-1.0,-0.0));
#17645=DIRECTION('',(-1.0,0.0,0.0));
#17646=CARTESIAN_POINT('',(-1.27,0.5,0.0));
#17647=DIRECTION('',(0.0,1.0,0.0));
#17648=DIRECTION('',(-1.0,0.0,0.0));
#17649=CARTESIAN_POINT('',(-1.27,1.81626217769223,0.0));
#17650=DIRECTION('',(0.0,1.0,0.0));
#17651=DIRECTION('',(-1.0,0.0,0.0));
#17652=CARTESIAN_POINT('',(-3.81,3.51301867843887,0.0));
#17653=DIRECTION('',(0.0,1.0,0.0));
#17654=DIRECTION('',(-1.0,0.0,0.0));
#17655=CARTESIAN_POINT('',(-3.81,3.98,0.0));
#17656=DIRECTION('',(0.0,1.0,0.0));
#17657=DIRECTION('',(-1.0,0.0,0.0));
#17658=CARTESIAN_POINT('',(-3.81,4.04301867843887,0.0));
#17659=DIRECTION('',(0.0,1.0,0.0));
#17660=DIRECTION('',(-1.0,0.0,0.0));
#17661=CARTESIAN_POINT('',(-3.81,4.04301867843887,0.0));
#17662=DIRECTION('',(0.0,1.0,0.0));
#17663=DIRECTION('',(-1.0,0.0,0.0));
#17664=CARTESIAN_POINT('',(-3.81,4.11,0.0));
#17665=DIRECTION('',(0.0,1.0,0.0));
#17666=DIRECTION('',(-1.0,0.0,0.0));
#17667=CARTESIAN_POINT('',(-3.81,4.2,0.0));
#17668=DIRECTION('',(0.0,1.0,0.0));
#17669=DIRECTION('',(-1.0,0.0,0.0));
#17670=CARTESIAN_POINT('',(-3.81,4.201,0.0));
#17671=DIRECTION('',(-0.0,-1.0,-0.0));
#17672=DIRECTION('',(-1.0,0.0,0.0));
#17673=CARTESIAN_POINT('',(-3.81,0.5,0.0));
#17674=DIRECTION('',(0.0,1.0,0.0));
#17675=DIRECTION('',(-1.0,0.0,0.0));
#17676=CARTESIAN_POINT('',(-3.81,1.81626217769223,0.0));
#17677=DIRECTION('',(0.0,1.0,0.0));
#17678=DIRECTION('',(-1.0,0.0,0.0));
#17679=CARTESIAN_POINT('',(-6.35,3.51301867843887,0.0));
#17680=DIRECTION('',(0.0,1.0,0.0));
#17681=DIRECTION('',(-1.0,0.0,0.0));
#17682=CARTESIAN_POINT('',(-6.35,3.98,0.0));
#17683=DIRECTION('',(0.0,1.0,0.0));
#17684=DIRECTION('',(-1.0,0.0,0.0));
#17685=CARTESIAN_POINT('',(-6.35,4.04301867843887,0.0));
#17686=DIRECTION('',(0.0,1.0,0.0));
#17687=DIRECTION('',(-1.0,0.0,0.0));
#17688=CARTESIAN_POINT('',(-6.35,4.04301867843887,0.0));
#17689=DIRECTION('',(0.0,1.0,0.0));
#17690=DIRECTION('',(-1.0,0.0,0.0));
#17691=CARTESIAN_POINT('',(-6.35,4.11,0.0));
#17692=DIRECTION('',(0.0,1.0,0.0));
#17693=DIRECTION('',(-1.0,0.0,0.0));
#17694=CARTESIAN_POINT('',(-6.35,4.2,0.0));
#17695=DIRECTION('',(0.0,1.0,0.0));
#17696=DIRECTION('',(-1.0,0.0,0.0));
#17697=CARTESIAN_POINT('',(-6.35,4.201,0.0));
#17698=DIRECTION('',(-0.0,-1.0,-0.0));
#17699=DIRECTION('',(-1.0,0.0,0.0));
#17700=CARTESIAN_POINT('',(-6.35,0.5,0.0));
#17701=DIRECTION('',(0.0,1.0,0.0));
#17702=DIRECTION('',(-1.0,0.0,0.0));
#17703=CARTESIAN_POINT('',(-6.35,1.81626217769223,0.0));
#17704=DIRECTION('',(0.0,1.0,0.0));
#17705=DIRECTION('',(-1.0,0.0,0.0));
#17706=CARTESIAN_POINT('',(-8.89,3.51301867843887,0.0));
#17707=DIRECTION('',(0.0,1.0,0.0));
#17708=DIRECTION('',(-1.0,0.0,0.0));
#17709=CARTESIAN_POINT('',(-8.89,3.98,0.0));
#17710=DIRECTION('',(0.0,1.0,0.0));
#17711=DIRECTION('',(-1.0,0.0,0.0));
#17712=CARTESIAN_POINT('',(-8.89,4.04301867843887,0.0));
#17713=DIRECTION('',(0.0,1.0,0.0));
#17714=DIRECTION('',(-1.0,0.0,0.0));
#17715=CARTESIAN_POINT('',(-8.89,4.04301867843887,0.0));
#17716=DIRECTION('',(0.0,1.0,0.0));
#17717=DIRECTION('',(-1.0,0.0,0.0));
#17718=CARTESIAN_POINT('',(-8.89,4.11,0.0));
#17719=DIRECTION('',(0.0,1.0,0.0));
#17720=DIRECTION('',(-1.0,0.0,0.0));
#17721=CARTESIAN_POINT('',(-8.89,4.2,0.0));
#17722=DIRECTION('',(0.0,1.0,0.0));
#17723=DIRECTION('',(-1.0,0.0,0.0));
#17724=CARTESIAN_POINT('',(-8.89,4.201,0.0));
#17725=DIRECTION('',(-0.0,-1.0,-0.0));
#17726=DIRECTION('',(-1.0,0.0,0.0));
#17727=CARTESIAN_POINT('',(-8.89,0.5,0.0));
#17728=DIRECTION('',(0.0,1.0,0.0));
#17729=DIRECTION('',(-1.0,0.0,0.0));
#17730=CARTESIAN_POINT('',(-8.89,1.81626217769223,0.0));
#17731=DIRECTION('',(0.0,1.0,0.0));
#17732=DIRECTION('',(-1.0,0.0,0.0));
#17733=CARTESIAN_POINT('',(-11.43,3.51301867843887,0.0));
#17734=DIRECTION('',(0.0,1.0,0.0));
#17735=DIRECTION('',(-1.0,0.0,0.0));
#17736=CARTESIAN_POINT('',(-11.43,3.98,0.0));
#17737=DIRECTION('',(0.0,1.0,0.0));
#17738=DIRECTION('',(-1.0,0.0,0.0));
#17739=CARTESIAN_POINT('',(-11.43,4.04301867843887,0.0));
#17740=DIRECTION('',(0.0,1.0,0.0));
#17741=DIRECTION('',(-1.0,0.0,0.0));
#17742=CARTESIAN_POINT('',(-11.43,4.04301867843887,0.0));
#17743=DIRECTION('',(0.0,1.0,0.0));
#17744=DIRECTION('',(-1.0,0.0,0.0));
#17745=CARTESIAN_POINT('',(-11.43,4.11,0.0));
#17746=DIRECTION('',(0.0,1.0,0.0));
#17747=DIRECTION('',(-1.0,0.0,0.0));
#17748=CARTESIAN_POINT('',(-11.43,4.2,0.0));
#17749=DIRECTION('',(0.0,1.0,0.0));
#17750=DIRECTION('',(-1.0,0.0,0.0));
#17751=CARTESIAN_POINT('',(-11.43,4.201,0.0));
#17752=DIRECTION('',(-0.0,-1.0,-0.0));
#17753=DIRECTION('',(-1.0,0.0,0.0));
#17754=CARTESIAN_POINT('',(-11.43,0.5,0.0));
#17755=DIRECTION('',(0.0,1.0,0.0));
#17756=DIRECTION('',(-1.0,0.0,0.0));
#17757=CARTESIAN_POINT('',(-11.43,1.81626217769223,0.0));
#17758=DIRECTION('',(0.0,1.0,0.0));
#17759=DIRECTION('',(-1.0,0.0,0.0));
#17760=CARTESIAN_POINT('',(11.43,4.201,0.0));
#17761=DIRECTION('',(-0.0,1.0,0.0));
#17762=DIRECTION('',(1.0,0.0,0.0));
#17763=CARTESIAN_POINT('',(11.43,4.2,0.0));
#17764=DIRECTION('',(0.0,-1.0,-6.12303176911189E-17));
#17765=DIRECTION('',(1.0,0.0,0.0));
#17766=CARTESIAN_POINT('',(11.43,0.3,0.0));
#17767=DIRECTION('',(-0.0,1.0,0.0));
#17768=DIRECTION('',(1.0,0.0,0.0));
#17769=CARTESIAN_POINT('',(11.43,0.200000000000001,0.0));
#17770=DIRECTION('',(-0.0,1.0,0.0));
#17771=DIRECTION('',(1.0,0.0,0.0));
#17772=CARTESIAN_POINT('',(11.43,-2.88,0.0));
#17773=DIRECTION('',(-0.0,1.0,0.0));
#17774=DIRECTION('',(1.0,0.0,0.0));
#17775=CARTESIAN_POINT('',(11.43,-2.88,0.0));
#17776=DIRECTION('',(-0.0,1.0,0.0));
#17777=DIRECTION('',(1.0,0.0,0.0));
#17778=CARTESIAN_POINT('',(11.43,-0.149999999999998,0.0));
#17779=DIRECTION('',(-0.0,1.0,0.0));
#17780=DIRECTION('',(1.0,0.0,0.0));
#17781=CARTESIAN_POINT('',(11.43,1.33226762955019E-15,0.0));
#17782=DIRECTION('',(-0.0,1.0,0.0));
#17783=DIRECTION('',(1.0,0.0,0.0));
#17784=CARTESIAN_POINT('',(11.43,1.33226762955019E-15,0.0));
#17785=DIRECTION('',(-0.0,1.0,0.0));
#17786=DIRECTION('',(1.0,0.0,0.0));
#17787=CARTESIAN_POINT('',(11.43,8.88178419700125E-16,0.0));
#17788=DIRECTION('',(-0.0,1.0,0.0));
#17789=DIRECTION('',(1.0,0.0,0.0));
#17790=CARTESIAN_POINT('',(8.89,4.201,0.0));
#17791=DIRECTION('',(-0.0,1.0,0.0));
#17792=DIRECTION('',(1.0,0.0,0.0));
#17793=CARTESIAN_POINT('',(8.89,4.2,0.0));
#17794=DIRECTION('',(0.0,-1.0,-6.12303176911189E-17));
#17795=DIRECTION('',(1.0,0.0,0.0));
#17796=CARTESIAN_POINT('',(8.89,0.3,0.0));
#17797=DIRECTION('',(-0.0,1.0,0.0));
#17798=DIRECTION('',(1.0,0.0,0.0));
#17799=CARTESIAN_POINT('',(8.89,0.200000000000001,0.0));
#17800=DIRECTION('',(-0.0,1.0,0.0));
#17801=DIRECTION('',(1.0,0.0,0.0));
#17802=CARTESIAN_POINT('',(8.89,-2.88,0.0));
#17803=DIRECTION('',(-0.0,1.0,0.0));
#17804=DIRECTION('',(1.0,0.0,0.0));
#17805=CARTESIAN_POINT('',(8.89,-2.88,0.0));
#17806=DIRECTION('',(-0.0,1.0,0.0));
#17807=DIRECTION('',(1.0,0.0,0.0));
#17808=CARTESIAN_POINT('',(8.89,-0.149999999999998,0.0));
#17809=DIRECTION('',(-0.0,1.0,0.0));
#17810=DIRECTION('',(1.0,0.0,0.0));
#17811=CARTESIAN_POINT('',(8.89,1.33226762955019E-15,0.0));
#17812=DIRECTION('',(-0.0,1.0,0.0));
#17813=DIRECTION('',(1.0,0.0,0.0));
#17814=CARTESIAN_POINT('',(8.89,1.33226762955019E-15,0.0));
#17815=DIRECTION('',(-0.0,1.0,0.0));
#17816=DIRECTION('',(1.0,0.0,0.0));
#17817=CARTESIAN_POINT('',(8.89,8.88178419700125E-16,0.0));
#17818=DIRECTION('',(-0.0,1.0,0.0));
#17819=DIRECTION('',(1.0,0.0,0.0));
#17820=CARTESIAN_POINT('',(6.35,4.201,0.0));
#17821=DIRECTION('',(-0.0,1.0,0.0));
#17822=DIRECTION('',(1.0,0.0,0.0));
#17823=CARTESIAN_POINT('',(6.35,4.2,0.0));
#17824=DIRECTION('',(0.0,-1.0,-6.12303176911189E-17));
#17825=DIRECTION('',(1.0,0.0,0.0));
#17826=CARTESIAN_POINT('',(6.35,0.3,0.0));
#17827=DIRECTION('',(-0.0,1.0,0.0));
#17828=DIRECTION('',(1.0,0.0,0.0));
#17829=CARTESIAN_POINT('',(6.35,0.200000000000001,0.0));
#17830=DIRECTION('',(-0.0,1.0,0.0));
#17831=DIRECTION('',(1.0,0.0,0.0));
#17832=CARTESIAN_POINT('',(6.35,-2.88,0.0));
#17833=DIRECTION('',(-0.0,1.0,0.0));
#17834=DIRECTION('',(1.0,0.0,0.0));
#17835=CARTESIAN_POINT('',(6.35,-2.88,0.0));
#17836=DIRECTION('',(-0.0,1.0,0.0));
#17837=DIRECTION('',(1.0,0.0,0.0));
#17838=CARTESIAN_POINT('',(6.35,-0.149999999999998,0.0));
#17839=DIRECTION('',(-0.0,1.0,0.0));
#17840=DIRECTION('',(1.0,0.0,0.0));
#17841=CARTESIAN_POINT('',(6.35,1.33226762955019E-15,0.0));
#17842=DIRECTION('',(-0.0,1.0,0.0));
#17843=DIRECTION('',(1.0,0.0,0.0));
#17844=CARTESIAN_POINT('',(6.35,1.33226762955019E-15,0.0));
#17845=DIRECTION('',(-0.0,1.0,0.0));
#17846=DIRECTION('',(1.0,0.0,0.0));
#17847=CARTESIAN_POINT('',(6.35,8.88178419700125E-16,0.0));
#17848=DIRECTION('',(-0.0,1.0,0.0));
#17849=DIRECTION('',(1.0,0.0,0.0));
#17850=CARTESIAN_POINT('',(3.81,4.201,0.0));
#17851=DIRECTION('',(-0.0,1.0,0.0));
#17852=DIRECTION('',(1.0,0.0,0.0));
#17853=CARTESIAN_POINT('',(3.81,4.2,0.0));
#17854=DIRECTION('',(0.0,-1.0,-6.12303176911189E-17));
#17855=DIRECTION('',(1.0,0.0,0.0));
#17856=CARTESIAN_POINT('',(3.81,0.3,0.0));
#17857=DIRECTION('',(-0.0,1.0,0.0));
#17858=DIRECTION('',(1.0,0.0,0.0));
#17859=CARTESIAN_POINT('',(3.81,0.200000000000001,0.0));
#17860=DIRECTION('',(-0.0,1.0,0.0));
#17861=DIRECTION('',(1.0,0.0,0.0));
#17862=CARTESIAN_POINT('',(3.81,-2.88,0.0));
#17863=DIRECTION('',(-0.0,1.0,0.0));
#17864=DIRECTION('',(1.0,0.0,0.0));
#17865=CARTESIAN_POINT('',(3.81,-2.88,0.0));
#17866=DIRECTION('',(-0.0,1.0,0.0));
#17867=DIRECTION('',(1.0,0.0,0.0));
#17868=CARTESIAN_POINT('',(3.81,-0.149999999999998,0.0));
#17869=DIRECTION('',(-0.0,1.0,0.0));
#17870=DIRECTION('',(1.0,0.0,0.0));
#17871=CARTESIAN_POINT('',(3.81,1.33226762955019E-15,0.0));
#17872=DIRECTION('',(-0.0,1.0,0.0));
#17873=DIRECTION('',(1.0,0.0,0.0));
#17874=CARTESIAN_POINT('',(3.81,1.33226762955019E-15,0.0));
#17875=DIRECTION('',(-0.0,1.0,0.0));
#17876=DIRECTION('',(1.0,0.0,0.0));
#17877=CARTESIAN_POINT('',(3.81,8.88178419700125E-16,0.0));
#17878=DIRECTION('',(-0.0,1.0,0.0));
#17879=DIRECTION('',(1.0,0.0,0.0));
#17880=CARTESIAN_POINT('',(1.27,4.201,0.0));
#17881=DIRECTION('',(-0.0,1.0,0.0));
#17882=DIRECTION('',(1.0,0.0,0.0));
#17883=CARTESIAN_POINT('',(1.27,4.2,0.0));
#17884=DIRECTION('',(0.0,-1.0,-6.12303176911189E-17));
#17885=DIRECTION('',(1.0,0.0,0.0));
#17886=CARTESIAN_POINT('',(1.27,0.3,0.0));
#17887=DIRECTION('',(-0.0,1.0,0.0));
#17888=DIRECTION('',(1.0,0.0,0.0));
#17889=CARTESIAN_POINT('',(1.27,0.200000000000001,0.0));
#17890=DIRECTION('',(-0.0,1.0,0.0));
#17891=DIRECTION('',(1.0,0.0,0.0));
#17892=CARTESIAN_POINT('',(1.27,-2.88,0.0));
#17893=DIRECTION('',(-0.0,1.0,0.0));
#17894=DIRECTION('',(1.0,0.0,0.0));
#17895=CARTESIAN_POINT('',(1.27,-2.88,0.0));
#17896=DIRECTION('',(-0.0,1.0,0.0));
#17897=DIRECTION('',(1.0,0.0,0.0));
#17898=CARTESIAN_POINT('',(1.27,-0.149999999999998,0.0));
#17899=DIRECTION('',(-0.0,1.0,0.0));
#17900=DIRECTION('',(1.0,0.0,0.0));
#17901=CARTESIAN_POINT('',(1.27,1.33226762955019E-15,0.0));
#17902=DIRECTION('',(-0.0,1.0,0.0));
#17903=DIRECTION('',(1.0,0.0,0.0));
#17904=CARTESIAN_POINT('',(1.27,1.33226762955019E-15,0.0));
#17905=DIRECTION('',(-0.0,1.0,0.0));
#17906=DIRECTION('',(1.0,0.0,0.0));
#17907=CARTESIAN_POINT('',(1.27,8.88178419700125E-16,0.0));
#17908=DIRECTION('',(-0.0,1.0,0.0));
#17909=DIRECTION('',(1.0,0.0,0.0));
#17910=CARTESIAN_POINT('',(-1.27,4.201,0.0));
#17911=DIRECTION('',(-0.0,1.0,0.0));
#17912=DIRECTION('',(1.0,0.0,0.0));
#17913=CARTESIAN_POINT('',(-1.27,4.2,0.0));
#17914=DIRECTION('',(0.0,-1.0,-6.12303176911189E-17));
#17915=DIRECTION('',(1.0,0.0,0.0));
#17916=CARTESIAN_POINT('',(-1.27,0.3,0.0));
#17917=DIRECTION('',(-0.0,1.0,0.0));
#17918=DIRECTION('',(1.0,0.0,0.0));
#17919=CARTESIAN_POINT('',(-1.27,0.200000000000001,0.0));
#17920=DIRECTION('',(-0.0,1.0,0.0));
#17921=DIRECTION('',(1.0,0.0,0.0));
#17922=CARTESIAN_POINT('',(-1.27,-2.88,0.0));
#17923=DIRECTION('',(-0.0,1.0,0.0));
#17924=DIRECTION('',(1.0,0.0,0.0));
#17925=CARTESIAN_POINT('',(-1.27,-2.88,0.0));
#17926=DIRECTION('',(-0.0,1.0,0.0));
#17927=DIRECTION('',(1.0,0.0,0.0));
#17928=CARTESIAN_POINT('',(-1.27,-0.149999999999998,0.0));
#17929=DIRECTION('',(-0.0,1.0,0.0));
#17930=DIRECTION('',(1.0,0.0,0.0));
#17931=CARTESIAN_POINT('',(-1.27,1.33226762955019E-15,0.0));
#17932=DIRECTION('',(-0.0,1.0,0.0));
#17933=DIRECTION('',(1.0,0.0,0.0));
#17934=CARTESIAN_POINT('',(-1.27,1.33226762955019E-15,0.0));
#17935=DIRECTION('',(-0.0,1.0,0.0));
#17936=DIRECTION('',(1.0,0.0,0.0));
#17937=CARTESIAN_POINT('',(-1.27,8.88178419700125E-16,0.0));
#17938=DIRECTION('',(-0.0,1.0,0.0));
#17939=DIRECTION('',(1.0,0.0,0.0));
#17940=CARTESIAN_POINT('',(-3.81,4.201,0.0));
#17941=DIRECTION('',(-0.0,1.0,0.0));
#17942=DIRECTION('',(1.0,0.0,0.0));
#17943=CARTESIAN_POINT('',(-3.81,4.2,0.0));
#17944=DIRECTION('',(0.0,-1.0,-6.12303176911189E-17));
#17945=DIRECTION('',(1.0,0.0,0.0));
#17946=CARTESIAN_POINT('',(-3.81,0.3,0.0));
#17947=DIRECTION('',(-0.0,1.0,0.0));
#17948=DIRECTION('',(1.0,0.0,0.0));
#17949=CARTESIAN_POINT('',(-3.81,0.200000000000001,0.0));
#17950=DIRECTION('',(-0.0,1.0,0.0));
#17951=DIRECTION('',(1.0,0.0,0.0));
#17952=CARTESIAN_POINT('',(-3.81,-2.88,0.0));
#17953=DIRECTION('',(-0.0,1.0,0.0));
#17954=DIRECTION('',(1.0,0.0,0.0));
#17955=CARTESIAN_POINT('',(-3.81,-2.88,0.0));
#17956=DIRECTION('',(-0.0,1.0,0.0));
#17957=DIRECTION('',(1.0,0.0,0.0));
#17958=CARTESIAN_POINT('',(-3.81,-0.149999999999998,0.0));
#17959=DIRECTION('',(-0.0,1.0,0.0));
#17960=DIRECTION('',(1.0,0.0,0.0));
#17961=CARTESIAN_POINT('',(-3.81,1.33226762955019E-15,0.0));
#17962=DIRECTION('',(-0.0,1.0,0.0));
#17963=DIRECTION('',(1.0,0.0,0.0));
#17964=CARTESIAN_POINT('',(-3.81,1.33226762955019E-15,0.0));
#17965=DIRECTION('',(-0.0,1.0,0.0));
#17966=DIRECTION('',(1.0,0.0,0.0));
#17967=CARTESIAN_POINT('',(-3.81,8.88178419700125E-16,0.0));
#17968=DIRECTION('',(-0.0,1.0,0.0));
#17969=DIRECTION('',(1.0,0.0,0.0));
#17970=CARTESIAN_POINT('',(-6.35,4.201,0.0));
#17971=DIRECTION('',(-0.0,1.0,0.0));
#17972=DIRECTION('',(1.0,0.0,0.0));
#17973=CARTESIAN_POINT('',(-6.35,4.2,0.0));
#17974=DIRECTION('',(0.0,-1.0,-6.12303176911189E-17));
#17975=DIRECTION('',(1.0,0.0,0.0));
#17976=CARTESIAN_POINT('',(-6.35,0.3,0.0));
#17977=DIRECTION('',(-0.0,1.0,0.0));
#17978=DIRECTION('',(1.0,0.0,0.0));
#17979=CARTESIAN_POINT('',(-6.35,0.200000000000001,0.0));
#17980=DIRECTION('',(-0.0,1.0,0.0));
#17981=DIRECTION('',(1.0,0.0,0.0));
#17982=CARTESIAN_POINT('',(-6.35,-2.88,0.0));
#17983=DIRECTION('',(-0.0,1.0,0.0));
#17984=DIRECTION('',(1.0,0.0,0.0));
#17985=CARTESIAN_POINT('',(-6.35,-2.88,0.0));
#17986=DIRECTION('',(-0.0,1.0,0.0));
#17987=DIRECTION('',(1.0,0.0,0.0));
#17988=CARTESIAN_POINT('',(-6.35,-0.149999999999998,0.0));
#17989=DIRECTION('',(-0.0,1.0,0.0));
#17990=DIRECTION('',(1.0,0.0,0.0));
#17991=CARTESIAN_POINT('',(-6.35,1.33226762955019E-15,0.0));
#17992=DIRECTION('',(-0.0,1.0,0.0));
#17993=DIRECTION('',(1.0,0.0,0.0));
#17994=CARTESIAN_POINT('',(-6.35,1.33226762955019E-15,0.0));
#17995=DIRECTION('',(-0.0,1.0,0.0));
#17996=DIRECTION('',(1.0,0.0,0.0));
#17997=CARTESIAN_POINT('',(-6.35,8.88178419700125E-16,0.0));
#17998=DIRECTION('',(-0.0,1.0,0.0));
#17999=DIRECTION('',(1.0,0.0,0.0));
#18000=CARTESIAN_POINT('',(-8.89,4.201,0.0));
#18001=DIRECTION('',(-0.0,1.0,0.0));
#18002=DIRECTION('',(1.0,0.0,0.0));
#18003=CARTESIAN_POINT('',(-8.89,4.2,0.0));
#18004=DIRECTION('',(0.0,-1.0,-6.12303176911189E-17));
#18005=DIRECTION('',(1.0,0.0,0.0));
#18006=CARTESIAN_POINT('',(-8.89,0.3,0.0));
#18007=DIRECTION('',(-0.0,1.0,0.0));
#18008=DIRECTION('',(1.0,0.0,0.0));
#18009=CARTESIAN_POINT('',(-8.89,0.200000000000001,0.0));
#18010=DIRECTION('',(-0.0,1.0,0.0));
#18011=DIRECTION('',(1.0,0.0,0.0));
#18012=CARTESIAN_POINT('',(-8.89,-2.88,0.0));
#18013=DIRECTION('',(-0.0,1.0,0.0));
#18014=DIRECTION('',(1.0,0.0,0.0));
#18015=CARTESIAN_POINT('',(-8.89,-2.88,0.0));
#18016=DIRECTION('',(-0.0,1.0,0.0));
#18017=DIRECTION('',(1.0,0.0,0.0));
#18018=CARTESIAN_POINT('',(-8.89,-0.149999999999998,0.0));
#18019=DIRECTION('',(-0.0,1.0,0.0));
#18020=DIRECTION('',(1.0,0.0,0.0));
#18021=CARTESIAN_POINT('',(-8.89,1.33226762955019E-15,0.0));
#18022=DIRECTION('',(-0.0,1.0,0.0));
#18023=DIRECTION('',(1.0,0.0,0.0));
#18024=CARTESIAN_POINT('',(-8.89,1.33226762955019E-15,0.0));
#18025=DIRECTION('',(-0.0,1.0,0.0));
#18026=DIRECTION('',(1.0,0.0,0.0));
#18027=CARTESIAN_POINT('',(-8.89,8.88178419700125E-16,0.0));
#18028=DIRECTION('',(-0.0,1.0,0.0));
#18029=DIRECTION('',(1.0,0.0,0.0));
#18030=CARTESIAN_POINT('',(-11.43,4.201,0.0));
#18031=DIRECTION('',(-0.0,1.0,0.0));
#18032=DIRECTION('',(1.0,0.0,0.0));
#18033=CARTESIAN_POINT('',(-11.43,4.2,0.0));
#18034=DIRECTION('',(0.0,-1.0,-6.12303176911189E-17));
#18035=DIRECTION('',(1.0,0.0,0.0));
#18036=CARTESIAN_POINT('',(-11.43,0.3,0.0));
#18037=DIRECTION('',(-0.0,1.0,0.0));
#18038=DIRECTION('',(1.0,0.0,0.0));
#18039=CARTESIAN_POINT('',(-11.43,0.200000000000001,0.0));
#18040=DIRECTION('',(-0.0,1.0,0.0));
#18041=DIRECTION('',(1.0,0.0,0.0));
#18042=CARTESIAN_POINT('',(-11.43,-2.88,0.0));
#18043=DIRECTION('',(-0.0,1.0,0.0));
#18044=DIRECTION('',(1.0,0.0,0.0));
#18045=CARTESIAN_POINT('',(-11.43,-2.88,0.0));
#18046=DIRECTION('',(-0.0,1.0,0.0));
#18047=DIRECTION('',(1.0,0.0,0.0));
#18048=CARTESIAN_POINT('',(-11.43,-0.149999999999998,0.0));
#18049=DIRECTION('',(-0.0,1.0,0.0));
#18050=DIRECTION('',(1.0,0.0,0.0));
#18051=CARTESIAN_POINT('',(-11.43,1.33226762955019E-15,0.0));
#18052=DIRECTION('',(-0.0,1.0,0.0));
#18053=DIRECTION('',(1.0,0.0,0.0));
#18054=CARTESIAN_POINT('',(-11.43,1.33226762955019E-15,0.0));
#18055=DIRECTION('',(-0.0,1.0,0.0));
#18056=DIRECTION('',(1.0,0.0,0.0));
#18057=CARTESIAN_POINT('',(-11.43,8.88178419700125E-16,0.0));
#18058=DIRECTION('',(-0.0,1.0,0.0));
#18059=DIRECTION('',(1.0,0.0,0.0));
#18060=DIRECTION('',(0.0,1.0,6.12303176911189E-17));
#18061=DIRECTION('',(1.0,0.0,0.0));
#18062=DIRECTION('',(0.0,1.0,6.12303176911189E-17));
#18063=DIRECTION('',(-1.0,0.0,0.0));
#18064=DIRECTION('',(0.0,1.0,6.12303176911189E-17));
#18065=DIRECTION('',(1.0,0.0,0.0));
#18066=DIRECTION('',(0.0,1.0,6.12303176911189E-17));
#18067=DIRECTION('',(-1.0,0.0,0.0));
#18068=DIRECTION('',(0.0,1.0,6.12303176911189E-17));
#18069=DIRECTION('',(1.0,0.0,0.0));
#18070=DIRECTION('',(0.0,1.0,6.12303176911189E-17));
#18071=DIRECTION('',(-1.0,0.0,0.0));
#18072=DIRECTION('',(0.0,1.0,6.12303176911189E-17));
#18073=DIRECTION('',(1.0,0.0,0.0));
#18074=DIRECTION('',(0.0,1.0,6.12303176911189E-17));
#18075=DIRECTION('',(-1.0,0.0,0.0));
#18076=DIRECTION('',(0.0,1.0,6.12303176911189E-17));
#18077=DIRECTION('',(1.0,0.0,0.0));
#18078=DIRECTION('',(0.0,1.0,6.12303176911189E-17));
#18079=DIRECTION('',(-1.0,0.0,0.0));
#18080=DIRECTION('',(0.0,1.0,6.12303176911189E-17));
#18081=DIRECTION('',(1.0,0.0,0.0));
#18082=DIRECTION('',(0.0,1.0,6.12303176911189E-17));
#18083=DIRECTION('',(-1.0,0.0,0.0));
#18084=DIRECTION('',(0.0,1.0,6.12303176911189E-17));
#18085=DIRECTION('',(1.0,0.0,0.0));
#18086=DIRECTION('',(0.0,1.0,6.12303176911189E-17));
#18087=DIRECTION('',(-1.0,0.0,0.0));
#18088=DIRECTION('',(0.0,1.0,6.12303176911189E-17));
#18089=DIRECTION('',(1.0,0.0,0.0));
#18090=DIRECTION('',(0.0,1.0,6.12303176911189E-17));
#18091=DIRECTION('',(-1.0,0.0,0.0));
#18092=DIRECTION('',(0.0,1.0,6.12303176911189E-17));
#18093=DIRECTION('',(1.0,0.0,0.0));
#18094=DIRECTION('',(0.0,1.0,6.12303176911189E-17));
#18095=DIRECTION('',(-1.0,0.0,0.0));
#18096=DIRECTION('',(0.0,1.0,6.12303176911189E-17));
#18097=DIRECTION('',(-1.0,0.0,0.0));
#18098=DIRECTION('',(0.0,1.0,6.12303176911189E-17));
#18099=DIRECTION('',(1.0,0.0,0.0));
#18100=DIRECTION('',(0.0,0.0,-1.0));
#18101=DIRECTION('',(1.0,0.0,0.0));
#18102=DIRECTION('',(1.0,0.0,0.0));
#18103=DIRECTION('',(1.0,0.0,0.0));
#18104=DIRECTION('',(1.0,0.0,0.0));
#18105=DIRECTION('',(1.0,0.0,0.0));
#18106=DIRECTION('',(1.0,0.0,0.0));
#18107=DIRECTION('',(1.0,0.0,0.0));
#18108=DIRECTION('',(1.0,0.0,0.0));
#18109=DIRECTION('',(1.0,0.0,0.0));
#18110=DIRECTION('',(0.0,0.0,1.0));
#18111=DIRECTION('',(1.0,0.0,0.0));
#18112=DIRECTION('',(-1.0,-0.0,-0.0));
#18113=DIRECTION('',(1.0,0.0,0.0));
#18114=DIRECTION('',(-1.0,-0.0,-0.0));
#18115=DIRECTION('',(1.0,0.0,0.0));
#18116=DIRECTION('',(-1.0,-0.0,-0.0));
#18117=DIRECTION('',(1.0,0.0,0.0));
#18118=DIRECTION('',(-1.0,-0.0,-0.0));
#18119=DIRECTION('',(1.0,0.0,0.0));
#18120=DIRECTION('',(-1.0,-0.0,-0.0));
#18121=DIRECTION('',(1.0,0.0,0.0));
#18122=DIRECTION('',(-1.0,-0.0,-0.0));
#18123=DIRECTION('',(1.0,0.0,0.0));
#18124=DIRECTION('',(-1.0,-0.0,-0.0));
#18125=DIRECTION('',(1.0,0.0,0.0));
#18126=DIRECTION('',(-1.0,-0.0,-0.0));
#18127=DIRECTION('',(1.0,0.0,0.0));
#18128=DIRECTION('',(-1.0,0.0,4.51682600769318E-16));
#18129=DIRECTION('',(1.0,0.0,0.0));
#18130=DIRECTION('',(0.0,1.0,6.12303176911189E-17));
#18131=DIRECTION('',(0.0,1.0,6.12303176911189E-17));
#18132=DIRECTION('',(-1.0,0.0,0.0));
#18133=DIRECTION('',(0.0,1.0,6.12303176911189E-17));
#18134=DIRECTION('',(0.0,1.0,6.12303176911189E-17));
#18135=DIRECTION('',(-1.0,0.0,0.0));
#18136=DIRECTION('',(0.0,1.0,6.12303176911189E-17));
#18137=DIRECTION('',(0.0,1.0,6.12303176911189E-17));
#18138=DIRECTION('',(-1.0,0.0,0.0));
#18139=DIRECTION('',(0.0,1.0,6.12303176911189E-17));
#18140=DIRECTION('',(0.0,1.0,6.12303176911189E-17));
#18141=DIRECTION('',(-1.0,0.0,0.0));
#18142=DIRECTION('',(0.0,1.0,6.12303176911189E-17));
#18143=DIRECTION('',(0.0,1.0,6.12303176911189E-17));
#18144=DIRECTION('',(-1.0,0.0,0.0));
#18145=DIRECTION('',(0.0,1.0,6.12303176911189E-17));
#18146=DIRECTION('',(0.0,1.0,6.12303176911189E-17));
#18147=DIRECTION('',(-1.0,0.0,0.0));
#18148=DIRECTION('',(0.0,1.0,6.12303176911189E-17));
#18149=DIRECTION('',(0.0,1.0,6.12303176911189E-17));
#18150=DIRECTION('',(-1.0,0.0,0.0));
#18151=DIRECTION('',(0.0,1.0,6.12303176911189E-17));
#18152=DIRECTION('',(0.0,1.0,6.12303176911189E-17));
#18153=DIRECTION('',(-1.0,0.0,0.0));
#18154=DIRECTION('',(0.0,1.0,6.12303176911189E-17));
#18155=DIRECTION('',(-1.0,0.0,0.0));
#18156=DIRECTION('',(0.0,1.0,6.12303176911189E-17));
#18157=DIRECTION('',(0.0,1.0,6.12303176911189E-17));
#18158=DIRECTION('',(0.0,1.0,6.12303176911189E-17));
#18159=DIRECTION('',(-1.0,0.0,0.0));
#18160=DIRECTION('',(0.0,1.0,6.12303176911189E-17));
#18161=DIRECTION('',(0.0,-6.12303176911189E-17,1.0));
#18162=DIRECTION('',(0.0,1.0,6.12303176911189E-17));
#18163=DIRECTION('',(0.0,1.0,6.12303176911189E-17));
#18164=DIRECTION('',(1.0,2.76566691406561E-32,-4.51682600769318E-16));
#18165=DIRECTION('',(0.0,1.0,6.12303176911189E-17));
#18166=DIRECTION('',(0.0,1.0,6.12303176911189E-17));
#18167=DIRECTION('',(1.0,0.0,0.0));
#18168=DIRECTION('',(0.0,1.0,6.12303176911189E-17));
#18169=DIRECTION('',(0.0,1.0,6.12303176911189E-17));
#18170=DIRECTION('',(1.0,0.0,0.0));
#18171=DIRECTION('',(0.0,1.0,6.12303176911189E-17));
#18172=DIRECTION('',(0.0,1.0,6.12303176911189E-17));
#18173=DIRECTION('',(1.0,0.0,0.0));
#18174=DIRECTION('',(0.0,1.0,6.12303176911189E-17));
#18175=DIRECTION('',(0.0,1.0,6.12303176911189E-17));
#18176=DIRECTION('',(1.0,0.0,0.0));
#18177=DIRECTION('',(0.0,1.0,6.12303176911189E-17));
#18178=DIRECTION('',(0.0,1.0,6.12303176911189E-17));
#18179=DIRECTION('',(1.0,0.0,0.0));
#18180=DIRECTION('',(0.0,1.0,6.12303176911189E-17));
#18181=DIRECTION('',(0.0,1.0,6.12303176911189E-17));
#18182=DIRECTION('',(1.0,0.0,0.0));
#18183=DIRECTION('',(0.0,1.0,6.12303176911189E-17));
#18184=DIRECTION('',(0.0,1.0,6.12303176911189E-17));
#18185=DIRECTION('',(1.0,0.0,0.0));
#18186=DIRECTION('',(0.0,1.0,6.12303176911189E-17));
#18187=DIRECTION('',(0.422618261740703,5.54935137261889E-17,-0.906307787036648));
#18188=DIRECTION('',(1.0,0.0,0.0));
#18189=DIRECTION('',(0.422618261740696,-5.54935137261891E-17,0.906307787036652));
#18190=DIRECTION('',(-0.422618261740703,-5.54935137261889E-17,0.906307787036648));
#18191=DIRECTION('',(-1.0,0.0,0.0));
#18192=DIRECTION('',(-0.422618261740703,5.54935137261889E-17,-0.906307787036648));
#18193=DIRECTION('',(-0.422618261740703,-5.54935137261889E-17,0.906307787036648));
#18194=DIRECTION('',(-1.0,0.0,0.0));
#18195=DIRECTION('',(-0.422618261740703,5.54935137261889E-17,-0.906307787036648));
#18196=DIRECTION('',(-0.422618261740703,-5.54935137261889E-17,0.906307787036648));
#18197=DIRECTION('',(-1.0,0.0,0.0));
#18198=DIRECTION('',(-0.422618261740703,5.54935137261889E-17,-0.906307787036648));
#18199=DIRECTION('',(-0.422618261740703,-5.54935137261889E-17,0.906307787036648));
#18200=DIRECTION('',(-1.0,0.0,0.0));
#18201=DIRECTION('',(-0.422618261740703,5.54935137261889E-17,-0.906307787036648));
#18202=DIRECTION('',(-0.422618261740703,-5.54935137261889E-17,0.906307787036648));
#18203=DIRECTION('',(-1.0,0.0,0.0));
#18204=DIRECTION('',(-0.422618261740703,5.54935137261889E-17,-0.906307787036648));
#18205=DIRECTION('',(-0.422618261740703,-5.54935137261889E-17,0.906307787036648));
#18206=DIRECTION('',(-1.0,0.0,0.0));
#18207=DIRECTION('',(-0.422618261740703,5.54935137261889E-17,-0.906307787036648));
#18208=DIRECTION('',(-0.422618261740703,-5.54935137261889E-17,0.906307787036648));
#18209=DIRECTION('',(-1.0,0.0,0.0));
#18210=DIRECTION('',(-0.422618261740703,5.54935137261889E-17,-0.906307787036648));
#18211=DIRECTION('',(-0.422618261740703,-5.54935137261889E-17,0.906307787036648));
#18212=DIRECTION('',(-1.0,0.0,0.0));
#18213=DIRECTION('',(-0.422618261740703,5.54935137261889E-17,-0.906307787036648));
#18214=DIRECTION('',(0.422618261740699,5.5493513726189E-17,-0.90630778703665));
#18215=DIRECTION('',(1.0,0.0,0.0));
#18216=DIRECTION('',(0.422618261740703,-5.54935137261889E-17,0.906307787036648));
#18217=DIRECTION('',(-0.422618261740703,-5.54935137261889E-17,0.906307787036648));
#18218=DIRECTION('',(-1.0,0.0,0.0));
#18219=DIRECTION('',(-0.422618261740699,5.5493513726189E-17,-0.90630778703665));
#18220=DIRECTION('',(0.422618261740703,5.54935137261889E-17,-0.906307787036648));
#18221=DIRECTION('',(1.0,0.0,0.0));
#18222=DIRECTION('',(0.422618261740703,-5.54935137261889E-17,0.906307787036648));
#18223=DIRECTION('',(0.422618261740703,5.54935137261889E-17,-0.906307787036648));
#18224=DIRECTION('',(1.0,0.0,0.0));
#18225=DIRECTION('',(0.422618261740703,-5.54935137261889E-17,0.906307787036648));
#18226=DIRECTION('',(0.422618261740703,5.54935137261889E-17,-0.906307787036648));
#18227=DIRECTION('',(1.0,0.0,0.0));
#18228=DIRECTION('',(0.422618261740703,-5.54935137261889E-17,0.906307787036648));
#18229=DIRECTION('',(0.422618261740703,5.54935137261889E-17,-0.906307787036648));
#18230=DIRECTION('',(1.0,0.0,0.0));
#18231=DIRECTION('',(0.422618261740703,-5.54935137261889E-17,0.906307787036648));
#18232=DIRECTION('',(0.422618261740703,5.54935137261889E-17,-0.906307787036648));
#18233=DIRECTION('',(1.0,0.0,0.0));
#18234=DIRECTION('',(0.422618261740703,-5.54935137261889E-17,0.906307787036648));
#18235=DIRECTION('',(0.422618261740703,5.54935137261889E-17,-0.906307787036648));
#18236=DIRECTION('',(1.0,0.0,0.0));
#18237=DIRECTION('',(0.422618261740703,-5.54935137261889E-17,0.906307787036648));
#18238=DIRECTION('',(0.422618261740703,5.54935137261889E-17,-0.906307787036648));
#18239=DIRECTION('',(1.0,0.0,0.0));
#18240=DIRECTION('',(0.422618261740703,-5.54935137261889E-17,0.906307787036648));
#18241=DIRECTION('',(0.422618261740703,5.54935137261889E-17,-0.906307787036648));
#18242=DIRECTION('',(1.0,0.0,0.0));
#18243=DIRECTION('',(0.422618261740703,-5.54935137261889E-17,0.906307787036648));
#18244=DIRECTION('',(-0.422618261740696,-5.54935137261891E-17,0.906307787036651));
#18245=DIRECTION('',(-1.0,0.0,0.0));
#18246=DIRECTION('',(-0.422618261740703,5.54935137261889E-17,-0.906307787036648));
#18247=DIRECTION('',(0.0,1.0,6.12303176911189E-17));
#18248=DIRECTION('',(1.0,0.0,0.0));
#18249=DIRECTION('',(0.0,1.0,6.12303176911189E-17));
#18250=DIRECTION('',(1.0,0.0,0.0));
#18251=DIRECTION('',(0.0,1.0,6.12303176911189E-17));
#18252=DIRECTION('',(0.0,1.0,6.12303176911189E-17));
#18253=DIRECTION('',(0.422618261740696,-5.54935137261891E-17,0.906307787036652));
#18254=DIRECTION('',(-0.422618261740696,-5.54935137261891E-17,0.906307787036651));
#18255=DIRECTION('',(0.0,1.0,6.12303176911189E-17));
#18256=DIRECTION('',(-1.0,0.0,0.0));
#18257=DIRECTION('',(0.0,1.0,6.12303176911189E-17));
#18258=DIRECTION('',(-0.422618261740703,5.54935137261889E-17,-0.906307787036648));
#18259=DIRECTION('',(0.0,1.0,6.12303176911189E-17));
#18260=DIRECTION('',(-1.0,0.0,0.0));
#18261=DIRECTION('',(0.0,1.0,6.12303176911189E-17));
#18262=DIRECTION('',(0.422618261740703,5.54935137261889E-17,-0.906307787036648));
#18263=DIRECTION('',(-0.422618261740703,-5.54935137261889E-17,0.906307787036648));
#18264=DIRECTION('',(0.422618261740703,-5.54935137261889E-17,0.906307787036648));
#18265=DIRECTION('',(1.0,0.0,0.0));
#18266=DIRECTION('',(0.422618261740703,5.54935137261889E-17,-0.906307787036648));
#18267=DIRECTION('',(0.422618261740703,-5.54935137261889E-17,0.906307787036648));
#18268=DIRECTION('',(1.0,0.0,0.0));
#18269=DIRECTION('',(0.422618261740703,5.54935137261889E-17,-0.906307787036648));
#18270=DIRECTION('',(0.422618261740703,-5.54935137261889E-17,0.906307787036648));
#18271=DIRECTION('',(1.0,0.0,0.0));
#18272=DIRECTION('',(0.422618261740703,5.54935137261889E-17,-0.906307787036648));
#18273=DIRECTION('',(0.422618261740703,-5.54935137261889E-17,0.906307787036648));
#18274=DIRECTION('',(1.0,0.0,0.0));
#18275=DIRECTION('',(0.422618261740703,5.54935137261889E-17,-0.906307787036648));
#18276=DIRECTION('',(0.422618261740703,-5.54935137261889E-17,0.906307787036648));
#18277=DIRECTION('',(1.0,0.0,0.0));
#18278=DIRECTION('',(0.422618261740703,5.54935137261889E-17,-0.906307787036648));
#18279=DIRECTION('',(0.422618261740703,-5.54935137261889E-17,0.906307787036648));
#18280=DIRECTION('',(1.0,0.0,0.0));
#18281=DIRECTION('',(0.422618261740703,5.54935137261889E-17,-0.906307787036648));
#18282=DIRECTION('',(0.422618261740703,-5.54935137261889E-17,0.906307787036648));
#18283=DIRECTION('',(1.0,0.0,0.0));
#18284=DIRECTION('',(0.422618261740703,5.54935137261889E-17,-0.906307787036648));
#18285=DIRECTION('',(0.422618261740703,-5.54935137261889E-17,0.906307787036648));
#18286=DIRECTION('',(1.0,0.0,0.0));
#18287=DIRECTION('',(0.422618261740703,5.54935137261889E-17,-0.906307787036648));
#18288=DIRECTION('',(0.422618261740703,-5.54935137261889E-17,0.906307787036648));
#18289=DIRECTION('',(1.0,0.0,0.0));
#18290=DIRECTION('',(0.422618261740699,5.5493513726189E-17,-0.90630778703665));
#18291=DIRECTION('',(0.0,6.12303176911189E-17,-1.0));
#18292=DIRECTION('',(-0.422618261740699,5.5493513726189E-17,-0.90630778703665));
#18293=DIRECTION('',(-1.0,0.0,0.0));
#18294=DIRECTION('',(-0.422618261740703,-5.54935137261889E-17,0.906307787036648));
#18295=DIRECTION('',(-1.0,0.0,0.0));
#18296=DIRECTION('',(-0.422618261740703,5.54935137261889E-17,-0.906307787036648));
#18297=DIRECTION('',(-1.0,0.0,0.0));
#18298=DIRECTION('',(-0.422618261740703,-5.54935137261889E-17,0.906307787036648));
#18299=DIRECTION('',(-1.0,0.0,0.0));
#18300=DIRECTION('',(-0.422618261740703,5.54935137261889E-17,-0.906307787036648));
#18301=DIRECTION('',(-1.0,0.0,0.0));
#18302=DIRECTION('',(-0.422618261740703,-5.54935137261889E-17,0.906307787036648));
#18303=DIRECTION('',(-1.0,0.0,0.0));
#18304=DIRECTION('',(-0.422618261740703,5.54935137261889E-17,-0.906307787036648));
#18305=DIRECTION('',(-1.0,0.0,0.0));
#18306=DIRECTION('',(-0.422618261740703,-5.54935137261889E-17,0.906307787036648));
#18307=DIRECTION('',(-1.0,0.0,0.0));
#18308=DIRECTION('',(-0.422618261740703,5.54935137261889E-17,-0.906307787036648));
#18309=DIRECTION('',(-1.0,0.0,0.0));
#18310=DIRECTION('',(-0.422618261740703,-5.54935137261889E-17,0.906307787036648));
#18311=DIRECTION('',(-1.0,0.0,0.0));
#18312=DIRECTION('',(-0.422618261740703,5.54935137261889E-17,-0.906307787036648));
#18313=DIRECTION('',(-1.0,0.0,0.0));
#18314=DIRECTION('',(-0.422618261740703,-5.54935137261889E-17,0.906307787036648));
#18315=DIRECTION('',(-1.0,0.0,0.0));
#18316=DIRECTION('',(-0.422618261740703,5.54935137261889E-17,-0.906307787036648));
#18317=DIRECTION('',(-1.0,0.0,0.0));
#18318=DIRECTION('',(-0.422618261740703,-5.54935137261889E-17,0.906307787036648));
#18319=DIRECTION('',(-1.0,0.0,0.0));
#18320=DIRECTION('',(-0.422618261740703,5.54935137261889E-17,-0.906307787036648));
#18321=DIRECTION('',(-1.0,0.0,0.0));
#18322=DIRECTION('',(-0.422618261740703,-5.54935137261889E-17,0.906307787036648));
#18323=DIRECTION('',(-1.0,0.0,0.0));
#18324=DIRECTION('',(-0.422618261740703,5.54935137261889E-17,-0.906307787036648));
#18325=DIRECTION('',(-1.0,0.0,0.0));
#18326=DIRECTION('',(0.0,1.0,6.12303176911189E-17));
#18327=DIRECTION('',(0.0,1.0,6.12303176911189E-17));
#18328=DIRECTION('',(0.0,1.0,6.12303176911189E-17));
#18329=DIRECTION('',(0.0,1.0,6.12303176911189E-17));
#18330=DIRECTION('',(0.0,1.0,6.12303176911189E-17));
#18331=DIRECTION('',(0.0,1.0,6.12303176911189E-17));
#18332=DIRECTION('',(0.0,1.0,6.12303176911189E-17));
#18333=DIRECTION('',(0.0,1.0,6.12303176911189E-17));
#18334=DIRECTION('',(0.0,1.0,6.12303176911189E-17));
#18335=DIRECTION('',(0.0,1.0,6.12303176911189E-17));
#18336=DIRECTION('',(0.0,1.0,6.12303176911189E-17));
#18337=DIRECTION('',(0.0,1.0,6.12303176911189E-17));
#18338=DIRECTION('',(0.0,1.0,6.12303176911189E-17));
#18339=DIRECTION('',(0.0,1.0,6.12303176911189E-17));
#18340=DIRECTION('',(0.0,1.0,6.12303176911189E-17));
#18341=DIRECTION('',(0.0,1.0,6.12303176911189E-17));
#18342=DIRECTION('',(0.0,1.0,6.12303176911189E-17));
#18343=DIRECTION('',(0.0,1.0,6.12303176911189E-17));
#18344=DIRECTION('',(0.0,1.0,6.12303176911189E-17));
#18345=DIRECTION('',(0.0,1.0,6.12303176911189E-17));
#18346=DIRECTION('',(0.0,1.0,6.12303176911189E-17));
#18347=DIRECTION('',(0.0,1.0,6.12303176911189E-17));
#18348=DIRECTION('',(0.0,1.0,6.12303176911189E-17));
#18349=DIRECTION('',(0.0,1.0,6.12303176911189E-17));
#18350=DIRECTION('',(0.0,1.0,6.12303176911189E-17));
#18351=DIRECTION('',(0.0,1.0,6.12303176911189E-17));
#18352=DIRECTION('',(0.0,1.0,6.12303176911189E-17));
#18353=DIRECTION('',(0.0,1.0,6.12303176911189E-17));
#18354=DIRECTION('',(0.0,1.0,6.12303176911189E-17));
#18355=DIRECTION('',(0.0,1.0,6.12303176911189E-17));
#18356=DIRECTION('',(0.0,1.0,6.12303176911189E-17));
#18357=DIRECTION('',(0.0,1.0,6.12303176911189E-17));
#18358=DIRECTION('',(0.0,1.0,6.12303176911189E-17));
#18359=DIRECTION('',(0.0,1.0,6.12303176911189E-17));
#18360=DIRECTION('',(0.0,1.0,6.12303176911189E-17));
#18361=DIRECTION('',(0.0,1.0,6.12303176911189E-17));
#18362=DIRECTION('',(0.0,1.0,6.12303176911189E-17));
#18363=DIRECTION('',(0.0,1.0,6.12303176911189E-17));
#18364=DIRECTION('',(0.0,1.0,6.12303176911189E-17));
#18365=DIRECTION('',(0.0,1.0,6.12303176911189E-17));
#18366=DIRECTION('',(0.0,1.0,6.12303176911189E-17));
#18367=DIRECTION('',(0.0,1.0,6.12303176911189E-17));
#18368=DIRECTION('',(0.0,1.0,6.12303176911189E-17));
#18369=DIRECTION('',(0.0,1.0,6.12303176911189E-17));
#18370=DIRECTION('',(0.0,1.0,6.12303176911189E-17));
#18371=DIRECTION('',(0.0,1.0,6.12303176911189E-17));
#18372=DIRECTION('',(0.0,1.0,6.12303176911189E-17));
#18373=DIRECTION('',(0.0,1.0,6.12303176911189E-17));
#18374=DIRECTION('',(0.0,1.0,6.12303176911189E-17));
#18375=DIRECTION('',(0.0,1.0,6.12303176911189E-17));
#18376=DIRECTION('',(0.0,1.0,6.12303176911189E-17));
#18377=DIRECTION('',(0.0,1.0,6.12303176911189E-17));
#18378=DIRECTION('',(0.0,1.0,6.12303176911189E-17));
#18379=DIRECTION('',(0.0,1.0,6.12303176911189E-17));
ENDSEC;
END-ISO-10303-21;
