ISO-10303-21;
HEADER;
FILE_DESCRIPTION(('STEP AP242'),'1');
FILE_NAME('pcb_connector_801-87-006-10-012101.stp','2021-10-11T18:58:10',('TraceParts'),('TraceParts S.A.'),'Spatial InterOp 3D',' ',' ');
FILE_SCHEMA(('AP242_MANAGED_MODEL_BASED_3D_ENGINEERING_MIM_LF  {1 0 10303 442 1 1 4}'));
ENDSEC;
DATA;
#1=MECHANICAL_DESIGN_GEOMETRIC_PRESENTATION_REPRESENTATION(' ',(#10,#11,#12,#13,#14,#15,#16,#17,#18,#19,#20,#21,#22,#23,#24,#25,#26,#27,#28,#29,#30,#31,#32,#33,#34,#35,#36,#37,#38,#39,#40,#41,#42,#43,#44,#45,#46,#47,#48,#49,#50,#51,#52,#53,#54,#55,#56,#57,#58,#59,#60,#61,#62,#63,#64,#65,#66,#67,#68,#69,#70,#71,#72,#73,#74,#75,#76,#77,#78,#79,#80,#81,#82,#83,#84,#85,#86,#87,#88,#89,#90,#91,#92,#93,#94,#95,#96,#97,#98,#99,#100,#101,#102,#103,#104,#105,#106,#107,#108,#109,#110,#111,#112,#113,#114,#115,#116,#117,#118,#119,#120,#121,#122,#123,#124,#125,#126,#127,#128,#129,#130,#131,#132,#133,#134,#135,#136,#137,#138,#139,#140,#141,#142,#143,#144,#145,#146,#147,#148,#149,#150,#151,#152,#153,#154,#155,#156,#157,#158,#159,#160,#161,#162,#163,#164,#165,#166,#167,#168,#169,#170,#171,#172,#173,#174,#175,#176,#177,#178,#179,#180,#181,#182,#183,#184,#185,#186,#187,#188,#189,#190,#191,#192,#193,#194,#195,#196,#197,#198,#199,#200,#201,#202,#203,#204,#205,#206,#207,#208,#209,#210,#211,#212,#213,#214,#215,#216,#217,#218,#219,#220,#221,#222,#223,#224,#225,#226,#227,#228,#229,#230,#231,#232,#233,#234,#235,#236,#237,#238,#239,#240,#241,#242,#243,#244,#245,#246,#247,#248,#249,#250,#251,#252,#253,#254,#255,#256,#257,#258,#259,#260,#261,#262,#263,#264,#265,#266,#267,#268,#269,#270,#271,#272,#273,#274,#275,#276,#277,#278,#279,#280,#281,#282,#283,#284,#285,#286,#287,#288,#289,#290,#291,#292,#293,#294,#295,#296,#297,#298,#299,#300,#301,#302,#303,#304,#305,#306,#307,#308,#309,#310,#311),#6);
#2=PRODUCT_DEFINITION_CONTEXT('',#312,'design');
#3=APPLICATION_PROTOCOL_DEFINITION('INTERNATIONAL STANDARD','ap242_managed_model_based_3d_engineering',2014,#312);
#4=PRODUCT_CATEGORY_RELATIONSHIP('NONE','NONE',#313,#314);
#5=SHAPE_DEFINITION_REPRESENTATION(#315,#316);
#6= (GEOMETRIC_REPRESENTATION_CONTEXT(3)GLOBAL_UNCERTAINTY_ASSIGNED_CONTEXT((#319))GLOBAL_UNIT_ASSIGNED_CONTEXT((#321,#322,#323))REPRESENTATION_CONTEXT('NONE','WORKSPACE'));
#10=STYLED_ITEM('',(#325),#326);
#11=STYLED_ITEM('',(#327),#328);
#12=STYLED_ITEM('',(#329),#330);
#13=STYLED_ITEM('',(#331),#332);
#14=STYLED_ITEM('',(#333),#334);
#15=STYLED_ITEM('',(#335),#336);
#16=STYLED_ITEM('',(#337),#338);
#17=STYLED_ITEM('',(#339),#340);
#18=STYLED_ITEM('',(#341),#342);
#19=STYLED_ITEM('',(#343),#344);
#20=STYLED_ITEM('',(#345),#346);
#21=STYLED_ITEM('',(#347),#348);
#22=STYLED_ITEM('',(#349),#350);
#23=STYLED_ITEM('',(#351),#352);
#24=STYLED_ITEM('',(#353),#354);
#25=STYLED_ITEM('',(#355),#356);
#26=STYLED_ITEM('',(#357),#358);
#27=STYLED_ITEM('',(#359),#360);
#28=STYLED_ITEM('',(#361),#362);
#29=STYLED_ITEM('',(#363),#364);
#30=STYLED_ITEM('',(#365),#366);
#31=STYLED_ITEM('',(#367),#368);
#32=STYLED_ITEM('',(#369),#370);
#33=STYLED_ITEM('',(#371),#372);
#34=STYLED_ITEM('',(#373),#374);
#35=STYLED_ITEM('',(#375),#376);
#36=STYLED_ITEM('',(#377),#378);
#37=STYLED_ITEM('',(#379),#380);
#38=STYLED_ITEM('',(#381),#382);
#39=STYLED_ITEM('',(#383),#384);
#40=STYLED_ITEM('',(#385),#386);
#41=STYLED_ITEM('',(#387),#388);
#42=STYLED_ITEM('',(#389),#390);
#43=STYLED_ITEM('',(#391),#392);
#44=STYLED_ITEM('',(#393),#394);
#45=STYLED_ITEM('',(#395),#396);
#46=STYLED_ITEM('',(#397),#398);
#47=STYLED_ITEM('',(#399),#400);
#48=STYLED_ITEM('',(#401),#402);
#49=STYLED_ITEM('',(#403),#404);
#50=STYLED_ITEM('',(#405),#406);
#51=STYLED_ITEM('',(#407),#408);
#52=STYLED_ITEM('',(#409),#410);
#53=STYLED_ITEM('',(#411),#412);
#54=STYLED_ITEM('',(#413),#414);
#55=STYLED_ITEM('',(#415),#416);
#56=STYLED_ITEM('',(#417),#418);
#57=STYLED_ITEM('',(#419),#420);
#58=STYLED_ITEM('',(#421),#422);
#59=STYLED_ITEM('',(#423),#424);
#60=STYLED_ITEM('',(#425),#426);
#61=STYLED_ITEM('',(#427),#428);
#62=STYLED_ITEM('',(#429),#430);
#63=STYLED_ITEM('',(#431),#432);
#64=STYLED_ITEM('',(#433),#434);
#65=STYLED_ITEM('',(#435),#436);
#66=STYLED_ITEM('',(#437),#438);
#67=STYLED_ITEM('',(#439),#440);
#68=STYLED_ITEM('',(#441),#442);
#69=STYLED_ITEM('',(#443),#444);
#70=STYLED_ITEM('',(#445),#446);
#71=STYLED_ITEM('',(#447),#448);
#72=STYLED_ITEM('',(#449),#450);
#73=STYLED_ITEM('',(#451),#452);
#74=STYLED_ITEM('',(#453),#454);
#75=STYLED_ITEM('',(#455),#456);
#76=STYLED_ITEM('',(#457),#458);
#77=STYLED_ITEM('',(#459),#460);
#78=STYLED_ITEM('',(#461),#462);
#79=STYLED_ITEM('',(#463),#464);
#80=STYLED_ITEM('',(#465),#466);
#81=STYLED_ITEM('',(#467),#468);
#82=STYLED_ITEM('',(#469),#470);
#83=STYLED_ITEM('',(#471),#472);
#84=STYLED_ITEM('',(#473),#474);
#85=STYLED_ITEM('',(#475),#476);
#86=STYLED_ITEM('',(#477),#478);
#87=STYLED_ITEM('',(#479),#480);
#88=STYLED_ITEM('',(#481),#482);
#89=STYLED_ITEM('',(#483),#484);
#90=STYLED_ITEM('',(#485),#486);
#91=STYLED_ITEM('',(#487),#488);
#92=STYLED_ITEM('',(#489),#490);
#93=STYLED_ITEM('',(#491),#492);
#94=STYLED_ITEM('',(#493),#494);
#95=STYLED_ITEM('',(#495),#496);
#96=STYLED_ITEM('',(#497),#498);
#97=STYLED_ITEM('',(#499),#500);
#98=STYLED_ITEM('',(#501),#502);
#99=STYLED_ITEM('',(#503),#504);
#100=STYLED_ITEM('',(#505),#506);
#101=STYLED_ITEM('',(#507),#508);
#102=STYLED_ITEM('',(#509),#510);
#103=STYLED_ITEM('',(#511),#512);
#104=STYLED_ITEM('',(#513),#514);
#105=STYLED_ITEM('',(#515),#516);
#106=STYLED_ITEM('',(#517),#518);
#107=STYLED_ITEM('',(#519),#520);
#108=STYLED_ITEM('',(#521),#522);
#109=STYLED_ITEM('',(#523),#524);
#110=STYLED_ITEM('',(#525),#526);
#111=STYLED_ITEM('',(#527),#528);
#112=STYLED_ITEM('',(#529),#530);
#113=STYLED_ITEM('',(#531),#532);
#114=STYLED_ITEM('',(#533),#534);
#115=STYLED_ITEM('',(#535),#536);
#116=STYLED_ITEM('',(#537),#538);
#117=STYLED_ITEM('',(#539),#540);
#118=STYLED_ITEM('',(#541),#542);
#119=STYLED_ITEM('',(#543),#544);
#120=STYLED_ITEM('',(#545),#546);
#121=STYLED_ITEM('',(#547),#548);
#122=STYLED_ITEM('',(#549),#550);
#123=STYLED_ITEM('',(#551),#552);
#124=STYLED_ITEM('',(#553),#554);
#125=STYLED_ITEM('',(#555),#556);
#126=STYLED_ITEM('',(#557),#558);
#127=STYLED_ITEM('',(#559),#560);
#128=STYLED_ITEM('',(#561),#562);
#129=STYLED_ITEM('',(#563),#564);
#130=STYLED_ITEM('',(#565),#566);
#131=STYLED_ITEM('',(#567),#568);
#132=STYLED_ITEM('',(#569),#570);
#133=STYLED_ITEM('',(#571),#572);
#134=STYLED_ITEM('',(#573),#574);
#135=STYLED_ITEM('',(#575),#576);
#136=STYLED_ITEM('',(#577),#578);
#137=STYLED_ITEM('',(#579),#580);
#138=STYLED_ITEM('',(#581),#582);
#139=STYLED_ITEM('',(#583),#584);
#140=STYLED_ITEM('',(#585),#586);
#141=STYLED_ITEM('',(#587),#588);
#142=STYLED_ITEM('',(#589),#590);
#143=STYLED_ITEM('',(#591),#592);
#144=STYLED_ITEM('',(#593),#594);
#145=STYLED_ITEM('',(#595),#596);
#146=STYLED_ITEM('',(#597),#598);
#147=STYLED_ITEM('',(#599),#600);
#148=STYLED_ITEM('',(#601),#602);
#149=STYLED_ITEM('',(#603),#604);
#150=STYLED_ITEM('',(#605),#606);
#151=STYLED_ITEM('',(#607),#608);
#152=STYLED_ITEM('',(#609),#610);
#153=STYLED_ITEM('',(#611),#612);
#154=STYLED_ITEM('',(#613),#614);
#155=STYLED_ITEM('',(#615),#616);
#156=STYLED_ITEM('',(#617),#618);
#157=STYLED_ITEM('',(#619),#620);
#158=STYLED_ITEM('',(#621),#622);
#159=STYLED_ITEM('',(#623),#624);
#160=STYLED_ITEM('',(#625),#626);
#161=STYLED_ITEM('',(#627),#628);
#162=STYLED_ITEM('',(#629),#630);
#163=STYLED_ITEM('',(#631),#632);
#164=STYLED_ITEM('',(#633),#634);
#165=STYLED_ITEM('',(#635),#636);
#166=STYLED_ITEM('',(#637),#638);
#167=STYLED_ITEM('',(#639),#640);
#168=STYLED_ITEM('',(#641),#642);
#169=STYLED_ITEM('',(#643),#644);
#170=STYLED_ITEM('',(#645),#646);
#171=STYLED_ITEM('',(#647),#648);
#172=STYLED_ITEM('',(#649),#650);
#173=STYLED_ITEM('',(#651),#652);
#174=STYLED_ITEM('',(#653),#654);
#175=STYLED_ITEM('',(#655),#656);
#176=STYLED_ITEM('',(#657),#658);
#177=STYLED_ITEM('',(#659),#660);
#178=STYLED_ITEM('',(#661),#662);
#179=STYLED_ITEM('',(#663),#664);
#180=STYLED_ITEM('',(#665),#666);
#181=STYLED_ITEM('',(#667),#668);
#182=STYLED_ITEM('',(#669),#670);
#183=STYLED_ITEM('',(#671),#672);
#184=STYLED_ITEM('',(#673),#674);
#185=STYLED_ITEM('',(#675),#676);
#186=STYLED_ITEM('',(#677),#678);
#187=STYLED_ITEM('',(#679),#680);
#188=STYLED_ITEM('',(#681),#682);
#189=STYLED_ITEM('',(#683),#684);
#190=STYLED_ITEM('',(#685),#686);
#191=STYLED_ITEM('',(#687),#688);
#192=STYLED_ITEM('',(#689),#690);
#193=STYLED_ITEM('',(#691),#692);
#194=STYLED_ITEM('',(#693),#694);
#195=STYLED_ITEM('',(#695),#696);
#196=STYLED_ITEM('',(#697),#698);
#197=STYLED_ITEM('',(#699),#700);
#198=STYLED_ITEM('',(#701),#702);
#199=STYLED_ITEM('',(#703),#704);
#200=STYLED_ITEM('',(#705),#706);
#201=STYLED_ITEM('',(#707),#708);
#202=STYLED_ITEM('',(#709),#710);
#203=STYLED_ITEM('',(#711),#712);
#204=STYLED_ITEM('',(#713),#714);
#205=STYLED_ITEM('',(#715),#716);
#206=STYLED_ITEM('',(#717),#718);
#207=STYLED_ITEM('',(#719),#720);
#208=STYLED_ITEM('',(#721),#722);
#209=STYLED_ITEM('',(#723),#724);
#210=STYLED_ITEM('',(#725),#726);
#211=STYLED_ITEM('',(#727),#728);
#212=STYLED_ITEM('',(#729),#730);
#213=STYLED_ITEM('',(#731),#732);
#214=STYLED_ITEM('',(#733),#734);
#215=STYLED_ITEM('',(#735),#736);
#216=STYLED_ITEM('',(#737),#738);
#217=STYLED_ITEM('',(#739),#740);
#218=STYLED_ITEM('',(#741),#742);
#219=STYLED_ITEM('',(#743),#744);
#220=STYLED_ITEM('',(#745),#746);
#221=STYLED_ITEM('',(#747),#748);
#222=STYLED_ITEM('',(#749),#750);
#223=STYLED_ITEM('',(#751),#752);
#224=STYLED_ITEM('',(#753),#754);
#225=STYLED_ITEM('',(#755),#756);
#226=STYLED_ITEM('',(#757),#758);
#227=STYLED_ITEM('',(#759),#760);
#228=STYLED_ITEM('',(#761),#762);
#229=STYLED_ITEM('',(#763),#764);
#230=STYLED_ITEM('',(#765),#766);
#231=STYLED_ITEM('',(#767),#768);
#232=STYLED_ITEM('',(#769),#770);
#233=STYLED_ITEM('',(#771),#772);
#234=STYLED_ITEM('',(#773),#774);
#235=STYLED_ITEM('',(#775),#776);
#236=STYLED_ITEM('',(#777),#778);
#237=STYLED_ITEM('',(#779),#780);
#238=STYLED_ITEM('',(#781),#782);
#239=STYLED_ITEM('',(#783),#784);
#240=STYLED_ITEM('',(#785),#786);
#241=STYLED_ITEM('',(#787),#788);
#242=STYLED_ITEM('',(#789),#790);
#243=STYLED_ITEM('',(#791),#792);
#244=STYLED_ITEM('',(#793),#794);
#245=STYLED_ITEM('',(#795),#796);
#246=STYLED_ITEM('',(#797),#798);
#247=STYLED_ITEM('',(#799),#800);
#248=STYLED_ITEM('',(#801),#802);
#249=STYLED_ITEM('',(#803),#804);
#250=STYLED_ITEM('',(#805),#806);
#251=STYLED_ITEM('',(#807),#808);
#252=STYLED_ITEM('',(#809),#810);
#253=STYLED_ITEM('',(#811),#812);
#254=STYLED_ITEM('',(#813),#814);
#255=STYLED_ITEM('',(#815),#816);
#256=STYLED_ITEM('',(#817),#818);
#257=STYLED_ITEM('',(#819),#820);
#258=STYLED_ITEM('',(#821),#822);
#259=STYLED_ITEM('',(#823),#824);
#260=STYLED_ITEM('',(#825),#826);
#261=STYLED_ITEM('',(#827),#828);
#262=STYLED_ITEM('',(#829),#830);
#263=STYLED_ITEM('',(#831),#832);
#264=STYLED_ITEM('',(#833),#834);
#265=STYLED_ITEM('',(#835),#836);
#266=STYLED_ITEM('',(#837),#838);
#267=STYLED_ITEM('',(#839),#840);
#268=STYLED_ITEM('',(#841),#842);
#269=STYLED_ITEM('',(#843),#844);
#270=STYLED_ITEM('',(#845),#846);
#271=STYLED_ITEM('',(#847),#848);
#272=STYLED_ITEM('',(#849),#850);
#273=STYLED_ITEM('',(#851),#852);
#274=STYLED_ITEM('',(#853),#854);
#275=STYLED_ITEM('',(#855),#856);
#276=STYLED_ITEM('',(#857),#858);
#277=STYLED_ITEM('',(#859),#860);
#278=STYLED_ITEM('',(#861),#862);
#279=STYLED_ITEM('',(#863),#864);
#280=STYLED_ITEM('',(#865),#866);
#281=STYLED_ITEM('',(#867),#868);
#282=STYLED_ITEM('',(#869),#870);
#283=STYLED_ITEM('',(#871),#872);
#284=STYLED_ITEM('',(#873),#874);
#285=STYLED_ITEM('',(#875),#876);
#286=STYLED_ITEM('',(#877),#878);
#287=STYLED_ITEM('',(#879),#880);
#288=STYLED_ITEM('',(#881),#882);
#289=STYLED_ITEM('',(#883),#884);
#290=STYLED_ITEM('',(#885),#886);
#291=STYLED_ITEM('',(#887),#888);
#292=STYLED_ITEM('',(#889),#890);
#293=STYLED_ITEM('',(#891),#892);
#294=STYLED_ITEM('',(#893),#894);
#295=STYLED_ITEM('',(#895),#896);
#296=STYLED_ITEM('',(#897),#898);
#297=STYLED_ITEM('',(#899),#900);
#298=STYLED_ITEM('',(#901),#902);
#299=STYLED_ITEM('',(#903),#904);
#300=STYLED_ITEM('',(#905),#906);
#301=STYLED_ITEM('',(#907),#908);
#302=STYLED_ITEM('',(#909),#910);
#303=STYLED_ITEM('',(#911),#912);
#304=STYLED_ITEM('',(#913),#914);
#305=STYLED_ITEM('',(#915),#916);
#306=STYLED_ITEM('',(#917),#918);
#307=STYLED_ITEM('',(#919),#920);
#308=STYLED_ITEM('',(#921),#922);
#309=STYLED_ITEM('',(#923),#924);
#310=STYLED_ITEM('',(#925),#926);
#311=STYLED_ITEM('',(#927),#928);
#312=APPLICATION_CONTEXT('managed model based 3d engineering');
#313=PRODUCT_CATEGORY('part','NONE');
#314=PRODUCT_RELATED_PRODUCT_CATEGORY('detail',' ',(#929));
#315=PRODUCT_DEFINITION_SHAPE('NONE','NONE',#930);
#316=ADVANCED_BREP_SHAPE_REPRESENTATION('pcb_connector_801-87-006-10-012101',(#931,#932),#6);
#319=UNCERTAINTY_MEASURE_WITH_UNIT(LENGTH_MEASURE(1.0E-06),#321,'','');
#321= (CONVERSION_BASED_UNIT('MILLIMETRE',#935)LENGTH_UNIT()NAMED_UNIT(#938));
#322= (NAMED_UNIT(#940)PLANE_ANGLE_UNIT()SI_UNIT($,.RADIAN.));
#323= (NAMED_UNIT(#940)SOLID_ANGLE_UNIT()SI_UNIT($,.STERADIAN.));
#325=PRESENTATION_STYLE_ASSIGNMENT((#946));
#326=ADVANCED_FACE('',(#947),#948,.T.);
#327=PRESENTATION_STYLE_ASSIGNMENT((#949));
#328=ADVANCED_FACE('',(#950),#951,.T.);
#329=PRESENTATION_STYLE_ASSIGNMENT((#952));
#330=ADVANCED_FACE('',(#953),#954,.T.);
#331=PRESENTATION_STYLE_ASSIGNMENT((#955));
#332=ADVANCED_FACE('',(#956),#957,.T.);
#333=PRESENTATION_STYLE_ASSIGNMENT((#958));
#334=ADVANCED_FACE('',(#959),#960,.T.);
#335=PRESENTATION_STYLE_ASSIGNMENT((#961));
#336=ADVANCED_FACE('',(#962),#963,.T.);
#337=PRESENTATION_STYLE_ASSIGNMENT((#964));
#338=ADVANCED_FACE('',(#965),#966,.T.);
#339=PRESENTATION_STYLE_ASSIGNMENT((#967));
#340=ADVANCED_FACE('',(#968),#969,.T.);
#341=PRESENTATION_STYLE_ASSIGNMENT((#970));
#342=ADVANCED_FACE('',(#971),#972,.T.);
#343=PRESENTATION_STYLE_ASSIGNMENT((#973));
#344=ADVANCED_FACE('',(#974),#975,.T.);
#345=PRESENTATION_STYLE_ASSIGNMENT((#976));
#346=ADVANCED_FACE('',(#977),#978,.T.);
#347=PRESENTATION_STYLE_ASSIGNMENT((#979));
#348=ADVANCED_FACE('',(#980),#981,.T.);
#349=PRESENTATION_STYLE_ASSIGNMENT((#982));
#350=ADVANCED_FACE('',(#983),#984,.T.);
#351=PRESENTATION_STYLE_ASSIGNMENT((#985));
#352=ADVANCED_FACE('',(#986),#987,.F.);
#353=PRESENTATION_STYLE_ASSIGNMENT((#988));
#354=ADVANCED_FACE('',(#989),#990,.T.);
#355=PRESENTATION_STYLE_ASSIGNMENT((#991));
#356=ADVANCED_FACE('',(#992),#993,.T.);
#357=PRESENTATION_STYLE_ASSIGNMENT((#994));
#358=ADVANCED_FACE('',(#995),#996,.T.);
#359=PRESENTATION_STYLE_ASSIGNMENT((#997));
#360=ADVANCED_FACE('',(#998),#999,.T.);
#361=PRESENTATION_STYLE_ASSIGNMENT((#1000));
#362=ADVANCED_FACE('',(#1001),#1002,.F.);
#363=PRESENTATION_STYLE_ASSIGNMENT((#1003));
#364=ADVANCED_FACE('',(#1004),#1005,.T.);
#365=PRESENTATION_STYLE_ASSIGNMENT((#1006));
#366=ADVANCED_FACE('',(#1007),#1008,.T.);
#367=PRESENTATION_STYLE_ASSIGNMENT((#1009));
#368=ADVANCED_FACE('',(#1010),#1011,.T.);
#369=PRESENTATION_STYLE_ASSIGNMENT((#1012));
#370=ADVANCED_FACE('',(#1013),#1014,.T.);
#371=PRESENTATION_STYLE_ASSIGNMENT((#1015));
#372=ADVANCED_FACE('',(#1016),#1017,.F.);
#373=PRESENTATION_STYLE_ASSIGNMENT((#1018));
#374=ADVANCED_FACE('',(#1019),#1020,.T.);
#375=PRESENTATION_STYLE_ASSIGNMENT((#1021));
#376=ADVANCED_FACE('',(#1022),#1023,.T.);
#377=PRESENTATION_STYLE_ASSIGNMENT((#1024));
#378=ADVANCED_FACE('',(#1025),#1026,.T.);
#379=PRESENTATION_STYLE_ASSIGNMENT((#1027));
#380=ADVANCED_FACE('',(#1028),#1029,.T.);
#381=PRESENTATION_STYLE_ASSIGNMENT((#1030));
#382=ADVANCED_FACE('',(#1031),#1032,.F.);
#383=PRESENTATION_STYLE_ASSIGNMENT((#1033));
#384=ADVANCED_FACE('',(#1034),#1035,.T.);
#385=PRESENTATION_STYLE_ASSIGNMENT((#1036));
#386=ADVANCED_FACE('',(#1037),#1038,.T.);
#387=PRESENTATION_STYLE_ASSIGNMENT((#1039));
#388=ADVANCED_FACE('',(#1040),#1041,.T.);
#389=PRESENTATION_STYLE_ASSIGNMENT((#1042));
#390=ADVANCED_FACE('',(#1043),#1044,.T.);
#391=PRESENTATION_STYLE_ASSIGNMENT((#1045));
#392=ADVANCED_FACE('',(#1046),#1047,.F.);
#393=PRESENTATION_STYLE_ASSIGNMENT((#1048));
#394=ADVANCED_FACE('',(#1049),#1050,.T.);
#395=PRESENTATION_STYLE_ASSIGNMENT((#1051));
#396=ADVANCED_FACE('',(#1052),#1053,.T.);
#397=PRESENTATION_STYLE_ASSIGNMENT((#1054));
#398=ADVANCED_FACE('',(#1055),#1056,.T.);
#399=PRESENTATION_STYLE_ASSIGNMENT((#1057));
#400=ADVANCED_FACE('',(#1058),#1059,.T.);
#401=PRESENTATION_STYLE_ASSIGNMENT((#1060));
#402=ADVANCED_FACE('',(#1061),#1062,.F.);
#403=PRESENTATION_STYLE_ASSIGNMENT((#1063));
#404=ADVANCED_FACE('',(#1064),#1065,.T.);
#405=PRESENTATION_STYLE_ASSIGNMENT((#1066));
#406=ADVANCED_FACE('',(#1067),#1068,.T.);
#407=PRESENTATION_STYLE_ASSIGNMENT((#1069));
#408=ADVANCED_FACE('',(#1070),#1071,.T.);
#409=PRESENTATION_STYLE_ASSIGNMENT((#1072));
#410=ADVANCED_FACE('',(#1073),#1074,.T.);
#411=PRESENTATION_STYLE_ASSIGNMENT((#1075));
#412=ADVANCED_FACE('',(#1076),#1077,.F.);
#413=PRESENTATION_STYLE_ASSIGNMENT((#1078));
#414=ADVANCED_FACE('',(#1079),#1080,.T.);
#415=PRESENTATION_STYLE_ASSIGNMENT((#1081));
#416=ADVANCED_FACE('',(#1082),#1083,.F.);
#417=PRESENTATION_STYLE_ASSIGNMENT((#1084));
#418=ADVANCED_FACE('',(#1085),#1086,.F.);
#419=PRESENTATION_STYLE_ASSIGNMENT((#1087));
#420=ADVANCED_FACE('',(#1088),#1089,.F.);
#421=PRESENTATION_STYLE_ASSIGNMENT((#1090));
#422=ADVANCED_FACE('',(#1091),#1092,.F.);
#423=PRESENTATION_STYLE_ASSIGNMENT((#1093));
#424=ADVANCED_FACE('',(#1094),#1095,.F.);
#425=PRESENTATION_STYLE_ASSIGNMENT((#1096));
#426=ADVANCED_FACE('',(#1097),#1098,.F.);
#427=PRESENTATION_STYLE_ASSIGNMENT((#1099));
#428=ADVANCED_FACE('',(#1100),#1101,.F.);
#429=PRESENTATION_STYLE_ASSIGNMENT((#1102));
#430=ADVANCED_FACE('',(#1103),#1104,.F.);
#431=PRESENTATION_STYLE_ASSIGNMENT((#1105));
#432=ADVANCED_FACE('',(#1106),#1107,.T.);
#433=PRESENTATION_STYLE_ASSIGNMENT((#1108));
#434=ADVANCED_FACE('',(#1109),#1110,.F.);
#435=PRESENTATION_STYLE_ASSIGNMENT((#1111));
#436=ADVANCED_FACE('',(#1112),#1113,.T.);
#437=PRESENTATION_STYLE_ASSIGNMENT((#1114));
#438=ADVANCED_FACE('',(#1115),#1116,.F.);
#439=PRESENTATION_STYLE_ASSIGNMENT((#1117));
#440=ADVANCED_FACE('',(#1118),#1119,.F.);
#441=PRESENTATION_STYLE_ASSIGNMENT((#1120));
#442=ADVANCED_FACE('',(#1121),#1122,.F.);
#443=PRESENTATION_STYLE_ASSIGNMENT((#1123));
#444=ADVANCED_FACE('',(#1124),#1125,.F.);
#445=PRESENTATION_STYLE_ASSIGNMENT((#1126));
#446=ADVANCED_FACE('',(#1127),#1128,.F.);
#447=PRESENTATION_STYLE_ASSIGNMENT((#1129));
#448=ADVANCED_FACE('',(#1130),#1131,.F.);
#449=PRESENTATION_STYLE_ASSIGNMENT((#1132));
#450=ADVANCED_FACE('',(#1133),#1134,.F.);
#451=PRESENTATION_STYLE_ASSIGNMENT((#1135));
#452=ADVANCED_FACE('',(#1136),#1137,.F.);
#453=PRESENTATION_STYLE_ASSIGNMENT((#1138));
#454=ADVANCED_FACE('',(#1139),#1140,.T.);
#455=PRESENTATION_STYLE_ASSIGNMENT((#1141));
#456=ADVANCED_FACE('',(#1142),#1143,.F.);
#457=PRESENTATION_STYLE_ASSIGNMENT((#1144));
#458=ADVANCED_FACE('',(#1145),#1146,.T.);
#459=PRESENTATION_STYLE_ASSIGNMENT((#1147));
#460=ADVANCED_FACE('',(#1148),#1149,.F.);
#461=PRESENTATION_STYLE_ASSIGNMENT((#1150));
#462=ADVANCED_FACE('',(#1151),#1152,.F.);
#463=PRESENTATION_STYLE_ASSIGNMENT((#1153));
#464=ADVANCED_FACE('',(#1154),#1155,.F.);
#465=PRESENTATION_STYLE_ASSIGNMENT((#1156));
#466=ADVANCED_FACE('',(#1157),#1158,.F.);
#467=PRESENTATION_STYLE_ASSIGNMENT((#1159));
#468=ADVANCED_FACE('',(#1160),#1161,.F.);
#469=PRESENTATION_STYLE_ASSIGNMENT((#1162));
#470=ADVANCED_FACE('',(#1163),#1164,.F.);
#471=PRESENTATION_STYLE_ASSIGNMENT((#1165));
#472=ADVANCED_FACE('',(#1166),#1167,.F.);
#473=PRESENTATION_STYLE_ASSIGNMENT((#1168));
#474=ADVANCED_FACE('',(#1169),#1170,.F.);
#475=PRESENTATION_STYLE_ASSIGNMENT((#1171));
#476=ADVANCED_FACE('',(#1172),#1173,.T.);
#477=PRESENTATION_STYLE_ASSIGNMENT((#1174));
#478=ADVANCED_FACE('',(#1175),#1176,.F.);
#479=PRESENTATION_STYLE_ASSIGNMENT((#1177));
#480=ADVANCED_FACE('',(#1178),#1179,.T.);
#481=PRESENTATION_STYLE_ASSIGNMENT((#1180));
#482=ADVANCED_FACE('',(#1181),#1182,.F.);
#483=PRESENTATION_STYLE_ASSIGNMENT((#1183));
#484=ADVANCED_FACE('',(#1184),#1185,.F.);
#485=PRESENTATION_STYLE_ASSIGNMENT((#1186));
#486=ADVANCED_FACE('',(#1187),#1188,.F.);
#487=PRESENTATION_STYLE_ASSIGNMENT((#1189));
#488=ADVANCED_FACE('',(#1190),#1191,.F.);
#489=PRESENTATION_STYLE_ASSIGNMENT((#1192));
#490=ADVANCED_FACE('',(#1193),#1194,.F.);
#491=PRESENTATION_STYLE_ASSIGNMENT((#1195));
#492=ADVANCED_FACE('',(#1196),#1197,.F.);
#493=PRESENTATION_STYLE_ASSIGNMENT((#1198));
#494=ADVANCED_FACE('',(#1199),#1200,.F.);
#495=PRESENTATION_STYLE_ASSIGNMENT((#1201));
#496=ADVANCED_FACE('',(#1202),#1203,.F.);
#497=PRESENTATION_STYLE_ASSIGNMENT((#1204));
#498=ADVANCED_FACE('',(#1205),#1206,.T.);
#499=PRESENTATION_STYLE_ASSIGNMENT((#1207));
#500=ADVANCED_FACE('',(#1208),#1209,.F.);
#501=PRESENTATION_STYLE_ASSIGNMENT((#1210));
#502=ADVANCED_FACE('',(#1211),#1212,.T.);
#503=PRESENTATION_STYLE_ASSIGNMENT((#1213));
#504=ADVANCED_FACE('',(#1214),#1215,.F.);
#505=PRESENTATION_STYLE_ASSIGNMENT((#1216));
#506=ADVANCED_FACE('',(#1217),#1218,.F.);
#507=PRESENTATION_STYLE_ASSIGNMENT((#1219));
#508=ADVANCED_FACE('',(#1220),#1221,.F.);
#509=PRESENTATION_STYLE_ASSIGNMENT((#1222));
#510=ADVANCED_FACE('',(#1223),#1224,.F.);
#511=PRESENTATION_STYLE_ASSIGNMENT((#1225));
#512=ADVANCED_FACE('',(#1226),#1227,.F.);
#513=PRESENTATION_STYLE_ASSIGNMENT((#1228));
#514=ADVANCED_FACE('',(#1229),#1230,.F.);
#515=PRESENTATION_STYLE_ASSIGNMENT((#1231));
#516=ADVANCED_FACE('',(#1232),#1233,.F.);
#517=PRESENTATION_STYLE_ASSIGNMENT((#1234));
#518=ADVANCED_FACE('',(#1235),#1236,.F.);
#519=PRESENTATION_STYLE_ASSIGNMENT((#1237));
#520=ADVANCED_FACE('',(#1238),#1239,.T.);
#521=PRESENTATION_STYLE_ASSIGNMENT((#1240));
#522=ADVANCED_FACE('',(#1241),#1242,.F.);
#523=PRESENTATION_STYLE_ASSIGNMENT((#1243));
#524=ADVANCED_FACE('',(#1244),#1245,.T.);
#525=PRESENTATION_STYLE_ASSIGNMENT((#1246));
#526=ADVANCED_FACE('',(#1247),#1248,.F.);
#527=PRESENTATION_STYLE_ASSIGNMENT((#1249));
#528=ADVANCED_FACE('',(#1250),#1251,.F.);
#529=PRESENTATION_STYLE_ASSIGNMENT((#1252));
#530=ADVANCED_FACE('',(#1253),#1254,.F.);
#531=PRESENTATION_STYLE_ASSIGNMENT((#1255));
#532=ADVANCED_FACE('',(#1256),#1257,.F.);
#533=PRESENTATION_STYLE_ASSIGNMENT((#1258));
#534=ADVANCED_FACE('',(#1259),#1260,.F.);
#535=PRESENTATION_STYLE_ASSIGNMENT((#1261));
#536=ADVANCED_FACE('',(#1262),#1263,.F.);
#537=PRESENTATION_STYLE_ASSIGNMENT((#1264));
#538=ADVANCED_FACE('',(#1265),#1266,.F.);
#539=PRESENTATION_STYLE_ASSIGNMENT((#1267));
#540=ADVANCED_FACE('',(#1268),#1269,.F.);
#541=PRESENTATION_STYLE_ASSIGNMENT((#1270));
#542=ADVANCED_FACE('',(#1271),#1272,.F.);
#543=PRESENTATION_STYLE_ASSIGNMENT((#1273));
#544=ADVANCED_FACE('',(#1274),#1275,.F.);
#545=PRESENTATION_STYLE_ASSIGNMENT((#1276));
#546=ADVANCED_FACE('',(#1277),#1278,.F.);
#547=PRESENTATION_STYLE_ASSIGNMENT((#1279));
#548=ADVANCED_FACE('',(#1280,#1281),#1282,.F.);
#549=PRESENTATION_STYLE_ASSIGNMENT((#1283));
#550=ADVANCED_FACE('',(#1284),#1285,.F.);
#551=PRESENTATION_STYLE_ASSIGNMENT((#1286));
#552=ADVANCED_FACE('',(#1287),#1288,.F.);
#553=PRESENTATION_STYLE_ASSIGNMENT((#1289));
#554=ADVANCED_FACE('',(#1290),#1291,.F.);
#555=PRESENTATION_STYLE_ASSIGNMENT((#1292));
#556=ADVANCED_FACE('',(#1293),#1294,.F.);
#557=PRESENTATION_STYLE_ASSIGNMENT((#1295));
#558=ADVANCED_FACE('',(#1296),#1297,.F.);
#559=PRESENTATION_STYLE_ASSIGNMENT((#1298));
#560=ADVANCED_FACE('',(#1299),#1300,.T.);
#561=PRESENTATION_STYLE_ASSIGNMENT((#1301));
#562=ADVANCED_FACE('',(#1302),#1303,.F.);
#563=PRESENTATION_STYLE_ASSIGNMENT((#1304));
#564=ADVANCED_FACE('',(#1305),#1306,.T.);
#565=PRESENTATION_STYLE_ASSIGNMENT((#1307));
#566=ADVANCED_FACE('',(#1308),#1309,.F.);
#567=PRESENTATION_STYLE_ASSIGNMENT((#1310));
#568=ADVANCED_FACE('',(#1311),#1312,.F.);
#569=PRESENTATION_STYLE_ASSIGNMENT((#1313));
#570=ADVANCED_FACE('',(#1314),#1315,.F.);
#571=PRESENTATION_STYLE_ASSIGNMENT((#1316));
#572=ADVANCED_FACE('',(#1317,#1318),#1319,.F.);
#573=PRESENTATION_STYLE_ASSIGNMENT((#1320));
#574=ADVANCED_FACE('',(#1321),#1322,.F.);
#575=PRESENTATION_STYLE_ASSIGNMENT((#1323));
#576=ADVANCED_FACE('',(#1324),#1325,.F.);
#577=PRESENTATION_STYLE_ASSIGNMENT((#1326));
#578=ADVANCED_FACE('',(#1327),#1328,.F.);
#579=PRESENTATION_STYLE_ASSIGNMENT((#1329));
#580=ADVANCED_FACE('',(#1330),#1331,.F.);
#581=PRESENTATION_STYLE_ASSIGNMENT((#1332));
#582=ADVANCED_FACE('',(#1333),#1334,.F.);
#583=PRESENTATION_STYLE_ASSIGNMENT((#1335));
#584=ADVANCED_FACE('',(#1336),#1337,.T.);
#585=PRESENTATION_STYLE_ASSIGNMENT((#1338));
#586=ADVANCED_FACE('',(#1339),#1340,.F.);
#587=PRESENTATION_STYLE_ASSIGNMENT((#1341));
#588=ADVANCED_FACE('',(#1342),#1343,.T.);
#589=PRESENTATION_STYLE_ASSIGNMENT((#1344));
#590=ADVANCED_FACE('',(#1345),#1346,.F.);
#591=PRESENTATION_STYLE_ASSIGNMENT((#1347));
#592=ADVANCED_FACE('',(#1348),#1349,.F.);
#593=PRESENTATION_STYLE_ASSIGNMENT((#1350));
#594=ADVANCED_FACE('',(#1351),#1352,.F.);
#595=PRESENTATION_STYLE_ASSIGNMENT((#1353));
#596=ADVANCED_FACE('',(#1354,#1355),#1356,.F.);
#597=PRESENTATION_STYLE_ASSIGNMENT((#1357));
#598=ADVANCED_FACE('',(#1358),#1359,.F.);
#599=PRESENTATION_STYLE_ASSIGNMENT((#1360));
#600=ADVANCED_FACE('',(#1361),#1362,.F.);
#601=PRESENTATION_STYLE_ASSIGNMENT((#1363));
#602=ADVANCED_FACE('',(#1364),#1365,.F.);
#603=PRESENTATION_STYLE_ASSIGNMENT((#1366));
#604=ADVANCED_FACE('',(#1367),#1368,.F.);
#605=PRESENTATION_STYLE_ASSIGNMENT((#1369));
#606=ADVANCED_FACE('',(#1370),#1371,.F.);
#607=PRESENTATION_STYLE_ASSIGNMENT((#1372));
#608=ADVANCED_FACE('',(#1373),#1374,.T.);
#609=PRESENTATION_STYLE_ASSIGNMENT((#1375));
#610=ADVANCED_FACE('',(#1376),#1377,.F.);
#611=PRESENTATION_STYLE_ASSIGNMENT((#1378));
#612=ADVANCED_FACE('',(#1379),#1380,.T.);
#613=PRESENTATION_STYLE_ASSIGNMENT((#1381));
#614=ADVANCED_FACE('',(#1382),#1383,.F.);
#615=PRESENTATION_STYLE_ASSIGNMENT((#1384));
#616=ADVANCED_FACE('',(#1385),#1386,.F.);
#617=PRESENTATION_STYLE_ASSIGNMENT((#1387));
#618=ADVANCED_FACE('',(#1388),#1389,.F.);
#619=PRESENTATION_STYLE_ASSIGNMENT((#1390));
#620=ADVANCED_FACE('',(#1391,#1392),#1393,.F.);
#621=PRESENTATION_STYLE_ASSIGNMENT((#1394));
#622=ADVANCED_FACE('',(#1395),#1396,.F.);
#623=PRESENTATION_STYLE_ASSIGNMENT((#1397));
#624=ADVANCED_FACE('',(#1398),#1399,.F.);
#625=PRESENTATION_STYLE_ASSIGNMENT((#1400));
#626=ADVANCED_FACE('',(#1401),#1402,.F.);
#627=PRESENTATION_STYLE_ASSIGNMENT((#1403));
#628=ADVANCED_FACE('',(#1404),#1405,.F.);
#629=PRESENTATION_STYLE_ASSIGNMENT((#1406));
#630=ADVANCED_FACE('',(#1407),#1408,.F.);
#631=PRESENTATION_STYLE_ASSIGNMENT((#1409));
#632=ADVANCED_FACE('',(#1410),#1411,.T.);
#633=PRESENTATION_STYLE_ASSIGNMENT((#1412));
#634=ADVANCED_FACE('',(#1413),#1414,.F.);
#635=PRESENTATION_STYLE_ASSIGNMENT((#1415));
#636=ADVANCED_FACE('',(#1416),#1417,.T.);
#637=PRESENTATION_STYLE_ASSIGNMENT((#1418));
#638=ADVANCED_FACE('',(#1419),#1420,.F.);
#639=PRESENTATION_STYLE_ASSIGNMENT((#1421));
#640=ADVANCED_FACE('',(#1422),#1423,.F.);
#641=PRESENTATION_STYLE_ASSIGNMENT((#1424));
#642=ADVANCED_FACE('',(#1425),#1426,.F.);
#643=PRESENTATION_STYLE_ASSIGNMENT((#1427));
#644=ADVANCED_FACE('',(#1428,#1429),#1430,.F.);
#645=PRESENTATION_STYLE_ASSIGNMENT((#1431));
#646=ADVANCED_FACE('',(#1432),#1433,.F.);
#647=PRESENTATION_STYLE_ASSIGNMENT((#1434));
#648=ADVANCED_FACE('',(#1435),#1436,.F.);
#649=PRESENTATION_STYLE_ASSIGNMENT((#1437));
#650=ADVANCED_FACE('',(#1438),#1439,.F.);
#651=PRESENTATION_STYLE_ASSIGNMENT((#1440));
#652=ADVANCED_FACE('',(#1441),#1442,.F.);
#653=PRESENTATION_STYLE_ASSIGNMENT((#1443));
#654=ADVANCED_FACE('',(#1444),#1445,.F.);
#655=PRESENTATION_STYLE_ASSIGNMENT((#1446));
#656=ADVANCED_FACE('',(#1447),#1448,.T.);
#657=PRESENTATION_STYLE_ASSIGNMENT((#1449));
#658=ADVANCED_FACE('',(#1450),#1451,.F.);
#659=PRESENTATION_STYLE_ASSIGNMENT((#1452));
#660=ADVANCED_FACE('',(#1453),#1454,.T.);
#661=PRESENTATION_STYLE_ASSIGNMENT((#1455));
#662=ADVANCED_FACE('',(#1456),#1457,.F.);
#663=PRESENTATION_STYLE_ASSIGNMENT((#1458));
#664=ADVANCED_FACE('',(#1459),#1460,.F.);
#665=PRESENTATION_STYLE_ASSIGNMENT((#1461));
#666=ADVANCED_FACE('',(#1462),#1463,.F.);
#667=PRESENTATION_STYLE_ASSIGNMENT((#1464));
#668=ADVANCED_FACE('',(#1465,#1466),#1467,.F.);
#669=PRESENTATION_STYLE_ASSIGNMENT((#1468));
#670=ADVANCED_FACE('',(#1469),#1470,.F.);
#671=PRESENTATION_STYLE_ASSIGNMENT((#1471));
#672=ADVANCED_FACE('',(#1472),#1473,.F.);
#673=PRESENTATION_STYLE_ASSIGNMENT((#1474));
#674=ADVANCED_FACE('',(#1475),#1476,.F.);
#675=PRESENTATION_STYLE_ASSIGNMENT((#1477));
#676=ADVANCED_FACE('',(#1478),#1479,.F.);
#677=PRESENTATION_STYLE_ASSIGNMENT((#1480));
#678=ADVANCED_FACE('',(#1481),#1482,.F.);
#679=PRESENTATION_STYLE_ASSIGNMENT((#1483));
#680=ADVANCED_FACE('',(#1484),#1485,.T.);
#681=PRESENTATION_STYLE_ASSIGNMENT((#1486));
#682=ADVANCED_FACE('',(#1487),#1488,.F.);
#683=PRESENTATION_STYLE_ASSIGNMENT((#1489));
#684=ADVANCED_FACE('',(#1490),#1491,.T.);
#685=PRESENTATION_STYLE_ASSIGNMENT((#1492));
#686=ADVANCED_FACE('',(#1493),#1494,.T.);
#687=PRESENTATION_STYLE_ASSIGNMENT((#1495));
#688=ADVANCED_FACE('',(#1496),#1497,.T.);
#689=PRESENTATION_STYLE_ASSIGNMENT((#1498));
#690=ADVANCED_FACE('',(#1499,#1500),#1501,.T.);
#691=PRESENTATION_STYLE_ASSIGNMENT((#1502));
#692=ADVANCED_FACE('',(#1503),#1504,.T.);
#693=PRESENTATION_STYLE_ASSIGNMENT((#1505));
#694=ADVANCED_FACE('',(#1506),#1507,.T.);
#695=PRESENTATION_STYLE_ASSIGNMENT((#1508));
#696=ADVANCED_FACE('',(#1509),#1510,.F.);
#697=PRESENTATION_STYLE_ASSIGNMENT((#1511));
#698=ADVANCED_FACE('',(#1512,#1513),#1514,.T.);
#699=PRESENTATION_STYLE_ASSIGNMENT((#1515));
#700=ADVANCED_FACE('',(#1516),#1517,.T.);
#701=PRESENTATION_STYLE_ASSIGNMENT((#1518));
#702=ADVANCED_FACE('',(#1519),#1520,.T.);
#703=PRESENTATION_STYLE_ASSIGNMENT((#1521));
#704=ADVANCED_FACE('',(#1522),#1523,.T.);
#705=PRESENTATION_STYLE_ASSIGNMENT((#1524));
#706=ADVANCED_FACE('',(#1525,#1526),#1527,.T.);
#707=PRESENTATION_STYLE_ASSIGNMENT((#1528));
#708=ADVANCED_FACE('',(#1529),#1530,.T.);
#709=PRESENTATION_STYLE_ASSIGNMENT((#1531));
#710=ADVANCED_FACE('',(#1532),#1533,.T.);
#711=PRESENTATION_STYLE_ASSIGNMENT((#1534));
#712=ADVANCED_FACE('',(#1535),#1536,.F.);
#713=PRESENTATION_STYLE_ASSIGNMENT((#1537));
#714=ADVANCED_FACE('',(#1538,#1539),#1540,.T.);
#715=PRESENTATION_STYLE_ASSIGNMENT((#1541));
#716=ADVANCED_FACE('',(#1542),#1543,.T.);
#717=PRESENTATION_STYLE_ASSIGNMENT((#1544));
#718=ADVANCED_FACE('',(#1545),#1546,.T.);
#719=PRESENTATION_STYLE_ASSIGNMENT((#1547));
#720=ADVANCED_FACE('',(#1548),#1549,.T.);
#721=PRESENTATION_STYLE_ASSIGNMENT((#1550));
#722=ADVANCED_FACE('',(#1551,#1552),#1553,.T.);
#723=PRESENTATION_STYLE_ASSIGNMENT((#1554));
#724=ADVANCED_FACE('',(#1555),#1556,.T.);
#725=PRESENTATION_STYLE_ASSIGNMENT((#1557));
#726=ADVANCED_FACE('',(#1558),#1559,.T.);
#727=PRESENTATION_STYLE_ASSIGNMENT((#1560));
#728=ADVANCED_FACE('',(#1561),#1562,.F.);
#729=PRESENTATION_STYLE_ASSIGNMENT((#1563));
#730=ADVANCED_FACE('',(#1564,#1565),#1566,.T.);
#731=PRESENTATION_STYLE_ASSIGNMENT((#1567));
#732=ADVANCED_FACE('',(#1568),#1569,.T.);
#733=PRESENTATION_STYLE_ASSIGNMENT((#1570));
#734=ADVANCED_FACE('',(#1571),#1572,.T.);
#735=PRESENTATION_STYLE_ASSIGNMENT((#1573));
#736=ADVANCED_FACE('',(#1574),#1575,.T.);
#737=PRESENTATION_STYLE_ASSIGNMENT((#1576));
#738=ADVANCED_FACE('',(#1577,#1578),#1579,.T.);
#739=PRESENTATION_STYLE_ASSIGNMENT((#1580));
#740=ADVANCED_FACE('',(#1581),#1582,.T.);
#741=PRESENTATION_STYLE_ASSIGNMENT((#1583));
#742=ADVANCED_FACE('',(#1584),#1585,.T.);
#743=PRESENTATION_STYLE_ASSIGNMENT((#1586));
#744=ADVANCED_FACE('',(#1587),#1588,.F.);
#745=PRESENTATION_STYLE_ASSIGNMENT((#1589));
#746=ADVANCED_FACE('',(#1590,#1591),#1592,.T.);
#747=PRESENTATION_STYLE_ASSIGNMENT((#1593));
#748=ADVANCED_FACE('',(#1594),#1595,.T.);
#749=PRESENTATION_STYLE_ASSIGNMENT((#1596));
#750=ADVANCED_FACE('',(#1597),#1598,.T.);
#751=PRESENTATION_STYLE_ASSIGNMENT((#1599));
#752=ADVANCED_FACE('',(#1600),#1601,.T.);
#753=PRESENTATION_STYLE_ASSIGNMENT((#1602));
#754=ADVANCED_FACE('',(#1603,#1604),#1605,.T.);
#755=PRESENTATION_STYLE_ASSIGNMENT((#1606));
#756=ADVANCED_FACE('',(#1607),#1608,.T.);
#757=PRESENTATION_STYLE_ASSIGNMENT((#1609));
#758=ADVANCED_FACE('',(#1610),#1611,.T.);
#759=PRESENTATION_STYLE_ASSIGNMENT((#1612));
#760=ADVANCED_FACE('',(#1613),#1614,.F.);
#761=PRESENTATION_STYLE_ASSIGNMENT((#1615));
#762=ADVANCED_FACE('',(#1616,#1617),#1618,.T.);
#763=PRESENTATION_STYLE_ASSIGNMENT((#1619));
#764=ADVANCED_FACE('',(#1620),#1621,.T.);
#765=PRESENTATION_STYLE_ASSIGNMENT((#1622));
#766=ADVANCED_FACE('',(#1623),#1624,.T.);
#767=PRESENTATION_STYLE_ASSIGNMENT((#1625));
#768=ADVANCED_FACE('',(#1626),#1627,.T.);
#769=PRESENTATION_STYLE_ASSIGNMENT((#1628));
#770=ADVANCED_FACE('',(#1629,#1630),#1631,.T.);
#771=PRESENTATION_STYLE_ASSIGNMENT((#1632));
#772=ADVANCED_FACE('',(#1633),#1634,.T.);
#773=PRESENTATION_STYLE_ASSIGNMENT((#1635));
#774=ADVANCED_FACE('',(#1636),#1637,.T.);
#775=PRESENTATION_STYLE_ASSIGNMENT((#1638));
#776=ADVANCED_FACE('',(#1639),#1640,.F.);
#777=PRESENTATION_STYLE_ASSIGNMENT((#1641));
#778=ADVANCED_FACE('',(#1642,#1643),#1644,.T.);
#779=PRESENTATION_STYLE_ASSIGNMENT((#1645));
#780=ADVANCED_FACE('',(#1646),#1647,.T.);
#781=PRESENTATION_STYLE_ASSIGNMENT((#1648));
#782=ADVANCED_FACE('',(#1649),#1650,.F.);
#783=PRESENTATION_STYLE_ASSIGNMENT((#1651));
#784=ADVANCED_FACE('',(#1652),#1653,.F.);
#785=PRESENTATION_STYLE_ASSIGNMENT((#1654));
#786=ADVANCED_FACE('',(#1655),#1656,.F.);
#787=PRESENTATION_STYLE_ASSIGNMENT((#1657));
#788=ADVANCED_FACE('',(#1658),#1659,.F.);
#789=PRESENTATION_STYLE_ASSIGNMENT((#1660));
#790=ADVANCED_FACE('',(#1661),#1662,.F.);
#791=PRESENTATION_STYLE_ASSIGNMENT((#1663));
#792=ADVANCED_FACE('',(#1664),#1665,.F.);
#793=PRESENTATION_STYLE_ASSIGNMENT((#1666));
#794=ADVANCED_FACE('',(#1667,#1668,#1669,#1670,#1671,#1672,#1673),#1674,.T.);
#795=PRESENTATION_STYLE_ASSIGNMENT((#1675));
#796=ADVANCED_FACE('',(#1676),#1677,.T.);
#797=PRESENTATION_STYLE_ASSIGNMENT((#1678));
#798=ADVANCED_FACE('',(#1679),#1680,.T.);
#799=PRESENTATION_STYLE_ASSIGNMENT((#1681));
#800=ADVANCED_FACE('',(#1682),#1683,.T.);
#801=PRESENTATION_STYLE_ASSIGNMENT((#1684));
#802=ADVANCED_FACE('',(#1685),#1686,.T.);
#803=PRESENTATION_STYLE_ASSIGNMENT((#1687));
#804=ADVANCED_FACE('',(#1688),#1689,.T.);
#805=PRESENTATION_STYLE_ASSIGNMENT((#1690));
#806=ADVANCED_FACE('',(#1691),#1692,.T.);
#807=PRESENTATION_STYLE_ASSIGNMENT((#1693));
#808=ADVANCED_FACE('',(#1694),#1695,.T.);
#809=PRESENTATION_STYLE_ASSIGNMENT((#1696));
#810=ADVANCED_FACE('',(#1697),#1698,.T.);
#811=PRESENTATION_STYLE_ASSIGNMENT((#1699));
#812=ADVANCED_FACE('',(#1700),#1701,.T.);
#813=PRESENTATION_STYLE_ASSIGNMENT((#1702));
#814=ADVANCED_FACE('',(#1703),#1704,.T.);
#815=PRESENTATION_STYLE_ASSIGNMENT((#1705));
#816=ADVANCED_FACE('',(#1706),#1707,.T.);
#817=PRESENTATION_STYLE_ASSIGNMENT((#1708));
#818=ADVANCED_FACE('',(#1709),#1710,.F.);
#819=PRESENTATION_STYLE_ASSIGNMENT((#1711));
#820=ADVANCED_FACE('',(#1712),#1713,.F.);
#821=PRESENTATION_STYLE_ASSIGNMENT((#1714));
#822=ADVANCED_FACE('',(#1715),#1716,.F.);
#823=PRESENTATION_STYLE_ASSIGNMENT((#1717));
#824=ADVANCED_FACE('',(#1718),#1719,.F.);
#825=PRESENTATION_STYLE_ASSIGNMENT((#1720));
#826=ADVANCED_FACE('',(#1721),#1722,.F.);
#827=PRESENTATION_STYLE_ASSIGNMENT((#1723));
#828=ADVANCED_FACE('',(#1724),#1725,.F.);
#829=PRESENTATION_STYLE_ASSIGNMENT((#1726));
#830=ADVANCED_FACE('',(#1727),#1728,.F.);
#831=PRESENTATION_STYLE_ASSIGNMENT((#1729));
#832=ADVANCED_FACE('',(#1730),#1731,.F.);
#833=PRESENTATION_STYLE_ASSIGNMENT((#1732));
#834=ADVANCED_FACE('',(#1733),#1734,.F.);
#835=PRESENTATION_STYLE_ASSIGNMENT((#1735));
#836=ADVANCED_FACE('',(#1736),#1737,.F.);
#837=PRESENTATION_STYLE_ASSIGNMENT((#1738));
#838=ADVANCED_FACE('',(#1739),#1740,.F.);
#839=PRESENTATION_STYLE_ASSIGNMENT((#1741));
#840=ADVANCED_FACE('',(#1742),#1743,.F.);
#841=PRESENTATION_STYLE_ASSIGNMENT((#1744));
#842=ADVANCED_FACE('',(#1745),#1746,.T.);
#843=PRESENTATION_STYLE_ASSIGNMENT((#1747));
#844=ADVANCED_FACE('',(#1748),#1749,.T.);
#845=PRESENTATION_STYLE_ASSIGNMENT((#1750));
#846=ADVANCED_FACE('',(#1751),#1752,.T.);
#847=PRESENTATION_STYLE_ASSIGNMENT((#1753));
#848=ADVANCED_FACE('',(#1754),#1755,.T.);
#849=PRESENTATION_STYLE_ASSIGNMENT((#1756));
#850=ADVANCED_FACE('',(#1757),#1758,.T.);
#851=PRESENTATION_STYLE_ASSIGNMENT((#1759));
#852=ADVANCED_FACE('',(#1760),#1761,.T.);
#853=PRESENTATION_STYLE_ASSIGNMENT((#1762));
#854=ADVANCED_FACE('',(#1763),#1764,.T.);
#855=PRESENTATION_STYLE_ASSIGNMENT((#1765));
#856=ADVANCED_FACE('',(#1766),#1767,.T.);
#857=PRESENTATION_STYLE_ASSIGNMENT((#1768));
#858=ADVANCED_FACE('',(#1769,#1770,#1771,#1772,#1773,#1774,#1775),#1776,.T.);
#859=PRESENTATION_STYLE_ASSIGNMENT((#1777));
#860=ADVANCED_FACE('',(#1778),#1779,.T.);
#861=PRESENTATION_STYLE_ASSIGNMENT((#1780));
#862=ADVANCED_FACE('',(#1781),#1782,.T.);
#863=PRESENTATION_STYLE_ASSIGNMENT((#1783));
#864=ADVANCED_FACE('',(#1784),#1785,.T.);
#865=PRESENTATION_STYLE_ASSIGNMENT((#1786));
#866=ADVANCED_FACE('',(#1787),#1788,.T.);
#867=PRESENTATION_STYLE_ASSIGNMENT((#1789));
#868=ADVANCED_FACE('',(#1790),#1791,.T.);
#869=PRESENTATION_STYLE_ASSIGNMENT((#1792));
#870=ADVANCED_FACE('',(#1793),#1794,.T.);
#871=PRESENTATION_STYLE_ASSIGNMENT((#1795));
#872=ADVANCED_FACE('',(#1796),#1797,.T.);
#873=PRESENTATION_STYLE_ASSIGNMENT((#1798));
#874=ADVANCED_FACE('',(#1799),#1800,.T.);
#875=PRESENTATION_STYLE_ASSIGNMENT((#1801));
#876=ADVANCED_FACE('',(#1802),#1803,.T.);
#877=PRESENTATION_STYLE_ASSIGNMENT((#1804));
#878=ADVANCED_FACE('',(#1805),#1806,.T.);
#879=PRESENTATION_STYLE_ASSIGNMENT((#1807));
#880=ADVANCED_FACE('',(#1808),#1809,.T.);
#881=PRESENTATION_STYLE_ASSIGNMENT((#1810));
#882=ADVANCED_FACE('',(#1811),#1812,.T.);
#883=PRESENTATION_STYLE_ASSIGNMENT((#1813));
#884=ADVANCED_FACE('',(#1814),#1815,.T.);
#885=PRESENTATION_STYLE_ASSIGNMENT((#1816));
#886=ADVANCED_FACE('',(#1817),#1818,.T.);
#887=PRESENTATION_STYLE_ASSIGNMENT((#1819));
#888=ADVANCED_FACE('',(#1820),#1821,.T.);
#889=PRESENTATION_STYLE_ASSIGNMENT((#1822));
#890=ADVANCED_FACE('',(#1823),#1824,.T.);
#891=PRESENTATION_STYLE_ASSIGNMENT((#1825));
#892=ADVANCED_FACE('',(#1826),#1827,.T.);
#893=PRESENTATION_STYLE_ASSIGNMENT((#1828));
#894=ADVANCED_FACE('',(#1829),#1830,.T.);
#895=PRESENTATION_STYLE_ASSIGNMENT((#1831));
#896=ADVANCED_FACE('',(#1832),#1833,.T.);
#897=PRESENTATION_STYLE_ASSIGNMENT((#1834));
#898=ADVANCED_FACE('',(#1835),#1836,.T.);
#899=PRESENTATION_STYLE_ASSIGNMENT((#1837));
#900=ADVANCED_FACE('',(#1838),#1839,.T.);
#901=PRESENTATION_STYLE_ASSIGNMENT((#1840));
#902=ADVANCED_FACE('',(#1841),#1842,.T.);
#903=PRESENTATION_STYLE_ASSIGNMENT((#1843));
#904=ADVANCED_FACE('',(#1844),#1845,.T.);
#905=PRESENTATION_STYLE_ASSIGNMENT((#1846));
#906=ADVANCED_FACE('',(#1847),#1848,.T.);
#907=PRESENTATION_STYLE_ASSIGNMENT((#1849));
#908=ADVANCED_FACE('',(#1850),#1851,.T.);
#909=PRESENTATION_STYLE_ASSIGNMENT((#1852));
#910=ADVANCED_FACE('',(#1853),#1854,.T.);
#911=PRESENTATION_STYLE_ASSIGNMENT((#1855));
#912=ADVANCED_FACE('',(#1856),#1857,.T.);
#913=PRESENTATION_STYLE_ASSIGNMENT((#1858));
#914=ADVANCED_FACE('',(#1859),#1860,.T.);
#915=PRESENTATION_STYLE_ASSIGNMENT((#1861));
#916=ADVANCED_FACE('',(#1862),#1863,.T.);
#917=PRESENTATION_STYLE_ASSIGNMENT((#1864));
#918=ADVANCED_FACE('',(#1865),#1866,.T.);
#919=PRESENTATION_STYLE_ASSIGNMENT((#1867));
#920=ADVANCED_FACE('',(#1868),#1869,.T.);
#921=PRESENTATION_STYLE_ASSIGNMENT((#1870));
#922=ADVANCED_FACE('',(#1871),#1872,.T.);
#923=PRESENTATION_STYLE_ASSIGNMENT((#1873));
#924=ADVANCED_FACE('',(#1874),#1875,.T.);
#925=PRESENTATION_STYLE_ASSIGNMENT((#1876));
#926=ADVANCED_FACE('',(#1877),#1878,.T.);
#927=PRESENTATION_STYLE_ASSIGNMENT((#1879));
#928=ADVANCED_FACE('',(#1880),#1881,.T.);
#929=PRODUCT('pcb_connector_801-87-006-10-012101','pcb_connector_801-87-006-10-012101','PART-pcb_connector_801-87-006-10-012101-DESC',(#1882));
#930=PRODUCT_DEFINITION('','NONE',#1883,#2);
#931=MANIFOLD_SOLID_BREP('pcb_connector_801-87-006-10-012101',#1884);
#932=AXIS2_PLACEMENT_3D('',#1885,#1886,#1887);
#935=LENGTH_MEASURE_WITH_UNIT(LENGTH_MEASURE(1.0),#1888);
#938=DIMENSIONAL_EXPONENTS(1.0,0.0,0.0,0.0,0.0,0.0,0.0);
#940=DIMENSIONAL_EXPONENTS(0.0,0.0,0.0,0.0,0.0,0.0,0.0);
#946=SURFACE_STYLE_USAGE(.BOTH.,#1889);
#947=FACE_OUTER_BOUND('',#1890,.T.);
#948=TOROIDAL_SURFACE('',#1891,0.490007719539948,0.200000000000001);
#949=SURFACE_STYLE_USAGE(.BOTH.,#1892);
#950=FACE_OUTER_BOUND('',#1893,.T.);
#951=TOROIDAL_SURFACE('',#1894,0.490007719539948,0.200000000000001);
#952=SURFACE_STYLE_USAGE(.BOTH.,#1895);
#953=FACE_OUTER_BOUND('',#1896,.T.);
#954=TOROIDAL_SURFACE('',#1897,0.490007719539948,0.200000000000001);
#955=SURFACE_STYLE_USAGE(.BOTH.,#1898);
#956=FACE_OUTER_BOUND('',#1899,.T.);
#957=TOROIDAL_SURFACE('',#1900,0.490007719539948,0.200000000000001);
#958=SURFACE_STYLE_USAGE(.BOTH.,#1901);
#959=FACE_OUTER_BOUND('',#1902,.T.);
#960=TOROIDAL_SURFACE('',#1903,0.490007719539948,0.200000000000001);
#961=SURFACE_STYLE_USAGE(.BOTH.,#1904);
#962=FACE_OUTER_BOUND('',#1905,.T.);
#963=TOROIDAL_SURFACE('',#1906,0.490007719539948,0.200000000000001);
#964=SURFACE_STYLE_USAGE(.BOTH.,#1907);
#965=FACE_OUTER_BOUND('',#1908,.T.);
#966=TOROIDAL_SURFACE('',#1909,0.490007719539948,0.200000000000001);
#967=SURFACE_STYLE_USAGE(.BOTH.,#1910);
#968=FACE_OUTER_BOUND('',#1911,.T.);
#969=TOROIDAL_SURFACE('',#1912,0.490007719539948,0.200000000000001);
#970=SURFACE_STYLE_USAGE(.BOTH.,#1913);
#971=FACE_OUTER_BOUND('',#1914,.T.);
#972=TOROIDAL_SURFACE('',#1915,0.490007719539948,0.200000000000001);
#973=SURFACE_STYLE_USAGE(.BOTH.,#1916);
#974=FACE_OUTER_BOUND('',#1917,.T.);
#975=TOROIDAL_SURFACE('',#1918,0.490007719539948,0.200000000000001);
#976=SURFACE_STYLE_USAGE(.BOTH.,#1919);
#977=FACE_OUTER_BOUND('',#1920,.T.);
#978=TOROIDAL_SURFACE('',#1921,0.490007719539948,0.200000000000001);
#979=SURFACE_STYLE_USAGE(.BOTH.,#1922);
#980=FACE_OUTER_BOUND('',#1923,.T.);
#981=TOROIDAL_SURFACE('',#1924,0.490007719539948,0.200000000000001);
#982=SURFACE_STYLE_USAGE(.BOTH.,#1925);
#983=FACE_OUTER_BOUND('',#1926,.T.);
#984=CONICAL_SURFACE('',#1927,0.64,0.785398163397448);
#985=SURFACE_STYLE_USAGE(.BOTH.,#1928);
#986=FACE_OUTER_BOUND('',#1929,.T.);
#987=TOROIDAL_SURFACE('',#1930,0.45,0.149999999999999);
#988=SURFACE_STYLE_USAGE(.BOTH.,#1931);
#989=FACE_OUTER_BOUND('',#1932,.T.);
#990=CYLINDRICAL_SURFACE('',#1933,0.3);
#991=SURFACE_STYLE_USAGE(.BOTH.,#1934);
#992=FACE_OUTER_BOUND('',#1935,.T.);
#993=CYLINDRICAL_SURFACE('',#1936,0.74);
#994=SURFACE_STYLE_USAGE(.BOTH.,#1937);
#995=FACE_OUTER_BOUND('',#1938,.T.);
#996=CYLINDRICAL_SURFACE('',#1939,0.825);
#997=SURFACE_STYLE_USAGE(.BOTH.,#1940);
#998=FACE_OUTER_BOUND('',#1941,.T.);
#999=CONICAL_SURFACE('',#1942,0.64,0.785398163397448);
#1000=SURFACE_STYLE_USAGE(.BOTH.,#1943);
#1001=FACE_OUTER_BOUND('',#1944,.T.);
#1002=TOROIDAL_SURFACE('',#1945,0.45,0.149999999999999);
#1003=SURFACE_STYLE_USAGE(.BOTH.,#1946);
#1004=FACE_OUTER_BOUND('',#1947,.T.);
#1005=CYLINDRICAL_SURFACE('',#1948,0.3);
#1006=SURFACE_STYLE_USAGE(.BOTH.,#1949);
#1007=FACE_OUTER_BOUND('',#1950,.T.);
#1008=CYLINDRICAL_SURFACE('',#1951,0.74);
#1009=SURFACE_STYLE_USAGE(.BOTH.,#1952);
#1010=FACE_OUTER_BOUND('',#1953,.T.);
#1011=CYLINDRICAL_SURFACE('',#1954,0.825);
#1012=SURFACE_STYLE_USAGE(.BOTH.,#1955);
#1013=FACE_OUTER_BOUND('',#1956,.T.);
#1014=CONICAL_SURFACE('',#1957,0.64,0.785398163397448);
#1015=SURFACE_STYLE_USAGE(.BOTH.,#1958);
#1016=FACE_OUTER_BOUND('',#1959,.T.);
#1017=TOROIDAL_SURFACE('',#1960,0.45,0.149999999999999);
#1018=SURFACE_STYLE_USAGE(.BOTH.,#1961);
#1019=FACE_OUTER_BOUND('',#1962,.T.);
#1020=CYLINDRICAL_SURFACE('',#1963,0.3);
#1021=SURFACE_STYLE_USAGE(.BOTH.,#1964);
#1022=FACE_OUTER_BOUND('',#1965,.T.);
#1023=CYLINDRICAL_SURFACE('',#1966,0.74);
#1024=SURFACE_STYLE_USAGE(.BOTH.,#1967);
#1025=FACE_OUTER_BOUND('',#1968,.T.);
#1026=CYLINDRICAL_SURFACE('',#1969,0.825);
#1027=SURFACE_STYLE_USAGE(.BOTH.,#1970);
#1028=FACE_OUTER_BOUND('',#1971,.T.);
#1029=CONICAL_SURFACE('',#1972,0.64,0.785398163397448);
#1030=SURFACE_STYLE_USAGE(.BOTH.,#1973);
#1031=FACE_OUTER_BOUND('',#1974,.T.);
#1032=TOROIDAL_SURFACE('',#1975,0.45,0.149999999999999);
#1033=SURFACE_STYLE_USAGE(.BOTH.,#1976);
#1034=FACE_OUTER_BOUND('',#1977,.T.);
#1035=CYLINDRICAL_SURFACE('',#1978,0.3);
#1036=SURFACE_STYLE_USAGE(.BOTH.,#1979);
#1037=FACE_OUTER_BOUND('',#1980,.T.);
#1038=CYLINDRICAL_SURFACE('',#1981,0.74);
#1039=SURFACE_STYLE_USAGE(.BOTH.,#1982);
#1040=FACE_OUTER_BOUND('',#1983,.T.);
#1041=CYLINDRICAL_SURFACE('',#1984,0.825);
#1042=SURFACE_STYLE_USAGE(.BOTH.,#1985);
#1043=FACE_OUTER_BOUND('',#1986,.T.);
#1044=CONICAL_SURFACE('',#1987,0.64,0.785398163397448);
#1045=SURFACE_STYLE_USAGE(.BOTH.,#1988);
#1046=FACE_OUTER_BOUND('',#1989,.T.);
#1047=TOROIDAL_SURFACE('',#1990,0.45,0.149999999999999);
#1048=SURFACE_STYLE_USAGE(.BOTH.,#1991);
#1049=FACE_OUTER_BOUND('',#1992,.T.);
#1050=CYLINDRICAL_SURFACE('',#1993,0.3);
#1051=SURFACE_STYLE_USAGE(.BOTH.,#1994);
#1052=FACE_OUTER_BOUND('',#1995,.T.);
#1053=CYLINDRICAL_SURFACE('',#1996,0.74);
#1054=SURFACE_STYLE_USAGE(.BOTH.,#1997);
#1055=FACE_OUTER_BOUND('',#1998,.T.);
#1056=CYLINDRICAL_SURFACE('',#1999,0.825);
#1057=SURFACE_STYLE_USAGE(.BOTH.,#2000);
#1058=FACE_OUTER_BOUND('',#2001,.T.);
#1059=CONICAL_SURFACE('',#2002,0.64,0.785398163397448);
#1060=SURFACE_STYLE_USAGE(.BOTH.,#2003);
#1061=FACE_OUTER_BOUND('',#2004,.T.);
#1062=TOROIDAL_SURFACE('',#2005,0.45,0.149999999999999);
#1063=SURFACE_STYLE_USAGE(.BOTH.,#2006);
#1064=FACE_OUTER_BOUND('',#2007,.T.);
#1065=CYLINDRICAL_SURFACE('',#2008,0.3);
#1066=SURFACE_STYLE_USAGE(.BOTH.,#2009);
#1067=FACE_OUTER_BOUND('',#2010,.T.);
#1068=CYLINDRICAL_SURFACE('',#2011,0.74);
#1069=SURFACE_STYLE_USAGE(.BOTH.,#2012);
#1070=FACE_OUTER_BOUND('',#2013,.T.);
#1071=CYLINDRICAL_SURFACE('',#2014,0.825);
#1072=SURFACE_STYLE_USAGE(.BOTH.,#2015);
#1073=FACE_OUTER_BOUND('',#2016,.T.);
#1074=TOROIDAL_SURFACE('',#2017,0.490007719539948,0.200000000000001);
#1075=SURFACE_STYLE_USAGE(.BOTH.,#2018);
#1076=FACE_OUTER_BOUND('',#2019,.T.);
#1077=CONICAL_SURFACE('',#2020,0.362355714018147,1.40080125765056);
#1078=SURFACE_STYLE_USAGE(.BOTH.,#2021);
#1079=FACE_OUTER_BOUND('',#2022,.T.);
#1080=CONICAL_SURFACE('',#2023,0.529862698656095,0.140319165524607);
#1081=SURFACE_STYLE_USAGE(.BOTH.,#2024);
#1082=FACE_OUTER_BOUND('',#2025,.T.);
#1083=CYLINDRICAL_SURFACE('',#2026,0.65);
#1084=SURFACE_STYLE_USAGE(.BOTH.,#2027);
#1085=FACE_OUTER_BOUND('',#2028,.T.);
#1086=CONICAL_SURFACE('',#2029,0.325,1.04719755119661);
#1087=SURFACE_STYLE_USAGE(.BOTH.,#2030);
#1088=FACE_OUTER_BOUND('',#2031,.T.);
#1089=CYLINDRICAL_SURFACE('',#2032,0.74);
#1090=SURFACE_STYLE_USAGE(.BOTH.,#2033);
#1091=FACE_OUTER_BOUND('',#2034,.T.);
#1092=CONICAL_SURFACE('',#2035,0.695,0.785398163397448);
#1093=SURFACE_STYLE_USAGE(.BOTH.,#2036);
#1094=FACE_OUTER_BOUND('',#2037,.T.);
#1095=CYLINDRICAL_SURFACE('',#2038,0.65);
#1096=SURFACE_STYLE_USAGE(.BOTH.,#2039);
#1097=FACE_OUTER_BOUND('',#2040,.T.);
#1098=CONICAL_SURFACE('',#2041,0.565,0.95993108859691);
#1099=SURFACE_STYLE_USAGE(.BOTH.,#2042);
#1100=FACE_OUTER_BOUND('',#2043,.T.);
#1101=CYLINDRICAL_SURFACE('',#2044,0.52);
#1102=SURFACE_STYLE_USAGE(.BOTH.,#2045);
#1103=FACE_OUTER_BOUND('',#2046,.T.);
#1104=CONICAL_SURFACE('',#2047,0.40644529965884,0.144008762885119);
#1105=SURFACE_STYLE_USAGE(.BOTH.,#2048);
#1106=FACE_OUTER_BOUND('',#2049,.T.);
#1107=TOROIDAL_SURFACE('',#2050,0.490007719539948,0.200000000000001);
#1108=SURFACE_STYLE_USAGE(.BOTH.,#2051);
#1109=FACE_OUTER_BOUND('',#2052,.T.);
#1110=CONICAL_SURFACE('',#2053,0.362355714018147,1.40080125765056);
#1111=SURFACE_STYLE_USAGE(.BOTH.,#2054);
#1112=FACE_OUTER_BOUND('',#2055,.T.);
#1113=CONICAL_SURFACE('',#2056,0.529862698656095,0.140319165524607);
#1114=SURFACE_STYLE_USAGE(.BOTH.,#2057);
#1115=FACE_OUTER_BOUND('',#2058,.T.);
#1116=CYLINDRICAL_SURFACE('',#2059,0.65);
#1117=SURFACE_STYLE_USAGE(.BOTH.,#2060);
#1118=FACE_OUTER_BOUND('',#2061,.T.);
#1119=CONICAL_SURFACE('',#2062,0.325,1.04719755119661);
#1120=SURFACE_STYLE_USAGE(.BOTH.,#2063);
#1121=FACE_OUTER_BOUND('',#2064,.T.);
#1122=CYLINDRICAL_SURFACE('',#2065,0.74);
#1123=SURFACE_STYLE_USAGE(.BOTH.,#2066);
#1124=FACE_OUTER_BOUND('',#2067,.T.);
#1125=CONICAL_SURFACE('',#2068,0.695,0.785398163397448);
#1126=SURFACE_STYLE_USAGE(.BOTH.,#2069);
#1127=FACE_OUTER_BOUND('',#2070,.T.);
#1128=CYLINDRICAL_SURFACE('',#2071,0.65);
#1129=SURFACE_STYLE_USAGE(.BOTH.,#2072);
#1130=FACE_OUTER_BOUND('',#2073,.T.);
#1131=CONICAL_SURFACE('',#2074,0.565,0.95993108859691);
#1132=SURFACE_STYLE_USAGE(.BOTH.,#2075);
#1133=FACE_OUTER_BOUND('',#2076,.T.);
#1134=CYLINDRICAL_SURFACE('',#2077,0.52);
#1135=SURFACE_STYLE_USAGE(.BOTH.,#2078);
#1136=FACE_OUTER_BOUND('',#2079,.T.);
#1137=CONICAL_SURFACE('',#2080,0.40644529965884,0.144008762885119);
#1138=SURFACE_STYLE_USAGE(.BOTH.,#2081);
#1139=FACE_OUTER_BOUND('',#2082,.T.);
#1140=TOROIDAL_SURFACE('',#2083,0.490007719539948,0.200000000000001);
#1141=SURFACE_STYLE_USAGE(.BOTH.,#2084);
#1142=FACE_OUTER_BOUND('',#2085,.T.);
#1143=CONICAL_SURFACE('',#2086,0.362355714018147,1.40080125765056);
#1144=SURFACE_STYLE_USAGE(.BOTH.,#2087);
#1145=FACE_OUTER_BOUND('',#2088,.T.);
#1146=CONICAL_SURFACE('',#2089,0.529862698656095,0.140319165524607);
#1147=SURFACE_STYLE_USAGE(.BOTH.,#2090);
#1148=FACE_OUTER_BOUND('',#2091,.T.);
#1149=CYLINDRICAL_SURFACE('',#2092,0.65);
#1150=SURFACE_STYLE_USAGE(.BOTH.,#2093);
#1151=FACE_OUTER_BOUND('',#2094,.T.);
#1152=CONICAL_SURFACE('',#2095,0.325,1.04719755119661);
#1153=SURFACE_STYLE_USAGE(.BOTH.,#2096);
#1154=FACE_OUTER_BOUND('',#2097,.T.);
#1155=CYLINDRICAL_SURFACE('',#2098,0.74);
#1156=SURFACE_STYLE_USAGE(.BOTH.,#2099);
#1157=FACE_OUTER_BOUND('',#2100,.T.);
#1158=CONICAL_SURFACE('',#2101,0.695,0.785398163397448);
#1159=SURFACE_STYLE_USAGE(.BOTH.,#2102);
#1160=FACE_OUTER_BOUND('',#2103,.T.);
#1161=CYLINDRICAL_SURFACE('',#2104,0.65);
#1162=SURFACE_STYLE_USAGE(.BOTH.,#2105);
#1163=FACE_OUTER_BOUND('',#2106,.T.);
#1164=CONICAL_SURFACE('',#2107,0.565,0.95993108859691);
#1165=SURFACE_STYLE_USAGE(.BOTH.,#2108);
#1166=FACE_OUTER_BOUND('',#2109,.T.);
#1167=CYLINDRICAL_SURFACE('',#2110,0.52);
#1168=SURFACE_STYLE_USAGE(.BOTH.,#2111);
#1169=FACE_OUTER_BOUND('',#2112,.T.);
#1170=CONICAL_SURFACE('',#2113,0.40644529965884,0.144008762885119);
#1171=SURFACE_STYLE_USAGE(.BOTH.,#2114);
#1172=FACE_OUTER_BOUND('',#2115,.T.);
#1173=TOROIDAL_SURFACE('',#2116,0.490007719539948,0.200000000000001);
#1174=SURFACE_STYLE_USAGE(.BOTH.,#2117);
#1175=FACE_OUTER_BOUND('',#2118,.T.);
#1176=CONICAL_SURFACE('',#2119,0.362355714018147,1.40080125765056);
#1177=SURFACE_STYLE_USAGE(.BOTH.,#2120);
#1178=FACE_OUTER_BOUND('',#2121,.T.);
#1179=CONICAL_SURFACE('',#2122,0.529862698656095,0.140319165524607);
#1180=SURFACE_STYLE_USAGE(.BOTH.,#2123);
#1181=FACE_OUTER_BOUND('',#2124,.T.);
#1182=CYLINDRICAL_SURFACE('',#2125,0.65);
#1183=SURFACE_STYLE_USAGE(.BOTH.,#2126);
#1184=FACE_OUTER_BOUND('',#2127,.T.);
#1185=CONICAL_SURFACE('',#2128,0.325,1.04719755119661);
#1186=SURFACE_STYLE_USAGE(.BOTH.,#2129);
#1187=FACE_OUTER_BOUND('',#2130,.T.);
#1188=CYLINDRICAL_SURFACE('',#2131,0.74);
#1189=SURFACE_STYLE_USAGE(.BOTH.,#2132);
#1190=FACE_OUTER_BOUND('',#2133,.T.);
#1191=CONICAL_SURFACE('',#2134,0.695,0.785398163397448);
#1192=SURFACE_STYLE_USAGE(.BOTH.,#2135);
#1193=FACE_OUTER_BOUND('',#2136,.T.);
#1194=CYLINDRICAL_SURFACE('',#2137,0.65);
#1195=SURFACE_STYLE_USAGE(.BOTH.,#2138);
#1196=FACE_OUTER_BOUND('',#2139,.T.);
#1197=CONICAL_SURFACE('',#2140,0.565,0.95993108859691);
#1198=SURFACE_STYLE_USAGE(.BOTH.,#2141);
#1199=FACE_OUTER_BOUND('',#2142,.T.);
#1200=CYLINDRICAL_SURFACE('',#2143,0.52);
#1201=SURFACE_STYLE_USAGE(.BOTH.,#2144);
#1202=FACE_OUTER_BOUND('',#2145,.T.);
#1203=CONICAL_SURFACE('',#2146,0.40644529965884,0.144008762885119);
#1204=SURFACE_STYLE_USAGE(.BOTH.,#2147);
#1205=FACE_OUTER_BOUND('',#2148,.T.);
#1206=TOROIDAL_SURFACE('',#2149,0.490007719539948,0.200000000000001);
#1207=SURFACE_STYLE_USAGE(.BOTH.,#2150);
#1208=FACE_OUTER_BOUND('',#2151,.T.);
#1209=CONICAL_SURFACE('',#2152,0.362355714018147,1.40080125765056);
#1210=SURFACE_STYLE_USAGE(.BOTH.,#2153);
#1211=FACE_OUTER_BOUND('',#2154,.T.);
#1212=CONICAL_SURFACE('',#2155,0.529862698656095,0.140319165524607);
#1213=SURFACE_STYLE_USAGE(.BOTH.,#2156);
#1214=FACE_OUTER_BOUND('',#2157,.T.);
#1215=CYLINDRICAL_SURFACE('',#2158,0.65);
#1216=SURFACE_STYLE_USAGE(.BOTH.,#2159);
#1217=FACE_OUTER_BOUND('',#2160,.T.);
#1218=CONICAL_SURFACE('',#2161,0.325,1.04719755119661);
#1219=SURFACE_STYLE_USAGE(.BOTH.,#2162);
#1220=FACE_OUTER_BOUND('',#2163,.T.);
#1221=CYLINDRICAL_SURFACE('',#2164,0.74);
#1222=SURFACE_STYLE_USAGE(.BOTH.,#2165);
#1223=FACE_OUTER_BOUND('',#2166,.T.);
#1224=CONICAL_SURFACE('',#2167,0.695,0.785398163397448);
#1225=SURFACE_STYLE_USAGE(.BOTH.,#2168);
#1226=FACE_OUTER_BOUND('',#2169,.T.);
#1227=CYLINDRICAL_SURFACE('',#2170,0.65);
#1228=SURFACE_STYLE_USAGE(.BOTH.,#2171);
#1229=FACE_OUTER_BOUND('',#2172,.T.);
#1230=CONICAL_SURFACE('',#2173,0.565,0.95993108859691);
#1231=SURFACE_STYLE_USAGE(.BOTH.,#2174);
#1232=FACE_OUTER_BOUND('',#2175,.T.);
#1233=CYLINDRICAL_SURFACE('',#2176,0.52);
#1234=SURFACE_STYLE_USAGE(.BOTH.,#2177);
#1235=FACE_OUTER_BOUND('',#2178,.T.);
#1236=CONICAL_SURFACE('',#2179,0.40644529965884,0.144008762885119);
#1237=SURFACE_STYLE_USAGE(.BOTH.,#2180);
#1238=FACE_OUTER_BOUND('',#2181,.T.);
#1239=TOROIDAL_SURFACE('',#2182,0.490007719539948,0.200000000000001);
#1240=SURFACE_STYLE_USAGE(.BOTH.,#2183);
#1241=FACE_OUTER_BOUND('',#2184,.T.);
#1242=CONICAL_SURFACE('',#2185,0.362355714018147,1.40080125765056);
#1243=SURFACE_STYLE_USAGE(.BOTH.,#2186);
#1244=FACE_OUTER_BOUND('',#2187,.T.);
#1245=CONICAL_SURFACE('',#2188,0.529862698656095,0.140319165524607);
#1246=SURFACE_STYLE_USAGE(.BOTH.,#2189);
#1247=FACE_OUTER_BOUND('',#2190,.T.);
#1248=CYLINDRICAL_SURFACE('',#2191,0.65);
#1249=SURFACE_STYLE_USAGE(.BOTH.,#2192);
#1250=FACE_OUTER_BOUND('',#2193,.T.);
#1251=CONICAL_SURFACE('',#2194,0.325,1.04719755119661);
#1252=SURFACE_STYLE_USAGE(.BOTH.,#2195);
#1253=FACE_OUTER_BOUND('',#2196,.T.);
#1254=CYLINDRICAL_SURFACE('',#2197,0.74);
#1255=SURFACE_STYLE_USAGE(.BOTH.,#2198);
#1256=FACE_OUTER_BOUND('',#2199,.T.);
#1257=CONICAL_SURFACE('',#2200,0.695,0.785398163397448);
#1258=SURFACE_STYLE_USAGE(.BOTH.,#2201);
#1259=FACE_OUTER_BOUND('',#2202,.T.);
#1260=CYLINDRICAL_SURFACE('',#2203,0.65);
#1261=SURFACE_STYLE_USAGE(.BOTH.,#2204);
#1262=FACE_OUTER_BOUND('',#2205,.T.);
#1263=CONICAL_SURFACE('',#2206,0.565,0.95993108859691);
#1264=SURFACE_STYLE_USAGE(.BOTH.,#2207);
#1265=FACE_OUTER_BOUND('',#2208,.T.);
#1266=CYLINDRICAL_SURFACE('',#2209,0.52);
#1267=SURFACE_STYLE_USAGE(.BOTH.,#2210);
#1268=FACE_OUTER_BOUND('',#2211,.T.);
#1269=CONICAL_SURFACE('',#2212,0.40644529965884,0.144008762885119);
#1270=SURFACE_STYLE_USAGE(.BOTH.,#2213);
#1271=FACE_OUTER_BOUND('',#2214,.T.);
#1272=CONICAL_SURFACE('',#2215,0.40644529965884,0.144008762885119);
#1273=SURFACE_STYLE_USAGE(.BOTH.,#2216);
#1274=FACE_OUTER_BOUND('',#2217,.T.);
#1275=CYLINDRICAL_SURFACE('',#2218,0.52);
#1276=SURFACE_STYLE_USAGE(.BOTH.,#2219);
#1277=FACE_OUTER_BOUND('',#2220,.T.);
#1278=CONICAL_SURFACE('',#2221,0.565,0.95993108859691);
#1279=SURFACE_STYLE_USAGE(.BOTH.,#2222);
#1280=FACE_OUTER_BOUND('',#2223,.T.);
#1281=FACE_BOUND('',#2224,.T.);
#1282=PLANE('',#2225);
#1283=SURFACE_STYLE_USAGE(.BOTH.,#2226);
#1284=FACE_OUTER_BOUND('',#2227,.T.);
#1285=CYLINDRICAL_SURFACE('',#2228,0.65);
#1286=SURFACE_STYLE_USAGE(.BOTH.,#2229);
#1287=FACE_OUTER_BOUND('',#2230,.T.);
#1288=CONICAL_SURFACE('',#2231,0.695,0.785398163397448);
#1289=SURFACE_STYLE_USAGE(.BOTH.,#2232);
#1290=FACE_OUTER_BOUND('',#2233,.T.);
#1291=CYLINDRICAL_SURFACE('',#2234,0.74);
#1292=SURFACE_STYLE_USAGE(.BOTH.,#2235);
#1293=FACE_OUTER_BOUND('',#2236,.T.);
#1294=CONICAL_SURFACE('',#2237,0.325,1.04719755119661);
#1295=SURFACE_STYLE_USAGE(.BOTH.,#2238);
#1296=FACE_OUTER_BOUND('',#2239,.T.);
#1297=CYLINDRICAL_SURFACE('',#2240,0.65);
#1298=SURFACE_STYLE_USAGE(.BOTH.,#2241);
#1299=FACE_OUTER_BOUND('',#2242,.T.);
#1300=CONICAL_SURFACE('',#2243,0.529862698656095,0.140319165524607);
#1301=SURFACE_STYLE_USAGE(.BOTH.,#2244);
#1302=FACE_OUTER_BOUND('',#2245,.T.);
#1303=CONICAL_SURFACE('',#2246,0.362355714018147,1.40080125765056);
#1304=SURFACE_STYLE_USAGE(.BOTH.,#2247);
#1305=FACE_OUTER_BOUND('',#2248,.T.);
#1306=TOROIDAL_SURFACE('',#2249,0.490007719539948,0.200000000000001);
#1307=SURFACE_STYLE_USAGE(.BOTH.,#2250);
#1308=FACE_OUTER_BOUND('',#2251,.T.);
#1309=CONICAL_SURFACE('',#2252,0.40644529965884,0.144008762885119);
#1310=SURFACE_STYLE_USAGE(.BOTH.,#2253);
#1311=FACE_OUTER_BOUND('',#2254,.T.);
#1312=CYLINDRICAL_SURFACE('',#2255,0.52);
#1313=SURFACE_STYLE_USAGE(.BOTH.,#2256);
#1314=FACE_OUTER_BOUND('',#2257,.T.);
#1315=CONICAL_SURFACE('',#2258,0.565,0.95993108859691);
#1316=SURFACE_STYLE_USAGE(.BOTH.,#2259);
#1317=FACE_OUTER_BOUND('',#2260,.T.);
#1318=FACE_BOUND('',#2261,.T.);
#1319=PLANE('',#2262);
#1320=SURFACE_STYLE_USAGE(.BOTH.,#2263);
#1321=FACE_OUTER_BOUND('',#2264,.T.);
#1322=CYLINDRICAL_SURFACE('',#2265,0.65);
#1323=SURFACE_STYLE_USAGE(.BOTH.,#2266);
#1324=FACE_OUTER_BOUND('',#2267,.T.);
#1325=CONICAL_SURFACE('',#2268,0.695,0.785398163397448);
#1326=SURFACE_STYLE_USAGE(.BOTH.,#2269);
#1327=FACE_OUTER_BOUND('',#2270,.T.);
#1328=CYLINDRICAL_SURFACE('',#2271,0.74);
#1329=SURFACE_STYLE_USAGE(.BOTH.,#2272);
#1330=FACE_OUTER_BOUND('',#2273,.T.);
#1331=CONICAL_SURFACE('',#2274,0.325,1.04719755119661);
#1332=SURFACE_STYLE_USAGE(.BOTH.,#2275);
#1333=FACE_OUTER_BOUND('',#2276,.T.);
#1334=CYLINDRICAL_SURFACE('',#2277,0.65);
#1335=SURFACE_STYLE_USAGE(.BOTH.,#2278);
#1336=FACE_OUTER_BOUND('',#2279,.T.);
#1337=CONICAL_SURFACE('',#2280,0.529862698656095,0.140319165524607);
#1338=SURFACE_STYLE_USAGE(.BOTH.,#2281);
#1339=FACE_OUTER_BOUND('',#2282,.T.);
#1340=CONICAL_SURFACE('',#2283,0.362355714018147,1.40080125765056);
#1341=SURFACE_STYLE_USAGE(.BOTH.,#2284);
#1342=FACE_OUTER_BOUND('',#2285,.T.);
#1343=TOROIDAL_SURFACE('',#2286,0.490007719539948,0.200000000000001);
#1344=SURFACE_STYLE_USAGE(.BOTH.,#2287);
#1345=FACE_OUTER_BOUND('',#2288,.T.);
#1346=CONICAL_SURFACE('',#2289,0.40644529965884,0.144008762885119);
#1347=SURFACE_STYLE_USAGE(.BOTH.,#2290);
#1348=FACE_OUTER_BOUND('',#2291,.T.);
#1349=CYLINDRICAL_SURFACE('',#2292,0.52);
#1350=SURFACE_STYLE_USAGE(.BOTH.,#2293);
#1351=FACE_OUTER_BOUND('',#2294,.T.);
#1352=CONICAL_SURFACE('',#2295,0.565,0.95993108859691);
#1353=SURFACE_STYLE_USAGE(.BOTH.,#2296);
#1354=FACE_OUTER_BOUND('',#2297,.T.);
#1355=FACE_BOUND('',#2298,.T.);
#1356=PLANE('',#2299);
#1357=SURFACE_STYLE_USAGE(.BOTH.,#2300);
#1358=FACE_OUTER_BOUND('',#2301,.T.);
#1359=CYLINDRICAL_SURFACE('',#2302,0.65);
#1360=SURFACE_STYLE_USAGE(.BOTH.,#2303);
#1361=FACE_OUTER_BOUND('',#2304,.T.);
#1362=CONICAL_SURFACE('',#2305,0.695,0.785398163397448);
#1363=SURFACE_STYLE_USAGE(.BOTH.,#2306);
#1364=FACE_OUTER_BOUND('',#2307,.T.);
#1365=CYLINDRICAL_SURFACE('',#2308,0.74);
#1366=SURFACE_STYLE_USAGE(.BOTH.,#2309);
#1367=FACE_OUTER_BOUND('',#2310,.T.);
#1368=CONICAL_SURFACE('',#2311,0.325,1.04719755119661);
#1369=SURFACE_STYLE_USAGE(.BOTH.,#2312);
#1370=FACE_OUTER_BOUND('',#2313,.T.);
#1371=CYLINDRICAL_SURFACE('',#2314,0.65);
#1372=SURFACE_STYLE_USAGE(.BOTH.,#2315);
#1373=FACE_OUTER_BOUND('',#2316,.T.);
#1374=CONICAL_SURFACE('',#2317,0.529862698656095,0.140319165524607);
#1375=SURFACE_STYLE_USAGE(.BOTH.,#2318);
#1376=FACE_OUTER_BOUND('',#2319,.T.);
#1377=CONICAL_SURFACE('',#2320,0.362355714018147,1.40080125765056);
#1378=SURFACE_STYLE_USAGE(.BOTH.,#2321);
#1379=FACE_OUTER_BOUND('',#2322,.T.);
#1380=TOROIDAL_SURFACE('',#2323,0.490007719539948,0.200000000000001);
#1381=SURFACE_STYLE_USAGE(.BOTH.,#2324);
#1382=FACE_OUTER_BOUND('',#2325,.T.);
#1383=CONICAL_SURFACE('',#2326,0.40644529965884,0.144008762885119);
#1384=SURFACE_STYLE_USAGE(.BOTH.,#2327);
#1385=FACE_OUTER_BOUND('',#2328,.T.);
#1386=CYLINDRICAL_SURFACE('',#2329,0.52);
#1387=SURFACE_STYLE_USAGE(.BOTH.,#2330);
#1388=FACE_OUTER_BOUND('',#2331,.T.);
#1389=CONICAL_SURFACE('',#2332,0.565,0.95993108859691);
#1390=SURFACE_STYLE_USAGE(.BOTH.,#2333);
#1391=FACE_OUTER_BOUND('',#2334,.T.);
#1392=FACE_BOUND('',#2335,.T.);
#1393=PLANE('',#2336);
#1394=SURFACE_STYLE_USAGE(.BOTH.,#2337);
#1395=FACE_OUTER_BOUND('',#2338,.T.);
#1396=CYLINDRICAL_SURFACE('',#2339,0.65);
#1397=SURFACE_STYLE_USAGE(.BOTH.,#2340);
#1398=FACE_OUTER_BOUND('',#2341,.T.);
#1399=CONICAL_SURFACE('',#2342,0.695,0.785398163397448);
#1400=SURFACE_STYLE_USAGE(.BOTH.,#2343);
#1401=FACE_OUTER_BOUND('',#2344,.T.);
#1402=CYLINDRICAL_SURFACE('',#2345,0.74);
#1403=SURFACE_STYLE_USAGE(.BOTH.,#2346);
#1404=FACE_OUTER_BOUND('',#2347,.T.);
#1405=CONICAL_SURFACE('',#2348,0.325,1.04719755119661);
#1406=SURFACE_STYLE_USAGE(.BOTH.,#2349);
#1407=FACE_OUTER_BOUND('',#2350,.T.);
#1408=CYLINDRICAL_SURFACE('',#2351,0.65);
#1409=SURFACE_STYLE_USAGE(.BOTH.,#2352);
#1410=FACE_OUTER_BOUND('',#2353,.T.);
#1411=CONICAL_SURFACE('',#2354,0.529862698656095,0.140319165524607);
#1412=SURFACE_STYLE_USAGE(.BOTH.,#2355);
#1413=FACE_OUTER_BOUND('',#2356,.T.);
#1414=CONICAL_SURFACE('',#2357,0.362355714018147,1.40080125765056);
#1415=SURFACE_STYLE_USAGE(.BOTH.,#2358);
#1416=FACE_OUTER_BOUND('',#2359,.T.);
#1417=TOROIDAL_SURFACE('',#2360,0.490007719539948,0.200000000000001);
#1418=SURFACE_STYLE_USAGE(.BOTH.,#2361);
#1419=FACE_OUTER_BOUND('',#2362,.T.);
#1420=CONICAL_SURFACE('',#2363,0.40644529965884,0.144008762885119);
#1421=SURFACE_STYLE_USAGE(.BOTH.,#2364);
#1422=FACE_OUTER_BOUND('',#2365,.T.);
#1423=CYLINDRICAL_SURFACE('',#2366,0.52);
#1424=SURFACE_STYLE_USAGE(.BOTH.,#2367);
#1425=FACE_OUTER_BOUND('',#2368,.T.);
#1426=CONICAL_SURFACE('',#2369,0.565,0.95993108859691);
#1427=SURFACE_STYLE_USAGE(.BOTH.,#2370);
#1428=FACE_OUTER_BOUND('',#2371,.T.);
#1429=FACE_BOUND('',#2372,.T.);
#1430=PLANE('',#2373);
#1431=SURFACE_STYLE_USAGE(.BOTH.,#2374);
#1432=FACE_OUTER_BOUND('',#2375,.T.);
#1433=CYLINDRICAL_SURFACE('',#2376,0.65);
#1434=SURFACE_STYLE_USAGE(.BOTH.,#2377);
#1435=FACE_OUTER_BOUND('',#2378,.T.);
#1436=CONICAL_SURFACE('',#2379,0.695,0.785398163397448);
#1437=SURFACE_STYLE_USAGE(.BOTH.,#2380);
#1438=FACE_OUTER_BOUND('',#2381,.T.);
#1439=CYLINDRICAL_SURFACE('',#2382,0.74);
#1440=SURFACE_STYLE_USAGE(.BOTH.,#2383);
#1441=FACE_OUTER_BOUND('',#2384,.T.);
#1442=CONICAL_SURFACE('',#2385,0.325,1.04719755119661);
#1443=SURFACE_STYLE_USAGE(.BOTH.,#2386);
#1444=FACE_OUTER_BOUND('',#2387,.T.);
#1445=CYLINDRICAL_SURFACE('',#2388,0.65);
#1446=SURFACE_STYLE_USAGE(.BOTH.,#2389);
#1447=FACE_OUTER_BOUND('',#2390,.T.);
#1448=CONICAL_SURFACE('',#2391,0.529862698656095,0.140319165524607);
#1449=SURFACE_STYLE_USAGE(.BOTH.,#2392);
#1450=FACE_OUTER_BOUND('',#2393,.T.);
#1451=CONICAL_SURFACE('',#2394,0.362355714018147,1.40080125765056);
#1452=SURFACE_STYLE_USAGE(.BOTH.,#2395);
#1453=FACE_OUTER_BOUND('',#2396,.T.);
#1454=TOROIDAL_SURFACE('',#2397,0.490007719539948,0.200000000000001);
#1455=SURFACE_STYLE_USAGE(.BOTH.,#2398);
#1456=FACE_OUTER_BOUND('',#2399,.T.);
#1457=CONICAL_SURFACE('',#2400,0.40644529965884,0.144008762885119);
#1458=SURFACE_STYLE_USAGE(.BOTH.,#2401);
#1459=FACE_OUTER_BOUND('',#2402,.T.);
#1460=CYLINDRICAL_SURFACE('',#2403,0.52);
#1461=SURFACE_STYLE_USAGE(.BOTH.,#2404);
#1462=FACE_OUTER_BOUND('',#2405,.T.);
#1463=CONICAL_SURFACE('',#2406,0.565,0.95993108859691);
#1464=SURFACE_STYLE_USAGE(.BOTH.,#2407);
#1465=FACE_OUTER_BOUND('',#2408,.T.);
#1466=FACE_BOUND('',#2409,.T.);
#1467=PLANE('',#2410);
#1468=SURFACE_STYLE_USAGE(.BOTH.,#2411);
#1469=FACE_OUTER_BOUND('',#2412,.T.);
#1470=CYLINDRICAL_SURFACE('',#2413,0.65);
#1471=SURFACE_STYLE_USAGE(.BOTH.,#2414);
#1472=FACE_OUTER_BOUND('',#2415,.T.);
#1473=CONICAL_SURFACE('',#2416,0.695,0.785398163397448);
#1474=SURFACE_STYLE_USAGE(.BOTH.,#2417);
#1475=FACE_OUTER_BOUND('',#2418,.T.);
#1476=CYLINDRICAL_SURFACE('',#2419,0.74);
#1477=SURFACE_STYLE_USAGE(.BOTH.,#2420);
#1478=FACE_OUTER_BOUND('',#2421,.T.);
#1479=CONICAL_SURFACE('',#2422,0.325,1.04719755119661);
#1480=SURFACE_STYLE_USAGE(.BOTH.,#2423);
#1481=FACE_OUTER_BOUND('',#2424,.T.);
#1482=CYLINDRICAL_SURFACE('',#2425,0.65);
#1483=SURFACE_STYLE_USAGE(.BOTH.,#2426);
#1484=FACE_OUTER_BOUND('',#2427,.T.);
#1485=CONICAL_SURFACE('',#2428,0.529862698656095,0.140319165524607);
#1486=SURFACE_STYLE_USAGE(.BOTH.,#2429);
#1487=FACE_OUTER_BOUND('',#2430,.T.);
#1488=CONICAL_SURFACE('',#2431,0.362355714018147,1.40080125765056);
#1489=SURFACE_STYLE_USAGE(.BOTH.,#2432);
#1490=FACE_OUTER_BOUND('',#2433,.T.);
#1491=TOROIDAL_SURFACE('',#2434,0.490007719539948,0.200000000000001);
#1492=SURFACE_STYLE_USAGE(.BOTH.,#2435);
#1493=FACE_OUTER_BOUND('',#2436,.T.);
#1494=CYLINDRICAL_SURFACE('',#2437,0.825);
#1495=SURFACE_STYLE_USAGE(.BOTH.,#2438);
#1496=FACE_OUTER_BOUND('',#2439,.T.);
#1497=CYLINDRICAL_SURFACE('',#2440,0.74);
#1498=SURFACE_STYLE_USAGE(.BOTH.,#2441);
#1499=FACE_BOUND('',#2442,.T.);
#1500=FACE_OUTER_BOUND('',#2443,.T.);
#1501=PLANE('',#2444);
#1502=SURFACE_STYLE_USAGE(.BOTH.,#2445);
#1503=FACE_OUTER_BOUND('',#2446,.T.);
#1504=SPHERICAL_SURFACE('',#2447,0.3);
#1505=SURFACE_STYLE_USAGE(.BOTH.,#2448);
#1506=FACE_OUTER_BOUND('',#2449,.T.);
#1507=CYLINDRICAL_SURFACE('',#2450,0.3);
#1508=SURFACE_STYLE_USAGE(.BOTH.,#2451);
#1509=FACE_OUTER_BOUND('',#2452,.T.);
#1510=TOROIDAL_SURFACE('',#2453,0.45,0.149999999999999);
#1511=SURFACE_STYLE_USAGE(.BOTH.,#2454);
#1512=FACE_OUTER_BOUND('',#2455,.T.);
#1513=FACE_BOUND('',#2456,.T.);
#1514=PLANE('',#2457);
#1515=SURFACE_STYLE_USAGE(.BOTH.,#2458);
#1516=FACE_OUTER_BOUND('',#2459,.T.);
#1517=CONICAL_SURFACE('',#2460,0.64,0.785398163397448);
#1518=SURFACE_STYLE_USAGE(.BOTH.,#2461);
#1519=FACE_OUTER_BOUND('',#2462,.T.);
#1520=CYLINDRICAL_SURFACE('',#2463,0.825);
#1521=SURFACE_STYLE_USAGE(.BOTH.,#2464);
#1522=FACE_OUTER_BOUND('',#2465,.T.);
#1523=CYLINDRICAL_SURFACE('',#2466,0.74);
#1524=SURFACE_STYLE_USAGE(.BOTH.,#2467);
#1525=FACE_BOUND('',#2468,.T.);
#1526=FACE_OUTER_BOUND('',#2469,.T.);
#1527=PLANE('',#2470);
#1528=SURFACE_STYLE_USAGE(.BOTH.,#2471);
#1529=FACE_OUTER_BOUND('',#2472,.T.);
#1530=SPHERICAL_SURFACE('',#2473,0.3);
#1531=SURFACE_STYLE_USAGE(.BOTH.,#2474);
#1532=FACE_OUTER_BOUND('',#2475,.T.);
#1533=CYLINDRICAL_SURFACE('',#2476,0.3);
#1534=SURFACE_STYLE_USAGE(.BOTH.,#2477);
#1535=FACE_OUTER_BOUND('',#2478,.T.);
#1536=TOROIDAL_SURFACE('',#2479,0.45,0.149999999999999);
#1537=SURFACE_STYLE_USAGE(.BOTH.,#2480);
#1538=FACE_OUTER_BOUND('',#2481,.T.);
#1539=FACE_BOUND('',#2482,.T.);
#1540=PLANE('',#2483);
#1541=SURFACE_STYLE_USAGE(.BOTH.,#2484);
#1542=FACE_OUTER_BOUND('',#2485,.T.);
#1543=CONICAL_SURFACE('',#2486,0.64,0.785398163397448);
#1544=SURFACE_STYLE_USAGE(.BOTH.,#2487);
#1545=FACE_OUTER_BOUND('',#2488,.T.);
#1546=CYLINDRICAL_SURFACE('',#2489,0.825);
#1547=SURFACE_STYLE_USAGE(.BOTH.,#2490);
#1548=FACE_OUTER_BOUND('',#2491,.T.);
#1549=CYLINDRICAL_SURFACE('',#2492,0.74);
#1550=SURFACE_STYLE_USAGE(.BOTH.,#2493);
#1551=FACE_BOUND('',#2494,.T.);
#1552=FACE_OUTER_BOUND('',#2495,.T.);
#1553=PLANE('',#2496);
#1554=SURFACE_STYLE_USAGE(.BOTH.,#2497);
#1555=FACE_OUTER_BOUND('',#2498,.T.);
#1556=SPHERICAL_SURFACE('',#2499,0.3);
#1557=SURFACE_STYLE_USAGE(.BOTH.,#2500);
#1558=FACE_OUTER_BOUND('',#2501,.T.);
#1559=CYLINDRICAL_SURFACE('',#2502,0.3);
#1560=SURFACE_STYLE_USAGE(.BOTH.,#2503);
#1561=FACE_OUTER_BOUND('',#2504,.T.);
#1562=TOROIDAL_SURFACE('',#2505,0.45,0.149999999999999);
#1563=SURFACE_STYLE_USAGE(.BOTH.,#2506);
#1564=FACE_OUTER_BOUND('',#2507,.T.);
#1565=FACE_BOUND('',#2508,.T.);
#1566=PLANE('',#2509);
#1567=SURFACE_STYLE_USAGE(.BOTH.,#2510);
#1568=FACE_OUTER_BOUND('',#2511,.T.);
#1569=CONICAL_SURFACE('',#2512,0.64,0.785398163397448);
#1570=SURFACE_STYLE_USAGE(.BOTH.,#2513);
#1571=FACE_OUTER_BOUND('',#2514,.T.);
#1572=CYLINDRICAL_SURFACE('',#2515,0.825);
#1573=SURFACE_STYLE_USAGE(.BOTH.,#2516);
#1574=FACE_OUTER_BOUND('',#2517,.T.);
#1575=CYLINDRICAL_SURFACE('',#2518,0.74);
#1576=SURFACE_STYLE_USAGE(.BOTH.,#2519);
#1577=FACE_BOUND('',#2520,.T.);
#1578=FACE_OUTER_BOUND('',#2521,.T.);
#1579=PLANE('',#2522);
#1580=SURFACE_STYLE_USAGE(.BOTH.,#2523);
#1581=FACE_OUTER_BOUND('',#2524,.T.);
#1582=SPHERICAL_SURFACE('',#2525,0.3);
#1583=SURFACE_STYLE_USAGE(.BOTH.,#2526);
#1584=FACE_OUTER_BOUND('',#2527,.T.);
#1585=CYLINDRICAL_SURFACE('',#2528,0.3);
#1586=SURFACE_STYLE_USAGE(.BOTH.,#2529);
#1587=FACE_OUTER_BOUND('',#2530,.T.);
#1588=TOROIDAL_SURFACE('',#2531,0.45,0.149999999999999);
#1589=SURFACE_STYLE_USAGE(.BOTH.,#2532);
#1590=FACE_OUTER_BOUND('',#2533,.T.);
#1591=FACE_BOUND('',#2534,.T.);
#1592=PLANE('',#2535);
#1593=SURFACE_STYLE_USAGE(.BOTH.,#2536);
#1594=FACE_OUTER_BOUND('',#2537,.T.);
#1595=CONICAL_SURFACE('',#2538,0.64,0.785398163397448);
#1596=SURFACE_STYLE_USAGE(.BOTH.,#2539);
#1597=FACE_OUTER_BOUND('',#2540,.T.);
#1598=CYLINDRICAL_SURFACE('',#2541,0.825);
#1599=SURFACE_STYLE_USAGE(.BOTH.,#2542);
#1600=FACE_OUTER_BOUND('',#2543,.T.);
#1601=CYLINDRICAL_SURFACE('',#2544,0.74);
#1602=SURFACE_STYLE_USAGE(.BOTH.,#2545);
#1603=FACE_BOUND('',#2546,.T.);
#1604=FACE_OUTER_BOUND('',#2547,.T.);
#1605=PLANE('',#2548);
#1606=SURFACE_STYLE_USAGE(.BOTH.,#2549);
#1607=FACE_OUTER_BOUND('',#2550,.T.);
#1608=SPHERICAL_SURFACE('',#2551,0.3);
#1609=SURFACE_STYLE_USAGE(.BOTH.,#2552);
#1610=FACE_OUTER_BOUND('',#2553,.T.);
#1611=CYLINDRICAL_SURFACE('',#2554,0.3);
#1612=SURFACE_STYLE_USAGE(.BOTH.,#2555);
#1613=FACE_OUTER_BOUND('',#2556,.T.);
#1614=TOROIDAL_SURFACE('',#2557,0.45,0.149999999999999);
#1615=SURFACE_STYLE_USAGE(.BOTH.,#2558);
#1616=FACE_OUTER_BOUND('',#2559,.T.);
#1617=FACE_BOUND('',#2560,.T.);
#1618=PLANE('',#2561);
#1619=SURFACE_STYLE_USAGE(.BOTH.,#2562);
#1620=FACE_OUTER_BOUND('',#2563,.T.);
#1621=CONICAL_SURFACE('',#2564,0.64,0.785398163397448);
#1622=SURFACE_STYLE_USAGE(.BOTH.,#2565);
#1623=FACE_OUTER_BOUND('',#2566,.T.);
#1624=CYLINDRICAL_SURFACE('',#2567,0.825);
#1625=SURFACE_STYLE_USAGE(.BOTH.,#2568);
#1626=FACE_OUTER_BOUND('',#2569,.T.);
#1627=CYLINDRICAL_SURFACE('',#2570,0.74);
#1628=SURFACE_STYLE_USAGE(.BOTH.,#2571);
#1629=FACE_BOUND('',#2572,.T.);
#1630=FACE_OUTER_BOUND('',#2573,.T.);
#1631=PLANE('',#2574);
#1632=SURFACE_STYLE_USAGE(.BOTH.,#2575);
#1633=FACE_OUTER_BOUND('',#2576,.T.);
#1634=SPHERICAL_SURFACE('',#2577,0.3);
#1635=SURFACE_STYLE_USAGE(.BOTH.,#2578);
#1636=FACE_OUTER_BOUND('',#2579,.T.);
#1637=CYLINDRICAL_SURFACE('',#2580,0.3);
#1638=SURFACE_STYLE_USAGE(.BOTH.,#2581);
#1639=FACE_OUTER_BOUND('',#2582,.T.);
#1640=TOROIDAL_SURFACE('',#2583,0.45,0.149999999999999);
#1641=SURFACE_STYLE_USAGE(.BOTH.,#2584);
#1642=FACE_OUTER_BOUND('',#2585,.T.);
#1643=FACE_BOUND('',#2586,.T.);
#1644=PLANE('',#2587);
#1645=SURFACE_STYLE_USAGE(.BOTH.,#2588);
#1646=FACE_OUTER_BOUND('',#2589,.T.);
#1647=CONICAL_SURFACE('',#2590,0.64,0.785398163397448);
#1648=SURFACE_STYLE_USAGE(.BOTH.,#2591);
#1649=FACE_OUTER_BOUND('',#2592,.T.);
#1650=PLANE('',#2593);
#1651=SURFACE_STYLE_USAGE(.BOTH.,#2594);
#1652=FACE_OUTER_BOUND('',#2595,.T.);
#1653=PLANE('',#2596);
#1654=SURFACE_STYLE_USAGE(.BOTH.,#2597);
#1655=FACE_OUTER_BOUND('',#2598,.T.);
#1656=PLANE('',#2599);
#1657=SURFACE_STYLE_USAGE(.BOTH.,#2600);
#1658=FACE_OUTER_BOUND('',#2601,.T.);
#1659=PLANE('',#2602);
#1660=SURFACE_STYLE_USAGE(.BOTH.,#2603);
#1661=FACE_OUTER_BOUND('',#2604,.T.);
#1662=PLANE('',#2605);
#1663=SURFACE_STYLE_USAGE(.BOTH.,#2606);
#1664=FACE_OUTER_BOUND('',#2607,.T.);
#1665=PLANE('',#2608);
#1666=SURFACE_STYLE_USAGE(.BOTH.,#2609);
#1667=FACE_BOUND('',#2610,.T.);
#1668=FACE_BOUND('',#2611,.T.);
#1669=FACE_BOUND('',#2612,.T.);
#1670=FACE_BOUND('',#2613,.T.);
#1671=FACE_BOUND('',#2614,.T.);
#1672=FACE_BOUND('',#2615,.T.);
#1673=FACE_OUTER_BOUND('',#2616,.T.);
#1674=PLANE('',#2617);
#1675=SURFACE_STYLE_USAGE(.BOTH.,#2618);
#1676=FACE_OUTER_BOUND('',#2619,.T.);
#1677=PLANE('',#2620);
#1678=SURFACE_STYLE_USAGE(.BOTH.,#2621);
#1679=FACE_OUTER_BOUND('',#2622,.T.);
#1680=PLANE('',#2623);
#1681=SURFACE_STYLE_USAGE(.BOTH.,#2624);
#1682=FACE_OUTER_BOUND('',#2625,.T.);
#1683=PLANE('',#2626);
#1684=SURFACE_STYLE_USAGE(.BOTH.,#2627);
#1685=FACE_OUTER_BOUND('',#2628,.T.);
#1686=PLANE('',#2629);
#1687=SURFACE_STYLE_USAGE(.BOTH.,#2630);
#1688=FACE_OUTER_BOUND('',#2631,.T.);
#1689=PLANE('',#2632);
#1690=SURFACE_STYLE_USAGE(.BOTH.,#2633);
#1691=FACE_OUTER_BOUND('',#2634,.T.);
#1692=PLANE('',#2635);
#1693=SURFACE_STYLE_USAGE(.BOTH.,#2636);
#1694=FACE_OUTER_BOUND('',#2637,.T.);
#1695=PLANE('',#2638);
#1696=SURFACE_STYLE_USAGE(.BOTH.,#2639);
#1697=FACE_OUTER_BOUND('',#2640,.T.);
#1698=PLANE('',#2641);
#1699=SURFACE_STYLE_USAGE(.BOTH.,#2642);
#1700=FACE_OUTER_BOUND('',#2643,.T.);
#1701=PLANE('',#2644);
#1702=SURFACE_STYLE_USAGE(.BOTH.,#2645);
#1703=FACE_OUTER_BOUND('',#2646,.T.);
#1704=PLANE('',#2647);
#1705=SURFACE_STYLE_USAGE(.BOTH.,#2648);
#1706=FACE_OUTER_BOUND('',#2649,.T.);
#1707=PLANE('',#2650);
#1708=SURFACE_STYLE_USAGE(.BOTH.,#2651);
#1709=FACE_OUTER_BOUND('',#2652,.T.);
#1710=PLANE('',#2653);
#1711=SURFACE_STYLE_USAGE(.BOTH.,#2654);
#1712=FACE_OUTER_BOUND('',#2655,.T.);
#1713=PLANE('',#2656);
#1714=SURFACE_STYLE_USAGE(.BOTH.,#2657);
#1715=FACE_OUTER_BOUND('',#2658,.T.);
#1716=PLANE('',#2659);
#1717=SURFACE_STYLE_USAGE(.BOTH.,#2660);
#1718=FACE_OUTER_BOUND('',#2661,.T.);
#1719=PLANE('',#2662);
#1720=SURFACE_STYLE_USAGE(.BOTH.,#2663);
#1721=FACE_OUTER_BOUND('',#2664,.T.);
#1722=PLANE('',#2665);
#1723=SURFACE_STYLE_USAGE(.BOTH.,#2666);
#1724=FACE_OUTER_BOUND('',#2667,.T.);
#1725=PLANE('',#2668);
#1726=SURFACE_STYLE_USAGE(.BOTH.,#2669);
#1727=FACE_OUTER_BOUND('',#2670,.T.);
#1728=PLANE('',#2671);
#1729=SURFACE_STYLE_USAGE(.BOTH.,#2672);
#1730=FACE_OUTER_BOUND('',#2673,.T.);
#1731=PLANE('',#2674);
#1732=SURFACE_STYLE_USAGE(.BOTH.,#2675);
#1733=FACE_OUTER_BOUND('',#2676,.T.);
#1734=PLANE('',#2677);
#1735=SURFACE_STYLE_USAGE(.BOTH.,#2678);
#1736=FACE_OUTER_BOUND('',#2679,.T.);
#1737=PLANE('',#2680);
#1738=SURFACE_STYLE_USAGE(.BOTH.,#2681);
#1739=FACE_OUTER_BOUND('',#2682,.T.);
#1740=PLANE('',#2683);
#1741=SURFACE_STYLE_USAGE(.BOTH.,#2684);
#1742=FACE_OUTER_BOUND('',#2685,.T.);
#1743=PLANE('',#2686);
#1744=SURFACE_STYLE_USAGE(.BOTH.,#2687);
#1745=FACE_OUTER_BOUND('',#2688,.T.);
#1746=PLANE('',#2689);
#1747=SURFACE_STYLE_USAGE(.BOTH.,#2690);
#1748=FACE_OUTER_BOUND('',#2691,.T.);
#1749=PLANE('',#2692);
#1750=SURFACE_STYLE_USAGE(.BOTH.,#2693);
#1751=FACE_OUTER_BOUND('',#2694,.T.);
#1752=PLANE('',#2695);
#1753=SURFACE_STYLE_USAGE(.BOTH.,#2696);
#1754=FACE_OUTER_BOUND('',#2697,.T.);
#1755=PLANE('',#2698);
#1756=SURFACE_STYLE_USAGE(.BOTH.,#2699);
#1757=FACE_OUTER_BOUND('',#2700,.T.);
#1758=PLANE('',#2701);
#1759=SURFACE_STYLE_USAGE(.BOTH.,#2702);
#1760=FACE_OUTER_BOUND('',#2703,.T.);
#1761=PLANE('',#2704);
#1762=SURFACE_STYLE_USAGE(.BOTH.,#2705);
#1763=FACE_OUTER_BOUND('',#2706,.T.);
#1764=PLANE('',#2707);
#1765=SURFACE_STYLE_USAGE(.BOTH.,#2708);
#1766=FACE_OUTER_BOUND('',#2709,.T.);
#1767=PLANE('',#2710);
#1768=SURFACE_STYLE_USAGE(.BOTH.,#2711);
#1769=FACE_BOUND('',#2712,.T.);
#1770=FACE_BOUND('',#2713,.T.);
#1771=FACE_BOUND('',#2714,.T.);
#1772=FACE_BOUND('',#2715,.T.);
#1773=FACE_BOUND('',#2716,.T.);
#1774=FACE_BOUND('',#2717,.T.);
#1775=FACE_OUTER_BOUND('',#2718,.T.);
#1776=PLANE('',#2719);
#1777=SURFACE_STYLE_USAGE(.BOTH.,#2720);
#1778=FACE_OUTER_BOUND('',#2721,.T.);
#1779=PLANE('',#2722);
#1780=SURFACE_STYLE_USAGE(.BOTH.,#2723);
#1781=FACE_OUTER_BOUND('',#2724,.T.);
#1782=PLANE('',#2725);
#1783=SURFACE_STYLE_USAGE(.BOTH.,#2726);
#1784=FACE_OUTER_BOUND('',#2727,.T.);
#1785=PLANE('',#2728);
#1786=SURFACE_STYLE_USAGE(.BOTH.,#2729);
#1787=FACE_OUTER_BOUND('',#2730,.T.);
#1788=PLANE('',#2731);
#1789=SURFACE_STYLE_USAGE(.BOTH.,#2732);
#1790=FACE_OUTER_BOUND('',#2733,.T.);
#1791=PLANE('',#2734);
#1792=SURFACE_STYLE_USAGE(.BOTH.,#2735);
#1793=FACE_OUTER_BOUND('',#2736,.T.);
#1794=PLANE('',#2737);
#1795=SURFACE_STYLE_USAGE(.BOTH.,#2738);
#1796=FACE_OUTER_BOUND('',#2739,.T.);
#1797=PLANE('',#2740);
#1798=SURFACE_STYLE_USAGE(.BOTH.,#2741);
#1799=FACE_OUTER_BOUND('',#2742,.T.);
#1800=PLANE('',#2743);
#1801=SURFACE_STYLE_USAGE(.BOTH.,#2744);
#1802=FACE_OUTER_BOUND('',#2745,.T.);
#1803=PLANE('',#2746);
#1804=SURFACE_STYLE_USAGE(.BOTH.,#2747);
#1805=FACE_OUTER_BOUND('',#2748,.T.);
#1806=PLANE('',#2749);
#1807=SURFACE_STYLE_USAGE(.BOTH.,#2750);
#1808=FACE_OUTER_BOUND('',#2751,.T.);
#1809=PLANE('',#2752);
#1810=SURFACE_STYLE_USAGE(.BOTH.,#2753);
#1811=FACE_OUTER_BOUND('',#2754,.T.);
#1812=PLANE('',#2755);
#1813=SURFACE_STYLE_USAGE(.BOTH.,#2756);
#1814=FACE_OUTER_BOUND('',#2757,.T.);
#1815=PLANE('',#2758);
#1816=SURFACE_STYLE_USAGE(.BOTH.,#2759);
#1817=FACE_OUTER_BOUND('',#2760,.T.);
#1818=PLANE('',#2761);
#1819=SURFACE_STYLE_USAGE(.BOTH.,#2762);
#1820=FACE_OUTER_BOUND('',#2763,.T.);
#1821=PLANE('',#2764);
#1822=SURFACE_STYLE_USAGE(.BOTH.,#2765);
#1823=FACE_OUTER_BOUND('',#2766,.T.);
#1824=PLANE('',#2767);
#1825=SURFACE_STYLE_USAGE(.BOTH.,#2768);
#1826=FACE_OUTER_BOUND('',#2769,.T.);
#1827=PLANE('',#2770);
#1828=SURFACE_STYLE_USAGE(.BOTH.,#2771);
#1829=FACE_OUTER_BOUND('',#2772,.T.);
#1830=PLANE('',#2773);
#1831=SURFACE_STYLE_USAGE(.BOTH.,#2774);
#1832=FACE_OUTER_BOUND('',#2775,.T.);
#1833=PLANE('',#2776);
#1834=SURFACE_STYLE_USAGE(.BOTH.,#2777);
#1835=FACE_OUTER_BOUND('',#2778,.T.);
#1836=PLANE('',#2779);
#1837=SURFACE_STYLE_USAGE(.BOTH.,#2780);
#1838=FACE_OUTER_BOUND('',#2781,.T.);
#1839=PLANE('',#2782);
#1840=SURFACE_STYLE_USAGE(.BOTH.,#2783);
#1841=FACE_OUTER_BOUND('',#2784,.T.);
#1842=PLANE('',#2785);
#1843=SURFACE_STYLE_USAGE(.BOTH.,#2786);
#1844=FACE_OUTER_BOUND('',#2787,.T.);
#1845=PLANE('',#2788);
#1846=SURFACE_STYLE_USAGE(.BOTH.,#2789);
#1847=FACE_OUTER_BOUND('',#2790,.T.);
#1848=PLANE('',#2791);
#1849=SURFACE_STYLE_USAGE(.BOTH.,#2792);
#1850=FACE_OUTER_BOUND('',#2793,.T.);
#1851=PLANE('',#2794);
#1852=SURFACE_STYLE_USAGE(.BOTH.,#2795);
#1853=FACE_OUTER_BOUND('',#2796,.T.);
#1854=PLANE('',#2797);
#1855=SURFACE_STYLE_USAGE(.BOTH.,#2798);
#1856=FACE_OUTER_BOUND('',#2799,.T.);
#1857=PLANE('',#2800);
#1858=SURFACE_STYLE_USAGE(.BOTH.,#2801);
#1859=FACE_OUTER_BOUND('',#2802,.T.);
#1860=PLANE('',#2803);
#1861=SURFACE_STYLE_USAGE(.BOTH.,#2804);
#1862=FACE_OUTER_BOUND('',#2805,.T.);
#1863=PLANE('',#2806);
#1864=SURFACE_STYLE_USAGE(.BOTH.,#2807);
#1865=FACE_OUTER_BOUND('',#2808,.T.);
#1866=PLANE('',#2809);
#1867=SURFACE_STYLE_USAGE(.BOTH.,#2810);
#1868=FACE_OUTER_BOUND('',#2811,.T.);
#1869=PLANE('',#2812);
#1870=SURFACE_STYLE_USAGE(.BOTH.,#2813);
#1871=FACE_OUTER_BOUND('',#2814,.T.);
#1872=PLANE('',#2815);
#1873=SURFACE_STYLE_USAGE(.BOTH.,#2816);
#1874=FACE_OUTER_BOUND('',#2817,.T.);
#1875=PLANE('',#2818);
#1876=SURFACE_STYLE_USAGE(.BOTH.,#2819);
#1877=FACE_OUTER_BOUND('',#2820,.T.);
#1878=PLANE('',#2821);
#1879=SURFACE_STYLE_USAGE(.BOTH.,#2822);
#1880=FACE_OUTER_BOUND('',#2823,.T.);
#1881=PLANE('',#2824);
#1882=PRODUCT_CONTEXT('',#312,'mechanical');
#1883=PRODUCT_DEFINITION_FORMATION_WITH_SPECIFIED_SOURCE(' ','NONE',#929,.NOT_KNOWN.);
#1884=CLOSED_SHELL('',(#326,#328,#330,#332,#334,#336,#338,#340,#342,#344,#346,#348,#350,#352,#354,#356,#358,#360,#362,#364,#366,#368,#370,#372,#374,#376,#378,#380,#382,#384,#386,#388,#390,#392,#394,#396,#398,#400,#402,#404,#406,#408,#410,#412,#414,#416,#418,#420,#422,#424,#426,#428,#430,#432,#434,#436,#438,#440,#442,#444,#446,#448,#450,#452,#454,#456,#458,#460,#462,#464,#466,#468,#470,#472,#474,#476,#478,#480,#482,#484,#486,#488,#490,#492,#494,#496,#498,#500,#502,#504,#506,#508,#510,#512,#514,#516,#518,#520,#522,#524,#526,#528,#530,#532,#534,#536,#538,#540,#542,#544,#546,#548,#550,#552,#554,#556,#558,#560,#562,#564,#566,#568,#570,#572,#574,#576,#578,#580,#582,#584,#586,#588,#590,#592,#594,#596,#598,#600,#602,#604,#606,#608,#610,#612,#614,#616,#618,#620,#622,#624,#626,#628,#630,#632,#634,#636,#638,#640,#642,#644,#646,#648,#650,#652,#654,#656,#658,#660,#662,#664,#666,#668,#670,#672,#674,#676,#678,#680,#682,#684,#686,#688,#690,#692,#694,#696,#698,#700,#702,#704,#706,#708,#710,#712,#714,#716,#718,#720,#722,#724,#726,#728,#730,#732,#734,#736,#738,#740,#742,#744,#746,#748,#750,#752,#754,#756,#758,#760,#762,#764,#766,#768,#770,#772,#774,#776,#778,#780,#782,#784,#786,#788,#790,#792,#794,#796,#798,#800,#802,#804,#806,#808,#810,#812,#814,#816,#818,#820,#822,#824,#826,#828,#830,#832,#834,#836,#838,#840,#842,#844,#846,#848,#850,#852,#854,#856,#858,#860,#862,#864,#866,#868,#870,#872,#874,#876,#878,#880,#882,#884,#886,#888,#890,#892,#894,#896,#898,#900,#902,#904,#906,#908,#910,#912,#914,#916,#918,#920,#922,#924,#926,#928));
#1885=CARTESIAN_POINT('',(0.0,0.0,0.0));
#1886=DIRECTION('',(0.0,0.0,1.0));
#1887=DIRECTION('',(1.0,0.0,0.0));
#1888= (NAMED_UNIT(#938)LENGTH_UNIT()SI_UNIT(.MILLI.,.METRE.));
#1889=SURFACE_SIDE_STYLE('',(#2826));
#1890=EDGE_LOOP('',(#2827,#2828,#2829,#2830,#2831));
#1891=AXIS2_PLACEMENT_3D('',#2832,#2833,#2834);
#1892=SURFACE_SIDE_STYLE('',(#2835));
#1893=EDGE_LOOP('',(#2836,#2837,#2838,#2839,#2840));
#1894=AXIS2_PLACEMENT_3D('',#2841,#2842,#2843);
#1895=SURFACE_SIDE_STYLE('',(#2844));
#1896=EDGE_LOOP('',(#2845,#2846,#2847,#2848,#2849));
#1897=AXIS2_PLACEMENT_3D('',#2850,#2851,#2852);
#1898=SURFACE_SIDE_STYLE('',(#2853));
#1899=EDGE_LOOP('',(#2854,#2855,#2856,#2857,#2858));
#1900=AXIS2_PLACEMENT_3D('',#2859,#2860,#2861);
#1901=SURFACE_SIDE_STYLE('',(#2862));
#1902=EDGE_LOOP('',(#2863,#2864,#2865,#2866,#2867));
#1903=AXIS2_PLACEMENT_3D('',#2868,#2869,#2870);
#1904=SURFACE_SIDE_STYLE('',(#2871));
#1905=EDGE_LOOP('',(#2872,#2873,#2874,#2875,#2876));
#1906=AXIS2_PLACEMENT_3D('',#2877,#2878,#2879);
#1907=SURFACE_SIDE_STYLE('',(#2880));
#1908=EDGE_LOOP('',(#2881,#2882,#2883,#2884,#2885));
#1909=AXIS2_PLACEMENT_3D('',#2886,#2887,#2888);
#1910=SURFACE_SIDE_STYLE('',(#2889));
#1911=EDGE_LOOP('',(#2890,#2891,#2892,#2893,#2894));
#1912=AXIS2_PLACEMENT_3D('',#2895,#2896,#2897);
#1913=SURFACE_SIDE_STYLE('',(#2898));
#1914=EDGE_LOOP('',(#2899,#2900,#2901,#2902,#2903));
#1915=AXIS2_PLACEMENT_3D('',#2904,#2905,#2906);
#1916=SURFACE_SIDE_STYLE('',(#2907));
#1917=EDGE_LOOP('',(#2908,#2909,#2910,#2911,#2912));
#1918=AXIS2_PLACEMENT_3D('',#2913,#2914,#2915);
#1919=SURFACE_SIDE_STYLE('',(#2916));
#1920=EDGE_LOOP('',(#2917,#2918,#2919,#2920,#2921));
#1921=AXIS2_PLACEMENT_3D('',#2922,#2923,#2924);
#1922=SURFACE_SIDE_STYLE('',(#2925));
#1923=EDGE_LOOP('',(#2926,#2927,#2928,#2929,#2930));
#1924=AXIS2_PLACEMENT_3D('',#2931,#2932,#2933);
#1925=SURFACE_SIDE_STYLE('',(#2934));
#1926=EDGE_LOOP('',(#2935,#2936,#2937,#2938));
#1927=AXIS2_PLACEMENT_3D('',#2939,#2940,#2941);
#1928=SURFACE_SIDE_STYLE('',(#2942));
#1929=EDGE_LOOP('',(#2943,#2944,#2945,#2946,#2947));
#1930=AXIS2_PLACEMENT_3D('',#2948,#2949,#2950);
#1931=SURFACE_SIDE_STYLE('',(#2951));
#1932=EDGE_LOOP('',(#2952,#2953,#2954,#2955,#2956,#2957));
#1933=AXIS2_PLACEMENT_3D('',#2958,#2959,#2960);
#1934=SURFACE_SIDE_STYLE('',(#2961));
#1935=EDGE_LOOP('',(#2962,#2963,#2964,#2965));
#1936=AXIS2_PLACEMENT_3D('',#2966,#2967,#2968);
#1937=SURFACE_SIDE_STYLE('',(#2969));
#1938=EDGE_LOOP('',(#2970,#2971,#2972,#2973));
#1939=AXIS2_PLACEMENT_3D('',#2974,#2975,#2976);
#1940=SURFACE_SIDE_STYLE('',(#2977));
#1941=EDGE_LOOP('',(#2978,#2979,#2980,#2981));
#1942=AXIS2_PLACEMENT_3D('',#2982,#2983,#2984);
#1943=SURFACE_SIDE_STYLE('',(#2985));
#1944=EDGE_LOOP('',(#2986,#2987,#2988,#2989,#2990));
#1945=AXIS2_PLACEMENT_3D('',#2991,#2992,#2993);
#1946=SURFACE_SIDE_STYLE('',(#2994));
#1947=EDGE_LOOP('',(#2995,#2996,#2997,#2998,#2999,#3000));
#1948=AXIS2_PLACEMENT_3D('',#3001,#3002,#3003);
#1949=SURFACE_SIDE_STYLE('',(#3004));
#1950=EDGE_LOOP('',(#3005,#3006,#3007,#3008));
#1951=AXIS2_PLACEMENT_3D('',#3009,#3010,#3011);
#1952=SURFACE_SIDE_STYLE('',(#3012));
#1953=EDGE_LOOP('',(#3013,#3014,#3015,#3016));
#1954=AXIS2_PLACEMENT_3D('',#3017,#3018,#3019);
#1955=SURFACE_SIDE_STYLE('',(#3020));
#1956=EDGE_LOOP('',(#3021,#3022,#3023,#3024));
#1957=AXIS2_PLACEMENT_3D('',#3025,#3026,#3027);
#1958=SURFACE_SIDE_STYLE('',(#3028));
#1959=EDGE_LOOP('',(#3029,#3030,#3031,#3032,#3033));
#1960=AXIS2_PLACEMENT_3D('',#3034,#3035,#3036);
#1961=SURFACE_SIDE_STYLE('',(#3037));
#1962=EDGE_LOOP('',(#3038,#3039,#3040,#3041,#3042,#3043));
#1963=AXIS2_PLACEMENT_3D('',#3044,#3045,#3046);
#1964=SURFACE_SIDE_STYLE('',(#3047));
#1965=EDGE_LOOP('',(#3048,#3049,#3050,#3051));
#1966=AXIS2_PLACEMENT_3D('',#3052,#3053,#3054);
#1967=SURFACE_SIDE_STYLE('',(#3055));
#1968=EDGE_LOOP('',(#3056,#3057,#3058,#3059));
#1969=AXIS2_PLACEMENT_3D('',#3060,#3061,#3062);
#1970=SURFACE_SIDE_STYLE('',(#3063));
#1971=EDGE_LOOP('',(#3064,#3065,#3066,#3067));
#1972=AXIS2_PLACEMENT_3D('',#3068,#3069,#3070);
#1973=SURFACE_SIDE_STYLE('',(#3071));
#1974=EDGE_LOOP('',(#3072,#3073,#3074,#3075,#3076));
#1975=AXIS2_PLACEMENT_3D('',#3077,#3078,#3079);
#1976=SURFACE_SIDE_STYLE('',(#3080));
#1977=EDGE_LOOP('',(#3081,#3082,#3083,#3084,#3085,#3086));
#1978=AXIS2_PLACEMENT_3D('',#3087,#3088,#3089);
#1979=SURFACE_SIDE_STYLE('',(#3090));
#1980=EDGE_LOOP('',(#3091,#3092,#3093,#3094));
#1981=AXIS2_PLACEMENT_3D('',#3095,#3096,#3097);
#1982=SURFACE_SIDE_STYLE('',(#3098));
#1983=EDGE_LOOP('',(#3099,#3100,#3101,#3102));
#1984=AXIS2_PLACEMENT_3D('',#3103,#3104,#3105);
#1985=SURFACE_SIDE_STYLE('',(#3106));
#1986=EDGE_LOOP('',(#3107,#3108,#3109,#3110));
#1987=AXIS2_PLACEMENT_3D('',#3111,#3112,#3113);
#1988=SURFACE_SIDE_STYLE('',(#3114));
#1989=EDGE_LOOP('',(#3115,#3116,#3117,#3118,#3119));
#1990=AXIS2_PLACEMENT_3D('',#3120,#3121,#3122);
#1991=SURFACE_SIDE_STYLE('',(#3123));
#1992=EDGE_LOOP('',(#3124,#3125,#3126,#3127,#3128,#3129));
#1993=AXIS2_PLACEMENT_3D('',#3130,#3131,#3132);
#1994=SURFACE_SIDE_STYLE('',(#3133));
#1995=EDGE_LOOP('',(#3134,#3135,#3136,#3137));
#1996=AXIS2_PLACEMENT_3D('',#3138,#3139,#3140);
#1997=SURFACE_SIDE_STYLE('',(#3141));
#1998=EDGE_LOOP('',(#3142,#3143,#3144,#3145));
#1999=AXIS2_PLACEMENT_3D('',#3146,#3147,#3148);
#2000=SURFACE_SIDE_STYLE('',(#3149));
#2001=EDGE_LOOP('',(#3150,#3151,#3152,#3153));
#2002=AXIS2_PLACEMENT_3D('',#3154,#3155,#3156);
#2003=SURFACE_SIDE_STYLE('',(#3157));
#2004=EDGE_LOOP('',(#3158,#3159,#3160,#3161,#3162));
#2005=AXIS2_PLACEMENT_3D('',#3163,#3164,#3165);
#2006=SURFACE_SIDE_STYLE('',(#3166));
#2007=EDGE_LOOP('',(#3167,#3168,#3169,#3170,#3171,#3172));
#2008=AXIS2_PLACEMENT_3D('',#3173,#3174,#3175);
#2009=SURFACE_SIDE_STYLE('',(#3176));
#2010=EDGE_LOOP('',(#3177,#3178,#3179,#3180));
#2011=AXIS2_PLACEMENT_3D('',#3181,#3182,#3183);
#2012=SURFACE_SIDE_STYLE('',(#3184));
#2013=EDGE_LOOP('',(#3185,#3186,#3187,#3188));
#2014=AXIS2_PLACEMENT_3D('',#3189,#3190,#3191);
#2015=SURFACE_SIDE_STYLE('',(#3192));
#2016=EDGE_LOOP('',(#3193,#3194,#3195,#3196,#3197));
#2017=AXIS2_PLACEMENT_3D('',#3198,#3199,#3200);
#2018=SURFACE_SIDE_STYLE('',(#3201));
#2019=EDGE_LOOP('',(#3202,#3203,#3204,#3205,#3206));
#2020=AXIS2_PLACEMENT_3D('',#3207,#3208,#3209);
#2021=SURFACE_SIDE_STYLE('',(#3210));
#2022=EDGE_LOOP('',(#3211,#3212,#3213,#3214));
#2023=AXIS2_PLACEMENT_3D('',#3215,#3216,#3217);
#2024=SURFACE_SIDE_STYLE('',(#3218));
#2025=EDGE_LOOP('',(#3219,#3220,#3221,#3222));
#2026=AXIS2_PLACEMENT_3D('',#3223,#3224,#3225);
#2027=SURFACE_SIDE_STYLE('',(#3226));
#2028=EDGE_LOOP('',(#3227,#3228,#3229));
#2029=AXIS2_PLACEMENT_3D('',#3230,#3231,#3232);
#2030=SURFACE_SIDE_STYLE('',(#3233));
#2031=EDGE_LOOP('',(#3234,#3235,#3236,#3237));
#2032=AXIS2_PLACEMENT_3D('',#3238,#3239,#3240);
#2033=SURFACE_SIDE_STYLE('',(#3241));
#2034=EDGE_LOOP('',(#3242,#3243,#3244,#3245));
#2035=AXIS2_PLACEMENT_3D('',#3246,#3247,#3248);
#2036=SURFACE_SIDE_STYLE('',(#3249));
#2037=EDGE_LOOP('',(#3250,#3251,#3252,#3253));
#2038=AXIS2_PLACEMENT_3D('',#3254,#3255,#3256);
#2039=SURFACE_SIDE_STYLE('',(#3257));
#2040=EDGE_LOOP('',(#3258,#3259,#3260,#3261));
#2041=AXIS2_PLACEMENT_3D('',#3262,#3263,#3264);
#2042=SURFACE_SIDE_STYLE('',(#3265));
#2043=EDGE_LOOP('',(#3266,#3267,#3268,#3269));
#2044=AXIS2_PLACEMENT_3D('',#3270,#3271,#3272);
#2045=SURFACE_SIDE_STYLE('',(#3273));
#2046=EDGE_LOOP('',(#3274,#3275,#3276,#3277,#3278));
#2047=AXIS2_PLACEMENT_3D('',#3279,#3280,#3281);
#2048=SURFACE_SIDE_STYLE('',(#3282));
#2049=EDGE_LOOP('',(#3283,#3284,#3285,#3286,#3287));
#2050=AXIS2_PLACEMENT_3D('',#3288,#3289,#3290);
#2051=SURFACE_SIDE_STYLE('',(#3291));
#2052=EDGE_LOOP('',(#3292,#3293,#3294,#3295,#3296));
#2053=AXIS2_PLACEMENT_3D('',#3297,#3298,#3299);
#2054=SURFACE_SIDE_STYLE('',(#3300));
#2055=EDGE_LOOP('',(#3301,#3302,#3303,#3304));
#2056=AXIS2_PLACEMENT_3D('',#3305,#3306,#3307);
#2057=SURFACE_SIDE_STYLE('',(#3308));
#2058=EDGE_LOOP('',(#3309,#3310,#3311,#3312));
#2059=AXIS2_PLACEMENT_3D('',#3313,#3314,#3315);
#2060=SURFACE_SIDE_STYLE('',(#3316));
#2061=EDGE_LOOP('',(#3317,#3318,#3319));
#2062=AXIS2_PLACEMENT_3D('',#3320,#3321,#3322);
#2063=SURFACE_SIDE_STYLE('',(#3323));
#2064=EDGE_LOOP('',(#3324,#3325,#3326,#3327));
#2065=AXIS2_PLACEMENT_3D('',#3328,#3329,#3330);
#2066=SURFACE_SIDE_STYLE('',(#3331));
#2067=EDGE_LOOP('',(#3332,#3333,#3334,#3335));
#2068=AXIS2_PLACEMENT_3D('',#3336,#3337,#3338);
#2069=SURFACE_SIDE_STYLE('',(#3339));
#2070=EDGE_LOOP('',(#3340,#3341,#3342,#3343));
#2071=AXIS2_PLACEMENT_3D('',#3344,#3345,#3346);
#2072=SURFACE_SIDE_STYLE('',(#3347));
#2073=EDGE_LOOP('',(#3348,#3349,#3350,#3351));
#2074=AXIS2_PLACEMENT_3D('',#3352,#3353,#3354);
#2075=SURFACE_SIDE_STYLE('',(#3355));
#2076=EDGE_LOOP('',(#3356,#3357,#3358,#3359));
#2077=AXIS2_PLACEMENT_3D('',#3360,#3361,#3362);
#2078=SURFACE_SIDE_STYLE('',(#3363));
#2079=EDGE_LOOP('',(#3364,#3365,#3366,#3367,#3368));
#2080=AXIS2_PLACEMENT_3D('',#3369,#3370,#3371);
#2081=SURFACE_SIDE_STYLE('',(#3372));
#2082=EDGE_LOOP('',(#3373,#3374,#3375,#3376,#3377));
#2083=AXIS2_PLACEMENT_3D('',#3378,#3379,#3380);
#2084=SURFACE_SIDE_STYLE('',(#3381));
#2085=EDGE_LOOP('',(#3382,#3383,#3384,#3385,#3386));
#2086=AXIS2_PLACEMENT_3D('',#3387,#3388,#3389);
#2087=SURFACE_SIDE_STYLE('',(#3390));
#2088=EDGE_LOOP('',(#3391,#3392,#3393,#3394));
#2089=AXIS2_PLACEMENT_3D('',#3395,#3396,#3397);
#2090=SURFACE_SIDE_STYLE('',(#3398));
#2091=EDGE_LOOP('',(#3399,#3400,#3401,#3402));
#2092=AXIS2_PLACEMENT_3D('',#3403,#3404,#3405);
#2093=SURFACE_SIDE_STYLE('',(#3406));
#2094=EDGE_LOOP('',(#3407,#3408,#3409));
#2095=AXIS2_PLACEMENT_3D('',#3410,#3411,#3412);
#2096=SURFACE_SIDE_STYLE('',(#3413));
#2097=EDGE_LOOP('',(#3414,#3415,#3416,#3417));
#2098=AXIS2_PLACEMENT_3D('',#3418,#3419,#3420);
#2099=SURFACE_SIDE_STYLE('',(#3421));
#2100=EDGE_LOOP('',(#3422,#3423,#3424,#3425));
#2101=AXIS2_PLACEMENT_3D('',#3426,#3427,#3428);
#2102=SURFACE_SIDE_STYLE('',(#3429));
#2103=EDGE_LOOP('',(#3430,#3431,#3432,#3433));
#2104=AXIS2_PLACEMENT_3D('',#3434,#3435,#3436);
#2105=SURFACE_SIDE_STYLE('',(#3437));
#2106=EDGE_LOOP('',(#3438,#3439,#3440,#3441));
#2107=AXIS2_PLACEMENT_3D('',#3442,#3443,#3444);
#2108=SURFACE_SIDE_STYLE('',(#3445));
#2109=EDGE_LOOP('',(#3446,#3447,#3448,#3449));
#2110=AXIS2_PLACEMENT_3D('',#3450,#3451,#3452);
#2111=SURFACE_SIDE_STYLE('',(#3453));
#2112=EDGE_LOOP('',(#3454,#3455,#3456,#3457,#3458));
#2113=AXIS2_PLACEMENT_3D('',#3459,#3460,#3461);
#2114=SURFACE_SIDE_STYLE('',(#3462));
#2115=EDGE_LOOP('',(#3463,#3464,#3465,#3466,#3467));
#2116=AXIS2_PLACEMENT_3D('',#3468,#3469,#3470);
#2117=SURFACE_SIDE_STYLE('',(#3471));
#2118=EDGE_LOOP('',(#3472,#3473,#3474,#3475,#3476));
#2119=AXIS2_PLACEMENT_3D('',#3477,#3478,#3479);
#2120=SURFACE_SIDE_STYLE('',(#3480));
#2121=EDGE_LOOP('',(#3481,#3482,#3483,#3484));
#2122=AXIS2_PLACEMENT_3D('',#3485,#3486,#3487);
#2123=SURFACE_SIDE_STYLE('',(#3488));
#2124=EDGE_LOOP('',(#3489,#3490,#3491,#3492));
#2125=AXIS2_PLACEMENT_3D('',#3493,#3494,#3495);
#2126=SURFACE_SIDE_STYLE('',(#3496));
#2127=EDGE_LOOP('',(#3497,#3498,#3499));
#2128=AXIS2_PLACEMENT_3D('',#3500,#3501,#3502);
#2129=SURFACE_SIDE_STYLE('',(#3503));
#2130=EDGE_LOOP('',(#3504,#3505,#3506,#3507));
#2131=AXIS2_PLACEMENT_3D('',#3508,#3509,#3510);
#2132=SURFACE_SIDE_STYLE('',(#3511));
#2133=EDGE_LOOP('',(#3512,#3513,#3514,#3515));
#2134=AXIS2_PLACEMENT_3D('',#3516,#3517,#3518);
#2135=SURFACE_SIDE_STYLE('',(#3519));
#2136=EDGE_LOOP('',(#3520,#3521,#3522,#3523));
#2137=AXIS2_PLACEMENT_3D('',#3524,#3525,#3526);
#2138=SURFACE_SIDE_STYLE('',(#3527));
#2139=EDGE_LOOP('',(#3528,#3529,#3530,#3531));
#2140=AXIS2_PLACEMENT_3D('',#3532,#3533,#3534);
#2141=SURFACE_SIDE_STYLE('',(#3535));
#2142=EDGE_LOOP('',(#3536,#3537,#3538,#3539));
#2143=AXIS2_PLACEMENT_3D('',#3540,#3541,#3542);
#2144=SURFACE_SIDE_STYLE('',(#3543));
#2145=EDGE_LOOP('',(#3544,#3545,#3546,#3547,#3548));
#2146=AXIS2_PLACEMENT_3D('',#3549,#3550,#3551);
#2147=SURFACE_SIDE_STYLE('',(#3552));
#2148=EDGE_LOOP('',(#3553,#3554,#3555,#3556,#3557));
#2149=AXIS2_PLACEMENT_3D('',#3558,#3559,#3560);
#2150=SURFACE_SIDE_STYLE('',(#3561));
#2151=EDGE_LOOP('',(#3562,#3563,#3564,#3565,#3566));
#2152=AXIS2_PLACEMENT_3D('',#3567,#3568,#3569);
#2153=SURFACE_SIDE_STYLE('',(#3570));
#2154=EDGE_LOOP('',(#3571,#3572,#3573,#3574));
#2155=AXIS2_PLACEMENT_3D('',#3575,#3576,#3577);
#2156=SURFACE_SIDE_STYLE('',(#3578));
#2157=EDGE_LOOP('',(#3579,#3580,#3581,#3582));
#2158=AXIS2_PLACEMENT_3D('',#3583,#3584,#3585);
#2159=SURFACE_SIDE_STYLE('',(#3586));
#2160=EDGE_LOOP('',(#3587,#3588,#3589));
#2161=AXIS2_PLACEMENT_3D('',#3590,#3591,#3592);
#2162=SURFACE_SIDE_STYLE('',(#3593));
#2163=EDGE_LOOP('',(#3594,#3595,#3596,#3597));
#2164=AXIS2_PLACEMENT_3D('',#3598,#3599,#3600);
#2165=SURFACE_SIDE_STYLE('',(#3601));
#2166=EDGE_LOOP('',(#3602,#3603,#3604,#3605));
#2167=AXIS2_PLACEMENT_3D('',#3606,#3607,#3608);
#2168=SURFACE_SIDE_STYLE('',(#3609));
#2169=EDGE_LOOP('',(#3610,#3611,#3612,#3613));
#2170=AXIS2_PLACEMENT_3D('',#3614,#3615,#3616);
#2171=SURFACE_SIDE_STYLE('',(#3617));
#2172=EDGE_LOOP('',(#3618,#3619,#3620,#3621));
#2173=AXIS2_PLACEMENT_3D('',#3622,#3623,#3624);
#2174=SURFACE_SIDE_STYLE('',(#3625));
#2175=EDGE_LOOP('',(#3626,#3627,#3628,#3629));
#2176=AXIS2_PLACEMENT_3D('',#3630,#3631,#3632);
#2177=SURFACE_SIDE_STYLE('',(#3633));
#2178=EDGE_LOOP('',(#3634,#3635,#3636,#3637,#3638));
#2179=AXIS2_PLACEMENT_3D('',#3639,#3640,#3641);
#2180=SURFACE_SIDE_STYLE('',(#3642));
#2181=EDGE_LOOP('',(#3643,#3644,#3645,#3646,#3647));
#2182=AXIS2_PLACEMENT_3D('',#3648,#3649,#3650);
#2183=SURFACE_SIDE_STYLE('',(#3651));
#2184=EDGE_LOOP('',(#3652,#3653,#3654,#3655,#3656));
#2185=AXIS2_PLACEMENT_3D('',#3657,#3658,#3659);
#2186=SURFACE_SIDE_STYLE('',(#3660));
#2187=EDGE_LOOP('',(#3661,#3662,#3663,#3664));
#2188=AXIS2_PLACEMENT_3D('',#3665,#3666,#3667);
#2189=SURFACE_SIDE_STYLE('',(#3668));
#2190=EDGE_LOOP('',(#3669,#3670,#3671,#3672));
#2191=AXIS2_PLACEMENT_3D('',#3673,#3674,#3675);
#2192=SURFACE_SIDE_STYLE('',(#3676));
#2193=EDGE_LOOP('',(#3677,#3678,#3679));
#2194=AXIS2_PLACEMENT_3D('',#3680,#3681,#3682);
#2195=SURFACE_SIDE_STYLE('',(#3683));
#2196=EDGE_LOOP('',(#3684,#3685,#3686,#3687));
#2197=AXIS2_PLACEMENT_3D('',#3688,#3689,#3690);
#2198=SURFACE_SIDE_STYLE('',(#3691));
#2199=EDGE_LOOP('',(#3692,#3693,#3694,#3695));
#2200=AXIS2_PLACEMENT_3D('',#3696,#3697,#3698);
#2201=SURFACE_SIDE_STYLE('',(#3699));
#2202=EDGE_LOOP('',(#3700,#3701,#3702,#3703));
#2203=AXIS2_PLACEMENT_3D('',#3704,#3705,#3706);
#2204=SURFACE_SIDE_STYLE('',(#3707));
#2205=EDGE_LOOP('',(#3708,#3709,#3710,#3711));
#2206=AXIS2_PLACEMENT_3D('',#3712,#3713,#3714);
#2207=SURFACE_SIDE_STYLE('',(#3715));
#2208=EDGE_LOOP('',(#3716,#3717,#3718,#3719));
#2209=AXIS2_PLACEMENT_3D('',#3720,#3721,#3722);
#2210=SURFACE_SIDE_STYLE('',(#3723));
#2211=EDGE_LOOP('',(#3724,#3725,#3726,#3727,#3728));
#2212=AXIS2_PLACEMENT_3D('',#3729,#3730,#3731);
#2213=SURFACE_SIDE_STYLE('',(#3732));
#2214=EDGE_LOOP('',(#3733,#3734,#3735,#3736,#3737));
#2215=AXIS2_PLACEMENT_3D('',#3738,#3739,#3740);
#2216=SURFACE_SIDE_STYLE('',(#3741));
#2217=EDGE_LOOP('',(#3742,#3743,#3744,#3745));
#2218=AXIS2_PLACEMENT_3D('',#3746,#3747,#3748);
#2219=SURFACE_SIDE_STYLE('',(#3749));
#2220=EDGE_LOOP('',(#3750,#3751,#3752,#3753));
#2221=AXIS2_PLACEMENT_3D('',#3754,#3755,#3756);
#2222=SURFACE_SIDE_STYLE('',(#3757));
#2223=EDGE_LOOP('',(#3758,#3759));
#2224=EDGE_LOOP('',(#3760,#3761));
#2225=AXIS2_PLACEMENT_3D('',#3762,#3763,#3764);
#2226=SURFACE_SIDE_STYLE('',(#3765));
#2227=EDGE_LOOP('',(#3766,#3767,#3768,#3769));
#2228=AXIS2_PLACEMENT_3D('',#3770,#3771,#3772);
#2229=SURFACE_SIDE_STYLE('',(#3773));
#2230=EDGE_LOOP('',(#3774,#3775,#3776,#3777));
#2231=AXIS2_PLACEMENT_3D('',#3778,#3779,#3780);
#2232=SURFACE_SIDE_STYLE('',(#3781));
#2233=EDGE_LOOP('',(#3782,#3783,#3784,#3785));
#2234=AXIS2_PLACEMENT_3D('',#3786,#3787,#3788);
#2235=SURFACE_SIDE_STYLE('',(#3789));
#2236=EDGE_LOOP('',(#3790,#3791,#3792));
#2237=AXIS2_PLACEMENT_3D('',#3793,#3794,#3795);
#2238=SURFACE_SIDE_STYLE('',(#3796));
#2239=EDGE_LOOP('',(#3797,#3798,#3799,#3800));
#2240=AXIS2_PLACEMENT_3D('',#3801,#3802,#3803);
#2241=SURFACE_SIDE_STYLE('',(#3804));
#2242=EDGE_LOOP('',(#3805,#3806,#3807,#3808));
#2243=AXIS2_PLACEMENT_3D('',#3809,#3810,#3811);
#2244=SURFACE_SIDE_STYLE('',(#3812));
#2245=EDGE_LOOP('',(#3813,#3814,#3815,#3816,#3817));
#2246=AXIS2_PLACEMENT_3D('',#3818,#3819,#3820);
#2247=SURFACE_SIDE_STYLE('',(#3821));
#2248=EDGE_LOOP('',(#3822,#3823,#3824,#3825,#3826));
#2249=AXIS2_PLACEMENT_3D('',#3827,#3828,#3829);
#2250=SURFACE_SIDE_STYLE('',(#3830));
#2251=EDGE_LOOP('',(#3831,#3832,#3833,#3834,#3835));
#2252=AXIS2_PLACEMENT_3D('',#3836,#3837,#3838);
#2253=SURFACE_SIDE_STYLE('',(#3839));
#2254=EDGE_LOOP('',(#3840,#3841,#3842,#3843));
#2255=AXIS2_PLACEMENT_3D('',#3844,#3845,#3846);
#2256=SURFACE_SIDE_STYLE('',(#3847));
#2257=EDGE_LOOP('',(#3848,#3849,#3850,#3851));
#2258=AXIS2_PLACEMENT_3D('',#3852,#3853,#3854);
#2259=SURFACE_SIDE_STYLE('',(#3855));
#2260=EDGE_LOOP('',(#3856,#3857));
#2261=EDGE_LOOP('',(#3858,#3859));
#2262=AXIS2_PLACEMENT_3D('',#3860,#3861,#3862);
#2263=SURFACE_SIDE_STYLE('',(#3863));
#2264=EDGE_LOOP('',(#3864,#3865,#3866,#3867));
#2265=AXIS2_PLACEMENT_3D('',#3868,#3869,#3870);
#2266=SURFACE_SIDE_STYLE('',(#3871));
#2267=EDGE_LOOP('',(#3872,#3873,#3874,#3875));
#2268=AXIS2_PLACEMENT_3D('',#3876,#3877,#3878);
#2269=SURFACE_SIDE_STYLE('',(#3879));
#2270=EDGE_LOOP('',(#3880,#3881,#3882,#3883));
#2271=AXIS2_PLACEMENT_3D('',#3884,#3885,#3886);
#2272=SURFACE_SIDE_STYLE('',(#3887));
#2273=EDGE_LOOP('',(#3888,#3889,#3890));
#2274=AXIS2_PLACEMENT_3D('',#3891,#3892,#3893);
#2275=SURFACE_SIDE_STYLE('',(#3894));
#2276=EDGE_LOOP('',(#3895,#3896,#3897,#3898));
#2277=AXIS2_PLACEMENT_3D('',#3899,#3900,#3901);
#2278=SURFACE_SIDE_STYLE('',(#3902));
#2279=EDGE_LOOP('',(#3903,#3904,#3905,#3906));
#2280=AXIS2_PLACEMENT_3D('',#3907,#3908,#3909);
#2281=SURFACE_SIDE_STYLE('',(#3910));
#2282=EDGE_LOOP('',(#3911,#3912,#3913,#3914,#3915));
#2283=AXIS2_PLACEMENT_3D('',#3916,#3917,#3918);
#2284=SURFACE_SIDE_STYLE('',(#3919));
#2285=EDGE_LOOP('',(#3920,#3921,#3922,#3923,#3924));
#2286=AXIS2_PLACEMENT_3D('',#3925,#3926,#3927);
#2287=SURFACE_SIDE_STYLE('',(#3928));
#2288=EDGE_LOOP('',(#3929,#3930,#3931,#3932,#3933));
#2289=AXIS2_PLACEMENT_3D('',#3934,#3935,#3936);
#2290=SURFACE_SIDE_STYLE('',(#3937));
#2291=EDGE_LOOP('',(#3938,#3939,#3940,#3941));
#2292=AXIS2_PLACEMENT_3D('',#3942,#3943,#3944);
#2293=SURFACE_SIDE_STYLE('',(#3945));
#2294=EDGE_LOOP('',(#3946,#3947,#3948,#3949));
#2295=AXIS2_PLACEMENT_3D('',#3950,#3951,#3952);
#2296=SURFACE_SIDE_STYLE('',(#3953));
#2297=EDGE_LOOP('',(#3954,#3955));
#2298=EDGE_LOOP('',(#3956,#3957));
#2299=AXIS2_PLACEMENT_3D('',#3958,#3959,#3960);
#2300=SURFACE_SIDE_STYLE('',(#3961));
#2301=EDGE_LOOP('',(#3962,#3963,#3964,#3965));
#2302=AXIS2_PLACEMENT_3D('',#3966,#3967,#3968);
#2303=SURFACE_SIDE_STYLE('',(#3969));
#2304=EDGE_LOOP('',(#3970,#3971,#3972,#3973));
#2305=AXIS2_PLACEMENT_3D('',#3974,#3975,#3976);
#2306=SURFACE_SIDE_STYLE('',(#3977));
#2307=EDGE_LOOP('',(#3978,#3979,#3980,#3981));
#2308=AXIS2_PLACEMENT_3D('',#3982,#3983,#3984);
#2309=SURFACE_SIDE_STYLE('',(#3985));
#2310=EDGE_LOOP('',(#3986,#3987,#3988));
#2311=AXIS2_PLACEMENT_3D('',#3989,#3990,#3991);
#2312=SURFACE_SIDE_STYLE('',(#3992));
#2313=EDGE_LOOP('',(#3993,#3994,#3995,#3996));
#2314=AXIS2_PLACEMENT_3D('',#3997,#3998,#3999);
#2315=SURFACE_SIDE_STYLE('',(#4000));
#2316=EDGE_LOOP('',(#4001,#4002,#4003,#4004));
#2317=AXIS2_PLACEMENT_3D('',#4005,#4006,#4007);
#2318=SURFACE_SIDE_STYLE('',(#4008));
#2319=EDGE_LOOP('',(#4009,#4010,#4011,#4012,#4013));
#2320=AXIS2_PLACEMENT_3D('',#4014,#4015,#4016);
#2321=SURFACE_SIDE_STYLE('',(#4017));
#2322=EDGE_LOOP('',(#4018,#4019,#4020,#4021,#4022));
#2323=AXIS2_PLACEMENT_3D('',#4023,#4024,#4025);
#2324=SURFACE_SIDE_STYLE('',(#4026));
#2325=EDGE_LOOP('',(#4027,#4028,#4029,#4030,#4031));
#2326=AXIS2_PLACEMENT_3D('',#4032,#4033,#4034);
#2327=SURFACE_SIDE_STYLE('',(#4035));
#2328=EDGE_LOOP('',(#4036,#4037,#4038,#4039));
#2329=AXIS2_PLACEMENT_3D('',#4040,#4041,#4042);
#2330=SURFACE_SIDE_STYLE('',(#4043));
#2331=EDGE_LOOP('',(#4044,#4045,#4046,#4047));
#2332=AXIS2_PLACEMENT_3D('',#4048,#4049,#4050);
#2333=SURFACE_SIDE_STYLE('',(#4051));
#2334=EDGE_LOOP('',(#4052,#4053));
#2335=EDGE_LOOP('',(#4054,#4055));
#2336=AXIS2_PLACEMENT_3D('',#4056,#4057,#4058);
#2337=SURFACE_SIDE_STYLE('',(#4059));
#2338=EDGE_LOOP('',(#4060,#4061,#4062,#4063));
#2339=AXIS2_PLACEMENT_3D('',#4064,#4065,#4066);
#2340=SURFACE_SIDE_STYLE('',(#4067));
#2341=EDGE_LOOP('',(#4068,#4069,#4070,#4071));
#2342=AXIS2_PLACEMENT_3D('',#4072,#4073,#4074);
#2343=SURFACE_SIDE_STYLE('',(#4075));
#2344=EDGE_LOOP('',(#4076,#4077,#4078,#4079));
#2345=AXIS2_PLACEMENT_3D('',#4080,#4081,#4082);
#2346=SURFACE_SIDE_STYLE('',(#4083));
#2347=EDGE_LOOP('',(#4084,#4085,#4086));
#2348=AXIS2_PLACEMENT_3D('',#4087,#4088,#4089);
#2349=SURFACE_SIDE_STYLE('',(#4090));
#2350=EDGE_LOOP('',(#4091,#4092,#4093,#4094));
#2351=AXIS2_PLACEMENT_3D('',#4095,#4096,#4097);
#2352=SURFACE_SIDE_STYLE('',(#4098));
#2353=EDGE_LOOP('',(#4099,#4100,#4101,#4102));
#2354=AXIS2_PLACEMENT_3D('',#4103,#4104,#4105);
#2355=SURFACE_SIDE_STYLE('',(#4106));
#2356=EDGE_LOOP('',(#4107,#4108,#4109,#4110,#4111));
#2357=AXIS2_PLACEMENT_3D('',#4112,#4113,#4114);
#2358=SURFACE_SIDE_STYLE('',(#4115));
#2359=EDGE_LOOP('',(#4116,#4117,#4118,#4119,#4120));
#2360=AXIS2_PLACEMENT_3D('',#4121,#4122,#4123);
#2361=SURFACE_SIDE_STYLE('',(#4124));
#2362=EDGE_LOOP('',(#4125,#4126,#4127,#4128,#4129));
#2363=AXIS2_PLACEMENT_3D('',#4130,#4131,#4132);
#2364=SURFACE_SIDE_STYLE('',(#4133));
#2365=EDGE_LOOP('',(#4134,#4135,#4136,#4137));
#2366=AXIS2_PLACEMENT_3D('',#4138,#4139,#4140);
#2367=SURFACE_SIDE_STYLE('',(#4141));
#2368=EDGE_LOOP('',(#4142,#4143,#4144,#4145));
#2369=AXIS2_PLACEMENT_3D('',#4146,#4147,#4148);
#2370=SURFACE_SIDE_STYLE('',(#4149));
#2371=EDGE_LOOP('',(#4150,#4151));
#2372=EDGE_LOOP('',(#4152,#4153));
#2373=AXIS2_PLACEMENT_3D('',#4154,#4155,#4156);
#2374=SURFACE_SIDE_STYLE('',(#4157));
#2375=EDGE_LOOP('',(#4158,#4159,#4160,#4161));
#2376=AXIS2_PLACEMENT_3D('',#4162,#4163,#4164);
#2377=SURFACE_SIDE_STYLE('',(#4165));
#2378=EDGE_LOOP('',(#4166,#4167,#4168,#4169));
#2379=AXIS2_PLACEMENT_3D('',#4170,#4171,#4172);
#2380=SURFACE_SIDE_STYLE('',(#4173));
#2381=EDGE_LOOP('',(#4174,#4175,#4176,#4177));
#2382=AXIS2_PLACEMENT_3D('',#4178,#4179,#4180);
#2383=SURFACE_SIDE_STYLE('',(#4181));
#2384=EDGE_LOOP('',(#4182,#4183,#4184));
#2385=AXIS2_PLACEMENT_3D('',#4185,#4186,#4187);
#2386=SURFACE_SIDE_STYLE('',(#4188));
#2387=EDGE_LOOP('',(#4189,#4190,#4191,#4192));
#2388=AXIS2_PLACEMENT_3D('',#4193,#4194,#4195);
#2389=SURFACE_SIDE_STYLE('',(#4196));
#2390=EDGE_LOOP('',(#4197,#4198,#4199,#4200));
#2391=AXIS2_PLACEMENT_3D('',#4201,#4202,#4203);
#2392=SURFACE_SIDE_STYLE('',(#4204));
#2393=EDGE_LOOP('',(#4205,#4206,#4207,#4208,#4209));
#2394=AXIS2_PLACEMENT_3D('',#4210,#4211,#4212);
#2395=SURFACE_SIDE_STYLE('',(#4213));
#2396=EDGE_LOOP('',(#4214,#4215,#4216,#4217,#4218));
#2397=AXIS2_PLACEMENT_3D('',#4219,#4220,#4221);
#2398=SURFACE_SIDE_STYLE('',(#4222));
#2399=EDGE_LOOP('',(#4223,#4224,#4225,#4226,#4227));
#2400=AXIS2_PLACEMENT_3D('',#4228,#4229,#4230);
#2401=SURFACE_SIDE_STYLE('',(#4231));
#2402=EDGE_LOOP('',(#4232,#4233,#4234,#4235));
#2403=AXIS2_PLACEMENT_3D('',#4236,#4237,#4238);
#2404=SURFACE_SIDE_STYLE('',(#4239));
#2405=EDGE_LOOP('',(#4240,#4241,#4242,#4243));
#2406=AXIS2_PLACEMENT_3D('',#4244,#4245,#4246);
#2407=SURFACE_SIDE_STYLE('',(#4247));
#2408=EDGE_LOOP('',(#4248,#4249));
#2409=EDGE_LOOP('',(#4250,#4251));
#2410=AXIS2_PLACEMENT_3D('',#4252,#4253,#4254);
#2411=SURFACE_SIDE_STYLE('',(#4255));
#2412=EDGE_LOOP('',(#4256,#4257,#4258,#4259));
#2413=AXIS2_PLACEMENT_3D('',#4260,#4261,#4262);
#2414=SURFACE_SIDE_STYLE('',(#4263));
#2415=EDGE_LOOP('',(#4264,#4265,#4266,#4267));
#2416=AXIS2_PLACEMENT_3D('',#4268,#4269,#4270);
#2417=SURFACE_SIDE_STYLE('',(#4271));
#2418=EDGE_LOOP('',(#4272,#4273,#4274,#4275));
#2419=AXIS2_PLACEMENT_3D('',#4276,#4277,#4278);
#2420=SURFACE_SIDE_STYLE('',(#4279));
#2421=EDGE_LOOP('',(#4280,#4281,#4282));
#2422=AXIS2_PLACEMENT_3D('',#4283,#4284,#4285);
#2423=SURFACE_SIDE_STYLE('',(#4286));
#2424=EDGE_LOOP('',(#4287,#4288,#4289,#4290));
#2425=AXIS2_PLACEMENT_3D('',#4291,#4292,#4293);
#2426=SURFACE_SIDE_STYLE('',(#4294));
#2427=EDGE_LOOP('',(#4295,#4296,#4297,#4298));
#2428=AXIS2_PLACEMENT_3D('',#4299,#4300,#4301);
#2429=SURFACE_SIDE_STYLE('',(#4302));
#2430=EDGE_LOOP('',(#4303,#4304,#4305,#4306,#4307));
#2431=AXIS2_PLACEMENT_3D('',#4308,#4309,#4310);
#2432=SURFACE_SIDE_STYLE('',(#4311));
#2433=EDGE_LOOP('',(#4312,#4313,#4314,#4315,#4316));
#2434=AXIS2_PLACEMENT_3D('',#4317,#4318,#4319);
#2435=SURFACE_SIDE_STYLE('',(#4320));
#2436=EDGE_LOOP('',(#4321,#4322,#4323,#4324));
#2437=AXIS2_PLACEMENT_3D('',#4325,#4326,#4327);
#2438=SURFACE_SIDE_STYLE('',(#4328));
#2439=EDGE_LOOP('',(#4329,#4330,#4331,#4332));
#2440=AXIS2_PLACEMENT_3D('',#4333,#4334,#4335);
#2441=SURFACE_SIDE_STYLE('',(#4336));
#2442=EDGE_LOOP('',(#4337,#4338));
#2443=EDGE_LOOP('',(#4339,#4340));
#2444=AXIS2_PLACEMENT_3D('',#4341,#4342,#4343);
#2445=SURFACE_SIDE_STYLE('',(#4344));
#2446=EDGE_LOOP('',(#4345,#4346,#4347,#4348));
#2447=AXIS2_PLACEMENT_3D('',#4349,#4350,#4351);
#2448=SURFACE_SIDE_STYLE('',(#4352));
#2449=EDGE_LOOP('',(#4353,#4354,#4355,#4356,#4357,#4358));
#2450=AXIS2_PLACEMENT_3D('',#4359,#4360,#4361);
#2451=SURFACE_SIDE_STYLE('',(#4362));
#2452=EDGE_LOOP('',(#4363,#4364,#4365,#4366,#4367,#4368));
#2453=AXIS2_PLACEMENT_3D('',#4369,#4370,#4371);
#2454=SURFACE_SIDE_STYLE('',(#4372));
#2455=EDGE_LOOP('',(#4373,#4374));
#2456=EDGE_LOOP('',(#4375,#4376,#4377));
#2457=AXIS2_PLACEMENT_3D('',#4378,#4379,#4380);
#2458=SURFACE_SIDE_STYLE('',(#4381));
#2459=EDGE_LOOP('',(#4382,#4383,#4384,#4385));
#2460=AXIS2_PLACEMENT_3D('',#4386,#4387,#4388);
#2461=SURFACE_SIDE_STYLE('',(#4389));
#2462=EDGE_LOOP('',(#4390,#4391,#4392,#4393));
#2463=AXIS2_PLACEMENT_3D('',#4394,#4395,#4396);
#2464=SURFACE_SIDE_STYLE('',(#4397));
#2465=EDGE_LOOP('',(#4398,#4399,#4400,#4401));
#2466=AXIS2_PLACEMENT_3D('',#4402,#4403,#4404);
#2467=SURFACE_SIDE_STYLE('',(#4405));
#2468=EDGE_LOOP('',(#4406,#4407));
#2469=EDGE_LOOP('',(#4408,#4409));
#2470=AXIS2_PLACEMENT_3D('',#4410,#4411,#4412);
#2471=SURFACE_SIDE_STYLE('',(#4413));
#2472=EDGE_LOOP('',(#4414,#4415,#4416,#4417));
#2473=AXIS2_PLACEMENT_3D('',#4418,#4419,#4420);
#2474=SURFACE_SIDE_STYLE('',(#4421));
#2475=EDGE_LOOP('',(#4422,#4423,#4424,#4425,#4426,#4427));
#2476=AXIS2_PLACEMENT_3D('',#4428,#4429,#4430);
#2477=SURFACE_SIDE_STYLE('',(#4431));
#2478=EDGE_LOOP('',(#4432,#4433,#4434,#4435,#4436,#4437));
#2479=AXIS2_PLACEMENT_3D('',#4438,#4439,#4440);
#2480=SURFACE_SIDE_STYLE('',(#4441));
#2481=EDGE_LOOP('',(#4442,#4443));
#2482=EDGE_LOOP('',(#4444,#4445,#4446));
#2483=AXIS2_PLACEMENT_3D('',#4447,#4448,#4449);
#2484=SURFACE_SIDE_STYLE('',(#4450));
#2485=EDGE_LOOP('',(#4451,#4452,#4453,#4454));
#2486=AXIS2_PLACEMENT_3D('',#4455,#4456,#4457);
#2487=SURFACE_SIDE_STYLE('',(#4458));
#2488=EDGE_LOOP('',(#4459,#4460,#4461,#4462));
#2489=AXIS2_PLACEMENT_3D('',#4463,#4464,#4465);
#2490=SURFACE_SIDE_STYLE('',(#4466));
#2491=EDGE_LOOP('',(#4467,#4468,#4469,#4470));
#2492=AXIS2_PLACEMENT_3D('',#4471,#4472,#4473);
#2493=SURFACE_SIDE_STYLE('',(#4474));
#2494=EDGE_LOOP('',(#4475,#4476));
#2495=EDGE_LOOP('',(#4477,#4478));
#2496=AXIS2_PLACEMENT_3D('',#4479,#4480,#4481);
#2497=SURFACE_SIDE_STYLE('',(#4482));
#2498=EDGE_LOOP('',(#4483,#4484,#4485,#4486));
#2499=AXIS2_PLACEMENT_3D('',#4487,#4488,#4489);
#2500=SURFACE_SIDE_STYLE('',(#4490));
#2501=EDGE_LOOP('',(#4491,#4492,#4493,#4494,#4495,#4496));
#2502=AXIS2_PLACEMENT_3D('',#4497,#4498,#4499);
#2503=SURFACE_SIDE_STYLE('',(#4500));
#2504=EDGE_LOOP('',(#4501,#4502,#4503,#4504,#4505,#4506));
#2505=AXIS2_PLACEMENT_3D('',#4507,#4508,#4509);
#2506=SURFACE_SIDE_STYLE('',(#4510));
#2507=EDGE_LOOP('',(#4511,#4512));
#2508=EDGE_LOOP('',(#4513,#4514,#4515));
#2509=AXIS2_PLACEMENT_3D('',#4516,#4517,#4518);
#2510=SURFACE_SIDE_STYLE('',(#4519));
#2511=EDGE_LOOP('',(#4520,#4521,#4522,#4523));
#2512=AXIS2_PLACEMENT_3D('',#4524,#4525,#4526);
#2513=SURFACE_SIDE_STYLE('',(#4527));
#2514=EDGE_LOOP('',(#4528,#4529,#4530,#4531));
#2515=AXIS2_PLACEMENT_3D('',#4532,#4533,#4534);
#2516=SURFACE_SIDE_STYLE('',(#4535));
#2517=EDGE_LOOP('',(#4536,#4537,#4538,#4539));
#2518=AXIS2_PLACEMENT_3D('',#4540,#4541,#4542);
#2519=SURFACE_SIDE_STYLE('',(#4543));
#2520=EDGE_LOOP('',(#4544,#4545));
#2521=EDGE_LOOP('',(#4546,#4547));
#2522=AXIS2_PLACEMENT_3D('',#4548,#4549,#4550);
#2523=SURFACE_SIDE_STYLE('',(#4551));
#2524=EDGE_LOOP('',(#4552,#4553,#4554,#4555));
#2525=AXIS2_PLACEMENT_3D('',#4556,#4557,#4558);
#2526=SURFACE_SIDE_STYLE('',(#4559));
#2527=EDGE_LOOP('',(#4560,#4561,#4562,#4563,#4564,#4565));
#2528=AXIS2_PLACEMENT_3D('',#4566,#4567,#4568);
#2529=SURFACE_SIDE_STYLE('',(#4569));
#2530=EDGE_LOOP('',(#4570,#4571,#4572,#4573,#4574,#4575));
#2531=AXIS2_PLACEMENT_3D('',#4576,#4577,#4578);
#2532=SURFACE_SIDE_STYLE('',(#4579));
#2533=EDGE_LOOP('',(#4580,#4581));
#2534=EDGE_LOOP('',(#4582,#4583,#4584));
#2535=AXIS2_PLACEMENT_3D('',#4585,#4586,#4587);
#2536=SURFACE_SIDE_STYLE('',(#4588));
#2537=EDGE_LOOP('',(#4589,#4590,#4591,#4592));
#2538=AXIS2_PLACEMENT_3D('',#4593,#4594,#4595);
#2539=SURFACE_SIDE_STYLE('',(#4596));
#2540=EDGE_LOOP('',(#4597,#4598,#4599,#4600));
#2541=AXIS2_PLACEMENT_3D('',#4601,#4602,#4603);
#2542=SURFACE_SIDE_STYLE('',(#4604));
#2543=EDGE_LOOP('',(#4605,#4606,#4607,#4608));
#2544=AXIS2_PLACEMENT_3D('',#4609,#4610,#4611);
#2545=SURFACE_SIDE_STYLE('',(#4612));
#2546=EDGE_LOOP('',(#4613,#4614));
#2547=EDGE_LOOP('',(#4615,#4616));
#2548=AXIS2_PLACEMENT_3D('',#4617,#4618,#4619);
#2549=SURFACE_SIDE_STYLE('',(#4620));
#2550=EDGE_LOOP('',(#4621,#4622,#4623,#4624));
#2551=AXIS2_PLACEMENT_3D('',#4625,#4626,#4627);
#2552=SURFACE_SIDE_STYLE('',(#4628));
#2553=EDGE_LOOP('',(#4629,#4630,#4631,#4632,#4633,#4634));
#2554=AXIS2_PLACEMENT_3D('',#4635,#4636,#4637);
#2555=SURFACE_SIDE_STYLE('',(#4638));
#2556=EDGE_LOOP('',(#4639,#4640,#4641,#4642,#4643,#4644));
#2557=AXIS2_PLACEMENT_3D('',#4645,#4646,#4647);
#2558=SURFACE_SIDE_STYLE('',(#4648));
#2559=EDGE_LOOP('',(#4649,#4650));
#2560=EDGE_LOOP('',(#4651,#4652,#4653));
#2561=AXIS2_PLACEMENT_3D('',#4654,#4655,#4656);
#2562=SURFACE_SIDE_STYLE('',(#4657));
#2563=EDGE_LOOP('',(#4658,#4659,#4660,#4661));
#2564=AXIS2_PLACEMENT_3D('',#4662,#4663,#4664);
#2565=SURFACE_SIDE_STYLE('',(#4665));
#2566=EDGE_LOOP('',(#4666,#4667,#4668,#4669));
#2567=AXIS2_PLACEMENT_3D('',#4670,#4671,#4672);
#2568=SURFACE_SIDE_STYLE('',(#4673));
#2569=EDGE_LOOP('',(#4674,#4675,#4676,#4677));
#2570=AXIS2_PLACEMENT_3D('',#4678,#4679,#4680);
#2571=SURFACE_SIDE_STYLE('',(#4681));
#2572=EDGE_LOOP('',(#4682,#4683));
#2573=EDGE_LOOP('',(#4684,#4685));
#2574=AXIS2_PLACEMENT_3D('',#4686,#4687,#4688);
#2575=SURFACE_SIDE_STYLE('',(#4689));
#2576=EDGE_LOOP('',(#4690,#4691,#4692,#4693));
#2577=AXIS2_PLACEMENT_3D('',#4694,#4695,#4696);
#2578=SURFACE_SIDE_STYLE('',(#4697));
#2579=EDGE_LOOP('',(#4698,#4699,#4700,#4701,#4702,#4703));
#2580=AXIS2_PLACEMENT_3D('',#4704,#4705,#4706);
#2581=SURFACE_SIDE_STYLE('',(#4707));
#2582=EDGE_LOOP('',(#4708,#4709,#4710,#4711,#4712,#4713));
#2583=AXIS2_PLACEMENT_3D('',#4714,#4715,#4716);
#2584=SURFACE_SIDE_STYLE('',(#4717));
#2585=EDGE_LOOP('',(#4718,#4719));
#2586=EDGE_LOOP('',(#4720,#4721,#4722));
#2587=AXIS2_PLACEMENT_3D('',#4723,#4724,#4725);
#2588=SURFACE_SIDE_STYLE('',(#4726));
#2589=EDGE_LOOP('',(#4727,#4728,#4729,#4730));
#2590=AXIS2_PLACEMENT_3D('',#4731,#4732,#4733);
#2591=SURFACE_SIDE_STYLE('',(#4734));
#2592=EDGE_LOOP('',(#4735,#4736,#4737,#4738));
#2593=AXIS2_PLACEMENT_3D('',#4739,#4740,#4741);
#2594=SURFACE_SIDE_STYLE('',(#4742));
#2595=EDGE_LOOP('',(#4743,#4744,#4745,#4746));
#2596=AXIS2_PLACEMENT_3D('',#4747,#4748,#4749);
#2597=SURFACE_SIDE_STYLE('',(#4750));
#2598=EDGE_LOOP('',(#4751,#4752,#4753,#4754));
#2599=AXIS2_PLACEMENT_3D('',#4755,#4756,#4757);
#2600=SURFACE_SIDE_STYLE('',(#4758));
#2601=EDGE_LOOP('',(#4759,#4760,#4761,#4762));
#2602=AXIS2_PLACEMENT_3D('',#4763,#4764,#4765);
#2603=SURFACE_SIDE_STYLE('',(#4766));
#2604=EDGE_LOOP('',(#4767,#4768,#4769,#4770));
#2605=AXIS2_PLACEMENT_3D('',#4771,#4772,#4773);
#2606=SURFACE_SIDE_STYLE('',(#4774));
#2607=EDGE_LOOP('',(#4775,#4776,#4777,#4778));
#2608=AXIS2_PLACEMENT_3D('',#4779,#4780,#4781);
#2609=SURFACE_SIDE_STYLE('',(#4782));
#2610=EDGE_LOOP('',(#4783,#4784));
#2611=EDGE_LOOP('',(#4785,#4786));
#2612=EDGE_LOOP('',(#4787,#4788));
#2613=EDGE_LOOP('',(#4789,#4790));
#2614=EDGE_LOOP('',(#4791,#4792));
#2615=EDGE_LOOP('',(#4793,#4794));
#2616=EDGE_LOOP('',(#4795,#4796,#4797,#4798,#4799,#4800,#4801,#4802,#4803,#4804,#4805,#4806,#4807,#4808,#4809,#4810,#4811,#4812,#4813,#4814,#4815,#4816,#4817,#4818));
#2617=AXIS2_PLACEMENT_3D('',#4819,#4820,#4821);
#2618=SURFACE_SIDE_STYLE('',(#4822));
#2619=EDGE_LOOP('',(#4823,#4824,#4825,#4826));
#2620=AXIS2_PLACEMENT_3D('',#4827,#4828,#4829);
#2621=SURFACE_SIDE_STYLE('',(#4830));
#2622=EDGE_LOOP('',(#4831,#4832,#4833,#4834));
#2623=AXIS2_PLACEMENT_3D('',#4835,#4836,#4837);
#2624=SURFACE_SIDE_STYLE('',(#4838));
#2625=EDGE_LOOP('',(#4839,#4840,#4841,#4842));
#2626=AXIS2_PLACEMENT_3D('',#4843,#4844,#4845);
#2627=SURFACE_SIDE_STYLE('',(#4846));
#2628=EDGE_LOOP('',(#4847,#4848,#4849,#4850));
#2629=AXIS2_PLACEMENT_3D('',#4851,#4852,#4853);
#2630=SURFACE_SIDE_STYLE('',(#4854));
#2631=EDGE_LOOP('',(#4855,#4856,#4857,#4858));
#2632=AXIS2_PLACEMENT_3D('',#4859,#4860,#4861);
#2633=SURFACE_SIDE_STYLE('',(#4862));
#2634=EDGE_LOOP('',(#4863,#4864,#4865,#4866));
#2635=AXIS2_PLACEMENT_3D('',#4867,#4868,#4869);
#2636=SURFACE_SIDE_STYLE('',(#4870));
#2637=EDGE_LOOP('',(#4871,#4872,#4873,#4874));
#2638=AXIS2_PLACEMENT_3D('',#4875,#4876,#4877);
#2639=SURFACE_SIDE_STYLE('',(#4878));
#2640=EDGE_LOOP('',(#4879,#4880,#4881,#4882));
#2641=AXIS2_PLACEMENT_3D('',#4883,#4884,#4885);
#2642=SURFACE_SIDE_STYLE('',(#4886));
#2643=EDGE_LOOP('',(#4887,#4888,#4889,#4890));
#2644=AXIS2_PLACEMENT_3D('',#4891,#4892,#4893);
#2645=SURFACE_SIDE_STYLE('',(#4894));
#2646=EDGE_LOOP('',(#4895,#4896,#4897,#4898));
#2647=AXIS2_PLACEMENT_3D('',#4899,#4900,#4901);
#2648=SURFACE_SIDE_STYLE('',(#4902));
#2649=EDGE_LOOP('',(#4903,#4904,#4905,#4906));
#2650=AXIS2_PLACEMENT_3D('',#4907,#4908,#4909);
#2651=SURFACE_SIDE_STYLE('',(#4910));
#2652=EDGE_LOOP('',(#4911,#4912,#4913,#4914));
#2653=AXIS2_PLACEMENT_3D('',#4915,#4916,#4917);
#2654=SURFACE_SIDE_STYLE('',(#4918));
#2655=EDGE_LOOP('',(#4919,#4920,#4921,#4922));
#2656=AXIS2_PLACEMENT_3D('',#4923,#4924,#4925);
#2657=SURFACE_SIDE_STYLE('',(#4926));
#2658=EDGE_LOOP('',(#4927,#4928,#4929,#4930));
#2659=AXIS2_PLACEMENT_3D('',#4931,#4932,#4933);
#2660=SURFACE_SIDE_STYLE('',(#4934));
#2661=EDGE_LOOP('',(#4935,#4936,#4937,#4938));
#2662=AXIS2_PLACEMENT_3D('',#4939,#4940,#4941);
#2663=SURFACE_SIDE_STYLE('',(#4942));
#2664=EDGE_LOOP('',(#4943,#4944,#4945,#4946));
#2665=AXIS2_PLACEMENT_3D('',#4947,#4948,#4949);
#2666=SURFACE_SIDE_STYLE('',(#4950));
#2667=EDGE_LOOP('',(#4951,#4952,#4953,#4954));
#2668=AXIS2_PLACEMENT_3D('',#4955,#4956,#4957);
#2669=SURFACE_SIDE_STYLE('',(#4958));
#2670=EDGE_LOOP('',(#4959,#4960,#4961,#4962));
#2671=AXIS2_PLACEMENT_3D('',#4963,#4964,#4965);
#2672=SURFACE_SIDE_STYLE('',(#4966));
#2673=EDGE_LOOP('',(#4967,#4968,#4969,#4970));
#2674=AXIS2_PLACEMENT_3D('',#4971,#4972,#4973);
#2675=SURFACE_SIDE_STYLE('',(#4974));
#2676=EDGE_LOOP('',(#4975,#4976,#4977,#4978));
#2677=AXIS2_PLACEMENT_3D('',#4979,#4980,#4981);
#2678=SURFACE_SIDE_STYLE('',(#4982));
#2679=EDGE_LOOP('',(#4983,#4984,#4985,#4986));
#2680=AXIS2_PLACEMENT_3D('',#4987,#4988,#4989);
#2681=SURFACE_SIDE_STYLE('',(#4990));
#2682=EDGE_LOOP('',(#4991,#4992,#4993,#4994));
#2683=AXIS2_PLACEMENT_3D('',#4995,#4996,#4997);
#2684=SURFACE_SIDE_STYLE('',(#4998));
#2685=EDGE_LOOP('',(#4999,#5000,#5001,#5002));
#2686=AXIS2_PLACEMENT_3D('',#5003,#5004,#5005);
#2687=SURFACE_SIDE_STYLE('',(#5006));
#2688=EDGE_LOOP('',(#5007,#5008,#5009,#5010));
#2689=AXIS2_PLACEMENT_3D('',#5011,#5012,#5013);
#2690=SURFACE_SIDE_STYLE('',(#5014));
#2691=EDGE_LOOP('',(#5015,#5016,#5017,#5018));
#2692=AXIS2_PLACEMENT_3D('',#5019,#5020,#5021);
#2693=SURFACE_SIDE_STYLE('',(#5022));
#2694=EDGE_LOOP('',(#5023,#5024,#5025,#5026,#5027));
#2695=AXIS2_PLACEMENT_3D('',#5028,#5029,#5030);
#2696=SURFACE_SIDE_STYLE('',(#5031));
#2697=EDGE_LOOP('',(#5032,#5033,#5034,#5035,#5036));
#2698=AXIS2_PLACEMENT_3D('',#5037,#5038,#5039);
#2699=SURFACE_SIDE_STYLE('',(#5040));
#2700=EDGE_LOOP('',(#5041,#5042,#5043,#5044));
#2701=AXIS2_PLACEMENT_3D('',#5045,#5046,#5047);
#2702=SURFACE_SIDE_STYLE('',(#5048));
#2703=EDGE_LOOP('',(#5049,#5050,#5051,#5052,#5053));
#2704=AXIS2_PLACEMENT_3D('',#5054,#5055,#5056);
#2705=SURFACE_SIDE_STYLE('',(#5057));
#2706=EDGE_LOOP('',(#5058,#5059,#5060,#5061));
#2707=AXIS2_PLACEMENT_3D('',#5062,#5063,#5064);
#2708=SURFACE_SIDE_STYLE('',(#5065));
#2709=EDGE_LOOP('',(#5066,#5067,#5068,#5069,#5070));
#2710=AXIS2_PLACEMENT_3D('',#5071,#5072,#5073);
#2711=SURFACE_SIDE_STYLE('',(#5074));
#2712=EDGE_LOOP('',(#5075,#5076));
#2713=EDGE_LOOP('',(#5077,#5078));
#2714=EDGE_LOOP('',(#5079,#5080));
#2715=EDGE_LOOP('',(#5081,#5082));
#2716=EDGE_LOOP('',(#5083,#5084));
#2717=EDGE_LOOP('',(#5085,#5086));
#2718=EDGE_LOOP('',(#5087,#5088,#5089,#5090,#5091,#5092,#5093,#5094,#5095,#5096,#5097,#5098,#5099,#5100,#5101,#5102,#5103,#5104,#5105,#5106,#5107,#5108,#5109,#5110,#5111,#5112,#5113,#5114,#5115,#5116,#5117,#5118,#5119,#5120,#5121,#5122,#5123,#5124,#5125,#5126,#5127,#5128,#5129,#5130,#5131,#5132,#5133,#5134));
#2719=AXIS2_PLACEMENT_3D('',#5135,#5136,#5137);
#2720=SURFACE_SIDE_STYLE('',(#5138));
#2721=EDGE_LOOP('',(#5139,#5140,#5141,#5142,#5143));
#2722=AXIS2_PLACEMENT_3D('',#5144,#5145,#5146);
#2723=SURFACE_SIDE_STYLE('',(#5147));
#2724=EDGE_LOOP('',(#5148,#5149,#5150,#5151));
#2725=AXIS2_PLACEMENT_3D('',#5152,#5153,#5154);
#2726=SURFACE_SIDE_STYLE('',(#5155));
#2727=EDGE_LOOP('',(#5156,#5157,#5158,#5159,#5160));
#2728=AXIS2_PLACEMENT_3D('',#5161,#5162,#5163);
#2729=SURFACE_SIDE_STYLE('',(#5164));
#2730=EDGE_LOOP('',(#5165,#5166,#5167,#5168));
#2731=AXIS2_PLACEMENT_3D('',#5169,#5170,#5171);
#2732=SURFACE_SIDE_STYLE('',(#5172));
#2733=EDGE_LOOP('',(#5173,#5174,#5175,#5176,#5177));
#2734=AXIS2_PLACEMENT_3D('',#5178,#5179,#5180);
#2735=SURFACE_SIDE_STYLE('',(#5181));
#2736=EDGE_LOOP('',(#5182,#5183,#5184,#5185,#5186));
#2737=AXIS2_PLACEMENT_3D('',#5187,#5188,#5189);
#2738=SURFACE_SIDE_STYLE('',(#5190));
#2739=EDGE_LOOP('',(#5191,#5192,#5193,#5194));
#2740=AXIS2_PLACEMENT_3D('',#5195,#5196,#5197);
#2741=SURFACE_SIDE_STYLE('',(#5198));
#2742=EDGE_LOOP('',(#5199,#5200,#5201,#5202,#5203));
#2743=AXIS2_PLACEMENT_3D('',#5204,#5205,#5206);
#2744=SURFACE_SIDE_STYLE('',(#5207));
#2745=EDGE_LOOP('',(#5208,#5209,#5210,#5211));
#2746=AXIS2_PLACEMENT_3D('',#5212,#5213,#5214);
#2747=SURFACE_SIDE_STYLE('',(#5215));
#2748=EDGE_LOOP('',(#5216,#5217,#5218,#5219,#5220));
#2749=AXIS2_PLACEMENT_3D('',#5221,#5222,#5223);
#2750=SURFACE_SIDE_STYLE('',(#5224));
#2751=EDGE_LOOP('',(#5225,#5226,#5227,#5228));
#2752=AXIS2_PLACEMENT_3D('',#5229,#5230,#5231);
#2753=SURFACE_SIDE_STYLE('',(#5232));
#2754=EDGE_LOOP('',(#5233,#5234,#5235,#5236,#5237));
#2755=AXIS2_PLACEMENT_3D('',#5238,#5239,#5240);
#2756=SURFACE_SIDE_STYLE('',(#5241));
#2757=EDGE_LOOP('',(#5242,#5243,#5244,#5245,#5246));
#2758=AXIS2_PLACEMENT_3D('',#5247,#5248,#5249);
#2759=SURFACE_SIDE_STYLE('',(#5250));
#2760=EDGE_LOOP('',(#5251,#5252,#5253,#5254));
#2761=AXIS2_PLACEMENT_3D('',#5255,#5256,#5257);
#2762=SURFACE_SIDE_STYLE('',(#5258));
#2763=EDGE_LOOP('',(#5259,#5260,#5261,#5262,#5263));
#2764=AXIS2_PLACEMENT_3D('',#5264,#5265,#5266);
#2765=SURFACE_SIDE_STYLE('',(#5267));
#2766=EDGE_LOOP('',(#5268,#5269,#5270,#5271));
#2767=AXIS2_PLACEMENT_3D('',#5272,#5273,#5274);
#2768=SURFACE_SIDE_STYLE('',(#5275));
#2769=EDGE_LOOP('',(#5276,#5277,#5278,#5279,#5280));
#2770=AXIS2_PLACEMENT_3D('',#5281,#5282,#5283);
#2771=SURFACE_SIDE_STYLE('',(#5284));
#2772=EDGE_LOOP('',(#5285,#5286,#5287,#5288));
#2773=AXIS2_PLACEMENT_3D('',#5289,#5290,#5291);
#2774=SURFACE_SIDE_STYLE('',(#5292));
#2775=EDGE_LOOP('',(#5293,#5294,#5295,#5296,#5297));
#2776=AXIS2_PLACEMENT_3D('',#5298,#5299,#5300);
#2777=SURFACE_SIDE_STYLE('',(#5301));
#2778=EDGE_LOOP('',(#5302,#5303,#5304,#5305,#5306));
#2779=AXIS2_PLACEMENT_3D('',#5307,#5308,#5309);
#2780=SURFACE_SIDE_STYLE('',(#5310));
#2781=EDGE_LOOP('',(#5311,#5312,#5313,#5314));
#2782=AXIS2_PLACEMENT_3D('',#5315,#5316,#5317);
#2783=SURFACE_SIDE_STYLE('',(#5318));
#2784=EDGE_LOOP('',(#5319,#5320,#5321,#5322,#5323));
#2785=AXIS2_PLACEMENT_3D('',#5324,#5325,#5326);
#2786=SURFACE_SIDE_STYLE('',(#5327));
#2787=EDGE_LOOP('',(#5328,#5329,#5330,#5331));
#2788=AXIS2_PLACEMENT_3D('',#5332,#5333,#5334);
#2789=SURFACE_SIDE_STYLE('',(#5335));
#2790=EDGE_LOOP('',(#5336,#5337,#5338,#5339,#5340));
#2791=AXIS2_PLACEMENT_3D('',#5341,#5342,#5343);
#2792=SURFACE_SIDE_STYLE('',(#5344));
#2793=EDGE_LOOP('',(#5345,#5346,#5347,#5348));
#2794=AXIS2_PLACEMENT_3D('',#5349,#5350,#5351);
#2795=SURFACE_SIDE_STYLE('',(#5352));
#2796=EDGE_LOOP('',(#5353,#5354,#5355,#5356,#5357));
#2797=AXIS2_PLACEMENT_3D('',#5358,#5359,#5360);
#2798=SURFACE_SIDE_STYLE('',(#5361));
#2799=EDGE_LOOP('',(#5362,#5363,#5364,#5365,#5366));
#2800=AXIS2_PLACEMENT_3D('',#5367,#5368,#5369);
#2801=SURFACE_SIDE_STYLE('',(#5370));
#2802=EDGE_LOOP('',(#5371,#5372,#5373,#5374));
#2803=AXIS2_PLACEMENT_3D('',#5375,#5376,#5377);
#2804=SURFACE_SIDE_STYLE('',(#5378));
#2805=EDGE_LOOP('',(#5379,#5380,#5381,#5382,#5383));
#2806=AXIS2_PLACEMENT_3D('',#5384,#5385,#5386);
#2807=SURFACE_SIDE_STYLE('',(#5387));
#2808=EDGE_LOOP('',(#5388,#5389,#5390,#5391));
#2809=AXIS2_PLACEMENT_3D('',#5392,#5393,#5394);
#2810=SURFACE_SIDE_STYLE('',(#5395));
#2811=EDGE_LOOP('',(#5396,#5397,#5398,#5399,#5400));
#2812=AXIS2_PLACEMENT_3D('',#5401,#5402,#5403);
#2813=SURFACE_SIDE_STYLE('',(#5404));
#2814=EDGE_LOOP('',(#5405,#5406,#5407,#5408));
#2815=AXIS2_PLACEMENT_3D('',#5409,#5410,#5411);
#2816=SURFACE_SIDE_STYLE('',(#5412));
#2817=EDGE_LOOP('',(#5413,#5414,#5415,#5416,#5417));
#2818=AXIS2_PLACEMENT_3D('',#5418,#5419,#5420);
#2819=SURFACE_SIDE_STYLE('',(#5421));
#2820=EDGE_LOOP('',(#5422,#5423,#5424,#5425,#5426));
#2821=AXIS2_PLACEMENT_3D('',#5427,#5428,#5429);
#2822=SURFACE_SIDE_STYLE('',(#5430));
#2823=EDGE_LOOP('',(#5431,#5432,#5433,#5434));
#2824=AXIS2_PLACEMENT_3D('',#5435,#5436,#5437);
#2826=SURFACE_STYLE_FILL_AREA(#5438);
#2827=ORIENTED_EDGE('',*,*,#5439,.F.);
#2828=ORIENTED_EDGE('',*,*,#5440,.T.);
#2829=ORIENTED_EDGE('',*,*,#5441,.T.);
#2830=ORIENTED_EDGE('',*,*,#5442,.T.);
#2831=ORIENTED_EDGE('',*,*,#5443,.T.);
#2832=CARTESIAN_POINT('',(-6.35,1.91304755078161,0.0));
#2833=DIRECTION('',(0.0,1.0,0.0));
#2834=DIRECTION('',(0.0,0.0,1.0));
#2835=SURFACE_STYLE_FILL_AREA(#5444);
#2836=ORIENTED_EDGE('',*,*,#5445,.F.);
#2837=ORIENTED_EDGE('',*,*,#5446,.T.);
#2838=ORIENTED_EDGE('',*,*,#5447,.T.);
#2839=ORIENTED_EDGE('',*,*,#5448,.T.);
#2840=ORIENTED_EDGE('',*,*,#5449,.T.);
#2841=CARTESIAN_POINT('',(-3.81,1.91304755078161,0.0));
#2842=DIRECTION('',(0.0,1.0,0.0));
#2843=DIRECTION('',(0.0,0.0,1.0));
#2844=SURFACE_STYLE_FILL_AREA(#5450);
#2845=ORIENTED_EDGE('',*,*,#5451,.F.);
#2846=ORIENTED_EDGE('',*,*,#5452,.T.);
#2847=ORIENTED_EDGE('',*,*,#5453,.T.);
#2848=ORIENTED_EDGE('',*,*,#5454,.T.);
#2849=ORIENTED_EDGE('',*,*,#5455,.T.);
#2850=CARTESIAN_POINT('',(-1.27,1.91304755078161,0.0));
#2851=DIRECTION('',(0.0,1.0,0.0));
#2852=DIRECTION('',(0.0,0.0,1.0));
#2853=SURFACE_STYLE_FILL_AREA(#5456);
#2854=ORIENTED_EDGE('',*,*,#5457,.F.);
#2855=ORIENTED_EDGE('',*,*,#5458,.T.);
#2856=ORIENTED_EDGE('',*,*,#5459,.T.);
#2857=ORIENTED_EDGE('',*,*,#5460,.T.);
#2858=ORIENTED_EDGE('',*,*,#5461,.T.);
#2859=CARTESIAN_POINT('',(1.27,1.91304755078161,0.0));
#2860=DIRECTION('',(0.0,1.0,0.0));
#2861=DIRECTION('',(0.0,0.0,1.0));
#2862=SURFACE_STYLE_FILL_AREA(#5462);
#2863=ORIENTED_EDGE('',*,*,#5463,.F.);
#2864=ORIENTED_EDGE('',*,*,#5464,.T.);
#2865=ORIENTED_EDGE('',*,*,#5465,.T.);
#2866=ORIENTED_EDGE('',*,*,#5466,.T.);
#2867=ORIENTED_EDGE('',*,*,#5467,.T.);
#2868=CARTESIAN_POINT('',(3.81,1.91304755078161,0.0));
#2869=DIRECTION('',(0.0,1.0,0.0));
#2870=DIRECTION('',(0.0,0.0,1.0));
#2871=SURFACE_STYLE_FILL_AREA(#5468);
#2872=ORIENTED_EDGE('',*,*,#5469,.F.);
#2873=ORIENTED_EDGE('',*,*,#5470,.T.);
#2874=ORIENTED_EDGE('',*,*,#5471,.T.);
#2875=ORIENTED_EDGE('',*,*,#5472,.T.);
#2876=ORIENTED_EDGE('',*,*,#5473,.T.);
#2877=CARTESIAN_POINT('',(6.35,1.91304755078161,0.0));
#2878=DIRECTION('',(0.0,1.0,0.0));
#2879=DIRECTION('',(0.0,0.0,1.0));
#2880=SURFACE_STYLE_FILL_AREA(#5474);
#2881=ORIENTED_EDGE('',*,*,#5475,.F.);
#2882=ORIENTED_EDGE('',*,*,#5473,.F.);
#2883=ORIENTED_EDGE('',*,*,#5476,.T.);
#2884=ORIENTED_EDGE('',*,*,#5477,.T.);
#2885=ORIENTED_EDGE('',*,*,#5470,.F.);
#2886=CARTESIAN_POINT('',(6.35,1.91304755078161,0.0));
#2887=DIRECTION('',(0.0,1.0,0.0));
#2888=DIRECTION('',(0.0,0.0,1.0));
#2889=SURFACE_STYLE_FILL_AREA(#5478);
#2890=ORIENTED_EDGE('',*,*,#5479,.F.);
#2891=ORIENTED_EDGE('',*,*,#5467,.F.);
#2892=ORIENTED_EDGE('',*,*,#5480,.T.);
#2893=ORIENTED_EDGE('',*,*,#5481,.T.);
#2894=ORIENTED_EDGE('',*,*,#5464,.F.);
#2895=CARTESIAN_POINT('',(3.81,1.91304755078161,0.0));
#2896=DIRECTION('',(0.0,1.0,0.0));
#2897=DIRECTION('',(0.0,0.0,1.0));
#2898=SURFACE_STYLE_FILL_AREA(#5482);
#2899=ORIENTED_EDGE('',*,*,#5483,.F.);
#2900=ORIENTED_EDGE('',*,*,#5461,.F.);
#2901=ORIENTED_EDGE('',*,*,#5484,.T.);
#2902=ORIENTED_EDGE('',*,*,#5485,.T.);
#2903=ORIENTED_EDGE('',*,*,#5458,.F.);
#2904=CARTESIAN_POINT('',(1.27,1.91304755078161,0.0));
#2905=DIRECTION('',(0.0,1.0,0.0));
#2906=DIRECTION('',(0.0,0.0,1.0));
#2907=SURFACE_STYLE_FILL_AREA(#5486);
#2908=ORIENTED_EDGE('',*,*,#5487,.F.);
#2909=ORIENTED_EDGE('',*,*,#5455,.F.);
#2910=ORIENTED_EDGE('',*,*,#5488,.T.);
#2911=ORIENTED_EDGE('',*,*,#5489,.T.);
#2912=ORIENTED_EDGE('',*,*,#5452,.F.);
#2913=CARTESIAN_POINT('',(-1.27,1.91304755078161,0.0));
#2914=DIRECTION('',(0.0,1.0,0.0));
#2915=DIRECTION('',(0.0,0.0,1.0));
#2916=SURFACE_STYLE_FILL_AREA(#5490);
#2917=ORIENTED_EDGE('',*,*,#5491,.F.);
#2918=ORIENTED_EDGE('',*,*,#5449,.F.);
#2919=ORIENTED_EDGE('',*,*,#5492,.T.);
#2920=ORIENTED_EDGE('',*,*,#5493,.T.);
#2921=ORIENTED_EDGE('',*,*,#5446,.F.);
#2922=CARTESIAN_POINT('',(-3.81,1.91304755078161,0.0));
#2923=DIRECTION('',(0.0,1.0,0.0));
#2924=DIRECTION('',(0.0,0.0,1.0));
#2925=SURFACE_STYLE_FILL_AREA(#5494);
#2926=ORIENTED_EDGE('',*,*,#5495,.F.);
#2927=ORIENTED_EDGE('',*,*,#5443,.F.);
#2928=ORIENTED_EDGE('',*,*,#5496,.T.);
#2929=ORIENTED_EDGE('',*,*,#5497,.T.);
#2930=ORIENTED_EDGE('',*,*,#5440,.F.);
#2931=CARTESIAN_POINT('',(-6.35,1.91304755078161,0.0));
#2932=DIRECTION('',(0.0,1.0,0.0));
#2933=DIRECTION('',(0.0,0.0,1.0));
#2934=SURFACE_STYLE_FILL_AREA(#5498);
#2935=ORIENTED_EDGE('',*,*,#5499,.F.);
#2936=ORIENTED_EDGE('',*,*,#5500,.T.);
#2937=ORIENTED_EDGE('',*,*,#5501,.F.);
#2938=ORIENTED_EDGE('',*,*,#5502,.F.);
#2939=CARTESIAN_POINT('',(-6.35,0.100000000000001,0.0));
#2940=DIRECTION('',(-0.0,1.0,-0.0));
#2941=DIRECTION('',(1.0,0.0,0.0));
#2942=SURFACE_STYLE_FILL_AREA(#5503);
#2943=ORIENTED_EDGE('',*,*,#5504,.F.);
#2944=ORIENTED_EDGE('',*,*,#5505,.T.);
#2945=ORIENTED_EDGE('',*,*,#5506,.T.);
#2946=ORIENTED_EDGE('',*,*,#5507,.F.);
#2947=ORIENTED_EDGE('',*,*,#5508,.F.);
#2948=CARTESIAN_POINT('',(-6.35,-0.149999999999998,0.0));
#2949=DIRECTION('',(0.0,1.0,0.0));
#2950=DIRECTION('',(0.0,0.0,1.0));
#2951=SURFACE_STYLE_FILL_AREA(#5509);
#2952=ORIENTED_EDGE('',*,*,#5510,.F.);
#2953=ORIENTED_EDGE('',*,*,#5511,.T.);
#2954=ORIENTED_EDGE('',*,*,#5512,.T.);
#2955=ORIENTED_EDGE('',*,*,#5513,.F.);
#2956=ORIENTED_EDGE('',*,*,#5505,.F.);
#2957=ORIENTED_EDGE('',*,*,#5514,.F.);
#2958=CARTESIAN_POINT('',(-6.35,-1.515,0.0));
#2959=DIRECTION('',(-0.0,1.0,0.0));
#2960=DIRECTION('',(1.0,0.0,0.0));
#2961=SURFACE_STYLE_FILL_AREA(#5515);
#2962=ORIENTED_EDGE('',*,*,#5516,.F.);
#2963=ORIENTED_EDGE('',*,*,#5502,.T.);
#2964=ORIENTED_EDGE('',*,*,#5517,.F.);
#2965=ORIENTED_EDGE('',*,*,#5518,.F.);
#2966=CARTESIAN_POINT('',(-6.35,1.27870834875401,0.0));
#2967=DIRECTION('',(-0.0,1.0,0.0));
#2968=DIRECTION('',(1.0,0.0,0.0));
#2969=SURFACE_STYLE_FILL_AREA(#5519);
#2970=ORIENTED_EDGE('',*,*,#5520,.F.);
#2971=ORIENTED_EDGE('',*,*,#5521,.F.);
#2972=ORIENTED_EDGE('',*,*,#5522,.F.);
#2973=ORIENTED_EDGE('',*,*,#5523,.F.);
#2974=CARTESIAN_POINT('',(-6.35,4.0005,0.0));
#2975=DIRECTION('',(-0.0,1.0,0.0));
#2976=DIRECTION('',(1.0,0.0,0.0));
#2977=SURFACE_STYLE_FILL_AREA(#5524);
#2978=ORIENTED_EDGE('',*,*,#5525,.F.);
#2979=ORIENTED_EDGE('',*,*,#5526,.T.);
#2980=ORIENTED_EDGE('',*,*,#5527,.F.);
#2981=ORIENTED_EDGE('',*,*,#5528,.F.);
#2982=CARTESIAN_POINT('',(-3.81,0.100000000000001,0.0));
#2983=DIRECTION('',(-0.0,1.0,-0.0));
#2984=DIRECTION('',(1.0,0.0,0.0));
#2985=SURFACE_STYLE_FILL_AREA(#5529);
#2986=ORIENTED_EDGE('',*,*,#5530,.F.);
#2987=ORIENTED_EDGE('',*,*,#5531,.T.);
#2988=ORIENTED_EDGE('',*,*,#5532,.T.);
#2989=ORIENTED_EDGE('',*,*,#5533,.F.);
#2990=ORIENTED_EDGE('',*,*,#5534,.F.);
#2991=CARTESIAN_POINT('',(-3.81,-0.149999999999998,0.0));
#2992=DIRECTION('',(0.0,1.0,0.0));
#2993=DIRECTION('',(0.0,0.0,1.0));
#2994=SURFACE_STYLE_FILL_AREA(#5535);
#2995=ORIENTED_EDGE('',*,*,#5536,.F.);
#2996=ORIENTED_EDGE('',*,*,#5537,.T.);
#2997=ORIENTED_EDGE('',*,*,#5538,.T.);
#2998=ORIENTED_EDGE('',*,*,#5539,.F.);
#2999=ORIENTED_EDGE('',*,*,#5531,.F.);
#3000=ORIENTED_EDGE('',*,*,#5540,.F.);
#3001=CARTESIAN_POINT('',(-3.81,-1.515,0.0));
#3002=DIRECTION('',(-0.0,1.0,0.0));
#3003=DIRECTION('',(1.0,0.0,0.0));
#3004=SURFACE_STYLE_FILL_AREA(#5541);
#3005=ORIENTED_EDGE('',*,*,#5542,.F.);
#3006=ORIENTED_EDGE('',*,*,#5528,.T.);
#3007=ORIENTED_EDGE('',*,*,#5543,.F.);
#3008=ORIENTED_EDGE('',*,*,#5544,.F.);
#3009=CARTESIAN_POINT('',(-3.81,1.27870834875401,0.0));
#3010=DIRECTION('',(-0.0,1.0,0.0));
#3011=DIRECTION('',(1.0,0.0,0.0));
#3012=SURFACE_STYLE_FILL_AREA(#5545);
#3013=ORIENTED_EDGE('',*,*,#5546,.F.);
#3014=ORIENTED_EDGE('',*,*,#5547,.F.);
#3015=ORIENTED_EDGE('',*,*,#5548,.F.);
#3016=ORIENTED_EDGE('',*,*,#5549,.F.);
#3017=CARTESIAN_POINT('',(-3.81,4.0005,0.0));
#3018=DIRECTION('',(-0.0,1.0,0.0));
#3019=DIRECTION('',(1.0,0.0,0.0));
#3020=SURFACE_STYLE_FILL_AREA(#5550);
#3021=ORIENTED_EDGE('',*,*,#5551,.F.);
#3022=ORIENTED_EDGE('',*,*,#5552,.T.);
#3023=ORIENTED_EDGE('',*,*,#5553,.F.);
#3024=ORIENTED_EDGE('',*,*,#5554,.F.);
#3025=CARTESIAN_POINT('',(-1.27,0.100000000000001,0.0));
#3026=DIRECTION('',(-0.0,1.0,-0.0));
#3027=DIRECTION('',(1.0,0.0,0.0));
#3028=SURFACE_STYLE_FILL_AREA(#5555);
#3029=ORIENTED_EDGE('',*,*,#5556,.F.);
#3030=ORIENTED_EDGE('',*,*,#5557,.T.);
#3031=ORIENTED_EDGE('',*,*,#5558,.T.);
#3032=ORIENTED_EDGE('',*,*,#5559,.F.);
#3033=ORIENTED_EDGE('',*,*,#5560,.F.);
#3034=CARTESIAN_POINT('',(-1.27,-0.149999999999998,0.0));
#3035=DIRECTION('',(0.0,1.0,0.0));
#3036=DIRECTION('',(0.0,0.0,1.0));
#3037=SURFACE_STYLE_FILL_AREA(#5561);
#3038=ORIENTED_EDGE('',*,*,#5562,.F.);
#3039=ORIENTED_EDGE('',*,*,#5563,.T.);
#3040=ORIENTED_EDGE('',*,*,#5564,.T.);
#3041=ORIENTED_EDGE('',*,*,#5565,.F.);
#3042=ORIENTED_EDGE('',*,*,#5557,.F.);
#3043=ORIENTED_EDGE('',*,*,#5566,.F.);
#3044=CARTESIAN_POINT('',(-1.27,-1.515,0.0));
#3045=DIRECTION('',(-0.0,1.0,0.0));
#3046=DIRECTION('',(1.0,0.0,0.0));
#3047=SURFACE_STYLE_FILL_AREA(#5567);
#3048=ORIENTED_EDGE('',*,*,#5568,.F.);
#3049=ORIENTED_EDGE('',*,*,#5554,.T.);
#3050=ORIENTED_EDGE('',*,*,#5569,.F.);
#3051=ORIENTED_EDGE('',*,*,#5570,.F.);
#3052=CARTESIAN_POINT('',(-1.27,1.27870834875401,0.0));
#3053=DIRECTION('',(-0.0,1.0,0.0));
#3054=DIRECTION('',(1.0,0.0,0.0));
#3055=SURFACE_STYLE_FILL_AREA(#5571);
#3056=ORIENTED_EDGE('',*,*,#5572,.F.);
#3057=ORIENTED_EDGE('',*,*,#5573,.F.);
#3058=ORIENTED_EDGE('',*,*,#5574,.F.);
#3059=ORIENTED_EDGE('',*,*,#5575,.F.);
#3060=CARTESIAN_POINT('',(-1.27,4.0005,0.0));
#3061=DIRECTION('',(-0.0,1.0,0.0));
#3062=DIRECTION('',(1.0,0.0,0.0));
#3063=SURFACE_STYLE_FILL_AREA(#5576);
#3064=ORIENTED_EDGE('',*,*,#5577,.F.);
#3065=ORIENTED_EDGE('',*,*,#5578,.T.);
#3066=ORIENTED_EDGE('',*,*,#5579,.F.);
#3067=ORIENTED_EDGE('',*,*,#5580,.F.);
#3068=CARTESIAN_POINT('',(1.27,0.100000000000001,0.0));
#3069=DIRECTION('',(-0.0,1.0,-0.0));
#3070=DIRECTION('',(1.0,0.0,0.0));
#3071=SURFACE_STYLE_FILL_AREA(#5581);
#3072=ORIENTED_EDGE('',*,*,#5582,.F.);
#3073=ORIENTED_EDGE('',*,*,#5583,.T.);
#3074=ORIENTED_EDGE('',*,*,#5584,.T.);
#3075=ORIENTED_EDGE('',*,*,#5585,.F.);
#3076=ORIENTED_EDGE('',*,*,#5586,.F.);
#3077=CARTESIAN_POINT('',(1.27,-0.149999999999998,0.0));
#3078=DIRECTION('',(0.0,1.0,0.0));
#3079=DIRECTION('',(0.0,0.0,1.0));
#3080=SURFACE_STYLE_FILL_AREA(#5587);
#3081=ORIENTED_EDGE('',*,*,#5588,.F.);
#3082=ORIENTED_EDGE('',*,*,#5589,.T.);
#3083=ORIENTED_EDGE('',*,*,#5590,.T.);
#3084=ORIENTED_EDGE('',*,*,#5591,.F.);
#3085=ORIENTED_EDGE('',*,*,#5583,.F.);
#3086=ORIENTED_EDGE('',*,*,#5592,.F.);
#3087=CARTESIAN_POINT('',(1.27,-1.515,0.0));
#3088=DIRECTION('',(-0.0,1.0,0.0));
#3089=DIRECTION('',(1.0,0.0,0.0));
#3090=SURFACE_STYLE_FILL_AREA(#5593);
#3091=ORIENTED_EDGE('',*,*,#5594,.F.);
#3092=ORIENTED_EDGE('',*,*,#5580,.T.);
#3093=ORIENTED_EDGE('',*,*,#5595,.F.);
#3094=ORIENTED_EDGE('',*,*,#5596,.F.);
#3095=CARTESIAN_POINT('',(1.27,1.27870834875401,0.0));
#3096=DIRECTION('',(-0.0,1.0,0.0));
#3097=DIRECTION('',(1.0,0.0,0.0));
#3098=SURFACE_STYLE_FILL_AREA(#5597);
#3099=ORIENTED_EDGE('',*,*,#5598,.F.);
#3100=ORIENTED_EDGE('',*,*,#5599,.F.);
#3101=ORIENTED_EDGE('',*,*,#5600,.F.);
#3102=ORIENTED_EDGE('',*,*,#5601,.F.);
#3103=CARTESIAN_POINT('',(1.27,4.0005,0.0));
#3104=DIRECTION('',(-0.0,1.0,0.0));
#3105=DIRECTION('',(1.0,0.0,0.0));
#3106=SURFACE_STYLE_FILL_AREA(#5602);
#3107=ORIENTED_EDGE('',*,*,#5603,.F.);
#3108=ORIENTED_EDGE('',*,*,#5604,.T.);
#3109=ORIENTED_EDGE('',*,*,#5605,.F.);
#3110=ORIENTED_EDGE('',*,*,#5606,.F.);
#3111=CARTESIAN_POINT('',(3.81,0.100000000000001,0.0));
#3112=DIRECTION('',(-0.0,1.0,-0.0));
#3113=DIRECTION('',(1.0,0.0,0.0));
#3114=SURFACE_STYLE_FILL_AREA(#5607);
#3115=ORIENTED_EDGE('',*,*,#5608,.F.);
#3116=ORIENTED_EDGE('',*,*,#5609,.T.);
#3117=ORIENTED_EDGE('',*,*,#5610,.T.);
#3118=ORIENTED_EDGE('',*,*,#5611,.F.);
#3119=ORIENTED_EDGE('',*,*,#5612,.F.);
#3120=CARTESIAN_POINT('',(3.81,-0.149999999999998,0.0));
#3121=DIRECTION('',(0.0,1.0,0.0));
#3122=DIRECTION('',(0.0,0.0,1.0));
#3123=SURFACE_STYLE_FILL_AREA(#5613);
#3124=ORIENTED_EDGE('',*,*,#5614,.F.);
#3125=ORIENTED_EDGE('',*,*,#5615,.T.);
#3126=ORIENTED_EDGE('',*,*,#5616,.T.);
#3127=ORIENTED_EDGE('',*,*,#5617,.F.);
#3128=ORIENTED_EDGE('',*,*,#5609,.F.);
#3129=ORIENTED_EDGE('',*,*,#5618,.F.);
#3130=CARTESIAN_POINT('',(3.81,-1.515,0.0));
#3131=DIRECTION('',(-0.0,1.0,0.0));
#3132=DIRECTION('',(1.0,0.0,0.0));
#3133=SURFACE_STYLE_FILL_AREA(#5619);
#3134=ORIENTED_EDGE('',*,*,#5620,.F.);
#3135=ORIENTED_EDGE('',*,*,#5606,.T.);
#3136=ORIENTED_EDGE('',*,*,#5621,.F.);
#3137=ORIENTED_EDGE('',*,*,#5622,.F.);
#3138=CARTESIAN_POINT('',(3.81,1.27870834875401,0.0));
#3139=DIRECTION('',(-0.0,1.0,0.0));
#3140=DIRECTION('',(1.0,0.0,0.0));
#3141=SURFACE_STYLE_FILL_AREA(#5623);
#3142=ORIENTED_EDGE('',*,*,#5624,.F.);
#3143=ORIENTED_EDGE('',*,*,#5625,.F.);
#3144=ORIENTED_EDGE('',*,*,#5626,.F.);
#3145=ORIENTED_EDGE('',*,*,#5627,.F.);
#3146=CARTESIAN_POINT('',(3.81,4.0005,0.0));
#3147=DIRECTION('',(-0.0,1.0,0.0));
#3148=DIRECTION('',(1.0,0.0,0.0));
#3149=SURFACE_STYLE_FILL_AREA(#5628);
#3150=ORIENTED_EDGE('',*,*,#5629,.F.);
#3151=ORIENTED_EDGE('',*,*,#5630,.T.);
#3152=ORIENTED_EDGE('',*,*,#5631,.F.);
#3153=ORIENTED_EDGE('',*,*,#5632,.F.);
#3154=CARTESIAN_POINT('',(6.35,0.100000000000001,0.0));
#3155=DIRECTION('',(-0.0,1.0,-0.0));
#3156=DIRECTION('',(1.0,0.0,0.0));
#3157=SURFACE_STYLE_FILL_AREA(#5633);
#3158=ORIENTED_EDGE('',*,*,#5634,.F.);
#3159=ORIENTED_EDGE('',*,*,#5635,.T.);
#3160=ORIENTED_EDGE('',*,*,#5636,.T.);
#3161=ORIENTED_EDGE('',*,*,#5637,.F.);
#3162=ORIENTED_EDGE('',*,*,#5638,.F.);
#3163=CARTESIAN_POINT('',(6.35,-0.149999999999998,0.0));
#3164=DIRECTION('',(0.0,1.0,0.0));
#3165=DIRECTION('',(0.0,0.0,1.0));
#3166=SURFACE_STYLE_FILL_AREA(#5639);
#3167=ORIENTED_EDGE('',*,*,#5640,.F.);
#3168=ORIENTED_EDGE('',*,*,#5641,.T.);
#3169=ORIENTED_EDGE('',*,*,#5642,.T.);
#3170=ORIENTED_EDGE('',*,*,#5643,.F.);
#3171=ORIENTED_EDGE('',*,*,#5635,.F.);
#3172=ORIENTED_EDGE('',*,*,#5644,.F.);
#3173=CARTESIAN_POINT('',(6.35,-1.515,0.0));
#3174=DIRECTION('',(-0.0,1.0,0.0));
#3175=DIRECTION('',(1.0,0.0,0.0));
#3176=SURFACE_STYLE_FILL_AREA(#5645);
#3177=ORIENTED_EDGE('',*,*,#5646,.F.);
#3178=ORIENTED_EDGE('',*,*,#5632,.T.);
#3179=ORIENTED_EDGE('',*,*,#5647,.F.);
#3180=ORIENTED_EDGE('',*,*,#5648,.F.);
#3181=CARTESIAN_POINT('',(6.35,1.27870834875401,0.0));
#3182=DIRECTION('',(-0.0,1.0,0.0));
#3183=DIRECTION('',(1.0,0.0,0.0));
#3184=SURFACE_STYLE_FILL_AREA(#5649);
#3185=ORIENTED_EDGE('',*,*,#5650,.F.);
#3186=ORIENTED_EDGE('',*,*,#5651,.F.);
#3187=ORIENTED_EDGE('',*,*,#5652,.F.);
#3188=ORIENTED_EDGE('',*,*,#5653,.F.);
#3189=CARTESIAN_POINT('',(6.35,4.0005,0.0));
#3190=DIRECTION('',(-0.0,1.0,0.0));
#3191=DIRECTION('',(1.0,0.0,0.0));
#3192=SURFACE_STYLE_FILL_AREA(#5654);
#3193=ORIENTED_EDGE('',*,*,#5495,.T.);
#3194=ORIENTED_EDGE('',*,*,#5655,.F.);
#3195=ORIENTED_EDGE('',*,*,#5656,.F.);
#3196=ORIENTED_EDGE('',*,*,#5657,.F.);
#3197=ORIENTED_EDGE('',*,*,#5658,.F.);
#3198=CARTESIAN_POINT('',(-6.35,1.91304755078161,0.0));
#3199=DIRECTION('',(0.0,1.0,0.0));
#3200=DIRECTION('',(0.0,0.0,1.0));
#3201=SURFACE_STYLE_FILL_AREA(#5659);
#3202=ORIENTED_EDGE('',*,*,#5660,.F.);
#3203=ORIENTED_EDGE('',*,*,#5656,.T.);
#3204=ORIENTED_EDGE('',*,*,#5661,.T.);
#3205=ORIENTED_EDGE('',*,*,#5662,.F.);
#3206=ORIENTED_EDGE('',*,*,#5663,.F.);
#3207=CARTESIAN_POINT('',(-6.35,1.80813108884611,0.0));
#3208=DIRECTION('',(-0.0,-1.0,-0.0));
#3209=DIRECTION('',(-1.0,0.0,0.0));
#3210=SURFACE_STYLE_FILL_AREA(#5664);
#3211=ORIENTED_EDGE('',*,*,#5665,.F.);
#3212=ORIENTED_EDGE('',*,*,#5666,.F.);
#3213=ORIENTED_EDGE('',*,*,#5667,.F.);
#3214=ORIENTED_EDGE('',*,*,#5668,.T.);
#3215=CARTESIAN_POINT('',(-6.35,2.65054514193498,0.0));
#3216=DIRECTION('',(0.0,1.0,-0.0));
#3217=DIRECTION('',(-1.0,0.0,0.0));
#3218=SURFACE_STYLE_FILL_AREA(#5669);
#3219=ORIENTED_EDGE('',*,*,#5670,.F.);
#3220=ORIENTED_EDGE('',*,*,#5671,.T.);
#3221=ORIENTED_EDGE('',*,*,#5672,.F.);
#3222=ORIENTED_EDGE('',*,*,#5673,.F.);
#3223=CARTESIAN_POINT('',(-6.35,2.00054514193498,0.0));
#3224=DIRECTION('',(0.0,1.0,0.0));
#3225=DIRECTION('',(-1.0,0.0,0.0));
#3226=SURFACE_STYLE_FILL_AREA(#5674);
#3227=ORIENTED_EDGE('',*,*,#5675,.F.);
#3228=ORIENTED_EDGE('',*,*,#5676,.F.);
#3229=ORIENTED_EDGE('',*,*,#5673,.T.);
#3230=CARTESIAN_POINT('',(-6.35,0.312361162513375,0.0));
#3231=DIRECTION('',(0.0,1.0,-0.0));
#3232=DIRECTION('',(-1.0,0.0,0.0));
#3233=SURFACE_STYLE_FILL_AREA(#5677);
#3234=ORIENTED_EDGE('',*,*,#5678,.F.);
#3235=ORIENTED_EDGE('',*,*,#5679,.F.);
#3236=ORIENTED_EDGE('',*,*,#5680,.F.);
#3237=ORIENTED_EDGE('',*,*,#5681,.F.);
#3238=CARTESIAN_POINT('',(-6.35,4.25118232182064,0.0));
#3239=DIRECTION('',(0.0,1.0,0.0));
#3240=DIRECTION('',(-1.0,0.0,0.0));
#3241=SURFACE_STYLE_FILL_AREA(#5682);
#3242=ORIENTED_EDGE('',*,*,#5683,.F.);
#3243=ORIENTED_EDGE('',*,*,#5681,.T.);
#3244=ORIENTED_EDGE('',*,*,#5684,.F.);
#3245=ORIENTED_EDGE('',*,*,#5685,.F.);
#3246=CARTESIAN_POINT('',(-6.35,4.155,0.0));
#3247=DIRECTION('',(0.0,1.0,-0.0));
#3248=DIRECTION('',(-1.0,0.0,0.0));
#3249=SURFACE_STYLE_FILL_AREA(#5686);
#3250=ORIENTED_EDGE('',*,*,#5687,.F.);
#3251=ORIENTED_EDGE('',*,*,#5685,.T.);
#3252=ORIENTED_EDGE('',*,*,#5688,.F.);
#3253=ORIENTED_EDGE('',*,*,#5689,.F.);
#3254=CARTESIAN_POINT('',(-6.35,4.07650933921944,0.0));
#3255=DIRECTION('',(0.0,1.0,0.0));
#3256=DIRECTION('',(-1.0,0.0,0.0));
#3257=SURFACE_STYLE_FILL_AREA(#5690);
#3258=ORIENTED_EDGE('',*,*,#5691,.F.);
#3259=ORIENTED_EDGE('',*,*,#5692,.T.);
#3260=ORIENTED_EDGE('',*,*,#5693,.F.);
#3261=ORIENTED_EDGE('',*,*,#5694,.F.);
#3262=CARTESIAN_POINT('',(-6.35,4.01150933921943,0.0));
#3263=DIRECTION('',(0.0,1.0,-0.0));
#3264=DIRECTION('',(-1.0,0.0,0.0));
#3265=SURFACE_STYLE_FILL_AREA(#5695);
#3266=ORIENTED_EDGE('',*,*,#5696,.F.);
#3267=ORIENTED_EDGE('',*,*,#5694,.T.);
#3268=ORIENTED_EDGE('',*,*,#5697,.F.);
#3269=ORIENTED_EDGE('',*,*,#5698,.F.);
#3270=CARTESIAN_POINT('',(-6.35,3.74650933921944,0.0));
#3271=DIRECTION('',(0.0,1.0,0.0));
#3272=DIRECTION('',(-1.0,0.0,0.0));
#3273=SURFACE_STYLE_FILL_AREA(#5699);
#3274=ORIENTED_EDGE('',*,*,#5700,.F.);
#3275=ORIENTED_EDGE('',*,*,#5698,.T.);
#3276=ORIENTED_EDGE('',*,*,#5701,.F.);
#3277=ORIENTED_EDGE('',*,*,#5441,.F.);
#3278=ORIENTED_EDGE('',*,*,#5497,.F.);
#3279=CARTESIAN_POINT('',(-6.35,2.72995086353911,0.0));
#3280=DIRECTION('',(0.0,1.0,-0.0));
#3281=DIRECTION('',(-1.0,0.0,0.0));
#3282=SURFACE_STYLE_FILL_AREA(#5702);
#3283=ORIENTED_EDGE('',*,*,#5491,.T.);
#3284=ORIENTED_EDGE('',*,*,#5703,.F.);
#3285=ORIENTED_EDGE('',*,*,#5704,.F.);
#3286=ORIENTED_EDGE('',*,*,#5705,.F.);
#3287=ORIENTED_EDGE('',*,*,#5706,.F.);
#3288=CARTESIAN_POINT('',(-3.81,1.91304755078161,0.0));
#3289=DIRECTION('',(0.0,1.0,0.0));
#3290=DIRECTION('',(0.0,0.0,1.0));
#3291=SURFACE_STYLE_FILL_AREA(#5707);
#3292=ORIENTED_EDGE('',*,*,#5708,.F.);
#3293=ORIENTED_EDGE('',*,*,#5704,.T.);
#3294=ORIENTED_EDGE('',*,*,#5709,.T.);
#3295=ORIENTED_EDGE('',*,*,#5710,.F.);
#3296=ORIENTED_EDGE('',*,*,#5711,.F.);
#3297=CARTESIAN_POINT('',(-3.81,1.80813108884611,0.0));
#3298=DIRECTION('',(-0.0,-1.0,-0.0));
#3299=DIRECTION('',(-1.0,0.0,0.0));
#3300=SURFACE_STYLE_FILL_AREA(#5712);
#3301=ORIENTED_EDGE('',*,*,#5713,.F.);
#3302=ORIENTED_EDGE('',*,*,#5714,.F.);
#3303=ORIENTED_EDGE('',*,*,#5715,.F.);
#3304=ORIENTED_EDGE('',*,*,#5716,.T.);
#3305=CARTESIAN_POINT('',(-3.81,2.65054514193498,0.0));
#3306=DIRECTION('',(0.0,1.0,-0.0));
#3307=DIRECTION('',(-1.0,0.0,0.0));
#3308=SURFACE_STYLE_FILL_AREA(#5717);
#3309=ORIENTED_EDGE('',*,*,#5718,.F.);
#3310=ORIENTED_EDGE('',*,*,#5719,.T.);
#3311=ORIENTED_EDGE('',*,*,#5720,.F.);
#3312=ORIENTED_EDGE('',*,*,#5721,.F.);
#3313=CARTESIAN_POINT('',(-3.81,2.00054514193498,0.0));
#3314=DIRECTION('',(0.0,1.0,0.0));
#3315=DIRECTION('',(-1.0,0.0,0.0));
#3316=SURFACE_STYLE_FILL_AREA(#5722);
#3317=ORIENTED_EDGE('',*,*,#5723,.F.);
#3318=ORIENTED_EDGE('',*,*,#5724,.F.);
#3319=ORIENTED_EDGE('',*,*,#5721,.T.);
#3320=CARTESIAN_POINT('',(-3.81,0.312361162513375,0.0));
#3321=DIRECTION('',(0.0,1.0,-0.0));
#3322=DIRECTION('',(-1.0,0.0,0.0));
#3323=SURFACE_STYLE_FILL_AREA(#5725);
#3324=ORIENTED_EDGE('',*,*,#5726,.F.);
#3325=ORIENTED_EDGE('',*,*,#5727,.F.);
#3326=ORIENTED_EDGE('',*,*,#5728,.F.);
#3327=ORIENTED_EDGE('',*,*,#5729,.F.);
#3328=CARTESIAN_POINT('',(-3.81,4.25118232182064,0.0));
#3329=DIRECTION('',(0.0,1.0,0.0));
#3330=DIRECTION('',(-1.0,0.0,0.0));
#3331=SURFACE_STYLE_FILL_AREA(#5730);
#3332=ORIENTED_EDGE('',*,*,#5731,.F.);
#3333=ORIENTED_EDGE('',*,*,#5729,.T.);
#3334=ORIENTED_EDGE('',*,*,#5732,.F.);
#3335=ORIENTED_EDGE('',*,*,#5733,.F.);
#3336=CARTESIAN_POINT('',(-3.81,4.155,0.0));
#3337=DIRECTION('',(0.0,1.0,-0.0));
#3338=DIRECTION('',(-1.0,0.0,0.0));
#3339=SURFACE_STYLE_FILL_AREA(#5734);
#3340=ORIENTED_EDGE('',*,*,#5735,.F.);
#3341=ORIENTED_EDGE('',*,*,#5733,.T.);
#3342=ORIENTED_EDGE('',*,*,#5736,.F.);
#3343=ORIENTED_EDGE('',*,*,#5737,.F.);
#3344=CARTESIAN_POINT('',(-3.81,4.07650933921944,0.0));
#3345=DIRECTION('',(0.0,1.0,0.0));
#3346=DIRECTION('',(-1.0,0.0,0.0));
#3347=SURFACE_STYLE_FILL_AREA(#5738);
#3348=ORIENTED_EDGE('',*,*,#5739,.F.);
#3349=ORIENTED_EDGE('',*,*,#5740,.T.);
#3350=ORIENTED_EDGE('',*,*,#5741,.F.);
#3351=ORIENTED_EDGE('',*,*,#5742,.F.);
#3352=CARTESIAN_POINT('',(-3.81,4.01150933921943,0.0));
#3353=DIRECTION('',(0.0,1.0,-0.0));
#3354=DIRECTION('',(-1.0,0.0,0.0));
#3355=SURFACE_STYLE_FILL_AREA(#5743);
#3356=ORIENTED_EDGE('',*,*,#5744,.F.);
#3357=ORIENTED_EDGE('',*,*,#5742,.T.);
#3358=ORIENTED_EDGE('',*,*,#5745,.F.);
#3359=ORIENTED_EDGE('',*,*,#5746,.F.);
#3360=CARTESIAN_POINT('',(-3.81,3.74650933921944,0.0));
#3361=DIRECTION('',(0.0,1.0,0.0));
#3362=DIRECTION('',(-1.0,0.0,0.0));
#3363=SURFACE_STYLE_FILL_AREA(#5747);
#3364=ORIENTED_EDGE('',*,*,#5748,.F.);
#3365=ORIENTED_EDGE('',*,*,#5746,.T.);
#3366=ORIENTED_EDGE('',*,*,#5749,.F.);
#3367=ORIENTED_EDGE('',*,*,#5447,.F.);
#3368=ORIENTED_EDGE('',*,*,#5493,.F.);
#3369=CARTESIAN_POINT('',(-3.81,2.72995086353911,0.0));
#3370=DIRECTION('',(0.0,1.0,-0.0));
#3371=DIRECTION('',(-1.0,0.0,0.0));
#3372=SURFACE_STYLE_FILL_AREA(#5750);
#3373=ORIENTED_EDGE('',*,*,#5487,.T.);
#3374=ORIENTED_EDGE('',*,*,#5751,.F.);
#3375=ORIENTED_EDGE('',*,*,#5752,.F.);
#3376=ORIENTED_EDGE('',*,*,#5753,.F.);
#3377=ORIENTED_EDGE('',*,*,#5754,.F.);
#3378=CARTESIAN_POINT('',(-1.27,1.91304755078161,0.0));
#3379=DIRECTION('',(0.0,1.0,0.0));
#3380=DIRECTION('',(0.0,0.0,1.0));
#3381=SURFACE_STYLE_FILL_AREA(#5755);
#3382=ORIENTED_EDGE('',*,*,#5756,.F.);
#3383=ORIENTED_EDGE('',*,*,#5752,.T.);
#3384=ORIENTED_EDGE('',*,*,#5757,.T.);
#3385=ORIENTED_EDGE('',*,*,#5758,.F.);
#3386=ORIENTED_EDGE('',*,*,#5759,.F.);
#3387=CARTESIAN_POINT('',(-1.27,1.80813108884611,0.0));
#3388=DIRECTION('',(-0.0,-1.0,-0.0));
#3389=DIRECTION('',(-1.0,0.0,0.0));
#3390=SURFACE_STYLE_FILL_AREA(#5760);
#3391=ORIENTED_EDGE('',*,*,#5761,.F.);
#3392=ORIENTED_EDGE('',*,*,#5762,.F.);
#3393=ORIENTED_EDGE('',*,*,#5763,.F.);
#3394=ORIENTED_EDGE('',*,*,#5764,.T.);
#3395=CARTESIAN_POINT('',(-1.27,2.65054514193498,0.0));
#3396=DIRECTION('',(0.0,1.0,-0.0));
#3397=DIRECTION('',(-1.0,0.0,0.0));
#3398=SURFACE_STYLE_FILL_AREA(#5765);
#3399=ORIENTED_EDGE('',*,*,#5766,.F.);
#3400=ORIENTED_EDGE('',*,*,#5767,.T.);
#3401=ORIENTED_EDGE('',*,*,#5768,.F.);
#3402=ORIENTED_EDGE('',*,*,#5769,.F.);
#3403=CARTESIAN_POINT('',(-1.27,2.00054514193498,0.0));
#3404=DIRECTION('',(0.0,1.0,0.0));
#3405=DIRECTION('',(-1.0,0.0,0.0));
#3406=SURFACE_STYLE_FILL_AREA(#5770);
#3407=ORIENTED_EDGE('',*,*,#5771,.F.);
#3408=ORIENTED_EDGE('',*,*,#5772,.F.);
#3409=ORIENTED_EDGE('',*,*,#5769,.T.);
#3410=CARTESIAN_POINT('',(-1.27,0.312361162513375,0.0));
#3411=DIRECTION('',(0.0,1.0,-0.0));
#3412=DIRECTION('',(-1.0,0.0,0.0));
#3413=SURFACE_STYLE_FILL_AREA(#5773);
#3414=ORIENTED_EDGE('',*,*,#5774,.F.);
#3415=ORIENTED_EDGE('',*,*,#5775,.F.);
#3416=ORIENTED_EDGE('',*,*,#5776,.F.);
#3417=ORIENTED_EDGE('',*,*,#5777,.F.);
#3418=CARTESIAN_POINT('',(-1.27,4.25118232182064,0.0));
#3419=DIRECTION('',(0.0,1.0,0.0));
#3420=DIRECTION('',(-1.0,0.0,0.0));
#3421=SURFACE_STYLE_FILL_AREA(#5778);
#3422=ORIENTED_EDGE('',*,*,#5779,.F.);
#3423=ORIENTED_EDGE('',*,*,#5777,.T.);
#3424=ORIENTED_EDGE('',*,*,#5780,.F.);
#3425=ORIENTED_EDGE('',*,*,#5781,.F.);
#3426=CARTESIAN_POINT('',(-1.27,4.155,0.0));
#3427=DIRECTION('',(0.0,1.0,-0.0));
#3428=DIRECTION('',(-1.0,0.0,0.0));
#3429=SURFACE_STYLE_FILL_AREA(#5782);
#3430=ORIENTED_EDGE('',*,*,#5783,.F.);
#3431=ORIENTED_EDGE('',*,*,#5781,.T.);
#3432=ORIENTED_EDGE('',*,*,#5784,.F.);
#3433=ORIENTED_EDGE('',*,*,#5785,.F.);
#3434=CARTESIAN_POINT('',(-1.27,4.07650933921944,0.0));
#3435=DIRECTION('',(0.0,1.0,0.0));
#3436=DIRECTION('',(-1.0,0.0,0.0));
#3437=SURFACE_STYLE_FILL_AREA(#5786);
#3438=ORIENTED_EDGE('',*,*,#5787,.F.);
#3439=ORIENTED_EDGE('',*,*,#5788,.T.);
#3440=ORIENTED_EDGE('',*,*,#5789,.F.);
#3441=ORIENTED_EDGE('',*,*,#5790,.F.);
#3442=CARTESIAN_POINT('',(-1.27,4.01150933921943,0.0));
#3443=DIRECTION('',(0.0,1.0,-0.0));
#3444=DIRECTION('',(-1.0,0.0,0.0));
#3445=SURFACE_STYLE_FILL_AREA(#5791);
#3446=ORIENTED_EDGE('',*,*,#5792,.F.);
#3447=ORIENTED_EDGE('',*,*,#5790,.T.);
#3448=ORIENTED_EDGE('',*,*,#5793,.F.);
#3449=ORIENTED_EDGE('',*,*,#5794,.F.);
#3450=CARTESIAN_POINT('',(-1.27,3.74650933921944,0.0));
#3451=DIRECTION('',(0.0,1.0,0.0));
#3452=DIRECTION('',(-1.0,0.0,0.0));
#3453=SURFACE_STYLE_FILL_AREA(#5795);
#3454=ORIENTED_EDGE('',*,*,#5796,.F.);
#3455=ORIENTED_EDGE('',*,*,#5794,.T.);
#3456=ORIENTED_EDGE('',*,*,#5797,.F.);
#3457=ORIENTED_EDGE('',*,*,#5453,.F.);
#3458=ORIENTED_EDGE('',*,*,#5489,.F.);
#3459=CARTESIAN_POINT('',(-1.27,2.72995086353911,0.0));
#3460=DIRECTION('',(0.0,1.0,-0.0));
#3461=DIRECTION('',(-1.0,0.0,0.0));
#3462=SURFACE_STYLE_FILL_AREA(#5798);
#3463=ORIENTED_EDGE('',*,*,#5483,.T.);
#3464=ORIENTED_EDGE('',*,*,#5799,.F.);
#3465=ORIENTED_EDGE('',*,*,#5800,.F.);
#3466=ORIENTED_EDGE('',*,*,#5801,.F.);
#3467=ORIENTED_EDGE('',*,*,#5802,.F.);
#3468=CARTESIAN_POINT('',(1.27,1.91304755078161,0.0));
#3469=DIRECTION('',(0.0,1.0,0.0));
#3470=DIRECTION('',(0.0,0.0,1.0));
#3471=SURFACE_STYLE_FILL_AREA(#5803);
#3472=ORIENTED_EDGE('',*,*,#5804,.F.);
#3473=ORIENTED_EDGE('',*,*,#5800,.T.);
#3474=ORIENTED_EDGE('',*,*,#5805,.T.);
#3475=ORIENTED_EDGE('',*,*,#5806,.F.);
#3476=ORIENTED_EDGE('',*,*,#5807,.F.);
#3477=CARTESIAN_POINT('',(1.27,1.80813108884611,0.0));
#3478=DIRECTION('',(-0.0,-1.0,-0.0));
#3479=DIRECTION('',(-1.0,0.0,0.0));
#3480=SURFACE_STYLE_FILL_AREA(#5808);
#3481=ORIENTED_EDGE('',*,*,#5809,.F.);
#3482=ORIENTED_EDGE('',*,*,#5810,.F.);
#3483=ORIENTED_EDGE('',*,*,#5811,.F.);
#3484=ORIENTED_EDGE('',*,*,#5812,.T.);
#3485=CARTESIAN_POINT('',(1.27,2.65054514193498,0.0));
#3486=DIRECTION('',(0.0,1.0,-0.0));
#3487=DIRECTION('',(-1.0,0.0,0.0));
#3488=SURFACE_STYLE_FILL_AREA(#5813);
#3489=ORIENTED_EDGE('',*,*,#5814,.F.);
#3490=ORIENTED_EDGE('',*,*,#5815,.T.);
#3491=ORIENTED_EDGE('',*,*,#5816,.F.);
#3492=ORIENTED_EDGE('',*,*,#5817,.F.);
#3493=CARTESIAN_POINT('',(1.27,2.00054514193498,0.0));
#3494=DIRECTION('',(0.0,1.0,0.0));
#3495=DIRECTION('',(-1.0,0.0,0.0));
#3496=SURFACE_STYLE_FILL_AREA(#5818);
#3497=ORIENTED_EDGE('',*,*,#5819,.F.);
#3498=ORIENTED_EDGE('',*,*,#5820,.F.);
#3499=ORIENTED_EDGE('',*,*,#5817,.T.);
#3500=CARTESIAN_POINT('',(1.27,0.312361162513375,0.0));
#3501=DIRECTION('',(0.0,1.0,-0.0));
#3502=DIRECTION('',(-1.0,0.0,0.0));
#3503=SURFACE_STYLE_FILL_AREA(#5821);
#3504=ORIENTED_EDGE('',*,*,#5822,.F.);
#3505=ORIENTED_EDGE('',*,*,#5823,.F.);
#3506=ORIENTED_EDGE('',*,*,#5824,.F.);
#3507=ORIENTED_EDGE('',*,*,#5825,.F.);
#3508=CARTESIAN_POINT('',(1.27,4.25118232182064,0.0));
#3509=DIRECTION('',(0.0,1.0,0.0));
#3510=DIRECTION('',(-1.0,0.0,0.0));
#3511=SURFACE_STYLE_FILL_AREA(#5826);
#3512=ORIENTED_EDGE('',*,*,#5827,.F.);
#3513=ORIENTED_EDGE('',*,*,#5825,.T.);
#3514=ORIENTED_EDGE('',*,*,#5828,.F.);
#3515=ORIENTED_EDGE('',*,*,#5829,.F.);
#3516=CARTESIAN_POINT('',(1.27,4.155,0.0));
#3517=DIRECTION('',(0.0,1.0,-0.0));
#3518=DIRECTION('',(-1.0,0.0,0.0));
#3519=SURFACE_STYLE_FILL_AREA(#5830);
#3520=ORIENTED_EDGE('',*,*,#5831,.F.);
#3521=ORIENTED_EDGE('',*,*,#5829,.T.);
#3522=ORIENTED_EDGE('',*,*,#5832,.F.);
#3523=ORIENTED_EDGE('',*,*,#5833,.F.);
#3524=CARTESIAN_POINT('',(1.27,4.07650933921944,0.0));
#3525=DIRECTION('',(0.0,1.0,0.0));
#3526=DIRECTION('',(-1.0,0.0,0.0));
#3527=SURFACE_STYLE_FILL_AREA(#5834);
#3528=ORIENTED_EDGE('',*,*,#5835,.F.);
#3529=ORIENTED_EDGE('',*,*,#5836,.T.);
#3530=ORIENTED_EDGE('',*,*,#5837,.F.);
#3531=ORIENTED_EDGE('',*,*,#5838,.F.);
#3532=CARTESIAN_POINT('',(1.27,4.01150933921943,0.0));
#3533=DIRECTION('',(0.0,1.0,-0.0));
#3534=DIRECTION('',(-1.0,0.0,0.0));
#3535=SURFACE_STYLE_FILL_AREA(#5839);
#3536=ORIENTED_EDGE('',*,*,#5840,.F.);
#3537=ORIENTED_EDGE('',*,*,#5838,.T.);
#3538=ORIENTED_EDGE('',*,*,#5841,.F.);
#3539=ORIENTED_EDGE('',*,*,#5842,.F.);
#3540=CARTESIAN_POINT('',(1.27,3.74650933921944,0.0));
#3541=DIRECTION('',(0.0,1.0,0.0));
#3542=DIRECTION('',(-1.0,0.0,0.0));
#3543=SURFACE_STYLE_FILL_AREA(#5843);
#3544=ORIENTED_EDGE('',*,*,#5844,.F.);
#3545=ORIENTED_EDGE('',*,*,#5842,.T.);
#3546=ORIENTED_EDGE('',*,*,#5845,.F.);
#3547=ORIENTED_EDGE('',*,*,#5459,.F.);
#3548=ORIENTED_EDGE('',*,*,#5485,.F.);
#3549=CARTESIAN_POINT('',(1.27,2.72995086353911,0.0));
#3550=DIRECTION('',(0.0,1.0,-0.0));
#3551=DIRECTION('',(-1.0,0.0,0.0));
#3552=SURFACE_STYLE_FILL_AREA(#5846);
#3553=ORIENTED_EDGE('',*,*,#5479,.T.);
#3554=ORIENTED_EDGE('',*,*,#5847,.F.);
#3555=ORIENTED_EDGE('',*,*,#5848,.F.);
#3556=ORIENTED_EDGE('',*,*,#5849,.F.);
#3557=ORIENTED_EDGE('',*,*,#5850,.F.);
#3558=CARTESIAN_POINT('',(3.81,1.91304755078161,0.0));
#3559=DIRECTION('',(0.0,1.0,0.0));
#3560=DIRECTION('',(0.0,0.0,1.0));
#3561=SURFACE_STYLE_FILL_AREA(#5851);
#3562=ORIENTED_EDGE('',*,*,#5852,.F.);
#3563=ORIENTED_EDGE('',*,*,#5848,.T.);
#3564=ORIENTED_EDGE('',*,*,#5853,.T.);
#3565=ORIENTED_EDGE('',*,*,#5854,.F.);
#3566=ORIENTED_EDGE('',*,*,#5855,.F.);
#3567=CARTESIAN_POINT('',(3.81,1.80813108884611,0.0));
#3568=DIRECTION('',(-0.0,-1.0,-0.0));
#3569=DIRECTION('',(-1.0,0.0,0.0));
#3570=SURFACE_STYLE_FILL_AREA(#5856);
#3571=ORIENTED_EDGE('',*,*,#5857,.F.);
#3572=ORIENTED_EDGE('',*,*,#5858,.F.);
#3573=ORIENTED_EDGE('',*,*,#5859,.F.);
#3574=ORIENTED_EDGE('',*,*,#5860,.T.);
#3575=CARTESIAN_POINT('',(3.81,2.65054514193498,0.0));
#3576=DIRECTION('',(0.0,1.0,-0.0));
#3577=DIRECTION('',(-1.0,0.0,0.0));
#3578=SURFACE_STYLE_FILL_AREA(#5861);
#3579=ORIENTED_EDGE('',*,*,#5862,.F.);
#3580=ORIENTED_EDGE('',*,*,#5863,.T.);
#3581=ORIENTED_EDGE('',*,*,#5864,.F.);
#3582=ORIENTED_EDGE('',*,*,#5865,.F.);
#3583=CARTESIAN_POINT('',(3.81,2.00054514193498,0.0));
#3584=DIRECTION('',(0.0,1.0,0.0));
#3585=DIRECTION('',(-1.0,0.0,0.0));
#3586=SURFACE_STYLE_FILL_AREA(#5866);
#3587=ORIENTED_EDGE('',*,*,#5867,.F.);
#3588=ORIENTED_EDGE('',*,*,#5868,.F.);
#3589=ORIENTED_EDGE('',*,*,#5865,.T.);
#3590=CARTESIAN_POINT('',(3.81,0.312361162513375,0.0));
#3591=DIRECTION('',(0.0,1.0,-0.0));
#3592=DIRECTION('',(-1.0,0.0,0.0));
#3593=SURFACE_STYLE_FILL_AREA(#5869);
#3594=ORIENTED_EDGE('',*,*,#5870,.F.);
#3595=ORIENTED_EDGE('',*,*,#5871,.F.);
#3596=ORIENTED_EDGE('',*,*,#5872,.F.);
#3597=ORIENTED_EDGE('',*,*,#5873,.F.);
#3598=CARTESIAN_POINT('',(3.81,4.25118232182064,0.0));
#3599=DIRECTION('',(0.0,1.0,0.0));
#3600=DIRECTION('',(-1.0,0.0,0.0));
#3601=SURFACE_STYLE_FILL_AREA(#5874);
#3602=ORIENTED_EDGE('',*,*,#5875,.F.);
#3603=ORIENTED_EDGE('',*,*,#5873,.T.);
#3604=ORIENTED_EDGE('',*,*,#5876,.F.);
#3605=ORIENTED_EDGE('',*,*,#5877,.F.);
#3606=CARTESIAN_POINT('',(3.81,4.155,0.0));
#3607=DIRECTION('',(0.0,1.0,-0.0));
#3608=DIRECTION('',(-1.0,0.0,0.0));
#3609=SURFACE_STYLE_FILL_AREA(#5878);
#3610=ORIENTED_EDGE('',*,*,#5879,.F.);
#3611=ORIENTED_EDGE('',*,*,#5877,.T.);
#3612=ORIENTED_EDGE('',*,*,#5880,.F.);
#3613=ORIENTED_EDGE('',*,*,#5881,.F.);
#3614=CARTESIAN_POINT('',(3.81,4.07650933921944,0.0));
#3615=DIRECTION('',(0.0,1.0,0.0));
#3616=DIRECTION('',(-1.0,0.0,0.0));
#3617=SURFACE_STYLE_FILL_AREA(#5882);
#3618=ORIENTED_EDGE('',*,*,#5883,.F.);
#3619=ORIENTED_EDGE('',*,*,#5884,.T.);
#3620=ORIENTED_EDGE('',*,*,#5885,.F.);
#3621=ORIENTED_EDGE('',*,*,#5886,.F.);
#3622=CARTESIAN_POINT('',(3.81,4.01150933921943,0.0));
#3623=DIRECTION('',(0.0,1.0,-0.0));
#3624=DIRECTION('',(-1.0,0.0,0.0));
#3625=SURFACE_STYLE_FILL_AREA(#5887);
#3626=ORIENTED_EDGE('',*,*,#5888,.F.);
#3627=ORIENTED_EDGE('',*,*,#5886,.T.);
#3628=ORIENTED_EDGE('',*,*,#5889,.F.);
#3629=ORIENTED_EDGE('',*,*,#5890,.F.);
#3630=CARTESIAN_POINT('',(3.81,3.74650933921944,0.0));
#3631=DIRECTION('',(0.0,1.0,0.0));
#3632=DIRECTION('',(-1.0,0.0,0.0));
#3633=SURFACE_STYLE_FILL_AREA(#5891);
#3634=ORIENTED_EDGE('',*,*,#5892,.F.);
#3635=ORIENTED_EDGE('',*,*,#5890,.T.);
#3636=ORIENTED_EDGE('',*,*,#5893,.F.);
#3637=ORIENTED_EDGE('',*,*,#5465,.F.);
#3638=ORIENTED_EDGE('',*,*,#5481,.F.);
#3639=CARTESIAN_POINT('',(3.81,2.72995086353911,0.0));
#3640=DIRECTION('',(0.0,1.0,-0.0));
#3641=DIRECTION('',(-1.0,0.0,0.0));
#3642=SURFACE_STYLE_FILL_AREA(#5894);
#3643=ORIENTED_EDGE('',*,*,#5475,.T.);
#3644=ORIENTED_EDGE('',*,*,#5895,.F.);
#3645=ORIENTED_EDGE('',*,*,#5896,.F.);
#3646=ORIENTED_EDGE('',*,*,#5897,.F.);
#3647=ORIENTED_EDGE('',*,*,#5898,.F.);
#3648=CARTESIAN_POINT('',(6.35,1.91304755078161,0.0));
#3649=DIRECTION('',(0.0,1.0,0.0));
#3650=DIRECTION('',(0.0,0.0,1.0));
#3651=SURFACE_STYLE_FILL_AREA(#5899);
#3652=ORIENTED_EDGE('',*,*,#5900,.F.);
#3653=ORIENTED_EDGE('',*,*,#5896,.T.);
#3654=ORIENTED_EDGE('',*,*,#5901,.T.);
#3655=ORIENTED_EDGE('',*,*,#5902,.F.);
#3656=ORIENTED_EDGE('',*,*,#5903,.F.);
#3657=CARTESIAN_POINT('',(6.35,1.80813108884611,0.0));
#3658=DIRECTION('',(-0.0,-1.0,-0.0));
#3659=DIRECTION('',(-1.0,0.0,0.0));
#3660=SURFACE_STYLE_FILL_AREA(#5904);
#3661=ORIENTED_EDGE('',*,*,#5905,.F.);
#3662=ORIENTED_EDGE('',*,*,#5906,.F.);
#3663=ORIENTED_EDGE('',*,*,#5907,.F.);
#3664=ORIENTED_EDGE('',*,*,#5908,.T.);
#3665=CARTESIAN_POINT('',(6.35,2.65054514193498,0.0));
#3666=DIRECTION('',(0.0,1.0,-0.0));
#3667=DIRECTION('',(-1.0,0.0,0.0));
#3668=SURFACE_STYLE_FILL_AREA(#5909);
#3669=ORIENTED_EDGE('',*,*,#5910,.F.);
#3670=ORIENTED_EDGE('',*,*,#5911,.T.);
#3671=ORIENTED_EDGE('',*,*,#5912,.F.);
#3672=ORIENTED_EDGE('',*,*,#5913,.F.);
#3673=CARTESIAN_POINT('',(6.35,2.00054514193498,0.0));
#3674=DIRECTION('',(0.0,1.0,0.0));
#3675=DIRECTION('',(-1.0,0.0,0.0));
#3676=SURFACE_STYLE_FILL_AREA(#5914);
#3677=ORIENTED_EDGE('',*,*,#5915,.F.);
#3678=ORIENTED_EDGE('',*,*,#5916,.F.);
#3679=ORIENTED_EDGE('',*,*,#5913,.T.);
#3680=CARTESIAN_POINT('',(6.35,0.312361162513375,0.0));
#3681=DIRECTION('',(0.0,1.0,-0.0));
#3682=DIRECTION('',(-1.0,0.0,0.0));
#3683=SURFACE_STYLE_FILL_AREA(#5917);
#3684=ORIENTED_EDGE('',*,*,#5918,.F.);
#3685=ORIENTED_EDGE('',*,*,#5919,.F.);
#3686=ORIENTED_EDGE('',*,*,#5920,.F.);
#3687=ORIENTED_EDGE('',*,*,#5921,.F.);
#3688=CARTESIAN_POINT('',(6.35,4.25118232182064,0.0));
#3689=DIRECTION('',(0.0,1.0,0.0));
#3690=DIRECTION('',(-1.0,0.0,0.0));
#3691=SURFACE_STYLE_FILL_AREA(#5922);
#3692=ORIENTED_EDGE('',*,*,#5923,.F.);
#3693=ORIENTED_EDGE('',*,*,#5921,.T.);
#3694=ORIENTED_EDGE('',*,*,#5924,.F.);
#3695=ORIENTED_EDGE('',*,*,#5925,.F.);
#3696=CARTESIAN_POINT('',(6.35,4.155,0.0));
#3697=DIRECTION('',(0.0,1.0,-0.0));
#3698=DIRECTION('',(-1.0,0.0,0.0));
#3699=SURFACE_STYLE_FILL_AREA(#5926);
#3700=ORIENTED_EDGE('',*,*,#5927,.F.);
#3701=ORIENTED_EDGE('',*,*,#5925,.T.);
#3702=ORIENTED_EDGE('',*,*,#5928,.F.);
#3703=ORIENTED_EDGE('',*,*,#5929,.F.);
#3704=CARTESIAN_POINT('',(6.35,4.07650933921944,0.0));
#3705=DIRECTION('',(0.0,1.0,0.0));
#3706=DIRECTION('',(-1.0,0.0,0.0));
#3707=SURFACE_STYLE_FILL_AREA(#5930);
#3708=ORIENTED_EDGE('',*,*,#5931,.F.);
#3709=ORIENTED_EDGE('',*,*,#5932,.T.);
#3710=ORIENTED_EDGE('',*,*,#5933,.F.);
#3711=ORIENTED_EDGE('',*,*,#5934,.F.);
#3712=CARTESIAN_POINT('',(6.35,4.01150933921943,0.0));
#3713=DIRECTION('',(0.0,1.0,-0.0));
#3714=DIRECTION('',(-1.0,0.0,0.0));
#3715=SURFACE_STYLE_FILL_AREA(#5935);
#3716=ORIENTED_EDGE('',*,*,#5936,.F.);
#3717=ORIENTED_EDGE('',*,*,#5934,.T.);
#3718=ORIENTED_EDGE('',*,*,#5937,.F.);
#3719=ORIENTED_EDGE('',*,*,#5938,.F.);
#3720=CARTESIAN_POINT('',(6.35,3.74650933921944,0.0));
#3721=DIRECTION('',(0.0,1.0,0.0));
#3722=DIRECTION('',(-1.0,0.0,0.0));
#3723=SURFACE_STYLE_FILL_AREA(#5939);
#3724=ORIENTED_EDGE('',*,*,#5940,.F.);
#3725=ORIENTED_EDGE('',*,*,#5938,.T.);
#3726=ORIENTED_EDGE('',*,*,#5941,.F.);
#3727=ORIENTED_EDGE('',*,*,#5471,.F.);
#3728=ORIENTED_EDGE('',*,*,#5477,.F.);
#3729=CARTESIAN_POINT('',(6.35,2.72995086353911,0.0));
#3730=DIRECTION('',(0.0,1.0,-0.0));
#3731=DIRECTION('',(-1.0,0.0,0.0));
#3732=SURFACE_STYLE_FILL_AREA(#5942);
#3733=ORIENTED_EDGE('',*,*,#5940,.T.);
#3734=ORIENTED_EDGE('',*,*,#5476,.F.);
#3735=ORIENTED_EDGE('',*,*,#5472,.F.);
#3736=ORIENTED_EDGE('',*,*,#5941,.T.);
#3737=ORIENTED_EDGE('',*,*,#5943,.T.);
#3738=CARTESIAN_POINT('',(6.35,2.72995086353911,0.0));
#3739=DIRECTION('',(0.0,1.0,-0.0));
#3740=DIRECTION('',(-1.0,0.0,0.0));
#3741=SURFACE_STYLE_FILL_AREA(#5944);
#3742=ORIENTED_EDGE('',*,*,#5936,.T.);
#3743=ORIENTED_EDGE('',*,*,#5943,.F.);
#3744=ORIENTED_EDGE('',*,*,#5937,.T.);
#3745=ORIENTED_EDGE('',*,*,#5945,.T.);
#3746=CARTESIAN_POINT('',(6.35,3.74650933921944,0.0));
#3747=DIRECTION('',(0.0,1.0,0.0));
#3748=DIRECTION('',(-1.0,0.0,0.0));
#3749=SURFACE_STYLE_FILL_AREA(#5946);
#3750=ORIENTED_EDGE('',*,*,#5931,.T.);
#3751=ORIENTED_EDGE('',*,*,#5945,.F.);
#3752=ORIENTED_EDGE('',*,*,#5933,.T.);
#3753=ORIENTED_EDGE('',*,*,#5947,.T.);
#3754=CARTESIAN_POINT('',(6.35,4.01150933921943,0.0));
#3755=DIRECTION('',(0.0,1.0,-0.0));
#3756=DIRECTION('',(-1.0,0.0,0.0));
#3757=SURFACE_STYLE_FILL_AREA(#5948);
#3758=ORIENTED_EDGE('',*,*,#5929,.T.);
#3759=ORIENTED_EDGE('',*,*,#5949,.T.);
#3760=ORIENTED_EDGE('',*,*,#5932,.F.);
#3761=ORIENTED_EDGE('',*,*,#5947,.F.);
#3762=CARTESIAN_POINT('',(5.72,4.04301867843887,0.0));
#3763=DIRECTION('',(0.0,-1.0,0.0));
#3764=DIRECTION('',(1.0,0.0,0.0));
#3765=SURFACE_STYLE_FILL_AREA(#5950);
#3766=ORIENTED_EDGE('',*,*,#5927,.T.);
#3767=ORIENTED_EDGE('',*,*,#5949,.F.);
#3768=ORIENTED_EDGE('',*,*,#5928,.T.);
#3769=ORIENTED_EDGE('',*,*,#5951,.T.);
#3770=CARTESIAN_POINT('',(6.35,4.07650933921944,0.0));
#3771=DIRECTION('',(0.0,1.0,0.0));
#3772=DIRECTION('',(-1.0,0.0,0.0));
#3773=SURFACE_STYLE_FILL_AREA(#5952);
#3774=ORIENTED_EDGE('',*,*,#5923,.T.);
#3775=ORIENTED_EDGE('',*,*,#5951,.F.);
#3776=ORIENTED_EDGE('',*,*,#5924,.T.);
#3777=ORIENTED_EDGE('',*,*,#5953,.T.);
#3778=CARTESIAN_POINT('',(6.35,4.155,0.0));
#3779=DIRECTION('',(0.0,1.0,-0.0));
#3780=DIRECTION('',(-1.0,0.0,0.0));
#3781=SURFACE_STYLE_FILL_AREA(#5954);
#3782=ORIENTED_EDGE('',*,*,#5918,.T.);
#3783=ORIENTED_EDGE('',*,*,#5953,.F.);
#3784=ORIENTED_EDGE('',*,*,#5920,.T.);
#3785=ORIENTED_EDGE('',*,*,#5955,.F.);
#3786=CARTESIAN_POINT('',(6.35,4.25118232182064,0.0));
#3787=DIRECTION('',(0.0,1.0,0.0));
#3788=DIRECTION('',(-1.0,0.0,0.0));
#3789=SURFACE_STYLE_FILL_AREA(#5956);
#3790=ORIENTED_EDGE('',*,*,#5915,.T.);
#3791=ORIENTED_EDGE('',*,*,#5957,.T.);
#3792=ORIENTED_EDGE('',*,*,#5916,.T.);
#3793=CARTESIAN_POINT('',(6.35,0.312361162513375,0.0));
#3794=DIRECTION('',(0.0,1.0,-0.0));
#3795=DIRECTION('',(-1.0,0.0,0.0));
#3796=SURFACE_STYLE_FILL_AREA(#5958);
#3797=ORIENTED_EDGE('',*,*,#5910,.T.);
#3798=ORIENTED_EDGE('',*,*,#5957,.F.);
#3799=ORIENTED_EDGE('',*,*,#5912,.T.);
#3800=ORIENTED_EDGE('',*,*,#5906,.T.);
#3801=CARTESIAN_POINT('',(6.35,2.00054514193498,0.0));
#3802=DIRECTION('',(0.0,1.0,0.0));
#3803=DIRECTION('',(-1.0,0.0,0.0));
#3804=SURFACE_STYLE_FILL_AREA(#5959);
#3805=ORIENTED_EDGE('',*,*,#5905,.T.);
#3806=ORIENTED_EDGE('',*,*,#5903,.T.);
#3807=ORIENTED_EDGE('',*,*,#5907,.T.);
#3808=ORIENTED_EDGE('',*,*,#5911,.F.);
#3809=CARTESIAN_POINT('',(6.35,2.65054514193498,0.0));
#3810=DIRECTION('',(0.0,1.0,-0.0));
#3811=DIRECTION('',(-1.0,0.0,0.0));
#3812=SURFACE_STYLE_FILL_AREA(#5960);
#3813=ORIENTED_EDGE('',*,*,#5900,.T.);
#3814=ORIENTED_EDGE('',*,*,#5908,.F.);
#3815=ORIENTED_EDGE('',*,*,#5902,.T.);
#3816=ORIENTED_EDGE('',*,*,#5961,.T.);
#3817=ORIENTED_EDGE('',*,*,#5897,.T.);
#3818=CARTESIAN_POINT('',(6.35,1.80813108884611,0.0));
#3819=DIRECTION('',(-0.0,-1.0,-0.0));
#3820=DIRECTION('',(-1.0,0.0,0.0));
#3821=SURFACE_STYLE_FILL_AREA(#5962);
#3822=ORIENTED_EDGE('',*,*,#5469,.T.);
#3823=ORIENTED_EDGE('',*,*,#5898,.T.);
#3824=ORIENTED_EDGE('',*,*,#5961,.F.);
#3825=ORIENTED_EDGE('',*,*,#5901,.F.);
#3826=ORIENTED_EDGE('',*,*,#5895,.T.);
#3827=CARTESIAN_POINT('',(6.35,1.91304755078161,0.0));
#3828=DIRECTION('',(0.0,1.0,0.0));
#3829=DIRECTION('',(0.0,0.0,1.0));
#3830=SURFACE_STYLE_FILL_AREA(#5963);
#3831=ORIENTED_EDGE('',*,*,#5892,.T.);
#3832=ORIENTED_EDGE('',*,*,#5480,.F.);
#3833=ORIENTED_EDGE('',*,*,#5466,.F.);
#3834=ORIENTED_EDGE('',*,*,#5893,.T.);
#3835=ORIENTED_EDGE('',*,*,#5964,.T.);
#3836=CARTESIAN_POINT('',(3.81,2.72995086353911,0.0));
#3837=DIRECTION('',(0.0,1.0,-0.0));
#3838=DIRECTION('',(-1.0,0.0,0.0));
#3839=SURFACE_STYLE_FILL_AREA(#5965);
#3840=ORIENTED_EDGE('',*,*,#5888,.T.);
#3841=ORIENTED_EDGE('',*,*,#5964,.F.);
#3842=ORIENTED_EDGE('',*,*,#5889,.T.);
#3843=ORIENTED_EDGE('',*,*,#5966,.T.);
#3844=CARTESIAN_POINT('',(3.81,3.74650933921944,0.0));
#3845=DIRECTION('',(0.0,1.0,0.0));
#3846=DIRECTION('',(-1.0,0.0,0.0));
#3847=SURFACE_STYLE_FILL_AREA(#5967);
#3848=ORIENTED_EDGE('',*,*,#5883,.T.);
#3849=ORIENTED_EDGE('',*,*,#5966,.F.);
#3850=ORIENTED_EDGE('',*,*,#5885,.T.);
#3851=ORIENTED_EDGE('',*,*,#5968,.T.);
#3852=CARTESIAN_POINT('',(3.81,4.01150933921943,0.0));
#3853=DIRECTION('',(0.0,1.0,-0.0));
#3854=DIRECTION('',(-1.0,0.0,0.0));
#3855=SURFACE_STYLE_FILL_AREA(#5969);
#3856=ORIENTED_EDGE('',*,*,#5881,.T.);
#3857=ORIENTED_EDGE('',*,*,#5970,.T.);
#3858=ORIENTED_EDGE('',*,*,#5884,.F.);
#3859=ORIENTED_EDGE('',*,*,#5968,.F.);
#3860=CARTESIAN_POINT('',(3.18,4.04301867843887,0.0));
#3861=DIRECTION('',(0.0,-1.0,0.0));
#3862=DIRECTION('',(1.0,0.0,0.0));
#3863=SURFACE_STYLE_FILL_AREA(#5971);
#3864=ORIENTED_EDGE('',*,*,#5879,.T.);
#3865=ORIENTED_EDGE('',*,*,#5970,.F.);
#3866=ORIENTED_EDGE('',*,*,#5880,.T.);
#3867=ORIENTED_EDGE('',*,*,#5972,.T.);
#3868=CARTESIAN_POINT('',(3.81,4.07650933921944,0.0));
#3869=DIRECTION('',(0.0,1.0,0.0));
#3870=DIRECTION('',(-1.0,0.0,0.0));
#3871=SURFACE_STYLE_FILL_AREA(#5973);
#3872=ORIENTED_EDGE('',*,*,#5875,.T.);
#3873=ORIENTED_EDGE('',*,*,#5972,.F.);
#3874=ORIENTED_EDGE('',*,*,#5876,.T.);
#3875=ORIENTED_EDGE('',*,*,#5974,.T.);
#3876=CARTESIAN_POINT('',(3.81,4.155,0.0));
#3877=DIRECTION('',(0.0,1.0,-0.0));
#3878=DIRECTION('',(-1.0,0.0,0.0));
#3879=SURFACE_STYLE_FILL_AREA(#5975);
#3880=ORIENTED_EDGE('',*,*,#5870,.T.);
#3881=ORIENTED_EDGE('',*,*,#5974,.F.);
#3882=ORIENTED_EDGE('',*,*,#5872,.T.);
#3883=ORIENTED_EDGE('',*,*,#5976,.F.);
#3884=CARTESIAN_POINT('',(3.81,4.25118232182064,0.0));
#3885=DIRECTION('',(0.0,1.0,0.0));
#3886=DIRECTION('',(-1.0,0.0,0.0));
#3887=SURFACE_STYLE_FILL_AREA(#5977);
#3888=ORIENTED_EDGE('',*,*,#5867,.T.);
#3889=ORIENTED_EDGE('',*,*,#5978,.T.);
#3890=ORIENTED_EDGE('',*,*,#5868,.T.);
#3891=CARTESIAN_POINT('',(3.81,0.312361162513375,0.0));
#3892=DIRECTION('',(0.0,1.0,-0.0));
#3893=DIRECTION('',(-1.0,0.0,0.0));
#3894=SURFACE_STYLE_FILL_AREA(#5979);
#3895=ORIENTED_EDGE('',*,*,#5862,.T.);
#3896=ORIENTED_EDGE('',*,*,#5978,.F.);
#3897=ORIENTED_EDGE('',*,*,#5864,.T.);
#3898=ORIENTED_EDGE('',*,*,#5858,.T.);
#3899=CARTESIAN_POINT('',(3.81,2.00054514193498,0.0));
#3900=DIRECTION('',(0.0,1.0,0.0));
#3901=DIRECTION('',(-1.0,0.0,0.0));
#3902=SURFACE_STYLE_FILL_AREA(#5980);
#3903=ORIENTED_EDGE('',*,*,#5857,.T.);
#3904=ORIENTED_EDGE('',*,*,#5855,.T.);
#3905=ORIENTED_EDGE('',*,*,#5859,.T.);
#3906=ORIENTED_EDGE('',*,*,#5863,.F.);
#3907=CARTESIAN_POINT('',(3.81,2.65054514193498,0.0));
#3908=DIRECTION('',(0.0,1.0,-0.0));
#3909=DIRECTION('',(-1.0,0.0,0.0));
#3910=SURFACE_STYLE_FILL_AREA(#5981);
#3911=ORIENTED_EDGE('',*,*,#5852,.T.);
#3912=ORIENTED_EDGE('',*,*,#5860,.F.);
#3913=ORIENTED_EDGE('',*,*,#5854,.T.);
#3914=ORIENTED_EDGE('',*,*,#5982,.T.);
#3915=ORIENTED_EDGE('',*,*,#5849,.T.);
#3916=CARTESIAN_POINT('',(3.81,1.80813108884611,0.0));
#3917=DIRECTION('',(-0.0,-1.0,-0.0));
#3918=DIRECTION('',(-1.0,0.0,0.0));
#3919=SURFACE_STYLE_FILL_AREA(#5983);
#3920=ORIENTED_EDGE('',*,*,#5463,.T.);
#3921=ORIENTED_EDGE('',*,*,#5850,.T.);
#3922=ORIENTED_EDGE('',*,*,#5982,.F.);
#3923=ORIENTED_EDGE('',*,*,#5853,.F.);
#3924=ORIENTED_EDGE('',*,*,#5847,.T.);
#3925=CARTESIAN_POINT('',(3.81,1.91304755078161,0.0));
#3926=DIRECTION('',(0.0,1.0,0.0));
#3927=DIRECTION('',(0.0,0.0,1.0));
#3928=SURFACE_STYLE_FILL_AREA(#5984);
#3929=ORIENTED_EDGE('',*,*,#5844,.T.);
#3930=ORIENTED_EDGE('',*,*,#5484,.F.);
#3931=ORIENTED_EDGE('',*,*,#5460,.F.);
#3932=ORIENTED_EDGE('',*,*,#5845,.T.);
#3933=ORIENTED_EDGE('',*,*,#5985,.T.);
#3934=CARTESIAN_POINT('',(1.27,2.72995086353911,0.0));
#3935=DIRECTION('',(0.0,1.0,-0.0));
#3936=DIRECTION('',(-1.0,0.0,0.0));
#3937=SURFACE_STYLE_FILL_AREA(#5986);
#3938=ORIENTED_EDGE('',*,*,#5840,.T.);
#3939=ORIENTED_EDGE('',*,*,#5985,.F.);
#3940=ORIENTED_EDGE('',*,*,#5841,.T.);
#3941=ORIENTED_EDGE('',*,*,#5987,.T.);
#3942=CARTESIAN_POINT('',(1.27,3.74650933921944,0.0));
#3943=DIRECTION('',(0.0,1.0,0.0));
#3944=DIRECTION('',(-1.0,0.0,0.0));
#3945=SURFACE_STYLE_FILL_AREA(#5988);
#3946=ORIENTED_EDGE('',*,*,#5835,.T.);
#3947=ORIENTED_EDGE('',*,*,#5987,.F.);
#3948=ORIENTED_EDGE('',*,*,#5837,.T.);
#3949=ORIENTED_EDGE('',*,*,#5989,.T.);
#3950=CARTESIAN_POINT('',(1.27,4.01150933921943,0.0));
#3951=DIRECTION('',(0.0,1.0,-0.0));
#3952=DIRECTION('',(-1.0,0.0,0.0));
#3953=SURFACE_STYLE_FILL_AREA(#5990);
#3954=ORIENTED_EDGE('',*,*,#5833,.T.);
#3955=ORIENTED_EDGE('',*,*,#5991,.T.);
#3956=ORIENTED_EDGE('',*,*,#5836,.F.);
#3957=ORIENTED_EDGE('',*,*,#5989,.F.);
#3958=CARTESIAN_POINT('',(0.640000000000001,4.04301867843887,0.0));
#3959=DIRECTION('',(0.0,-1.0,0.0));
#3960=DIRECTION('',(1.0,0.0,0.0));
#3961=SURFACE_STYLE_FILL_AREA(#5992);
#3962=ORIENTED_EDGE('',*,*,#5831,.T.);
#3963=ORIENTED_EDGE('',*,*,#5991,.F.);
#3964=ORIENTED_EDGE('',*,*,#5832,.T.);
#3965=ORIENTED_EDGE('',*,*,#5993,.T.);
#3966=CARTESIAN_POINT('',(1.27,4.07650933921944,0.0));
#3967=DIRECTION('',(0.0,1.0,0.0));
#3968=DIRECTION('',(-1.0,0.0,0.0));
#3969=SURFACE_STYLE_FILL_AREA(#5994);
#3970=ORIENTED_EDGE('',*,*,#5827,.T.);
#3971=ORIENTED_EDGE('',*,*,#5993,.F.);
#3972=ORIENTED_EDGE('',*,*,#5828,.T.);
#3973=ORIENTED_EDGE('',*,*,#5995,.T.);
#3974=CARTESIAN_POINT('',(1.27,4.155,0.0));
#3975=DIRECTION('',(0.0,1.0,-0.0));
#3976=DIRECTION('',(-1.0,0.0,0.0));
#3977=SURFACE_STYLE_FILL_AREA(#5996);
#3978=ORIENTED_EDGE('',*,*,#5822,.T.);
#3979=ORIENTED_EDGE('',*,*,#5995,.F.);
#3980=ORIENTED_EDGE('',*,*,#5824,.T.);
#3981=ORIENTED_EDGE('',*,*,#5997,.F.);
#3982=CARTESIAN_POINT('',(1.27,4.25118232182064,0.0));
#3983=DIRECTION('',(0.0,1.0,0.0));
#3984=DIRECTION('',(-1.0,0.0,0.0));
#3985=SURFACE_STYLE_FILL_AREA(#5998);
#3986=ORIENTED_EDGE('',*,*,#5819,.T.);
#3987=ORIENTED_EDGE('',*,*,#5999,.T.);
#3988=ORIENTED_EDGE('',*,*,#5820,.T.);
#3989=CARTESIAN_POINT('',(1.27,0.312361162513375,0.0));
#3990=DIRECTION('',(0.0,1.0,-0.0));
#3991=DIRECTION('',(-1.0,0.0,0.0));
#3992=SURFACE_STYLE_FILL_AREA(#6000);
#3993=ORIENTED_EDGE('',*,*,#5814,.T.);
#3994=ORIENTED_EDGE('',*,*,#5999,.F.);
#3995=ORIENTED_EDGE('',*,*,#5816,.T.);
#3996=ORIENTED_EDGE('',*,*,#5810,.T.);
#3997=CARTESIAN_POINT('',(1.27,2.00054514193498,0.0));
#3998=DIRECTION('',(0.0,1.0,0.0));
#3999=DIRECTION('',(-1.0,0.0,0.0));
#4000=SURFACE_STYLE_FILL_AREA(#6001);
#4001=ORIENTED_EDGE('',*,*,#5809,.T.);
#4002=ORIENTED_EDGE('',*,*,#5807,.T.);
#4003=ORIENTED_EDGE('',*,*,#5811,.T.);
#4004=ORIENTED_EDGE('',*,*,#5815,.F.);
#4005=CARTESIAN_POINT('',(1.27,2.65054514193498,0.0));
#4006=DIRECTION('',(0.0,1.0,-0.0));
#4007=DIRECTION('',(-1.0,0.0,0.0));
#4008=SURFACE_STYLE_FILL_AREA(#6002);
#4009=ORIENTED_EDGE('',*,*,#5804,.T.);
#4010=ORIENTED_EDGE('',*,*,#5812,.F.);
#4011=ORIENTED_EDGE('',*,*,#5806,.T.);
#4012=ORIENTED_EDGE('',*,*,#6003,.T.);
#4013=ORIENTED_EDGE('',*,*,#5801,.T.);
#4014=CARTESIAN_POINT('',(1.27,1.80813108884611,0.0));
#4015=DIRECTION('',(-0.0,-1.0,-0.0));
#4016=DIRECTION('',(-1.0,0.0,0.0));
#4017=SURFACE_STYLE_FILL_AREA(#6004);
#4018=ORIENTED_EDGE('',*,*,#5457,.T.);
#4019=ORIENTED_EDGE('',*,*,#5802,.T.);
#4020=ORIENTED_EDGE('',*,*,#6003,.F.);
#4021=ORIENTED_EDGE('',*,*,#5805,.F.);
#4022=ORIENTED_EDGE('',*,*,#5799,.T.);
#4023=CARTESIAN_POINT('',(1.27,1.91304755078161,0.0));
#4024=DIRECTION('',(0.0,1.0,0.0));
#4025=DIRECTION('',(0.0,0.0,1.0));
#4026=SURFACE_STYLE_FILL_AREA(#6005);
#4027=ORIENTED_EDGE('',*,*,#5796,.T.);
#4028=ORIENTED_EDGE('',*,*,#5488,.F.);
#4029=ORIENTED_EDGE('',*,*,#5454,.F.);
#4030=ORIENTED_EDGE('',*,*,#5797,.T.);
#4031=ORIENTED_EDGE('',*,*,#6006,.T.);
#4032=CARTESIAN_POINT('',(-1.27,2.72995086353911,0.0));
#4033=DIRECTION('',(0.0,1.0,-0.0));
#4034=DIRECTION('',(-1.0,0.0,0.0));
#4035=SURFACE_STYLE_FILL_AREA(#6007);
#4036=ORIENTED_EDGE('',*,*,#5792,.T.);
#4037=ORIENTED_EDGE('',*,*,#6006,.F.);
#4038=ORIENTED_EDGE('',*,*,#5793,.T.);
#4039=ORIENTED_EDGE('',*,*,#6008,.T.);
#4040=CARTESIAN_POINT('',(-1.27,3.74650933921944,0.0));
#4041=DIRECTION('',(0.0,1.0,0.0));
#4042=DIRECTION('',(-1.0,0.0,0.0));
#4043=SURFACE_STYLE_FILL_AREA(#6009);
#4044=ORIENTED_EDGE('',*,*,#5787,.T.);
#4045=ORIENTED_EDGE('',*,*,#6008,.F.);
#4046=ORIENTED_EDGE('',*,*,#5789,.T.);
#4047=ORIENTED_EDGE('',*,*,#6010,.T.);
#4048=CARTESIAN_POINT('',(-1.27,4.01150933921943,0.0));
#4049=DIRECTION('',(0.0,1.0,-0.0));
#4050=DIRECTION('',(-1.0,0.0,0.0));
#4051=SURFACE_STYLE_FILL_AREA(#6011);
#4052=ORIENTED_EDGE('',*,*,#5785,.T.);
#4053=ORIENTED_EDGE('',*,*,#6012,.T.);
#4054=ORIENTED_EDGE('',*,*,#5788,.F.);
#4055=ORIENTED_EDGE('',*,*,#6010,.F.);
#4056=CARTESIAN_POINT('',(-1.9,4.04301867843887,0.0));
#4057=DIRECTION('',(0.0,-1.0,0.0));
#4058=DIRECTION('',(1.0,0.0,0.0));
#4059=SURFACE_STYLE_FILL_AREA(#6013);
#4060=ORIENTED_EDGE('',*,*,#5783,.T.);
#4061=ORIENTED_EDGE('',*,*,#6012,.F.);
#4062=ORIENTED_EDGE('',*,*,#5784,.T.);
#4063=ORIENTED_EDGE('',*,*,#6014,.T.);
#4064=CARTESIAN_POINT('',(-1.27,4.07650933921944,0.0));
#4065=DIRECTION('',(0.0,1.0,0.0));
#4066=DIRECTION('',(-1.0,0.0,0.0));
#4067=SURFACE_STYLE_FILL_AREA(#6015);
#4068=ORIENTED_EDGE('',*,*,#5779,.T.);
#4069=ORIENTED_EDGE('',*,*,#6014,.F.);
#4070=ORIENTED_EDGE('',*,*,#5780,.T.);
#4071=ORIENTED_EDGE('',*,*,#6016,.T.);
#4072=CARTESIAN_POINT('',(-1.27,4.155,0.0));
#4073=DIRECTION('',(0.0,1.0,-0.0));
#4074=DIRECTION('',(-1.0,0.0,0.0));
#4075=SURFACE_STYLE_FILL_AREA(#6017);
#4076=ORIENTED_EDGE('',*,*,#5774,.T.);
#4077=ORIENTED_EDGE('',*,*,#6016,.F.);
#4078=ORIENTED_EDGE('',*,*,#5776,.T.);
#4079=ORIENTED_EDGE('',*,*,#6018,.F.);
#4080=CARTESIAN_POINT('',(-1.27,4.25118232182064,0.0));
#4081=DIRECTION('',(0.0,1.0,0.0));
#4082=DIRECTION('',(-1.0,0.0,0.0));
#4083=SURFACE_STYLE_FILL_AREA(#6019);
#4084=ORIENTED_EDGE('',*,*,#5771,.T.);
#4085=ORIENTED_EDGE('',*,*,#6020,.T.);
#4086=ORIENTED_EDGE('',*,*,#5772,.T.);
#4087=CARTESIAN_POINT('',(-1.27,0.312361162513375,0.0));
#4088=DIRECTION('',(0.0,1.0,-0.0));
#4089=DIRECTION('',(-1.0,0.0,0.0));
#4090=SURFACE_STYLE_FILL_AREA(#6021);
#4091=ORIENTED_EDGE('',*,*,#5766,.T.);
#4092=ORIENTED_EDGE('',*,*,#6020,.F.);
#4093=ORIENTED_EDGE('',*,*,#5768,.T.);
#4094=ORIENTED_EDGE('',*,*,#5762,.T.);
#4095=CARTESIAN_POINT('',(-1.27,2.00054514193498,0.0));
#4096=DIRECTION('',(0.0,1.0,0.0));
#4097=DIRECTION('',(-1.0,0.0,0.0));
#4098=SURFACE_STYLE_FILL_AREA(#6022);
#4099=ORIENTED_EDGE('',*,*,#5761,.T.);
#4100=ORIENTED_EDGE('',*,*,#5759,.T.);
#4101=ORIENTED_EDGE('',*,*,#5763,.T.);
#4102=ORIENTED_EDGE('',*,*,#5767,.F.);
#4103=CARTESIAN_POINT('',(-1.27,2.65054514193498,0.0));
#4104=DIRECTION('',(0.0,1.0,-0.0));
#4105=DIRECTION('',(-1.0,0.0,0.0));
#4106=SURFACE_STYLE_FILL_AREA(#6023);
#4107=ORIENTED_EDGE('',*,*,#5756,.T.);
#4108=ORIENTED_EDGE('',*,*,#5764,.F.);
#4109=ORIENTED_EDGE('',*,*,#5758,.T.);
#4110=ORIENTED_EDGE('',*,*,#6024,.T.);
#4111=ORIENTED_EDGE('',*,*,#5753,.T.);
#4112=CARTESIAN_POINT('',(-1.27,1.80813108884611,0.0));
#4113=DIRECTION('',(-0.0,-1.0,-0.0));
#4114=DIRECTION('',(-1.0,0.0,0.0));
#4115=SURFACE_STYLE_FILL_AREA(#6025);
#4116=ORIENTED_EDGE('',*,*,#5451,.T.);
#4117=ORIENTED_EDGE('',*,*,#5754,.T.);
#4118=ORIENTED_EDGE('',*,*,#6024,.F.);
#4119=ORIENTED_EDGE('',*,*,#5757,.F.);
#4120=ORIENTED_EDGE('',*,*,#5751,.T.);
#4121=CARTESIAN_POINT('',(-1.27,1.91304755078161,0.0));
#4122=DIRECTION('',(0.0,1.0,0.0));
#4123=DIRECTION('',(0.0,0.0,1.0));
#4124=SURFACE_STYLE_FILL_AREA(#6026);
#4125=ORIENTED_EDGE('',*,*,#5748,.T.);
#4126=ORIENTED_EDGE('',*,*,#5492,.F.);
#4127=ORIENTED_EDGE('',*,*,#5448,.F.);
#4128=ORIENTED_EDGE('',*,*,#5749,.T.);
#4129=ORIENTED_EDGE('',*,*,#6027,.T.);
#4130=CARTESIAN_POINT('',(-3.81,2.72995086353911,0.0));
#4131=DIRECTION('',(0.0,1.0,-0.0));
#4132=DIRECTION('',(-1.0,0.0,0.0));
#4133=SURFACE_STYLE_FILL_AREA(#6028);
#4134=ORIENTED_EDGE('',*,*,#5744,.T.);
#4135=ORIENTED_EDGE('',*,*,#6027,.F.);
#4136=ORIENTED_EDGE('',*,*,#5745,.T.);
#4137=ORIENTED_EDGE('',*,*,#6029,.T.);
#4138=CARTESIAN_POINT('',(-3.81,3.74650933921944,0.0));
#4139=DIRECTION('',(0.0,1.0,0.0));
#4140=DIRECTION('',(-1.0,0.0,0.0));
#4141=SURFACE_STYLE_FILL_AREA(#6030);
#4142=ORIENTED_EDGE('',*,*,#5739,.T.);
#4143=ORIENTED_EDGE('',*,*,#6029,.F.);
#4144=ORIENTED_EDGE('',*,*,#5741,.T.);
#4145=ORIENTED_EDGE('',*,*,#6031,.T.);
#4146=CARTESIAN_POINT('',(-3.81,4.01150933921943,0.0));
#4147=DIRECTION('',(0.0,1.0,-0.0));
#4148=DIRECTION('',(-1.0,0.0,0.0));
#4149=SURFACE_STYLE_FILL_AREA(#6032);
#4150=ORIENTED_EDGE('',*,*,#5737,.T.);
#4151=ORIENTED_EDGE('',*,*,#6033,.T.);
#4152=ORIENTED_EDGE('',*,*,#5740,.F.);
#4153=ORIENTED_EDGE('',*,*,#6031,.F.);
#4154=CARTESIAN_POINT('',(-4.44,4.04301867843887,0.0));
#4155=DIRECTION('',(0.0,-1.0,0.0));
#4156=DIRECTION('',(1.0,0.0,0.0));
#4157=SURFACE_STYLE_FILL_AREA(#6034);
#4158=ORIENTED_EDGE('',*,*,#5735,.T.);
#4159=ORIENTED_EDGE('',*,*,#6033,.F.);
#4160=ORIENTED_EDGE('',*,*,#5736,.T.);
#4161=ORIENTED_EDGE('',*,*,#6035,.T.);
#4162=CARTESIAN_POINT('',(-3.81,4.07650933921944,0.0));
#4163=DIRECTION('',(0.0,1.0,0.0));
#4164=DIRECTION('',(-1.0,0.0,0.0));
#4165=SURFACE_STYLE_FILL_AREA(#6036);
#4166=ORIENTED_EDGE('',*,*,#5731,.T.);
#4167=ORIENTED_EDGE('',*,*,#6035,.F.);
#4168=ORIENTED_EDGE('',*,*,#5732,.T.);
#4169=ORIENTED_EDGE('',*,*,#6037,.T.);
#4170=CARTESIAN_POINT('',(-3.81,4.155,0.0));
#4171=DIRECTION('',(0.0,1.0,-0.0));
#4172=DIRECTION('',(-1.0,0.0,0.0));
#4173=SURFACE_STYLE_FILL_AREA(#6038);
#4174=ORIENTED_EDGE('',*,*,#5726,.T.);
#4175=ORIENTED_EDGE('',*,*,#6037,.F.);
#4176=ORIENTED_EDGE('',*,*,#5728,.T.);
#4177=ORIENTED_EDGE('',*,*,#6039,.F.);
#4178=CARTESIAN_POINT('',(-3.81,4.25118232182064,0.0));
#4179=DIRECTION('',(0.0,1.0,0.0));
#4180=DIRECTION('',(-1.0,0.0,0.0));
#4181=SURFACE_STYLE_FILL_AREA(#6040);
#4182=ORIENTED_EDGE('',*,*,#5723,.T.);
#4183=ORIENTED_EDGE('',*,*,#6041,.T.);
#4184=ORIENTED_EDGE('',*,*,#5724,.T.);
#4185=CARTESIAN_POINT('',(-3.81,0.312361162513375,0.0));
#4186=DIRECTION('',(0.0,1.0,-0.0));
#4187=DIRECTION('',(-1.0,0.0,0.0));
#4188=SURFACE_STYLE_FILL_AREA(#6042);
#4189=ORIENTED_EDGE('',*,*,#5718,.T.);
#4190=ORIENTED_EDGE('',*,*,#6041,.F.);
#4191=ORIENTED_EDGE('',*,*,#5720,.T.);
#4192=ORIENTED_EDGE('',*,*,#5714,.T.);
#4193=CARTESIAN_POINT('',(-3.81,2.00054514193498,0.0));
#4194=DIRECTION('',(0.0,1.0,0.0));
#4195=DIRECTION('',(-1.0,0.0,0.0));
#4196=SURFACE_STYLE_FILL_AREA(#6043);
#4197=ORIENTED_EDGE('',*,*,#5713,.T.);
#4198=ORIENTED_EDGE('',*,*,#5711,.T.);
#4199=ORIENTED_EDGE('',*,*,#5715,.T.);
#4200=ORIENTED_EDGE('',*,*,#5719,.F.);
#4201=CARTESIAN_POINT('',(-3.81,2.65054514193498,0.0));
#4202=DIRECTION('',(0.0,1.0,-0.0));
#4203=DIRECTION('',(-1.0,0.0,0.0));
#4204=SURFACE_STYLE_FILL_AREA(#6044);
#4205=ORIENTED_EDGE('',*,*,#5708,.T.);
#4206=ORIENTED_EDGE('',*,*,#5716,.F.);
#4207=ORIENTED_EDGE('',*,*,#5710,.T.);
#4208=ORIENTED_EDGE('',*,*,#6045,.T.);
#4209=ORIENTED_EDGE('',*,*,#5705,.T.);
#4210=CARTESIAN_POINT('',(-3.81,1.80813108884611,0.0));
#4211=DIRECTION('',(-0.0,-1.0,-0.0));
#4212=DIRECTION('',(-1.0,0.0,0.0));
#4213=SURFACE_STYLE_FILL_AREA(#6046);
#4214=ORIENTED_EDGE('',*,*,#5445,.T.);
#4215=ORIENTED_EDGE('',*,*,#5706,.T.);
#4216=ORIENTED_EDGE('',*,*,#6045,.F.);
#4217=ORIENTED_EDGE('',*,*,#5709,.F.);
#4218=ORIENTED_EDGE('',*,*,#5703,.T.);
#4219=CARTESIAN_POINT('',(-3.81,1.91304755078161,0.0));
#4220=DIRECTION('',(0.0,1.0,0.0));
#4221=DIRECTION('',(0.0,0.0,1.0));
#4222=SURFACE_STYLE_FILL_AREA(#6047);
#4223=ORIENTED_EDGE('',*,*,#5700,.T.);
#4224=ORIENTED_EDGE('',*,*,#5496,.F.);
#4225=ORIENTED_EDGE('',*,*,#5442,.F.);
#4226=ORIENTED_EDGE('',*,*,#5701,.T.);
#4227=ORIENTED_EDGE('',*,*,#6048,.T.);
#4228=CARTESIAN_POINT('',(-6.35,2.72995086353911,0.0));
#4229=DIRECTION('',(0.0,1.0,-0.0));
#4230=DIRECTION('',(-1.0,0.0,0.0));
#4231=SURFACE_STYLE_FILL_AREA(#6049);
#4232=ORIENTED_EDGE('',*,*,#5696,.T.);
#4233=ORIENTED_EDGE('',*,*,#6048,.F.);
#4234=ORIENTED_EDGE('',*,*,#5697,.T.);
#4235=ORIENTED_EDGE('',*,*,#6050,.T.);
#4236=CARTESIAN_POINT('',(-6.35,3.74650933921944,0.0));
#4237=DIRECTION('',(0.0,1.0,0.0));
#4238=DIRECTION('',(-1.0,0.0,0.0));
#4239=SURFACE_STYLE_FILL_AREA(#6051);
#4240=ORIENTED_EDGE('',*,*,#5691,.T.);
#4241=ORIENTED_EDGE('',*,*,#6050,.F.);
#4242=ORIENTED_EDGE('',*,*,#5693,.T.);
#4243=ORIENTED_EDGE('',*,*,#6052,.T.);
#4244=CARTESIAN_POINT('',(-6.35,4.01150933921943,0.0));
#4245=DIRECTION('',(0.0,1.0,-0.0));
#4246=DIRECTION('',(-1.0,0.0,0.0));
#4247=SURFACE_STYLE_FILL_AREA(#6053);
#4248=ORIENTED_EDGE('',*,*,#5689,.T.);
#4249=ORIENTED_EDGE('',*,*,#6054,.T.);
#4250=ORIENTED_EDGE('',*,*,#5692,.F.);
#4251=ORIENTED_EDGE('',*,*,#6052,.F.);
#4252=CARTESIAN_POINT('',(-6.98,4.04301867843887,0.0));
#4253=DIRECTION('',(0.0,-1.0,0.0));
#4254=DIRECTION('',(1.0,0.0,0.0));
#4255=SURFACE_STYLE_FILL_AREA(#6055);
#4256=ORIENTED_EDGE('',*,*,#5687,.T.);
#4257=ORIENTED_EDGE('',*,*,#6054,.F.);
#4258=ORIENTED_EDGE('',*,*,#5688,.T.);
#4259=ORIENTED_EDGE('',*,*,#6056,.T.);
#4260=CARTESIAN_POINT('',(-6.35,4.07650933921944,0.0));
#4261=DIRECTION('',(0.0,1.0,0.0));
#4262=DIRECTION('',(-1.0,0.0,0.0));
#4263=SURFACE_STYLE_FILL_AREA(#6057);
#4264=ORIENTED_EDGE('',*,*,#5683,.T.);
#4265=ORIENTED_EDGE('',*,*,#6056,.F.);
#4266=ORIENTED_EDGE('',*,*,#5684,.T.);
#4267=ORIENTED_EDGE('',*,*,#6058,.T.);
#4268=CARTESIAN_POINT('',(-6.35,4.155,0.0));
#4269=DIRECTION('',(0.0,1.0,-0.0));
#4270=DIRECTION('',(-1.0,0.0,0.0));
#4271=SURFACE_STYLE_FILL_AREA(#6059);
#4272=ORIENTED_EDGE('',*,*,#5678,.T.);
#4273=ORIENTED_EDGE('',*,*,#6058,.F.);
#4274=ORIENTED_EDGE('',*,*,#5680,.T.);
#4275=ORIENTED_EDGE('',*,*,#6060,.F.);
#4276=CARTESIAN_POINT('',(-6.35,4.25118232182064,0.0));
#4277=DIRECTION('',(0.0,1.0,0.0));
#4278=DIRECTION('',(-1.0,0.0,0.0));
#4279=SURFACE_STYLE_FILL_AREA(#6061);
#4280=ORIENTED_EDGE('',*,*,#5675,.T.);
#4281=ORIENTED_EDGE('',*,*,#6062,.T.);
#4282=ORIENTED_EDGE('',*,*,#5676,.T.);
#4283=CARTESIAN_POINT('',(-6.35,0.312361162513375,0.0));
#4284=DIRECTION('',(0.0,1.0,-0.0));
#4285=DIRECTION('',(-1.0,0.0,0.0));
#4286=SURFACE_STYLE_FILL_AREA(#6063);
#4287=ORIENTED_EDGE('',*,*,#5670,.T.);
#4288=ORIENTED_EDGE('',*,*,#6062,.F.);
#4289=ORIENTED_EDGE('',*,*,#5672,.T.);
#4290=ORIENTED_EDGE('',*,*,#5666,.T.);
#4291=CARTESIAN_POINT('',(-6.35,2.00054514193498,0.0));
#4292=DIRECTION('',(0.0,1.0,0.0));
#4293=DIRECTION('',(-1.0,0.0,0.0));
#4294=SURFACE_STYLE_FILL_AREA(#6064);
#4295=ORIENTED_EDGE('',*,*,#5665,.T.);
#4296=ORIENTED_EDGE('',*,*,#5663,.T.);
#4297=ORIENTED_EDGE('',*,*,#5667,.T.);
#4298=ORIENTED_EDGE('',*,*,#5671,.F.);
#4299=CARTESIAN_POINT('',(-6.35,2.65054514193498,0.0));
#4300=DIRECTION('',(0.0,1.0,-0.0));
#4301=DIRECTION('',(-1.0,0.0,0.0));
#4302=SURFACE_STYLE_FILL_AREA(#6065);
#4303=ORIENTED_EDGE('',*,*,#5660,.T.);
#4304=ORIENTED_EDGE('',*,*,#5668,.F.);
#4305=ORIENTED_EDGE('',*,*,#5662,.T.);
#4306=ORIENTED_EDGE('',*,*,#6066,.T.);
#4307=ORIENTED_EDGE('',*,*,#5657,.T.);
#4308=CARTESIAN_POINT('',(-6.35,1.80813108884611,0.0));
#4309=DIRECTION('',(-0.0,-1.0,-0.0));
#4310=DIRECTION('',(-1.0,0.0,0.0));
#4311=SURFACE_STYLE_FILL_AREA(#6067);
#4312=ORIENTED_EDGE('',*,*,#5439,.T.);
#4313=ORIENTED_EDGE('',*,*,#5658,.T.);
#4314=ORIENTED_EDGE('',*,*,#6066,.F.);
#4315=ORIENTED_EDGE('',*,*,#5661,.F.);
#4316=ORIENTED_EDGE('',*,*,#5655,.T.);
#4317=CARTESIAN_POINT('',(-6.35,1.91304755078161,0.0));
#4318=DIRECTION('',(0.0,1.0,0.0));
#4319=DIRECTION('',(0.0,0.0,1.0));
#4320=SURFACE_STYLE_FILL_AREA(#6068);
#4321=ORIENTED_EDGE('',*,*,#5650,.T.);
#4322=ORIENTED_EDGE('',*,*,#6069,.F.);
#4323=ORIENTED_EDGE('',*,*,#5652,.T.);
#4324=ORIENTED_EDGE('',*,*,#6070,.F.);
#4325=CARTESIAN_POINT('',(6.35,4.0005,0.0));
#4326=DIRECTION('',(-0.0,1.0,0.0));
#4327=DIRECTION('',(1.0,0.0,0.0));
#4328=SURFACE_STYLE_FILL_AREA(#6071);
#4329=ORIENTED_EDGE('',*,*,#5646,.T.);
#4330=ORIENTED_EDGE('',*,*,#6072,.F.);
#4331=ORIENTED_EDGE('',*,*,#5647,.T.);
#4332=ORIENTED_EDGE('',*,*,#6073,.T.);
#4333=CARTESIAN_POINT('',(6.35,1.27870834875401,0.0));
#4334=DIRECTION('',(-0.0,1.0,0.0));
#4335=DIRECTION('',(1.0,0.0,0.0));
#4336=SURFACE_STYLE_FILL_AREA(#6074);
#4337=ORIENTED_EDGE('',*,*,#5919,.T.);
#4338=ORIENTED_EDGE('',*,*,#5955,.T.);
#4339=ORIENTED_EDGE('',*,*,#5653,.T.);
#4340=ORIENTED_EDGE('',*,*,#6069,.T.);
#4341=CARTESIAN_POINT('',(6.7625,4.201,0.0));
#4342=DIRECTION('',(-0.0,1.0,0.0));
#4343=DIRECTION('',(1.0,0.0,0.0));
#4344=SURFACE_STYLE_FILL_AREA(#6075);
#4345=ORIENTED_EDGE('',*,*,#5641,.F.);
#4346=ORIENTED_EDGE('',*,*,#6076,.F.);
#4347=ORIENTED_EDGE('',*,*,#6077,.F.);
#4348=ORIENTED_EDGE('',*,*,#5642,.F.);
#4349=CARTESIAN_POINT('',(6.35,-2.88,0.0));
#4350=DIRECTION('',(0.0,0.0,1.0));
#4351=DIRECTION('',(1.0,0.0,0.0));
#4352=SURFACE_STYLE_FILL_AREA(#6078);
#4353=ORIENTED_EDGE('',*,*,#5640,.T.);
#4354=ORIENTED_EDGE('',*,*,#6079,.F.);
#4355=ORIENTED_EDGE('',*,*,#5636,.F.);
#4356=ORIENTED_EDGE('',*,*,#5643,.T.);
#4357=ORIENTED_EDGE('',*,*,#6077,.T.);
#4358=ORIENTED_EDGE('',*,*,#6076,.T.);
#4359=CARTESIAN_POINT('',(6.35,-1.515,0.0));
#4360=DIRECTION('',(-0.0,1.0,0.0));
#4361=DIRECTION('',(1.0,0.0,0.0));
#4362=SURFACE_STYLE_FILL_AREA(#6080);
#4363=ORIENTED_EDGE('',*,*,#5634,.T.);
#4364=ORIENTED_EDGE('',*,*,#6081,.F.);
#4365=ORIENTED_EDGE('',*,*,#6082,.F.);
#4366=ORIENTED_EDGE('',*,*,#5637,.T.);
#4367=ORIENTED_EDGE('',*,*,#6079,.T.);
#4368=ORIENTED_EDGE('',*,*,#5644,.T.);
#4369=CARTESIAN_POINT('',(6.35,-0.149999999999998,0.0));
#4370=DIRECTION('',(0.0,1.0,0.0));
#4371=DIRECTION('',(0.0,0.0,1.0));
#4372=SURFACE_STYLE_FILL_AREA(#6083);
#4373=ORIENTED_EDGE('',*,*,#5630,.F.);
#4374=ORIENTED_EDGE('',*,*,#6084,.F.);
#4375=ORIENTED_EDGE('',*,*,#6081,.T.);
#4376=ORIENTED_EDGE('',*,*,#5638,.T.);
#4377=ORIENTED_EDGE('',*,*,#6082,.T.);
#4378=CARTESIAN_POINT('',(6.845,1.20736753927986E-15,0.0));
#4379=DIRECTION('',(-7.09309154621624E-15,-1.0,-0.0));
#4380=DIRECTION('',(-1.0,7.09309154621624E-15,0.0));
#4381=SURFACE_STYLE_FILL_AREA(#6085);
#4382=ORIENTED_EDGE('',*,*,#5629,.T.);
#4383=ORIENTED_EDGE('',*,*,#6073,.F.);
#4384=ORIENTED_EDGE('',*,*,#5631,.T.);
#4385=ORIENTED_EDGE('',*,*,#6084,.T.);
#4386=CARTESIAN_POINT('',(6.35,0.100000000000001,0.0));
#4387=DIRECTION('',(-0.0,1.0,-0.0));
#4388=DIRECTION('',(1.0,0.0,0.0));
#4389=SURFACE_STYLE_FILL_AREA(#6086);
#4390=ORIENTED_EDGE('',*,*,#5624,.T.);
#4391=ORIENTED_EDGE('',*,*,#6087,.F.);
#4392=ORIENTED_EDGE('',*,*,#5626,.T.);
#4393=ORIENTED_EDGE('',*,*,#6088,.F.);
#4394=CARTESIAN_POINT('',(3.81,4.0005,0.0));
#4395=DIRECTION('',(-0.0,1.0,0.0));
#4396=DIRECTION('',(1.0,0.0,0.0));
#4397=SURFACE_STYLE_FILL_AREA(#6089);
#4398=ORIENTED_EDGE('',*,*,#5620,.T.);
#4399=ORIENTED_EDGE('',*,*,#6090,.F.);
#4400=ORIENTED_EDGE('',*,*,#5621,.T.);
#4401=ORIENTED_EDGE('',*,*,#6091,.T.);
#4402=CARTESIAN_POINT('',(3.81,1.27870834875401,0.0));
#4403=DIRECTION('',(-0.0,1.0,0.0));
#4404=DIRECTION('',(1.0,0.0,0.0));
#4405=SURFACE_STYLE_FILL_AREA(#6092);
#4406=ORIENTED_EDGE('',*,*,#5871,.T.);
#4407=ORIENTED_EDGE('',*,*,#5976,.T.);
#4408=ORIENTED_EDGE('',*,*,#5627,.T.);
#4409=ORIENTED_EDGE('',*,*,#6087,.T.);
#4410=CARTESIAN_POINT('',(4.2225,4.201,0.0));
#4411=DIRECTION('',(-0.0,1.0,0.0));
#4412=DIRECTION('',(1.0,0.0,0.0));
#4413=SURFACE_STYLE_FILL_AREA(#6093);
#4414=ORIENTED_EDGE('',*,*,#5615,.F.);
#4415=ORIENTED_EDGE('',*,*,#6094,.F.);
#4416=ORIENTED_EDGE('',*,*,#6095,.F.);
#4417=ORIENTED_EDGE('',*,*,#5616,.F.);
#4418=CARTESIAN_POINT('',(3.81,-2.88,0.0));
#4419=DIRECTION('',(0.0,0.0,1.0));
#4420=DIRECTION('',(1.0,0.0,0.0));
#4421=SURFACE_STYLE_FILL_AREA(#6096);
#4422=ORIENTED_EDGE('',*,*,#5614,.T.);
#4423=ORIENTED_EDGE('',*,*,#6097,.F.);
#4424=ORIENTED_EDGE('',*,*,#5610,.F.);
#4425=ORIENTED_EDGE('',*,*,#5617,.T.);
#4426=ORIENTED_EDGE('',*,*,#6095,.T.);
#4427=ORIENTED_EDGE('',*,*,#6094,.T.);
#4428=CARTESIAN_POINT('',(3.81,-1.515,0.0));
#4429=DIRECTION('',(-0.0,1.0,0.0));
#4430=DIRECTION('',(1.0,0.0,0.0));
#4431=SURFACE_STYLE_FILL_AREA(#6098);
#4432=ORIENTED_EDGE('',*,*,#5608,.T.);
#4433=ORIENTED_EDGE('',*,*,#6099,.F.);
#4434=ORIENTED_EDGE('',*,*,#6100,.F.);
#4435=ORIENTED_EDGE('',*,*,#5611,.T.);
#4436=ORIENTED_EDGE('',*,*,#6097,.T.);
#4437=ORIENTED_EDGE('',*,*,#5618,.T.);
#4438=CARTESIAN_POINT('',(3.81,-0.149999999999998,0.0));
#4439=DIRECTION('',(0.0,1.0,0.0));
#4440=DIRECTION('',(0.0,0.0,1.0));
#4441=SURFACE_STYLE_FILL_AREA(#6101);
#4442=ORIENTED_EDGE('',*,*,#5604,.F.);
#4443=ORIENTED_EDGE('',*,*,#6102,.F.);
#4444=ORIENTED_EDGE('',*,*,#6099,.T.);
#4445=ORIENTED_EDGE('',*,*,#5612,.T.);
#4446=ORIENTED_EDGE('',*,*,#6100,.T.);
#4447=CARTESIAN_POINT('',(4.305,1.20736753927986E-15,0.0));
#4448=DIRECTION('',(-7.09309154621624E-15,-1.0,-0.0));
#4449=DIRECTION('',(-1.0,7.09309154621624E-15,0.0));
#4450=SURFACE_STYLE_FILL_AREA(#6103);
#4451=ORIENTED_EDGE('',*,*,#5603,.T.);
#4452=ORIENTED_EDGE('',*,*,#6091,.F.);
#4453=ORIENTED_EDGE('',*,*,#5605,.T.);
#4454=ORIENTED_EDGE('',*,*,#6102,.T.);
#4455=CARTESIAN_POINT('',(3.81,0.100000000000001,0.0));
#4456=DIRECTION('',(-0.0,1.0,-0.0));
#4457=DIRECTION('',(1.0,0.0,0.0));
#4458=SURFACE_STYLE_FILL_AREA(#6104);
#4459=ORIENTED_EDGE('',*,*,#5598,.T.);
#4460=ORIENTED_EDGE('',*,*,#6105,.F.);
#4461=ORIENTED_EDGE('',*,*,#5600,.T.);
#4462=ORIENTED_EDGE('',*,*,#6106,.F.);
#4463=CARTESIAN_POINT('',(1.27,4.0005,0.0));
#4464=DIRECTION('',(-0.0,1.0,0.0));
#4465=DIRECTION('',(1.0,0.0,0.0));
#4466=SURFACE_STYLE_FILL_AREA(#6107);
#4467=ORIENTED_EDGE('',*,*,#5594,.T.);
#4468=ORIENTED_EDGE('',*,*,#6108,.F.);
#4469=ORIENTED_EDGE('',*,*,#5595,.T.);
#4470=ORIENTED_EDGE('',*,*,#6109,.T.);
#4471=CARTESIAN_POINT('',(1.27,1.27870834875401,0.0));
#4472=DIRECTION('',(-0.0,1.0,0.0));
#4473=DIRECTION('',(1.0,0.0,0.0));
#4474=SURFACE_STYLE_FILL_AREA(#6110);
#4475=ORIENTED_EDGE('',*,*,#5823,.T.);
#4476=ORIENTED_EDGE('',*,*,#5997,.T.);
#4477=ORIENTED_EDGE('',*,*,#5601,.T.);
#4478=ORIENTED_EDGE('',*,*,#6105,.T.);
#4479=CARTESIAN_POINT('',(1.6825,4.201,0.0));
#4480=DIRECTION('',(-0.0,1.0,0.0));
#4481=DIRECTION('',(1.0,0.0,0.0));
#4482=SURFACE_STYLE_FILL_AREA(#6111);
#4483=ORIENTED_EDGE('',*,*,#5589,.F.);
#4484=ORIENTED_EDGE('',*,*,#6112,.F.);
#4485=ORIENTED_EDGE('',*,*,#6113,.F.);
#4486=ORIENTED_EDGE('',*,*,#5590,.F.);
#4487=CARTESIAN_POINT('',(1.27,-2.88,0.0));
#4488=DIRECTION('',(0.0,0.0,1.0));
#4489=DIRECTION('',(1.0,0.0,0.0));
#4490=SURFACE_STYLE_FILL_AREA(#6114);
#4491=ORIENTED_EDGE('',*,*,#5588,.T.);
#4492=ORIENTED_EDGE('',*,*,#6115,.F.);
#4493=ORIENTED_EDGE('',*,*,#5584,.F.);
#4494=ORIENTED_EDGE('',*,*,#5591,.T.);
#4495=ORIENTED_EDGE('',*,*,#6113,.T.);
#4496=ORIENTED_EDGE('',*,*,#6112,.T.);
#4497=CARTESIAN_POINT('',(1.27,-1.515,0.0));
#4498=DIRECTION('',(-0.0,1.0,0.0));
#4499=DIRECTION('',(1.0,0.0,0.0));
#4500=SURFACE_STYLE_FILL_AREA(#6116);
#4501=ORIENTED_EDGE('',*,*,#5582,.T.);
#4502=ORIENTED_EDGE('',*,*,#6117,.F.);
#4503=ORIENTED_EDGE('',*,*,#6118,.F.);
#4504=ORIENTED_EDGE('',*,*,#5585,.T.);
#4505=ORIENTED_EDGE('',*,*,#6115,.T.);
#4506=ORIENTED_EDGE('',*,*,#5592,.T.);
#4507=CARTESIAN_POINT('',(1.27,-0.149999999999998,0.0));
#4508=DIRECTION('',(0.0,1.0,0.0));
#4509=DIRECTION('',(0.0,0.0,1.0));
#4510=SURFACE_STYLE_FILL_AREA(#6119);
#4511=ORIENTED_EDGE('',*,*,#5578,.F.);
#4512=ORIENTED_EDGE('',*,*,#6120,.F.);
#4513=ORIENTED_EDGE('',*,*,#6117,.T.);
#4514=ORIENTED_EDGE('',*,*,#5586,.T.);
#4515=ORIENTED_EDGE('',*,*,#6118,.T.);
#4516=CARTESIAN_POINT('',(1.765,1.20736753927986E-15,0.0));
#4517=DIRECTION('',(-7.09309154621624E-15,-1.0,-0.0));
#4518=DIRECTION('',(-1.0,7.09309154621624E-15,0.0));
#4519=SURFACE_STYLE_FILL_AREA(#6121);
#4520=ORIENTED_EDGE('',*,*,#5577,.T.);
#4521=ORIENTED_EDGE('',*,*,#6109,.F.);
#4522=ORIENTED_EDGE('',*,*,#5579,.T.);
#4523=ORIENTED_EDGE('',*,*,#6120,.T.);
#4524=CARTESIAN_POINT('',(1.27,0.100000000000001,0.0));
#4525=DIRECTION('',(-0.0,1.0,-0.0));
#4526=DIRECTION('',(1.0,0.0,0.0));
#4527=SURFACE_STYLE_FILL_AREA(#6122);
#4528=ORIENTED_EDGE('',*,*,#5572,.T.);
#4529=ORIENTED_EDGE('',*,*,#6123,.F.);
#4530=ORIENTED_EDGE('',*,*,#5574,.T.);
#4531=ORIENTED_EDGE('',*,*,#6124,.F.);
#4532=CARTESIAN_POINT('',(-1.27,4.0005,0.0));
#4533=DIRECTION('',(-0.0,1.0,0.0));
#4534=DIRECTION('',(1.0,0.0,0.0));
#4535=SURFACE_STYLE_FILL_AREA(#6125);
#4536=ORIENTED_EDGE('',*,*,#5568,.T.);
#4537=ORIENTED_EDGE('',*,*,#6126,.F.);
#4538=ORIENTED_EDGE('',*,*,#5569,.T.);
#4539=ORIENTED_EDGE('',*,*,#6127,.T.);
#4540=CARTESIAN_POINT('',(-1.27,1.27870834875401,0.0));
#4541=DIRECTION('',(-0.0,1.0,0.0));
#4542=DIRECTION('',(1.0,0.0,0.0));
#4543=SURFACE_STYLE_FILL_AREA(#6128);
#4544=ORIENTED_EDGE('',*,*,#5775,.T.);
#4545=ORIENTED_EDGE('',*,*,#6018,.T.);
#4546=ORIENTED_EDGE('',*,*,#5575,.T.);
#4547=ORIENTED_EDGE('',*,*,#6123,.T.);
#4548=CARTESIAN_POINT('',(-0.8575,4.201,0.0));
#4549=DIRECTION('',(-0.0,1.0,0.0));
#4550=DIRECTION('',(1.0,0.0,0.0));
#4551=SURFACE_STYLE_FILL_AREA(#6129);
#4552=ORIENTED_EDGE('',*,*,#5563,.F.);
#4553=ORIENTED_EDGE('',*,*,#6130,.F.);
#4554=ORIENTED_EDGE('',*,*,#6131,.F.);
#4555=ORIENTED_EDGE('',*,*,#5564,.F.);
#4556=CARTESIAN_POINT('',(-1.27,-2.88,0.0));
#4557=DIRECTION('',(0.0,0.0,1.0));
#4558=DIRECTION('',(1.0,0.0,0.0));
#4559=SURFACE_STYLE_FILL_AREA(#6132);
#4560=ORIENTED_EDGE('',*,*,#5562,.T.);
#4561=ORIENTED_EDGE('',*,*,#6133,.F.);
#4562=ORIENTED_EDGE('',*,*,#5558,.F.);
#4563=ORIENTED_EDGE('',*,*,#5565,.T.);
#4564=ORIENTED_EDGE('',*,*,#6131,.T.);
#4565=ORIENTED_EDGE('',*,*,#6130,.T.);
#4566=CARTESIAN_POINT('',(-1.27,-1.515,0.0));
#4567=DIRECTION('',(-0.0,1.0,0.0));
#4568=DIRECTION('',(1.0,0.0,0.0));
#4569=SURFACE_STYLE_FILL_AREA(#6134);
#4570=ORIENTED_EDGE('',*,*,#5556,.T.);
#4571=ORIENTED_EDGE('',*,*,#6135,.F.);
#4572=ORIENTED_EDGE('',*,*,#6136,.F.);
#4573=ORIENTED_EDGE('',*,*,#5559,.T.);
#4574=ORIENTED_EDGE('',*,*,#6133,.T.);
#4575=ORIENTED_EDGE('',*,*,#5566,.T.);
#4576=CARTESIAN_POINT('',(-1.27,-0.149999999999998,0.0));
#4577=DIRECTION('',(0.0,1.0,0.0));
#4578=DIRECTION('',(0.0,0.0,1.0));
#4579=SURFACE_STYLE_FILL_AREA(#6137);
#4580=ORIENTED_EDGE('',*,*,#5552,.F.);
#4581=ORIENTED_EDGE('',*,*,#6138,.F.);
#4582=ORIENTED_EDGE('',*,*,#6135,.T.);
#4583=ORIENTED_EDGE('',*,*,#5560,.T.);
#4584=ORIENTED_EDGE('',*,*,#6136,.T.);
#4585=CARTESIAN_POINT('',(-0.774999999999999,1.20736753927986E-15,0.0));
#4586=DIRECTION('',(-7.09309154621624E-15,-1.0,-0.0));
#4587=DIRECTION('',(-1.0,7.09309154621624E-15,0.0));
#4588=SURFACE_STYLE_FILL_AREA(#6139);
#4589=ORIENTED_EDGE('',*,*,#5551,.T.);
#4590=ORIENTED_EDGE('',*,*,#6127,.F.);
#4591=ORIENTED_EDGE('',*,*,#5553,.T.);
#4592=ORIENTED_EDGE('',*,*,#6138,.T.);
#4593=CARTESIAN_POINT('',(-1.27,0.100000000000001,0.0));
#4594=DIRECTION('',(-0.0,1.0,-0.0));
#4595=DIRECTION('',(1.0,0.0,0.0));
#4596=SURFACE_STYLE_FILL_AREA(#6140);
#4597=ORIENTED_EDGE('',*,*,#5546,.T.);
#4598=ORIENTED_EDGE('',*,*,#6141,.F.);
#4599=ORIENTED_EDGE('',*,*,#5548,.T.);
#4600=ORIENTED_EDGE('',*,*,#6142,.F.);
#4601=CARTESIAN_POINT('',(-3.81,4.0005,0.0));
#4602=DIRECTION('',(-0.0,1.0,0.0));
#4603=DIRECTION('',(1.0,0.0,0.0));
#4604=SURFACE_STYLE_FILL_AREA(#6143);
#4605=ORIENTED_EDGE('',*,*,#5542,.T.);
#4606=ORIENTED_EDGE('',*,*,#6144,.F.);
#4607=ORIENTED_EDGE('',*,*,#5543,.T.);
#4608=ORIENTED_EDGE('',*,*,#6145,.T.);
#4609=CARTESIAN_POINT('',(-3.81,1.27870834875401,0.0));
#4610=DIRECTION('',(-0.0,1.0,0.0));
#4611=DIRECTION('',(1.0,0.0,0.0));
#4612=SURFACE_STYLE_FILL_AREA(#6146);
#4613=ORIENTED_EDGE('',*,*,#5727,.T.);
#4614=ORIENTED_EDGE('',*,*,#6039,.T.);
#4615=ORIENTED_EDGE('',*,*,#5549,.T.);
#4616=ORIENTED_EDGE('',*,*,#6141,.T.);
#4617=CARTESIAN_POINT('',(-3.3975,4.201,0.0));
#4618=DIRECTION('',(-0.0,1.0,0.0));
#4619=DIRECTION('',(1.0,0.0,0.0));
#4620=SURFACE_STYLE_FILL_AREA(#6147);
#4621=ORIENTED_EDGE('',*,*,#5537,.F.);
#4622=ORIENTED_EDGE('',*,*,#6148,.F.);
#4623=ORIENTED_EDGE('',*,*,#6149,.F.);
#4624=ORIENTED_EDGE('',*,*,#5538,.F.);
#4625=CARTESIAN_POINT('',(-3.81,-2.88,0.0));
#4626=DIRECTION('',(0.0,0.0,1.0));
#4627=DIRECTION('',(1.0,0.0,0.0));
#4628=SURFACE_STYLE_FILL_AREA(#6150);
#4629=ORIENTED_EDGE('',*,*,#5536,.T.);
#4630=ORIENTED_EDGE('',*,*,#6151,.F.);
#4631=ORIENTED_EDGE('',*,*,#5532,.F.);
#4632=ORIENTED_EDGE('',*,*,#5539,.T.);
#4633=ORIENTED_EDGE('',*,*,#6149,.T.);
#4634=ORIENTED_EDGE('',*,*,#6148,.T.);
#4635=CARTESIAN_POINT('',(-3.81,-1.515,0.0));
#4636=DIRECTION('',(-0.0,1.0,0.0));
#4637=DIRECTION('',(1.0,0.0,0.0));
#4638=SURFACE_STYLE_FILL_AREA(#6152);
#4639=ORIENTED_EDGE('',*,*,#5530,.T.);
#4640=ORIENTED_EDGE('',*,*,#6153,.F.);
#4641=ORIENTED_EDGE('',*,*,#6154,.F.);
#4642=ORIENTED_EDGE('',*,*,#5533,.T.);
#4643=ORIENTED_EDGE('',*,*,#6151,.T.);
#4644=ORIENTED_EDGE('',*,*,#5540,.T.);
#4645=CARTESIAN_POINT('',(-3.81,-0.149999999999998,0.0));
#4646=DIRECTION('',(0.0,1.0,0.0));
#4647=DIRECTION('',(0.0,0.0,1.0));
#4648=SURFACE_STYLE_FILL_AREA(#6155);
#4649=ORIENTED_EDGE('',*,*,#5526,.F.);
#4650=ORIENTED_EDGE('',*,*,#6156,.F.);
#4651=ORIENTED_EDGE('',*,*,#6153,.T.);
#4652=ORIENTED_EDGE('',*,*,#5534,.T.);
#4653=ORIENTED_EDGE('',*,*,#6154,.T.);
#4654=CARTESIAN_POINT('',(-3.315,1.20736753927986E-15,0.0));
#4655=DIRECTION('',(-7.09309154621624E-15,-1.0,-0.0));
#4656=DIRECTION('',(-1.0,7.09309154621624E-15,0.0));
#4657=SURFACE_STYLE_FILL_AREA(#6157);
#4658=ORIENTED_EDGE('',*,*,#5525,.T.);
#4659=ORIENTED_EDGE('',*,*,#6145,.F.);
#4660=ORIENTED_EDGE('',*,*,#5527,.T.);
#4661=ORIENTED_EDGE('',*,*,#6156,.T.);
#4662=CARTESIAN_POINT('',(-3.81,0.100000000000001,0.0));
#4663=DIRECTION('',(-0.0,1.0,-0.0));
#4664=DIRECTION('',(1.0,0.0,0.0));
#4665=SURFACE_STYLE_FILL_AREA(#6158);
#4666=ORIENTED_EDGE('',*,*,#5520,.T.);
#4667=ORIENTED_EDGE('',*,*,#6159,.F.);
#4668=ORIENTED_EDGE('',*,*,#5522,.T.);
#4669=ORIENTED_EDGE('',*,*,#6160,.F.);
#4670=CARTESIAN_POINT('',(-6.35,4.0005,0.0));
#4671=DIRECTION('',(-0.0,1.0,0.0));
#4672=DIRECTION('',(1.0,0.0,0.0));
#4673=SURFACE_STYLE_FILL_AREA(#6161);
#4674=ORIENTED_EDGE('',*,*,#5516,.T.);
#4675=ORIENTED_EDGE('',*,*,#6162,.F.);
#4676=ORIENTED_EDGE('',*,*,#5517,.T.);
#4677=ORIENTED_EDGE('',*,*,#6163,.T.);
#4678=CARTESIAN_POINT('',(-6.35,1.27870834875401,0.0));
#4679=DIRECTION('',(-0.0,1.0,0.0));
#4680=DIRECTION('',(1.0,0.0,0.0));
#4681=SURFACE_STYLE_FILL_AREA(#6164);
#4682=ORIENTED_EDGE('',*,*,#5679,.T.);
#4683=ORIENTED_EDGE('',*,*,#6060,.T.);
#4684=ORIENTED_EDGE('',*,*,#5523,.T.);
#4685=ORIENTED_EDGE('',*,*,#6159,.T.);
#4686=CARTESIAN_POINT('',(-5.9375,4.201,0.0));
#4687=DIRECTION('',(-0.0,1.0,0.0));
#4688=DIRECTION('',(1.0,0.0,0.0));
#4689=SURFACE_STYLE_FILL_AREA(#6165);
#4690=ORIENTED_EDGE('',*,*,#5511,.F.);
#4691=ORIENTED_EDGE('',*,*,#6166,.F.);
#4692=ORIENTED_EDGE('',*,*,#6167,.F.);
#4693=ORIENTED_EDGE('',*,*,#5512,.F.);
#4694=CARTESIAN_POINT('',(-6.35,-2.88,0.0));
#4695=DIRECTION('',(0.0,0.0,1.0));
#4696=DIRECTION('',(1.0,0.0,0.0));
#4697=SURFACE_STYLE_FILL_AREA(#6168);
#4698=ORIENTED_EDGE('',*,*,#5510,.T.);
#4699=ORIENTED_EDGE('',*,*,#6169,.F.);
#4700=ORIENTED_EDGE('',*,*,#5506,.F.);
#4701=ORIENTED_EDGE('',*,*,#5513,.T.);
#4702=ORIENTED_EDGE('',*,*,#6167,.T.);
#4703=ORIENTED_EDGE('',*,*,#6166,.T.);
#4704=CARTESIAN_POINT('',(-6.35,-1.515,0.0));
#4705=DIRECTION('',(-0.0,1.0,0.0));
#4706=DIRECTION('',(1.0,0.0,0.0));
#4707=SURFACE_STYLE_FILL_AREA(#6170);
#4708=ORIENTED_EDGE('',*,*,#5504,.T.);
#4709=ORIENTED_EDGE('',*,*,#6171,.F.);
#4710=ORIENTED_EDGE('',*,*,#6172,.F.);
#4711=ORIENTED_EDGE('',*,*,#5507,.T.);
#4712=ORIENTED_EDGE('',*,*,#6169,.T.);
#4713=ORIENTED_EDGE('',*,*,#5514,.T.);
#4714=CARTESIAN_POINT('',(-6.35,-0.149999999999998,0.0));
#4715=DIRECTION('',(0.0,1.0,0.0));
#4716=DIRECTION('',(0.0,0.0,1.0));
#4717=SURFACE_STYLE_FILL_AREA(#6173);
#4718=ORIENTED_EDGE('',*,*,#5500,.F.);
#4719=ORIENTED_EDGE('',*,*,#6174,.F.);
#4720=ORIENTED_EDGE('',*,*,#6171,.T.);
#4721=ORIENTED_EDGE('',*,*,#5508,.T.);
#4722=ORIENTED_EDGE('',*,*,#6172,.T.);
#4723=CARTESIAN_POINT('',(-5.855,1.20736753927986E-15,0.0));
#4724=DIRECTION('',(-7.09309154621624E-15,-1.0,-0.0));
#4725=DIRECTION('',(-1.0,7.09309154621624E-15,0.0));
#4726=SURFACE_STYLE_FILL_AREA(#6175);
#4727=ORIENTED_EDGE('',*,*,#5499,.T.);
#4728=ORIENTED_EDGE('',*,*,#6163,.F.);
#4729=ORIENTED_EDGE('',*,*,#5501,.T.);
#4730=ORIENTED_EDGE('',*,*,#6174,.T.);
#4731=CARTESIAN_POINT('',(-6.35,0.100000000000001,0.0));
#4732=DIRECTION('',(-0.0,1.0,-0.0));
#4733=DIRECTION('',(1.0,0.0,0.0));
#4734=SURFACE_STYLE_FILL_AREA(#6176);
#4735=ORIENTED_EDGE('',*,*,#6177,.F.);
#4736=ORIENTED_EDGE('',*,*,#6178,.F.);
#4737=ORIENTED_EDGE('',*,*,#6179,.T.);
#4738=ORIENTED_EDGE('',*,*,#6180,.F.);
#4739=CARTESIAN_POINT('',(0.0,-0.35,0.87));
#4740=DIRECTION('',(0.0,0.0,1.0));
#4741=DIRECTION('',(1.0,0.0,0.0));
#4742=SURFACE_STYLE_FILL_AREA(#6181);
#4743=ORIENTED_EDGE('',*,*,#6182,.F.);
#4744=ORIENTED_EDGE('',*,*,#6183,.F.);
#4745=ORIENTED_EDGE('',*,*,#6184,.T.);
#4746=ORIENTED_EDGE('',*,*,#6185,.F.);
#4747=CARTESIAN_POINT('',(0.0,-0.35,0.87));
#4748=DIRECTION('',(0.0,0.0,1.0));
#4749=DIRECTION('',(1.0,0.0,0.0));
#4750=SURFACE_STYLE_FILL_AREA(#6186);
#4751=ORIENTED_EDGE('',*,*,#6187,.F.);
#4752=ORIENTED_EDGE('',*,*,#6188,.F.);
#4753=ORIENTED_EDGE('',*,*,#6189,.T.);
#4754=ORIENTED_EDGE('',*,*,#6190,.F.);
#4755=CARTESIAN_POINT('',(0.0,-0.35,0.87));
#4756=DIRECTION('',(0.0,0.0,1.0));
#4757=DIRECTION('',(1.0,0.0,0.0));
#4758=SURFACE_STYLE_FILL_AREA(#6191);
#4759=ORIENTED_EDGE('',*,*,#6192,.F.);
#4760=ORIENTED_EDGE('',*,*,#6193,.F.);
#4761=ORIENTED_EDGE('',*,*,#6194,.T.);
#4762=ORIENTED_EDGE('',*,*,#6195,.F.);
#4763=CARTESIAN_POINT('',(0.0,-0.35,0.87));
#4764=DIRECTION('',(0.0,0.0,1.0));
#4765=DIRECTION('',(1.0,0.0,0.0));
#4766=SURFACE_STYLE_FILL_AREA(#6196);
#4767=ORIENTED_EDGE('',*,*,#6197,.F.);
#4768=ORIENTED_EDGE('',*,*,#6198,.F.);
#4769=ORIENTED_EDGE('',*,*,#6199,.T.);
#4770=ORIENTED_EDGE('',*,*,#6200,.F.);
#4771=CARTESIAN_POINT('',(0.0,-0.35,0.87));
#4772=DIRECTION('',(0.0,0.0,1.0));
#4773=DIRECTION('',(1.0,0.0,0.0));
#4774=SURFACE_STYLE_FILL_AREA(#6201);
#4775=ORIENTED_EDGE('',*,*,#6202,.T.);
#4776=ORIENTED_EDGE('',*,*,#6203,.F.);
#4777=ORIENTED_EDGE('',*,*,#6204,.F.);
#4778=ORIENTED_EDGE('',*,*,#6205,.F.);
#4779=CARTESIAN_POINT('',(0.0,-0.35,0.87));
#4780=DIRECTION('',(0.0,0.0,1.0));
#4781=DIRECTION('',(1.0,0.0,0.0));
#4782=SURFACE_STYLE_FILL_AREA(#6206);
#4783=ORIENTED_EDGE('',*,*,#6072,.T.);
#4784=ORIENTED_EDGE('',*,*,#5648,.T.);
#4785=ORIENTED_EDGE('',*,*,#6090,.T.);
#4786=ORIENTED_EDGE('',*,*,#5622,.T.);
#4787=ORIENTED_EDGE('',*,*,#6108,.T.);
#4788=ORIENTED_EDGE('',*,*,#5596,.T.);
#4789=ORIENTED_EDGE('',*,*,#6126,.T.);
#4790=ORIENTED_EDGE('',*,*,#5570,.T.);
#4791=ORIENTED_EDGE('',*,*,#6144,.T.);
#4792=ORIENTED_EDGE('',*,*,#5544,.T.);
#4793=ORIENTED_EDGE('',*,*,#6162,.T.);
#4794=ORIENTED_EDGE('',*,*,#5518,.T.);
#4795=ORIENTED_EDGE('',*,*,#6207,.F.);
#4796=ORIENTED_EDGE('',*,*,#6203,.T.);
#4797=ORIENTED_EDGE('',*,*,#6208,.F.);
#4798=ORIENTED_EDGE('',*,*,#6200,.T.);
#4799=ORIENTED_EDGE('',*,*,#6209,.F.);
#4800=ORIENTED_EDGE('',*,*,#6195,.T.);
#4801=ORIENTED_EDGE('',*,*,#6210,.F.);
#4802=ORIENTED_EDGE('',*,*,#6190,.T.);
#4803=ORIENTED_EDGE('',*,*,#6211,.F.);
#4804=ORIENTED_EDGE('',*,*,#6185,.T.);
#4805=ORIENTED_EDGE('',*,*,#6212,.F.);
#4806=ORIENTED_EDGE('',*,*,#6180,.T.);
#4807=ORIENTED_EDGE('',*,*,#6213,.F.);
#4808=ORIENTED_EDGE('',*,*,#6214,.T.);
#4809=ORIENTED_EDGE('',*,*,#6215,.F.);
#4810=ORIENTED_EDGE('',*,*,#6216,.T.);
#4811=ORIENTED_EDGE('',*,*,#6217,.F.);
#4812=ORIENTED_EDGE('',*,*,#6218,.T.);
#4813=ORIENTED_EDGE('',*,*,#6219,.F.);
#4814=ORIENTED_EDGE('',*,*,#6220,.T.);
#4815=ORIENTED_EDGE('',*,*,#6221,.F.);
#4816=ORIENTED_EDGE('',*,*,#6222,.T.);
#4817=ORIENTED_EDGE('',*,*,#6223,.F.);
#4818=ORIENTED_EDGE('',*,*,#6224,.T.);
#4819=CARTESIAN_POINT('',(0.0,0.3,0.0));
#4820=DIRECTION('',(0.0,-1.0,0.0));
#4821=DIRECTION('',(0.0,0.0,-1.0));
#4822=SURFACE_STYLE_FILL_AREA(#6225);
#4823=ORIENTED_EDGE('',*,*,#6226,.T.);
#4824=ORIENTED_EDGE('',*,*,#6222,.F.);
#4825=ORIENTED_EDGE('',*,*,#6227,.F.);
#4826=ORIENTED_EDGE('',*,*,#6228,.F.);
#4827=CARTESIAN_POINT('',(0.0,-0.35,-0.87));
#4828=DIRECTION('',(0.0,0.0,1.0));
#4829=DIRECTION('',(1.0,0.0,0.0));
#4830=SURFACE_STYLE_FILL_AREA(#6229);
#4831=ORIENTED_EDGE('',*,*,#6230,.T.);
#4832=ORIENTED_EDGE('',*,*,#6220,.F.);
#4833=ORIENTED_EDGE('',*,*,#6231,.F.);
#4834=ORIENTED_EDGE('',*,*,#6232,.F.);
#4835=CARTESIAN_POINT('',(0.0,-0.35,-0.87));
#4836=DIRECTION('',(0.0,0.0,1.0));
#4837=DIRECTION('',(1.0,0.0,0.0));
#4838=SURFACE_STYLE_FILL_AREA(#6233);
#4839=ORIENTED_EDGE('',*,*,#6234,.T.);
#4840=ORIENTED_EDGE('',*,*,#6218,.F.);
#4841=ORIENTED_EDGE('',*,*,#6235,.F.);
#4842=ORIENTED_EDGE('',*,*,#6236,.F.);
#4843=CARTESIAN_POINT('',(0.0,-0.35,-0.87));
#4844=DIRECTION('',(0.0,0.0,1.0));
#4845=DIRECTION('',(1.0,0.0,0.0));
#4846=SURFACE_STYLE_FILL_AREA(#6237);
#4847=ORIENTED_EDGE('',*,*,#6238,.T.);
#4848=ORIENTED_EDGE('',*,*,#6216,.F.);
#4849=ORIENTED_EDGE('',*,*,#6239,.F.);
#4850=ORIENTED_EDGE('',*,*,#6240,.F.);
#4851=CARTESIAN_POINT('',(0.0,-0.35,-0.87));
#4852=DIRECTION('',(0.0,0.0,1.0));
#4853=DIRECTION('',(1.0,0.0,0.0));
#4854=SURFACE_STYLE_FILL_AREA(#6241);
#4855=ORIENTED_EDGE('',*,*,#6242,.F.);
#4856=ORIENTED_EDGE('',*,*,#6243,.F.);
#4857=ORIENTED_EDGE('',*,*,#6244,.T.);
#4858=ORIENTED_EDGE('',*,*,#6214,.F.);
#4859=CARTESIAN_POINT('',(0.0,-0.35,-0.87));
#4860=DIRECTION('',(0.0,0.0,1.0));
#4861=DIRECTION('',(1.0,0.0,0.0));
#4862=SURFACE_STYLE_FILL_AREA(#6245);
#4863=ORIENTED_EDGE('',*,*,#6246,.T.);
#4864=ORIENTED_EDGE('',*,*,#6224,.F.);
#4865=ORIENTED_EDGE('',*,*,#6247,.F.);
#4866=ORIENTED_EDGE('',*,*,#6248,.F.);
#4867=CARTESIAN_POINT('',(0.0,-0.35,-0.87));
#4868=DIRECTION('',(0.0,0.0,1.0));
#4869=DIRECTION('',(1.0,0.0,0.0));
#4870=SURFACE_STYLE_FILL_AREA(#6249);
#4871=ORIENTED_EDGE('',*,*,#6207,.T.);
#4872=ORIENTED_EDGE('',*,*,#6250,.T.);
#4873=ORIENTED_EDGE('',*,*,#6251,.T.);
#4874=ORIENTED_EDGE('',*,*,#6252,.F.);
#4875=CARTESIAN_POINT('',(7.62,0.0,0.0));
#4876=DIRECTION('',(1.0,0.0,0.0));
#4877=DIRECTION('',(0.0,6.12303176911189E-17,-1.0));
#4878=SURFACE_STYLE_FILL_AREA(#6253);
#4879=ORIENTED_EDGE('',*,*,#6223,.T.);
#4880=ORIENTED_EDGE('',*,*,#6254,.T.);
#4881=ORIENTED_EDGE('',*,*,#6255,.T.);
#4882=ORIENTED_EDGE('',*,*,#6256,.F.);
#4883=CARTESIAN_POINT('',(5.03420283563409,5.32703763912734E-17,-0.87));
#4884=DIRECTION('',(-4.51682600769318E-16,6.12303176911189E-17,-1.0));
#4885=DIRECTION('',(-1.0,-2.76566691406561E-32,4.51682600769318E-16));
#4886=SURFACE_STYLE_FILL_AREA(#6257);
#4887=ORIENTED_EDGE('',*,*,#6221,.T.);
#4888=ORIENTED_EDGE('',*,*,#6258,.T.);
#4889=ORIENTED_EDGE('',*,*,#6259,.T.);
#4890=ORIENTED_EDGE('',*,*,#6260,.F.);
#4891=CARTESIAN_POINT('',(2.48573309885791,5.32703763912734E-17,-0.87));
#4892=DIRECTION('',(0.0,6.12303176911189E-17,-1.0));
#4893=DIRECTION('',(-1.0,0.0,0.0));
#4894=SURFACE_STYLE_FILL_AREA(#6261);
#4895=ORIENTED_EDGE('',*,*,#6219,.T.);
#4896=ORIENTED_EDGE('',*,*,#6262,.T.);
#4897=ORIENTED_EDGE('',*,*,#6263,.T.);
#4898=ORIENTED_EDGE('',*,*,#6264,.F.);
#4899=CARTESIAN_POINT('',(-0.0542669011420935,5.32703763912734E-17,-0.87));
#4900=DIRECTION('',(0.0,6.12303176911189E-17,-1.0));
#4901=DIRECTION('',(-1.0,0.0,0.0));
#4902=SURFACE_STYLE_FILL_AREA(#6265);
#4903=ORIENTED_EDGE('',*,*,#6217,.T.);
#4904=ORIENTED_EDGE('',*,*,#6266,.T.);
#4905=ORIENTED_EDGE('',*,*,#6267,.T.);
#4906=ORIENTED_EDGE('',*,*,#6268,.F.);
#4907=CARTESIAN_POINT('',(-2.59426690114209,5.32703763912734E-17,-0.87));
#4908=DIRECTION('',(0.0,6.12303176911189E-17,-1.0));
#4909=DIRECTION('',(-1.0,0.0,0.0));
#4910=SURFACE_STYLE_FILL_AREA(#6269);
#4911=ORIENTED_EDGE('',*,*,#6248,.T.);
#4912=ORIENTED_EDGE('',*,*,#6270,.T.);
#4913=ORIENTED_EDGE('',*,*,#6271,.T.);
#4914=ORIENTED_EDGE('',*,*,#6272,.T.);
#4915=CARTESIAN_POINT('',(-6.45,0.0,0.0));
#4916=DIRECTION('',(-0.0,1.0,6.12303176911189E-17));
#4917=DIRECTION('',(1.0,0.0,0.0));
#4918=SURFACE_STYLE_FILL_AREA(#6273);
#4919=ORIENTED_EDGE('',*,*,#6228,.T.);
#4920=ORIENTED_EDGE('',*,*,#6274,.F.);
#4921=ORIENTED_EDGE('',*,*,#6275,.F.);
#4922=ORIENTED_EDGE('',*,*,#6276,.F.);
#4923=CARTESIAN_POINT('',(-6.45,0.0,0.0));
#4924=DIRECTION('',(-0.0,1.0,6.12303176911189E-17));
#4925=DIRECTION('',(1.0,0.0,0.0));
#4926=SURFACE_STYLE_FILL_AREA(#6277);
#4927=ORIENTED_EDGE('',*,*,#6232,.T.);
#4928=ORIENTED_EDGE('',*,*,#6278,.F.);
#4929=ORIENTED_EDGE('',*,*,#6279,.F.);
#4930=ORIENTED_EDGE('',*,*,#6280,.F.);
#4931=CARTESIAN_POINT('',(-6.45,0.0,0.0));
#4932=DIRECTION('',(-0.0,1.0,6.12303176911189E-17));
#4933=DIRECTION('',(1.0,0.0,0.0));
#4934=SURFACE_STYLE_FILL_AREA(#6281);
#4935=ORIENTED_EDGE('',*,*,#6236,.T.);
#4936=ORIENTED_EDGE('',*,*,#6282,.F.);
#4937=ORIENTED_EDGE('',*,*,#6283,.F.);
#4938=ORIENTED_EDGE('',*,*,#6284,.F.);
#4939=CARTESIAN_POINT('',(-6.45,0.0,0.0));
#4940=DIRECTION('',(-0.0,1.0,6.12303176911189E-17));
#4941=DIRECTION('',(1.0,0.0,0.0));
#4942=SURFACE_STYLE_FILL_AREA(#6285);
#4943=ORIENTED_EDGE('',*,*,#6240,.T.);
#4944=ORIENTED_EDGE('',*,*,#6286,.F.);
#4945=ORIENTED_EDGE('',*,*,#6287,.F.);
#4946=ORIENTED_EDGE('',*,*,#6288,.F.);
#4947=CARTESIAN_POINT('',(-6.45,0.0,0.0));
#4948=DIRECTION('',(-0.0,1.0,6.12303176911189E-17));
#4949=DIRECTION('',(1.0,0.0,0.0));
#4950=SURFACE_STYLE_FILL_AREA(#6289);
#4951=ORIENTED_EDGE('',*,*,#6243,.T.);
#4952=ORIENTED_EDGE('',*,*,#6290,.T.);
#4953=ORIENTED_EDGE('',*,*,#6291,.T.);
#4954=ORIENTED_EDGE('',*,*,#6292,.T.);
#4955=CARTESIAN_POINT('',(-6.45,0.0,0.0));
#4956=DIRECTION('',(-0.0,1.0,6.12303176911189E-17));
#4957=DIRECTION('',(1.0,0.0,0.0));
#4958=SURFACE_STYLE_FILL_AREA(#6293);
#4959=ORIENTED_EDGE('',*,*,#6178,.T.);
#4960=ORIENTED_EDGE('',*,*,#6294,.T.);
#4961=ORIENTED_EDGE('',*,*,#6295,.T.);
#4962=ORIENTED_EDGE('',*,*,#6296,.T.);
#4963=CARTESIAN_POINT('',(-6.45,0.0,0.0));
#4964=DIRECTION('',(-0.0,1.0,6.12303176911189E-17));
#4965=DIRECTION('',(1.0,0.0,0.0));
#4966=SURFACE_STYLE_FILL_AREA(#6297);
#4967=ORIENTED_EDGE('',*,*,#6183,.T.);
#4968=ORIENTED_EDGE('',*,*,#6298,.F.);
#4969=ORIENTED_EDGE('',*,*,#6299,.F.);
#4970=ORIENTED_EDGE('',*,*,#6300,.F.);
#4971=CARTESIAN_POINT('',(-6.45,0.0,0.0));
#4972=DIRECTION('',(-0.0,1.0,6.12303176911189E-17));
#4973=DIRECTION('',(1.0,0.0,0.0));
#4974=SURFACE_STYLE_FILL_AREA(#6301);
#4975=ORIENTED_EDGE('',*,*,#6188,.T.);
#4976=ORIENTED_EDGE('',*,*,#6302,.F.);
#4977=ORIENTED_EDGE('',*,*,#6303,.F.);
#4978=ORIENTED_EDGE('',*,*,#6304,.F.);
#4979=CARTESIAN_POINT('',(-6.45,0.0,0.0));
#4980=DIRECTION('',(-0.0,1.0,6.12303176911189E-17));
#4981=DIRECTION('',(1.0,0.0,0.0));
#4982=SURFACE_STYLE_FILL_AREA(#6305);
#4983=ORIENTED_EDGE('',*,*,#6193,.T.);
#4984=ORIENTED_EDGE('',*,*,#6306,.F.);
#4985=ORIENTED_EDGE('',*,*,#6307,.F.);
#4986=ORIENTED_EDGE('',*,*,#6308,.F.);
#4987=CARTESIAN_POINT('',(-6.45,0.0,0.0));
#4988=DIRECTION('',(-0.0,1.0,6.12303176911189E-17));
#4989=DIRECTION('',(1.0,0.0,0.0));
#4990=SURFACE_STYLE_FILL_AREA(#6309);
#4991=ORIENTED_EDGE('',*,*,#6198,.T.);
#4992=ORIENTED_EDGE('',*,*,#6310,.F.);
#4993=ORIENTED_EDGE('',*,*,#6311,.F.);
#4994=ORIENTED_EDGE('',*,*,#6312,.F.);
#4995=CARTESIAN_POINT('',(-6.45,0.0,0.0));
#4996=DIRECTION('',(-0.0,1.0,6.12303176911189E-17));
#4997=DIRECTION('',(1.0,0.0,0.0));
#4998=SURFACE_STYLE_FILL_AREA(#6313);
#4999=ORIENTED_EDGE('',*,*,#6205,.T.);
#5000=ORIENTED_EDGE('',*,*,#6314,.T.);
#5001=ORIENTED_EDGE('',*,*,#6315,.T.);
#5002=ORIENTED_EDGE('',*,*,#6316,.T.);
#5003=CARTESIAN_POINT('',(-6.45,0.0,0.0));
#5004=DIRECTION('',(-0.0,1.0,6.12303176911189E-17));
#5005=DIRECTION('',(1.0,0.0,0.0));
#5006=SURFACE_STYLE_FILL_AREA(#6317);
#5007=ORIENTED_EDGE('',*,*,#6215,.T.);
#5008=ORIENTED_EDGE('',*,*,#6318,.T.);
#5009=ORIENTED_EDGE('',*,*,#6319,.T.);
#5010=ORIENTED_EDGE('',*,*,#6320,.F.);
#5011=CARTESIAN_POINT('',(-5.13426690114209,5.32703763912734E-17,-0.87));
#5012=DIRECTION('',(0.0,6.12303176911189E-17,-1.0));
#5013=DIRECTION('',(-1.0,0.0,0.0));
#5014=SURFACE_STYLE_FILL_AREA(#6321);
#5015=ORIENTED_EDGE('',*,*,#6322,.T.);
#5016=ORIENTED_EDGE('',*,*,#6323,.F.);
#5017=ORIENTED_EDGE('',*,*,#6271,.F.);
#5018=ORIENTED_EDGE('',*,*,#6324,.T.);
#5019=CARTESIAN_POINT('',(6.45,7.7762503467721E-17,-1.27));
#5020=DIRECTION('',(0.0,6.12303176911189E-17,-1.0));
#5021=DIRECTION('',(-1.0,0.0,0.0));
#5022=SURFACE_STYLE_FILL_AREA(#6325);
#5023=ORIENTED_EDGE('',*,*,#6326,.T.);
#5024=ORIENTED_EDGE('',*,*,#6250,.F.);
#5025=ORIENTED_EDGE('',*,*,#6246,.F.);
#5026=ORIENTED_EDGE('',*,*,#6272,.F.);
#5027=ORIENTED_EDGE('',*,*,#6323,.T.);
#5028=CARTESIAN_POINT('',(7.526738468369,6.55164399294972E-17,-1.07));
#5029=DIRECTION('',(0.906307787036651,2.58770504284513E-17,-0.422618261740696));
#5030=DIRECTION('',(-0.422618261740696,5.54935137261891E-17,-0.906307787036652));
#5031=SURFACE_STYLE_FILL_AREA(#6327);
#5032=ORIENTED_EDGE('',*,*,#6328,.T.);
#5033=ORIENTED_EDGE('',*,*,#6329,.F.);
#5034=ORIENTED_EDGE('',*,*,#6314,.F.);
#5035=ORIENTED_EDGE('',*,*,#6204,.T.);
#5036=ORIENTED_EDGE('',*,*,#6252,.T.);
#5037=CARTESIAN_POINT('',(7.526738468369,-6.55164399294972E-17,1.07));
#5038=DIRECTION('',(0.906307787036652,-2.58770504284512E-17,0.422618261740696));
#5039=DIRECTION('',(0.422618261740696,5.54935137261891E-17,-0.906307787036652));
#5040=SURFACE_STYLE_FILL_AREA(#6330);
#5041=ORIENTED_EDGE('',*,*,#6331,.T.);
#5042=ORIENTED_EDGE('',*,*,#6332,.F.);
#5043=ORIENTED_EDGE('',*,*,#6315,.F.);
#5044=ORIENTED_EDGE('',*,*,#6329,.T.);
#5045=CARTESIAN_POINT('',(6.45,-7.7762503467721E-17,1.27));
#5046=DIRECTION('',(0.0,-6.12303176911189E-17,1.0));
#5047=DIRECTION('',(1.0,0.0,0.0));
#5048=SURFACE_STYLE_FILL_AREA(#6333);
#5049=ORIENTED_EDGE('',*,*,#6334,.T.);
#5050=ORIENTED_EDGE('',*,*,#6335,.F.);
#5051=ORIENTED_EDGE('',*,*,#6202,.F.);
#5052=ORIENTED_EDGE('',*,*,#6316,.F.);
#5053=ORIENTED_EDGE('',*,*,#6332,.T.);
#5054=CARTESIAN_POINT('',(5.373261531631,-6.55164399294972E-17,1.07));
#5055=DIRECTION('',(-0.906307787036648,-2.58770504284517E-17,0.422618261740703));
#5056=DIRECTION('',(0.422618261740703,-5.54935137261889E-17,0.906307787036648));
#5057=SURFACE_STYLE_FILL_AREA(#6336);
#5058=ORIENTED_EDGE('',*,*,#6208,.T.);
#5059=ORIENTED_EDGE('',*,*,#6335,.T.);
#5060=ORIENTED_EDGE('',*,*,#6337,.T.);
#5061=ORIENTED_EDGE('',*,*,#6338,.F.);
#5062=CARTESIAN_POINT('',(5.03420283563409,-5.32703763912734E-17,0.87));
#5063=DIRECTION('',(0.0,-6.12303176911189E-17,1.0));
#5064=DIRECTION('',(1.0,0.0,0.0));
#5065=SURFACE_STYLE_FILL_AREA(#6339);
#5066=ORIENTED_EDGE('',*,*,#6340,.T.);
#5067=ORIENTED_EDGE('',*,*,#6324,.F.);
#5068=ORIENTED_EDGE('',*,*,#6270,.F.);
#5069=ORIENTED_EDGE('',*,*,#6247,.T.);
#5070=ORIENTED_EDGE('',*,*,#6256,.T.);
#5071=CARTESIAN_POINT('',(5.373261531631,6.55164399294972E-17,-1.07));
#5072=DIRECTION('',(-0.906307787036648,2.58770504284517E-17,-0.422618261740703));
#5073=DIRECTION('',(-0.422618261740703,-5.54935137261889E-17,0.906307787036648));
#5074=SURFACE_STYLE_FILL_AREA(#6341);
#5075=ORIENTED_EDGE('',*,*,#5651,.T.);
#5076=ORIENTED_EDGE('',*,*,#6070,.T.);
#5077=ORIENTED_EDGE('',*,*,#5625,.T.);
#5078=ORIENTED_EDGE('',*,*,#6088,.T.);
#5079=ORIENTED_EDGE('',*,*,#5599,.T.);
#5080=ORIENTED_EDGE('',*,*,#6106,.T.);
#5081=ORIENTED_EDGE('',*,*,#5573,.T.);
#5082=ORIENTED_EDGE('',*,*,#6124,.T.);
#5083=ORIENTED_EDGE('',*,*,#5547,.T.);
#5084=ORIENTED_EDGE('',*,*,#6142,.T.);
#5085=ORIENTED_EDGE('',*,*,#5521,.T.);
#5086=ORIENTED_EDGE('',*,*,#6160,.T.);
#5087=ORIENTED_EDGE('',*,*,#6342,.F.);
#5088=ORIENTED_EDGE('',*,*,#6337,.F.);
#5089=ORIENTED_EDGE('',*,*,#6334,.F.);
#5090=ORIENTED_EDGE('',*,*,#6331,.F.);
#5091=ORIENTED_EDGE('',*,*,#6328,.F.);
#5092=ORIENTED_EDGE('',*,*,#6251,.F.);
#5093=ORIENTED_EDGE('',*,*,#6326,.F.);
#5094=ORIENTED_EDGE('',*,*,#6322,.F.);
#5095=ORIENTED_EDGE('',*,*,#6340,.F.);
#5096=ORIENTED_EDGE('',*,*,#6255,.F.);
#5097=ORIENTED_EDGE('',*,*,#6343,.F.);
#5098=ORIENTED_EDGE('',*,*,#6344,.F.);
#5099=ORIENTED_EDGE('',*,*,#6345,.F.);
#5100=ORIENTED_EDGE('',*,*,#6259,.F.);
#5101=ORIENTED_EDGE('',*,*,#6346,.F.);
#5102=ORIENTED_EDGE('',*,*,#6347,.F.);
#5103=ORIENTED_EDGE('',*,*,#6348,.F.);
#5104=ORIENTED_EDGE('',*,*,#6263,.F.);
#5105=ORIENTED_EDGE('',*,*,#6349,.F.);
#5106=ORIENTED_EDGE('',*,*,#6350,.F.);
#5107=ORIENTED_EDGE('',*,*,#6351,.F.);
#5108=ORIENTED_EDGE('',*,*,#6267,.F.);
#5109=ORIENTED_EDGE('',*,*,#6352,.F.);
#5110=ORIENTED_EDGE('',*,*,#6353,.F.);
#5111=ORIENTED_EDGE('',*,*,#6354,.F.);
#5112=ORIENTED_EDGE('',*,*,#6319,.F.);
#5113=ORIENTED_EDGE('',*,*,#6355,.F.);
#5114=ORIENTED_EDGE('',*,*,#6356,.F.);
#5115=ORIENTED_EDGE('',*,*,#6357,.F.);
#5116=ORIENTED_EDGE('',*,*,#6358,.F.);
#5117=ORIENTED_EDGE('',*,*,#6359,.F.);
#5118=ORIENTED_EDGE('',*,*,#6360,.F.);
#5119=ORIENTED_EDGE('',*,*,#6361,.F.);
#5120=ORIENTED_EDGE('',*,*,#6362,.F.);
#5121=ORIENTED_EDGE('',*,*,#6363,.F.);
#5122=ORIENTED_EDGE('',*,*,#6364,.F.);
#5123=ORIENTED_EDGE('',*,*,#6365,.F.);
#5124=ORIENTED_EDGE('',*,*,#6366,.F.);
#5125=ORIENTED_EDGE('',*,*,#6367,.F.);
#5126=ORIENTED_EDGE('',*,*,#6368,.F.);
#5127=ORIENTED_EDGE('',*,*,#6369,.F.);
#5128=ORIENTED_EDGE('',*,*,#6370,.F.);
#5129=ORIENTED_EDGE('',*,*,#6371,.F.);
#5130=ORIENTED_EDGE('',*,*,#6372,.F.);
#5131=ORIENTED_EDGE('',*,*,#6373,.F.);
#5132=ORIENTED_EDGE('',*,*,#6374,.F.);
#5133=ORIENTED_EDGE('',*,*,#6375,.F.);
#5134=ORIENTED_EDGE('',*,*,#6376,.F.);
#5135=CARTESIAN_POINT('',(-6.45,4.2,2.57167334302699E-16));
#5136=DIRECTION('',(-0.0,1.0,6.12303176911189E-17));
#5137=DIRECTION('',(1.0,0.0,0.0));
#5138=SURFACE_STYLE_FILL_AREA(#6377);
#5139=ORIENTED_EDGE('',*,*,#6375,.T.);
#5140=ORIENTED_EDGE('',*,*,#6378,.F.);
#5141=ORIENTED_EDGE('',*,*,#6199,.F.);
#5142=ORIENTED_EDGE('',*,*,#6312,.T.);
#5143=ORIENTED_EDGE('',*,*,#6379,.T.);
#5144=CARTESIAN_POINT('',(2.833261531631,-6.55164399294972E-17,1.07));
#5145=DIRECTION('',(-0.906307787036648,-2.58770504284517E-17,0.422618261740703));
#5146=DIRECTION('',(0.422618261740703,-5.54935137261889E-17,0.906307787036648));
#5147=SURFACE_STYLE_FILL_AREA(#6380);
#5148=ORIENTED_EDGE('',*,*,#6209,.T.);
#5149=ORIENTED_EDGE('',*,*,#6378,.T.);
#5150=ORIENTED_EDGE('',*,*,#6374,.T.);
#5151=ORIENTED_EDGE('',*,*,#6381,.F.);
#5152=CARTESIAN_POINT('',(2.48573309885791,-5.32703763912734E-17,0.87));
#5153=DIRECTION('',(0.0,-6.12303176911189E-17,1.0));
#5154=DIRECTION('',(1.0,0.0,0.0));
#5155=SURFACE_STYLE_FILL_AREA(#6382);
#5156=ORIENTED_EDGE('',*,*,#6345,.T.);
#5157=ORIENTED_EDGE('',*,*,#6383,.F.);
#5158=ORIENTED_EDGE('',*,*,#6274,.T.);
#5159=ORIENTED_EDGE('',*,*,#6227,.T.);
#5160=ORIENTED_EDGE('',*,*,#6260,.T.);
#5161=CARTESIAN_POINT('',(2.833261531631,6.55164399294972E-17,-1.07));
#5162=DIRECTION('',(-0.906307787036648,2.58770504284517E-17,-0.422618261740703));
#5163=DIRECTION('',(-0.422618261740703,-5.54935137261889E-17,0.906307787036648));
#5164=SURFACE_STYLE_FILL_AREA(#6384);
#5165=ORIENTED_EDGE('',*,*,#6344,.T.);
#5166=ORIENTED_EDGE('',*,*,#6385,.F.);
#5167=ORIENTED_EDGE('',*,*,#6275,.T.);
#5168=ORIENTED_EDGE('',*,*,#6383,.T.);
#5169=CARTESIAN_POINT('',(3.81,7.7762503467721E-17,-1.27));
#5170=DIRECTION('',(0.0,6.12303176911189E-17,-1.0));
#5171=DIRECTION('',(-1.0,0.0,0.0));
#5172=SURFACE_STYLE_FILL_AREA(#6386);
#5173=ORIENTED_EDGE('',*,*,#6343,.T.);
#5174=ORIENTED_EDGE('',*,*,#6254,.F.);
#5175=ORIENTED_EDGE('',*,*,#6226,.F.);
#5176=ORIENTED_EDGE('',*,*,#6276,.T.);
#5177=ORIENTED_EDGE('',*,*,#6385,.T.);
#5178=CARTESIAN_POINT('',(4.786738468369,6.55164399294972E-17,-1.07));
#5179=DIRECTION('',(0.906307787036648,2.58770504284517E-17,-0.422618261740703));
#5180=DIRECTION('',(-0.422618261740703,5.54935137261889E-17,-0.906307787036648));
#5181=SURFACE_STYLE_FILL_AREA(#6387);
#5182=ORIENTED_EDGE('',*,*,#6342,.T.);
#5183=ORIENTED_EDGE('',*,*,#6388,.F.);
#5184=ORIENTED_EDGE('',*,*,#6310,.T.);
#5185=ORIENTED_EDGE('',*,*,#6197,.T.);
#5186=ORIENTED_EDGE('',*,*,#6338,.T.);
#5187=CARTESIAN_POINT('',(4.786738468369,-6.55164399294972E-17,1.07));
#5188=DIRECTION('',(0.906307787036648,-2.58770504284517E-17,0.422618261740703));
#5189=DIRECTION('',(0.422618261740703,5.54935137261889E-17,-0.906307787036648));
#5190=SURFACE_STYLE_FILL_AREA(#6389);
#5191=ORIENTED_EDGE('',*,*,#6376,.T.);
#5192=ORIENTED_EDGE('',*,*,#6379,.F.);
#5193=ORIENTED_EDGE('',*,*,#6311,.T.);
#5194=ORIENTED_EDGE('',*,*,#6388,.T.);
#5195=CARTESIAN_POINT('',(3.81,-7.7762503467721E-17,1.27));
#5196=DIRECTION('',(0.0,-6.12303176911189E-17,1.0));
#5197=DIRECTION('',(1.0,0.0,0.0));
#5198=SURFACE_STYLE_FILL_AREA(#6390);
#5199=ORIENTED_EDGE('',*,*,#6371,.T.);
#5200=ORIENTED_EDGE('',*,*,#6391,.F.);
#5201=ORIENTED_EDGE('',*,*,#6194,.F.);
#5202=ORIENTED_EDGE('',*,*,#6308,.T.);
#5203=ORIENTED_EDGE('',*,*,#6392,.T.);
#5204=CARTESIAN_POINT('',(0.293261531630999,-6.55164399294972E-17,1.07));
#5205=DIRECTION('',(-0.906307787036648,-2.58770504284517E-17,0.422618261740703));
#5206=DIRECTION('',(0.422618261740703,-5.54935137261889E-17,0.906307787036648));
#5207=SURFACE_STYLE_FILL_AREA(#6393);
#5208=ORIENTED_EDGE('',*,*,#6210,.T.);
#5209=ORIENTED_EDGE('',*,*,#6391,.T.);
#5210=ORIENTED_EDGE('',*,*,#6370,.T.);
#5211=ORIENTED_EDGE('',*,*,#6394,.F.);
#5212=CARTESIAN_POINT('',(-0.0542669011420935,-5.32703763912734E-17,0.87));
#5213=DIRECTION('',(0.0,-6.12303176911189E-17,1.0));
#5214=DIRECTION('',(1.0,0.0,0.0));
#5215=SURFACE_STYLE_FILL_AREA(#6395);
#5216=ORIENTED_EDGE('',*,*,#6348,.T.);
#5217=ORIENTED_EDGE('',*,*,#6396,.F.);
#5218=ORIENTED_EDGE('',*,*,#6278,.T.);
#5219=ORIENTED_EDGE('',*,*,#6231,.T.);
#5220=ORIENTED_EDGE('',*,*,#6264,.T.);
#5221=CARTESIAN_POINT('',(0.293261531630999,6.55164399294972E-17,-1.07));
#5222=DIRECTION('',(-0.906307787036648,2.58770504284517E-17,-0.422618261740703));
#5223=DIRECTION('',(-0.422618261740703,-5.54935137261889E-17,0.906307787036648));
#5224=SURFACE_STYLE_FILL_AREA(#6397);
#5225=ORIENTED_EDGE('',*,*,#6347,.T.);
#5226=ORIENTED_EDGE('',*,*,#6398,.F.);
#5227=ORIENTED_EDGE('',*,*,#6279,.T.);
#5228=ORIENTED_EDGE('',*,*,#6396,.T.);
#5229=CARTESIAN_POINT('',(1.27,7.7762503467721E-17,-1.27));
#5230=DIRECTION('',(0.0,6.12303176911189E-17,-1.0));
#5231=DIRECTION('',(-1.0,0.0,0.0));
#5232=SURFACE_STYLE_FILL_AREA(#6399);
#5233=ORIENTED_EDGE('',*,*,#6346,.T.);
#5234=ORIENTED_EDGE('',*,*,#6258,.F.);
#5235=ORIENTED_EDGE('',*,*,#6230,.F.);
#5236=ORIENTED_EDGE('',*,*,#6280,.T.);
#5237=ORIENTED_EDGE('',*,*,#6398,.T.);
#5238=CARTESIAN_POINT('',(2.246738468369,6.55164399294972E-17,-1.07));
#5239=DIRECTION('',(0.906307787036648,2.58770504284517E-17,-0.422618261740703));
#5240=DIRECTION('',(-0.422618261740703,5.54935137261889E-17,-0.906307787036648));
#5241=SURFACE_STYLE_FILL_AREA(#6400);
#5242=ORIENTED_EDGE('',*,*,#6373,.T.);
#5243=ORIENTED_EDGE('',*,*,#6401,.F.);
#5244=ORIENTED_EDGE('',*,*,#6306,.T.);
#5245=ORIENTED_EDGE('',*,*,#6192,.T.);
#5246=ORIENTED_EDGE('',*,*,#6381,.T.);
#5247=CARTESIAN_POINT('',(2.246738468369,-6.55164399294972E-17,1.07));
#5248=DIRECTION('',(0.906307787036648,-2.58770504284517E-17,0.422618261740703));
#5249=DIRECTION('',(0.422618261740703,5.54935137261889E-17,-0.906307787036648));
#5250=SURFACE_STYLE_FILL_AREA(#6402);
#5251=ORIENTED_EDGE('',*,*,#6372,.T.);
#5252=ORIENTED_EDGE('',*,*,#6392,.F.);
#5253=ORIENTED_EDGE('',*,*,#6307,.T.);
#5254=ORIENTED_EDGE('',*,*,#6401,.T.);
#5255=CARTESIAN_POINT('',(1.27,-7.7762503467721E-17,1.27));
#5256=DIRECTION('',(0.0,-6.12303176911189E-17,1.0));
#5257=DIRECTION('',(1.0,0.0,0.0));
#5258=SURFACE_STYLE_FILL_AREA(#6403);
#5259=ORIENTED_EDGE('',*,*,#6367,.T.);
#5260=ORIENTED_EDGE('',*,*,#6404,.F.);
#5261=ORIENTED_EDGE('',*,*,#6189,.F.);
#5262=ORIENTED_EDGE('',*,*,#6304,.T.);
#5263=ORIENTED_EDGE('',*,*,#6405,.T.);
#5264=CARTESIAN_POINT('',(-2.246738468369,-6.55164399294972E-17,1.07));
#5265=DIRECTION('',(-0.906307787036648,-2.58770504284517E-17,0.422618261740703));
#5266=DIRECTION('',(0.422618261740703,-5.54935137261889E-17,0.906307787036648));
#5267=SURFACE_STYLE_FILL_AREA(#6406);
#5268=ORIENTED_EDGE('',*,*,#6211,.T.);
#5269=ORIENTED_EDGE('',*,*,#6404,.T.);
#5270=ORIENTED_EDGE('',*,*,#6366,.T.);
#5271=ORIENTED_EDGE('',*,*,#6407,.F.);
#5272=CARTESIAN_POINT('',(-2.59426690114209,-5.32703763912734E-17,0.87));
#5273=DIRECTION('',(0.0,-6.12303176911189E-17,1.0));
#5274=DIRECTION('',(1.0,0.0,0.0));
#5275=SURFACE_STYLE_FILL_AREA(#6408);
#5276=ORIENTED_EDGE('',*,*,#6351,.T.);
#5277=ORIENTED_EDGE('',*,*,#6409,.F.);
#5278=ORIENTED_EDGE('',*,*,#6282,.T.);
#5279=ORIENTED_EDGE('',*,*,#6235,.T.);
#5280=ORIENTED_EDGE('',*,*,#6268,.T.);
#5281=CARTESIAN_POINT('',(-2.246738468369,6.55164399294972E-17,-1.07));
#5282=DIRECTION('',(-0.906307787036648,2.58770504284517E-17,-0.422618261740703));
#5283=DIRECTION('',(-0.422618261740703,-5.54935137261889E-17,0.906307787036648));
#5284=SURFACE_STYLE_FILL_AREA(#6410);
#5285=ORIENTED_EDGE('',*,*,#6350,.T.);
#5286=ORIENTED_EDGE('',*,*,#6411,.F.);
#5287=ORIENTED_EDGE('',*,*,#6283,.T.);
#5288=ORIENTED_EDGE('',*,*,#6409,.T.);
#5289=CARTESIAN_POINT('',(-1.27,7.7762503467721E-17,-1.27));
#5290=DIRECTION('',(0.0,6.12303176911189E-17,-1.0));
#5291=DIRECTION('',(-1.0,0.0,0.0));
#5292=SURFACE_STYLE_FILL_AREA(#6412);
#5293=ORIENTED_EDGE('',*,*,#6349,.T.);
#5294=ORIENTED_EDGE('',*,*,#6262,.F.);
#5295=ORIENTED_EDGE('',*,*,#6234,.F.);
#5296=ORIENTED_EDGE('',*,*,#6284,.T.);
#5297=ORIENTED_EDGE('',*,*,#6411,.T.);
#5298=CARTESIAN_POINT('',(-0.293261531631002,6.55164399294972E-17,-1.07));
#5299=DIRECTION('',(0.906307787036648,2.58770504284517E-17,-0.422618261740703));
#5300=DIRECTION('',(-0.422618261740703,5.54935137261889E-17,-0.906307787036648));
#5301=SURFACE_STYLE_FILL_AREA(#6413);
#5302=ORIENTED_EDGE('',*,*,#6369,.T.);
#5303=ORIENTED_EDGE('',*,*,#6414,.F.);
#5304=ORIENTED_EDGE('',*,*,#6302,.T.);
#5305=ORIENTED_EDGE('',*,*,#6187,.T.);
#5306=ORIENTED_EDGE('',*,*,#6394,.T.);
#5307=CARTESIAN_POINT('',(-0.293261531631002,-6.55164399294972E-17,1.07));
#5308=DIRECTION('',(0.906307787036648,-2.58770504284517E-17,0.422618261740703));
#5309=DIRECTION('',(0.422618261740703,5.54935137261889E-17,-0.906307787036648));
#5310=SURFACE_STYLE_FILL_AREA(#6415);
#5311=ORIENTED_EDGE('',*,*,#6368,.T.);
#5312=ORIENTED_EDGE('',*,*,#6405,.F.);
#5313=ORIENTED_EDGE('',*,*,#6303,.T.);
#5314=ORIENTED_EDGE('',*,*,#6414,.T.);
#5315=CARTESIAN_POINT('',(-1.27,-7.7762503467721E-17,1.27));
#5316=DIRECTION('',(0.0,-6.12303176911189E-17,1.0));
#5317=DIRECTION('',(1.0,0.0,0.0));
#5318=SURFACE_STYLE_FILL_AREA(#6416);
#5319=ORIENTED_EDGE('',*,*,#6363,.T.);
#5320=ORIENTED_EDGE('',*,*,#6417,.F.);
#5321=ORIENTED_EDGE('',*,*,#6184,.F.);
#5322=ORIENTED_EDGE('',*,*,#6300,.T.);
#5323=ORIENTED_EDGE('',*,*,#6418,.T.);
#5324=CARTESIAN_POINT('',(-4.786738468369,-6.55164399294972E-17,1.07));
#5325=DIRECTION('',(-0.906307787036648,-2.58770504284517E-17,0.422618261740703));
#5326=DIRECTION('',(0.422618261740703,-5.54935137261889E-17,0.906307787036648));
#5327=SURFACE_STYLE_FILL_AREA(#6419);
#5328=ORIENTED_EDGE('',*,*,#6212,.T.);
#5329=ORIENTED_EDGE('',*,*,#6417,.T.);
#5330=ORIENTED_EDGE('',*,*,#6362,.T.);
#5331=ORIENTED_EDGE('',*,*,#6420,.F.);
#5332=CARTESIAN_POINT('',(-5.13426690114209,-5.32703763912734E-17,0.87));
#5333=DIRECTION('',(0.0,-6.12303176911189E-17,1.0));
#5334=DIRECTION('',(1.0,0.0,0.0));
#5335=SURFACE_STYLE_FILL_AREA(#6421);
#5336=ORIENTED_EDGE('',*,*,#6354,.T.);
#5337=ORIENTED_EDGE('',*,*,#6422,.F.);
#5338=ORIENTED_EDGE('',*,*,#6286,.T.);
#5339=ORIENTED_EDGE('',*,*,#6239,.T.);
#5340=ORIENTED_EDGE('',*,*,#6320,.T.);
#5341=CARTESIAN_POINT('',(-4.786738468369,6.55164399294972E-17,-1.07));
#5342=DIRECTION('',(-0.906307787036648,2.58770504284517E-17,-0.422618261740703));
#5343=DIRECTION('',(-0.422618261740703,-5.54935137261889E-17,0.906307787036648));
#5344=SURFACE_STYLE_FILL_AREA(#6423);
#5345=ORIENTED_EDGE('',*,*,#6353,.T.);
#5346=ORIENTED_EDGE('',*,*,#6424,.F.);
#5347=ORIENTED_EDGE('',*,*,#6287,.T.);
#5348=ORIENTED_EDGE('',*,*,#6422,.T.);
#5349=CARTESIAN_POINT('',(-3.81,7.7762503467721E-17,-1.27));
#5350=DIRECTION('',(0.0,6.12303176911189E-17,-1.0));
#5351=DIRECTION('',(-1.0,0.0,0.0));
#5352=SURFACE_STYLE_FILL_AREA(#6425);
#5353=ORIENTED_EDGE('',*,*,#6352,.T.);
#5354=ORIENTED_EDGE('',*,*,#6266,.F.);
#5355=ORIENTED_EDGE('',*,*,#6238,.F.);
#5356=ORIENTED_EDGE('',*,*,#6288,.T.);
#5357=ORIENTED_EDGE('',*,*,#6424,.T.);
#5358=CARTESIAN_POINT('',(-2.833261531631,6.55164399294972E-17,-1.07));
#5359=DIRECTION('',(0.906307787036648,2.58770504284517E-17,-0.422618261740703));
#5360=DIRECTION('',(-0.422618261740703,5.54935137261889E-17,-0.906307787036648));
#5361=SURFACE_STYLE_FILL_AREA(#6426);
#5362=ORIENTED_EDGE('',*,*,#6365,.T.);
#5363=ORIENTED_EDGE('',*,*,#6427,.F.);
#5364=ORIENTED_EDGE('',*,*,#6298,.T.);
#5365=ORIENTED_EDGE('',*,*,#6182,.T.);
#5366=ORIENTED_EDGE('',*,*,#6407,.T.);
#5367=CARTESIAN_POINT('',(-2.833261531631,-6.55164399294972E-17,1.07));
#5368=DIRECTION('',(0.906307787036648,-2.58770504284517E-17,0.422618261740703));
#5369=DIRECTION('',(0.422618261740703,5.54935137261889E-17,-0.906307787036648));
#5370=SURFACE_STYLE_FILL_AREA(#6428);
#5371=ORIENTED_EDGE('',*,*,#6364,.T.);
#5372=ORIENTED_EDGE('',*,*,#6418,.F.);
#5373=ORIENTED_EDGE('',*,*,#6299,.T.);
#5374=ORIENTED_EDGE('',*,*,#6427,.T.);
#5375=CARTESIAN_POINT('',(-3.81,-7.7762503467721E-17,1.27));
#5376=DIRECTION('',(0.0,-6.12303176911189E-17,1.0));
#5377=DIRECTION('',(1.0,0.0,0.0));
#5378=SURFACE_STYLE_FILL_AREA(#6429);
#5379=ORIENTED_EDGE('',*,*,#6359,.T.);
#5380=ORIENTED_EDGE('',*,*,#6430,.F.);
#5381=ORIENTED_EDGE('',*,*,#6179,.F.);
#5382=ORIENTED_EDGE('',*,*,#6296,.F.);
#5383=ORIENTED_EDGE('',*,*,#6431,.T.);
#5384=CARTESIAN_POINT('',(-7.526738468369,-6.55164399294972E-17,1.07));
#5385=DIRECTION('',(-0.90630778703665,-2.58770504284514E-17,0.422618261740699));
#5386=DIRECTION('',(0.422618261740699,-5.5493513726189E-17,0.90630778703665));
#5387=SURFACE_STYLE_FILL_AREA(#6432);
#5388=ORIENTED_EDGE('',*,*,#6213,.T.);
#5389=ORIENTED_EDGE('',*,*,#6430,.T.);
#5390=ORIENTED_EDGE('',*,*,#6358,.T.);
#5391=ORIENTED_EDGE('',*,*,#6433,.F.);
#5392=CARTESIAN_POINT('',(-7.62,6.79793085057932E-33,-1.11022302462516E-16));
#5393=DIRECTION('',(-1.0,0.0,0.0));
#5394=DIRECTION('',(0.0,-6.12303176911189E-17,1.0));
#5395=SURFACE_STYLE_FILL_AREA(#6434);
#5396=ORIENTED_EDGE('',*,*,#6357,.T.);
#5397=ORIENTED_EDGE('',*,*,#6435,.F.);
#5398=ORIENTED_EDGE('',*,*,#6290,.F.);
#5399=ORIENTED_EDGE('',*,*,#6242,.T.);
#5400=ORIENTED_EDGE('',*,*,#6433,.T.);
#5401=CARTESIAN_POINT('',(-7.526738468369,6.55164399294972E-17,-1.07));
#5402=DIRECTION('',(-0.90630778703665,2.58770504284515E-17,-0.422618261740699));
#5403=DIRECTION('',(-0.422618261740699,-5.5493513726189E-17,0.90630778703665));
#5404=SURFACE_STYLE_FILL_AREA(#6436);
#5405=ORIENTED_EDGE('',*,*,#6356,.T.);
#5406=ORIENTED_EDGE('',*,*,#6437,.F.);
#5407=ORIENTED_EDGE('',*,*,#6291,.F.);
#5408=ORIENTED_EDGE('',*,*,#6435,.T.);
#5409=CARTESIAN_POINT('',(-6.45,7.7762503467721E-17,-1.27));
#5410=DIRECTION('',(0.0,6.12303176911189E-17,-1.0));
#5411=DIRECTION('',(-1.0,0.0,0.0));
#5412=SURFACE_STYLE_FILL_AREA(#6438);
#5413=ORIENTED_EDGE('',*,*,#6355,.T.);
#5414=ORIENTED_EDGE('',*,*,#6318,.F.);
#5415=ORIENTED_EDGE('',*,*,#6244,.F.);
#5416=ORIENTED_EDGE('',*,*,#6292,.F.);
#5417=ORIENTED_EDGE('',*,*,#6437,.T.);
#5418=CARTESIAN_POINT('',(-5.373261531631,6.55164399294972E-17,-1.07));
#5419=DIRECTION('',(0.906307787036648,2.58770504284517E-17,-0.422618261740703));
#5420=DIRECTION('',(-0.422618261740703,5.54935137261889E-17,-0.906307787036648));
#5421=SURFACE_STYLE_FILL_AREA(#6439);
#5422=ORIENTED_EDGE('',*,*,#6361,.T.);
#5423=ORIENTED_EDGE('',*,*,#6440,.F.);
#5424=ORIENTED_EDGE('',*,*,#6294,.F.);
#5425=ORIENTED_EDGE('',*,*,#6177,.T.);
#5426=ORIENTED_EDGE('',*,*,#6420,.T.);
#5427=CARTESIAN_POINT('',(-5.373261531631,-6.55164399294972E-17,1.07));
#5428=DIRECTION('',(0.906307787036648,-2.58770504284517E-17,0.422618261740703));
#5429=DIRECTION('',(0.422618261740703,5.54935137261889E-17,-0.906307787036648));
#5430=SURFACE_STYLE_FILL_AREA(#6441);
#5431=ORIENTED_EDGE('',*,*,#6360,.T.);
#5432=ORIENTED_EDGE('',*,*,#6431,.F.);
#5433=ORIENTED_EDGE('',*,*,#6295,.F.);
#5434=ORIENTED_EDGE('',*,*,#6440,.T.);
#5435=CARTESIAN_POINT('',(-6.45,-7.7762503467721E-17,1.27));
#5436=DIRECTION('',(0.0,-6.12303176911189E-17,1.0));
#5437=DIRECTION('',(1.0,0.0,0.0));
#5438=FILL_AREA_STYLE('',(#6442));
#5439=EDGE_CURVE('',#6443,#6444,#6445,.T.);
#5440=EDGE_CURVE('',#6443,#6446,#6447,.T.);
#5441=EDGE_CURVE('',#6446,#6448,#6449,.T.);
#5442=EDGE_CURVE('',#6448,#6450,#6451,.T.);
#5443=EDGE_CURVE('',#6450,#6444,#6452,.T.);
#5444=FILL_AREA_STYLE('',(#6453));
#5445=EDGE_CURVE('',#6454,#6455,#6456,.T.);
#5446=EDGE_CURVE('',#6454,#6457,#6458,.T.);
#5447=EDGE_CURVE('',#6457,#6459,#6460,.T.);
#5448=EDGE_CURVE('',#6459,#6461,#6462,.T.);
#5449=EDGE_CURVE('',#6461,#6455,#6463,.T.);
#5450=FILL_AREA_STYLE('',(#6464));
#5451=EDGE_CURVE('',#6465,#6466,#6467,.T.);
#5452=EDGE_CURVE('',#6465,#6468,#6469,.T.);
#5453=EDGE_CURVE('',#6468,#6470,#6471,.T.);
#5454=EDGE_CURVE('',#6470,#6472,#6473,.T.);
#5455=EDGE_CURVE('',#6472,#6466,#6474,.T.);
#5456=FILL_AREA_STYLE('',(#6475));
#5457=EDGE_CURVE('',#6476,#6477,#6478,.T.);
#5458=EDGE_CURVE('',#6476,#6479,#6480,.T.);
#5459=EDGE_CURVE('',#6479,#6481,#6482,.T.);
#5460=EDGE_CURVE('',#6481,#6483,#6484,.T.);
#5461=EDGE_CURVE('',#6483,#6477,#6485,.T.);
#5462=FILL_AREA_STYLE('',(#6486));
#5463=EDGE_CURVE('',#6487,#6488,#6489,.T.);
#5464=EDGE_CURVE('',#6487,#6490,#6491,.T.);
#5465=EDGE_CURVE('',#6490,#6492,#6493,.T.);
#5466=EDGE_CURVE('',#6492,#6494,#6495,.T.);
#5467=EDGE_CURVE('',#6494,#6488,#6496,.T.);
#5468=FILL_AREA_STYLE('',(#6497));
#5469=EDGE_CURVE('',#6498,#6499,#6500,.T.);
#5470=EDGE_CURVE('',#6498,#6501,#6502,.T.);
#5471=EDGE_CURVE('',#6501,#6503,#6504,.T.);
#5472=EDGE_CURVE('',#6503,#6505,#6506,.T.);
#5473=EDGE_CURVE('',#6505,#6499,#6507,.T.);
#5474=FILL_AREA_STYLE('',(#6508));
#5475=EDGE_CURVE('',#6499,#6498,#6509,.T.);
#5476=EDGE_CURVE('',#6505,#6510,#6511,.T.);
#5477=EDGE_CURVE('',#6510,#6501,#6512,.T.);
#5478=FILL_AREA_STYLE('',(#6513));
#5479=EDGE_CURVE('',#6488,#6487,#6514,.T.);
#5480=EDGE_CURVE('',#6494,#6515,#6516,.T.);
#5481=EDGE_CURVE('',#6515,#6490,#6517,.T.);
#5482=FILL_AREA_STYLE('',(#6518));
#5483=EDGE_CURVE('',#6477,#6476,#6519,.T.);
#5484=EDGE_CURVE('',#6483,#6520,#6521,.T.);
#5485=EDGE_CURVE('',#6520,#6479,#6522,.T.);
#5486=FILL_AREA_STYLE('',(#6523));
#5487=EDGE_CURVE('',#6466,#6465,#6524,.T.);
#5488=EDGE_CURVE('',#6472,#6525,#6526,.T.);
#5489=EDGE_CURVE('',#6525,#6468,#6527,.T.);
#5490=FILL_AREA_STYLE('',(#6528));
#5491=EDGE_CURVE('',#6455,#6454,#6529,.T.);
#5492=EDGE_CURVE('',#6461,#6530,#6531,.T.);
#5493=EDGE_CURVE('',#6530,#6457,#6532,.T.);
#5494=FILL_AREA_STYLE('',(#6533));
#5495=EDGE_CURVE('',#6444,#6443,#6534,.T.);
#5496=EDGE_CURVE('',#6450,#6535,#6536,.T.);
#5497=EDGE_CURVE('',#6535,#6446,#6537,.T.);
#5498=FILL_AREA_STYLE('',(#6538));
#5499=EDGE_CURVE('',#6539,#6540,#6541,.T.);
#5500=EDGE_CURVE('',#6539,#6542,#6543,.T.);
#5501=EDGE_CURVE('',#6544,#6542,#6545,.T.);
#5502=EDGE_CURVE('',#6540,#6544,#6546,.T.);
#5503=FILL_AREA_STYLE('',(#6547));
#5504=EDGE_CURVE('',#6548,#6549,#6550,.T.);
#5505=EDGE_CURVE('',#6548,#6551,#6552,.T.);
#5506=EDGE_CURVE('',#6551,#6553,#6554,.T.);
#5507=EDGE_CURVE('',#6555,#6553,#6556,.T.);
#5508=EDGE_CURVE('',#6549,#6555,#6557,.T.);
#5509=FILL_AREA_STYLE('',(#6558));
#5510=EDGE_CURVE('',#6559,#6560,#6561,.T.);
#5511=EDGE_CURVE('',#6559,#6562,#6563,.T.);
#5512=EDGE_CURVE('',#6562,#6564,#6565,.T.);
#5513=EDGE_CURVE('',#6551,#6564,#6566,.T.);
#5514=EDGE_CURVE('',#6560,#6548,#6567,.T.);
#5515=FILL_AREA_STYLE('',(#6568));
#5516=EDGE_CURVE('',#6540,#6569,#6570,.T.);
#5517=EDGE_CURVE('',#6571,#6544,#6572,.T.);
#5518=EDGE_CURVE('',#6569,#6571,#6573,.T.);
#5519=FILL_AREA_STYLE('',(#6574));
#5520=EDGE_CURVE('',#6575,#6576,#6577,.T.);
#5521=EDGE_CURVE('',#6578,#6575,#6579,.T.);
#5522=EDGE_CURVE('',#6580,#6578,#6581,.T.);
#5523=EDGE_CURVE('',#6576,#6580,#6582,.T.);
#5524=FILL_AREA_STYLE('',(#6583));
#5525=EDGE_CURVE('',#6584,#6585,#6586,.T.);
#5526=EDGE_CURVE('',#6584,#6587,#6588,.T.);
#5527=EDGE_CURVE('',#6589,#6587,#6590,.T.);
#5528=EDGE_CURVE('',#6585,#6589,#6591,.T.);
#5529=FILL_AREA_STYLE('',(#6592));
#5530=EDGE_CURVE('',#6593,#6594,#6595,.T.);
#5531=EDGE_CURVE('',#6593,#6596,#6597,.T.);
#5532=EDGE_CURVE('',#6596,#6598,#6599,.T.);
#5533=EDGE_CURVE('',#6600,#6598,#6601,.T.);
#5534=EDGE_CURVE('',#6594,#6600,#6602,.T.);
#5535=FILL_AREA_STYLE('',(#6603));
#5536=EDGE_CURVE('',#6604,#6605,#6606,.T.);
#5537=EDGE_CURVE('',#6604,#6607,#6608,.T.);
#5538=EDGE_CURVE('',#6607,#6609,#6610,.T.);
#5539=EDGE_CURVE('',#6596,#6609,#6611,.T.);
#5540=EDGE_CURVE('',#6605,#6593,#6612,.T.);
#5541=FILL_AREA_STYLE('',(#6613));
#5542=EDGE_CURVE('',#6585,#6614,#6615,.T.);
#5543=EDGE_CURVE('',#6616,#6589,#6617,.T.);
#5544=EDGE_CURVE('',#6614,#6616,#6618,.T.);
#5545=FILL_AREA_STYLE('',(#6619));
#5546=EDGE_CURVE('',#6620,#6621,#6622,.T.);
#5547=EDGE_CURVE('',#6623,#6620,#6624,.T.);
#5548=EDGE_CURVE('',#6625,#6623,#6626,.T.);
#5549=EDGE_CURVE('',#6621,#6625,#6627,.T.);
#5550=FILL_AREA_STYLE('',(#6628));
#5551=EDGE_CURVE('',#6629,#6630,#6631,.T.);
#5552=EDGE_CURVE('',#6629,#6632,#6633,.T.);
#5553=EDGE_CURVE('',#6634,#6632,#6635,.T.);
#5554=EDGE_CURVE('',#6630,#6634,#6636,.T.);
#5555=FILL_AREA_STYLE('',(#6637));
#5556=EDGE_CURVE('',#6638,#6639,#6640,.T.);
#5557=EDGE_CURVE('',#6638,#6641,#6642,.T.);
#5558=EDGE_CURVE('',#6641,#6643,#6644,.T.);
#5559=EDGE_CURVE('',#6645,#6643,#6646,.T.);
#5560=EDGE_CURVE('',#6639,#6645,#6647,.T.);
#5561=FILL_AREA_STYLE('',(#6648));
#5562=EDGE_CURVE('',#6649,#6650,#6651,.T.);
#5563=EDGE_CURVE('',#6649,#6652,#6653,.T.);
#5564=EDGE_CURVE('',#6652,#6654,#6655,.T.);
#5565=EDGE_CURVE('',#6641,#6654,#6656,.T.);
#5566=EDGE_CURVE('',#6650,#6638,#6657,.T.);
#5567=FILL_AREA_STYLE('',(#6658));
#5568=EDGE_CURVE('',#6630,#6659,#6660,.T.);
#5569=EDGE_CURVE('',#6661,#6634,#6662,.T.);
#5570=EDGE_CURVE('',#6659,#6661,#6663,.T.);
#5571=FILL_AREA_STYLE('',(#6664));
#5572=EDGE_CURVE('',#6665,#6666,#6667,.T.);
#5573=EDGE_CURVE('',#6668,#6665,#6669,.T.);
#5574=EDGE_CURVE('',#6670,#6668,#6671,.T.);
#5575=EDGE_CURVE('',#6666,#6670,#6672,.T.);
#5576=FILL_AREA_STYLE('',(#6673));
#5577=EDGE_CURVE('',#6674,#6675,#6676,.T.);
#5578=EDGE_CURVE('',#6674,#6677,#6678,.T.);
#5579=EDGE_CURVE('',#6679,#6677,#6680,.T.);
#5580=EDGE_CURVE('',#6675,#6679,#6681,.T.);
#5581=FILL_AREA_STYLE('',(#6682));
#5582=EDGE_CURVE('',#6683,#6684,#6685,.T.);
#5583=EDGE_CURVE('',#6683,#6686,#6687,.T.);
#5584=EDGE_CURVE('',#6686,#6688,#6689,.T.);
#5585=EDGE_CURVE('',#6690,#6688,#6691,.T.);
#5586=EDGE_CURVE('',#6684,#6690,#6692,.T.);
#5587=FILL_AREA_STYLE('',(#6693));
#5588=EDGE_CURVE('',#6694,#6695,#6696,.T.);
#5589=EDGE_CURVE('',#6694,#6697,#6698,.T.);
#5590=EDGE_CURVE('',#6697,#6699,#6700,.T.);
#5591=EDGE_CURVE('',#6686,#6699,#6701,.T.);
#5592=EDGE_CURVE('',#6695,#6683,#6702,.T.);
#5593=FILL_AREA_STYLE('',(#6703));
#5594=EDGE_CURVE('',#6675,#6704,#6705,.T.);
#5595=EDGE_CURVE('',#6706,#6679,#6707,.T.);
#5596=EDGE_CURVE('',#6704,#6706,#6708,.T.);
#5597=FILL_AREA_STYLE('',(#6709));
#5598=EDGE_CURVE('',#6710,#6711,#6712,.T.);
#5599=EDGE_CURVE('',#6713,#6710,#6714,.T.);
#5600=EDGE_CURVE('',#6715,#6713,#6716,.T.);
#5601=EDGE_CURVE('',#6711,#6715,#6717,.T.);
#5602=FILL_AREA_STYLE('',(#6718));
#5603=EDGE_CURVE('',#6719,#6720,#6721,.T.);
#5604=EDGE_CURVE('',#6719,#6722,#6723,.T.);
#5605=EDGE_CURVE('',#6724,#6722,#6725,.T.);
#5606=EDGE_CURVE('',#6720,#6724,#6726,.T.);
#5607=FILL_AREA_STYLE('',(#6727));
#5608=EDGE_CURVE('',#6728,#6729,#6730,.T.);
#5609=EDGE_CURVE('',#6728,#6731,#6732,.T.);
#5610=EDGE_CURVE('',#6731,#6733,#6734,.T.);
#5611=EDGE_CURVE('',#6735,#6733,#6736,.T.);
#5612=EDGE_CURVE('',#6729,#6735,#6737,.T.);
#5613=FILL_AREA_STYLE('',(#6738));
#5614=EDGE_CURVE('',#6739,#6740,#6741,.T.);
#5615=EDGE_CURVE('',#6739,#6742,#6743,.T.);
#5616=EDGE_CURVE('',#6742,#6744,#6745,.T.);
#5617=EDGE_CURVE('',#6731,#6744,#6746,.T.);
#5618=EDGE_CURVE('',#6740,#6728,#6747,.T.);
#5619=FILL_AREA_STYLE('',(#6748));
#5620=EDGE_CURVE('',#6720,#6749,#6750,.T.);
#5621=EDGE_CURVE('',#6751,#6724,#6752,.T.);
#5622=EDGE_CURVE('',#6749,#6751,#6753,.T.);
#5623=FILL_AREA_STYLE('',(#6754));
#5624=EDGE_CURVE('',#6755,#6756,#6757,.T.);
#5625=EDGE_CURVE('',#6758,#6755,#6759,.T.);
#5626=EDGE_CURVE('',#6760,#6758,#6761,.T.);
#5627=EDGE_CURVE('',#6756,#6760,#6762,.T.);
#5628=FILL_AREA_STYLE('',(#6763));
#5629=EDGE_CURVE('',#6764,#6765,#6766,.T.);
#5630=EDGE_CURVE('',#6764,#6767,#6768,.T.);
#5631=EDGE_CURVE('',#6769,#6767,#6770,.T.);
#5632=EDGE_CURVE('',#6765,#6769,#6771,.T.);
#5633=FILL_AREA_STYLE('',(#6772));
#5634=EDGE_CURVE('',#6773,#6774,#6775,.T.);
#5635=EDGE_CURVE('',#6773,#6776,#6777,.T.);
#5636=EDGE_CURVE('',#6776,#6778,#6779,.T.);
#5637=EDGE_CURVE('',#6780,#6778,#6781,.T.);
#5638=EDGE_CURVE('',#6774,#6780,#6782,.T.);
#5639=FILL_AREA_STYLE('',(#6783));
#5640=EDGE_CURVE('',#6784,#6785,#6786,.T.);
#5641=EDGE_CURVE('',#6784,#6787,#6788,.T.);
#5642=EDGE_CURVE('',#6787,#6789,#6790,.T.);
#5643=EDGE_CURVE('',#6776,#6789,#6791,.T.);
#5644=EDGE_CURVE('',#6785,#6773,#6792,.T.);
#5645=FILL_AREA_STYLE('',(#6793));
#5646=EDGE_CURVE('',#6765,#6794,#6795,.T.);
#5647=EDGE_CURVE('',#6796,#6769,#6797,.T.);
#5648=EDGE_CURVE('',#6794,#6796,#6798,.T.);
#5649=FILL_AREA_STYLE('',(#6799));
#5650=EDGE_CURVE('',#6800,#6801,#6802,.T.);
#5651=EDGE_CURVE('',#6803,#6800,#6804,.T.);
#5652=EDGE_CURVE('',#6805,#6803,#6806,.T.);
#5653=EDGE_CURVE('',#6801,#6805,#6807,.T.);
#5654=FILL_AREA_STYLE('',(#6808));
#5655=EDGE_CURVE('',#6809,#6443,#6810,.T.);
#5656=EDGE_CURVE('',#6811,#6809,#6812,.T.);
#5657=EDGE_CURVE('',#6813,#6811,#6814,.T.);
#5658=EDGE_CURVE('',#6444,#6813,#6815,.T.);
#5659=FILL_AREA_STYLE('',(#6816));
#5660=EDGE_CURVE('',#6811,#6817,#6818,.T.);
#5661=EDGE_CURVE('',#6809,#6819,#6820,.T.);
#5662=EDGE_CURVE('',#6821,#6819,#6822,.T.);
#5663=EDGE_CURVE('',#6817,#6821,#6823,.T.);
#5664=FILL_AREA_STYLE('',(#6824));
#5665=EDGE_CURVE('',#6825,#6817,#6826,.T.);
#5666=EDGE_CURVE('',#6827,#6825,#6828,.T.);
#5667=EDGE_CURVE('',#6821,#6827,#6829,.T.);
#5668=EDGE_CURVE('',#6821,#6817,#6830,.T.);
#5669=FILL_AREA_STYLE('',(#6831));
#5670=EDGE_CURVE('',#6825,#6832,#6833,.T.);
#5671=EDGE_CURVE('',#6825,#6827,#6834,.T.);
#5672=EDGE_CURVE('',#6835,#6827,#6836,.T.);
#5673=EDGE_CURVE('',#6832,#6835,#6837,.T.);
#5674=FILL_AREA_STYLE('',(#6838));
#5675=EDGE_CURVE('',#6839,#6835,#6840,.T.);
#5676=EDGE_CURVE('',#6832,#6839,#6841,.T.);
#5677=FILL_AREA_STYLE('',(#6842));
#5678=EDGE_CURVE('',#6843,#6844,#6845,.T.);
#5679=EDGE_CURVE('',#6846,#6843,#6847,.T.);
#5680=EDGE_CURVE('',#6848,#6846,#6849,.T.);
#5681=EDGE_CURVE('',#6844,#6848,#6850,.T.);
#5682=FILL_AREA_STYLE('',(#6851));
#5683=EDGE_CURVE('',#6844,#6852,#6853,.T.);
#5684=EDGE_CURVE('',#6854,#6848,#6855,.T.);
#5685=EDGE_CURVE('',#6852,#6854,#6856,.T.);
#5686=FILL_AREA_STYLE('',(#6857));
#5687=EDGE_CURVE('',#6852,#6858,#6859,.T.);
#5688=EDGE_CURVE('',#6860,#6854,#6861,.T.);
#5689=EDGE_CURVE('',#6858,#6860,#6862,.T.);
#5690=FILL_AREA_STYLE('',(#6863));
#5691=EDGE_CURVE('',#6864,#6865,#6866,.T.);
#5692=EDGE_CURVE('',#6864,#6867,#6868,.T.);
#5693=EDGE_CURVE('',#6869,#6867,#6870,.T.);
#5694=EDGE_CURVE('',#6865,#6869,#6871,.T.);
#5695=FILL_AREA_STYLE('',(#6872));
#5696=EDGE_CURVE('',#6865,#6873,#6874,.T.);
#5697=EDGE_CURVE('',#6875,#6869,#6876,.T.);
#5698=EDGE_CURVE('',#6873,#6875,#6877,.T.);
#5699=FILL_AREA_STYLE('',(#6878));
#5700=EDGE_CURVE('',#6873,#6535,#6879,.T.);
#5701=EDGE_CURVE('',#6448,#6875,#6880,.T.);
#5702=FILL_AREA_STYLE('',(#6881));
#5703=EDGE_CURVE('',#6882,#6454,#6883,.T.);
#5704=EDGE_CURVE('',#6884,#6882,#6885,.T.);
#5705=EDGE_CURVE('',#6886,#6884,#6887,.T.);
#5706=EDGE_CURVE('',#6455,#6886,#6888,.T.);
#5707=FILL_AREA_STYLE('',(#6889));
#5708=EDGE_CURVE('',#6884,#6890,#6891,.T.);
#5709=EDGE_CURVE('',#6882,#6892,#6893,.T.);
#5710=EDGE_CURVE('',#6894,#6892,#6895,.T.);
#5711=EDGE_CURVE('',#6890,#6894,#6896,.T.);
#5712=FILL_AREA_STYLE('',(#6897));
#5713=EDGE_CURVE('',#6898,#6890,#6899,.T.);
#5714=EDGE_CURVE('',#6900,#6898,#6901,.T.);
#5715=EDGE_CURVE('',#6894,#6900,#6902,.T.);
#5716=EDGE_CURVE('',#6894,#6890,#6903,.T.);
#5717=FILL_AREA_STYLE('',(#6904));
#5718=EDGE_CURVE('',#6898,#6905,#6906,.T.);
#5719=EDGE_CURVE('',#6898,#6900,#6907,.T.);
#5720=EDGE_CURVE('',#6908,#6900,#6909,.T.);
#5721=EDGE_CURVE('',#6905,#6908,#6910,.T.);
#5722=FILL_AREA_STYLE('',(#6911));
#5723=EDGE_CURVE('',#6912,#6908,#6913,.T.);
#5724=EDGE_CURVE('',#6905,#6912,#6914,.T.);
#5725=FILL_AREA_STYLE('',(#6915));
#5726=EDGE_CURVE('',#6916,#6917,#6918,.T.);
#5727=EDGE_CURVE('',#6919,#6916,#6920,.T.);
#5728=EDGE_CURVE('',#6921,#6919,#6922,.T.);
#5729=EDGE_CURVE('',#6917,#6921,#6923,.T.);
#5730=FILL_AREA_STYLE('',(#6924));
#5731=EDGE_CURVE('',#6917,#6925,#6926,.T.);
#5732=EDGE_CURVE('',#6927,#6921,#6928,.T.);
#5733=EDGE_CURVE('',#6925,#6927,#6929,.T.);
#5734=FILL_AREA_STYLE('',(#6930));
#5735=EDGE_CURVE('',#6925,#6931,#6932,.T.);
#5736=EDGE_CURVE('',#6933,#6927,#6934,.T.);
#5737=EDGE_CURVE('',#6931,#6933,#6935,.T.);
#5738=FILL_AREA_STYLE('',(#6936));
#5739=EDGE_CURVE('',#6937,#6938,#6939,.T.);
#5740=EDGE_CURVE('',#6937,#6940,#6941,.T.);
#5741=EDGE_CURVE('',#6942,#6940,#6943,.T.);
#5742=EDGE_CURVE('',#6938,#6942,#6944,.T.);
#5743=FILL_AREA_STYLE('',(#6945));
#5744=EDGE_CURVE('',#6938,#6946,#6947,.T.);
#5745=EDGE_CURVE('',#6948,#6942,#6949,.T.);
#5746=EDGE_CURVE('',#6946,#6948,#6950,.T.);
#5747=FILL_AREA_STYLE('',(#6951));
#5748=EDGE_CURVE('',#6946,#6530,#6952,.T.);
#5749=EDGE_CURVE('',#6459,#6948,#6953,.T.);
#5750=FILL_AREA_STYLE('',(#6954));
#5751=EDGE_CURVE('',#6955,#6465,#6956,.T.);
#5752=EDGE_CURVE('',#6957,#6955,#6958,.T.);
#5753=EDGE_CURVE('',#6959,#6957,#6960,.T.);
#5754=EDGE_CURVE('',#6466,#6959,#6961,.T.);
#5755=FILL_AREA_STYLE('',(#6962));
#5756=EDGE_CURVE('',#6957,#6963,#6964,.T.);
#5757=EDGE_CURVE('',#6955,#6965,#6966,.T.);
#5758=EDGE_CURVE('',#6967,#6965,#6968,.T.);
#5759=EDGE_CURVE('',#6963,#6967,#6969,.T.);
#5760=FILL_AREA_STYLE('',(#6970));
#5761=EDGE_CURVE('',#6971,#6963,#6972,.T.);
#5762=EDGE_CURVE('',#6973,#6971,#6974,.T.);
#5763=EDGE_CURVE('',#6967,#6973,#6975,.T.);
#5764=EDGE_CURVE('',#6967,#6963,#6976,.T.);
#5765=FILL_AREA_STYLE('',(#6977));
#5766=EDGE_CURVE('',#6971,#6978,#6979,.T.);
#5767=EDGE_CURVE('',#6971,#6973,#6980,.T.);
#5768=EDGE_CURVE('',#6981,#6973,#6982,.T.);
#5769=EDGE_CURVE('',#6978,#6981,#6983,.T.);
#5770=FILL_AREA_STYLE('',(#6984));
#5771=EDGE_CURVE('',#6985,#6981,#6986,.T.);
#5772=EDGE_CURVE('',#6978,#6985,#6987,.T.);
#5773=FILL_AREA_STYLE('',(#6988));
#5774=EDGE_CURVE('',#6989,#6990,#6991,.T.);
#5775=EDGE_CURVE('',#6992,#6989,#6993,.T.);
#5776=EDGE_CURVE('',#6994,#6992,#6995,.T.);
#5777=EDGE_CURVE('',#6990,#6994,#6996,.T.);
#5778=FILL_AREA_STYLE('',(#6997));
#5779=EDGE_CURVE('',#6990,#6998,#6999,.T.);
#5780=EDGE_CURVE('',#7000,#6994,#7001,.T.);
#5781=EDGE_CURVE('',#6998,#7000,#7002,.T.);
#5782=FILL_AREA_STYLE('',(#7003));
#5783=EDGE_CURVE('',#6998,#7004,#7005,.T.);
#5784=EDGE_CURVE('',#7006,#7000,#7007,.T.);
#5785=EDGE_CURVE('',#7004,#7006,#7008,.T.);
#5786=FILL_AREA_STYLE('',(#7009));
#5787=EDGE_CURVE('',#7010,#7011,#7012,.T.);
#5788=EDGE_CURVE('',#7010,#7013,#7014,.T.);
#5789=EDGE_CURVE('',#7015,#7013,#7016,.T.);
#5790=EDGE_CURVE('',#7011,#7015,#7017,.T.);
#5791=FILL_AREA_STYLE('',(#7018));
#5792=EDGE_CURVE('',#7011,#7019,#7020,.T.);
#5793=EDGE_CURVE('',#7021,#7015,#7022,.T.);
#5794=EDGE_CURVE('',#7019,#7021,#7023,.T.);
#5795=FILL_AREA_STYLE('',(#7024));
#5796=EDGE_CURVE('',#7019,#6525,#7025,.T.);
#5797=EDGE_CURVE('',#6470,#7021,#7026,.T.);
#5798=FILL_AREA_STYLE('',(#7027));
#5799=EDGE_CURVE('',#7028,#6476,#7029,.T.);
#5800=EDGE_CURVE('',#7030,#7028,#7031,.T.);
#5801=EDGE_CURVE('',#7032,#7030,#7033,.T.);
#5802=EDGE_CURVE('',#6477,#7032,#7034,.T.);
#5803=FILL_AREA_STYLE('',(#7035));
#5804=EDGE_CURVE('',#7030,#7036,#7037,.T.);
#5805=EDGE_CURVE('',#7028,#7038,#7039,.T.);
#5806=EDGE_CURVE('',#7040,#7038,#7041,.T.);
#5807=EDGE_CURVE('',#7036,#7040,#7042,.T.);
#5808=FILL_AREA_STYLE('',(#7043));
#5809=EDGE_CURVE('',#7044,#7036,#7045,.T.);
#5810=EDGE_CURVE('',#7046,#7044,#7047,.T.);
#5811=EDGE_CURVE('',#7040,#7046,#7048,.T.);
#5812=EDGE_CURVE('',#7040,#7036,#7049,.T.);
#5813=FILL_AREA_STYLE('',(#7050));
#5814=EDGE_CURVE('',#7044,#7051,#7052,.T.);
#5815=EDGE_CURVE('',#7044,#7046,#7053,.T.);
#5816=EDGE_CURVE('',#7054,#7046,#7055,.T.);
#5817=EDGE_CURVE('',#7051,#7054,#7056,.T.);
#5818=FILL_AREA_STYLE('',(#7057));
#5819=EDGE_CURVE('',#7058,#7054,#7059,.T.);
#5820=EDGE_CURVE('',#7051,#7058,#7060,.T.);
#5821=FILL_AREA_STYLE('',(#7061));
#5822=EDGE_CURVE('',#7062,#7063,#7064,.T.);
#5823=EDGE_CURVE('',#7065,#7062,#7066,.T.);
#5824=EDGE_CURVE('',#7067,#7065,#7068,.T.);
#5825=EDGE_CURVE('',#7063,#7067,#7069,.T.);
#5826=FILL_AREA_STYLE('',(#7070));
#5827=EDGE_CURVE('',#7063,#7071,#7072,.T.);
#5828=EDGE_CURVE('',#7073,#7067,#7074,.T.);
#5829=EDGE_CURVE('',#7071,#7073,#7075,.T.);
#5830=FILL_AREA_STYLE('',(#7076));
#5831=EDGE_CURVE('',#7071,#7077,#7078,.T.);
#5832=EDGE_CURVE('',#7079,#7073,#7080,.T.);
#5833=EDGE_CURVE('',#7077,#7079,#7081,.T.);
#5834=FILL_AREA_STYLE('',(#7082));
#5835=EDGE_CURVE('',#7083,#7084,#7085,.T.);
#5836=EDGE_CURVE('',#7083,#7086,#7087,.T.);
#5837=EDGE_CURVE('',#7088,#7086,#7089,.T.);
#5838=EDGE_CURVE('',#7084,#7088,#7090,.T.);
#5839=FILL_AREA_STYLE('',(#7091));
#5840=EDGE_CURVE('',#7084,#7092,#7093,.T.);
#5841=EDGE_CURVE('',#7094,#7088,#7095,.T.);
#5842=EDGE_CURVE('',#7092,#7094,#7096,.T.);
#5843=FILL_AREA_STYLE('',(#7097));
#5844=EDGE_CURVE('',#7092,#6520,#7098,.T.);
#5845=EDGE_CURVE('',#6481,#7094,#7099,.T.);
#5846=FILL_AREA_STYLE('',(#7100));
#5847=EDGE_CURVE('',#7101,#6487,#7102,.T.);
#5848=EDGE_CURVE('',#7103,#7101,#7104,.T.);
#5849=EDGE_CURVE('',#7105,#7103,#7106,.T.);
#5850=EDGE_CURVE('',#6488,#7105,#7107,.T.);
#5851=FILL_AREA_STYLE('',(#7108));
#5852=EDGE_CURVE('',#7103,#7109,#7110,.T.);
#5853=EDGE_CURVE('',#7101,#7111,#7112,.T.);
#5854=EDGE_CURVE('',#7113,#7111,#7114,.T.);
#5855=EDGE_CURVE('',#7109,#7113,#7115,.T.);
#5856=FILL_AREA_STYLE('',(#7116));
#5857=EDGE_CURVE('',#7117,#7109,#7118,.T.);
#5858=EDGE_CURVE('',#7119,#7117,#7120,.T.);
#5859=EDGE_CURVE('',#7113,#7119,#7121,.T.);
#5860=EDGE_CURVE('',#7113,#7109,#7122,.T.);
#5861=FILL_AREA_STYLE('',(#7123));
#5862=EDGE_CURVE('',#7117,#7124,#7125,.T.);
#5863=EDGE_CURVE('',#7117,#7119,#7126,.T.);
#5864=EDGE_CURVE('',#7127,#7119,#7128,.T.);
#5865=EDGE_CURVE('',#7124,#7127,#7129,.T.);
#5866=FILL_AREA_STYLE('',(#7130));
#5867=EDGE_CURVE('',#7131,#7127,#7132,.T.);
#5868=EDGE_CURVE('',#7124,#7131,#7133,.T.);
#5869=FILL_AREA_STYLE('',(#7134));
#5870=EDGE_CURVE('',#7135,#7136,#7137,.T.);
#5871=EDGE_CURVE('',#7138,#7135,#7139,.T.);
#5872=EDGE_CURVE('',#7140,#7138,#7141,.T.);
#5873=EDGE_CURVE('',#7136,#7140,#7142,.T.);
#5874=FILL_AREA_STYLE('',(#7143));
#5875=EDGE_CURVE('',#7136,#7144,#7145,.T.);
#5876=EDGE_CURVE('',#7146,#7140,#7147,.T.);
#5877=EDGE_CURVE('',#7144,#7146,#7148,.T.);
#5878=FILL_AREA_STYLE('',(#7149));
#5879=EDGE_CURVE('',#7144,#7150,#7151,.T.);
#5880=EDGE_CURVE('',#7152,#7146,#7153,.T.);
#5881=EDGE_CURVE('',#7150,#7152,#7154,.T.);
#5882=FILL_AREA_STYLE('',(#7155));
#5883=EDGE_CURVE('',#7156,#7157,#7158,.T.);
#5884=EDGE_CURVE('',#7156,#7159,#7160,.T.);
#5885=EDGE_CURVE('',#7161,#7159,#7162,.T.);
#5886=EDGE_CURVE('',#7157,#7161,#7163,.T.);
#5887=FILL_AREA_STYLE('',(#7164));
#5888=EDGE_CURVE('',#7157,#7165,#7166,.T.);
#5889=EDGE_CURVE('',#7167,#7161,#7168,.T.);
#5890=EDGE_CURVE('',#7165,#7167,#7169,.T.);
#5891=FILL_AREA_STYLE('',(#7170));
#5892=EDGE_CURVE('',#7165,#6515,#7171,.T.);
#5893=EDGE_CURVE('',#6492,#7167,#7172,.T.);
#5894=FILL_AREA_STYLE('',(#7173));
#5895=EDGE_CURVE('',#7174,#6498,#7175,.T.);
#5896=EDGE_CURVE('',#7176,#7174,#7177,.T.);
#5897=EDGE_CURVE('',#7178,#7176,#7179,.T.);
#5898=EDGE_CURVE('',#6499,#7178,#7180,.T.);
#5899=FILL_AREA_STYLE('',(#7181));
#5900=EDGE_CURVE('',#7176,#7182,#7183,.T.);
#5901=EDGE_CURVE('',#7174,#7184,#7185,.T.);
#5902=EDGE_CURVE('',#7186,#7184,#7187,.T.);
#5903=EDGE_CURVE('',#7182,#7186,#7188,.T.);
#5904=FILL_AREA_STYLE('',(#7189));
#5905=EDGE_CURVE('',#7190,#7182,#7191,.T.);
#5906=EDGE_CURVE('',#7192,#7190,#7193,.T.);
#5907=EDGE_CURVE('',#7186,#7192,#7194,.T.);
#5908=EDGE_CURVE('',#7186,#7182,#7195,.T.);
#5909=FILL_AREA_STYLE('',(#7196));
#5910=EDGE_CURVE('',#7190,#7197,#7198,.T.);
#5911=EDGE_CURVE('',#7190,#7192,#7199,.T.);
#5912=EDGE_CURVE('',#7200,#7192,#7201,.T.);
#5913=EDGE_CURVE('',#7197,#7200,#7202,.T.);
#5914=FILL_AREA_STYLE('',(#7203));
#5915=EDGE_CURVE('',#7204,#7200,#7205,.T.);
#5916=EDGE_CURVE('',#7197,#7204,#7206,.T.);
#5917=FILL_AREA_STYLE('',(#7207));
#5918=EDGE_CURVE('',#7208,#7209,#7210,.T.);
#5919=EDGE_CURVE('',#7211,#7208,#7212,.T.);
#5920=EDGE_CURVE('',#7213,#7211,#7214,.T.);
#5921=EDGE_CURVE('',#7209,#7213,#7215,.T.);
#5922=FILL_AREA_STYLE('',(#7216));
#5923=EDGE_CURVE('',#7209,#7217,#7218,.T.);
#5924=EDGE_CURVE('',#7219,#7213,#7220,.T.);
#5925=EDGE_CURVE('',#7217,#7219,#7221,.T.);
#5926=FILL_AREA_STYLE('',(#7222));
#5927=EDGE_CURVE('',#7217,#7223,#7224,.T.);
#5928=EDGE_CURVE('',#7225,#7219,#7226,.T.);
#5929=EDGE_CURVE('',#7223,#7225,#7227,.T.);
#5930=FILL_AREA_STYLE('',(#7228));
#5931=EDGE_CURVE('',#7229,#7230,#7231,.T.);
#5932=EDGE_CURVE('',#7229,#7232,#7233,.T.);
#5933=EDGE_CURVE('',#7234,#7232,#7235,.T.);
#5934=EDGE_CURVE('',#7230,#7234,#7236,.T.);
#5935=FILL_AREA_STYLE('',(#7237));
#5936=EDGE_CURVE('',#7230,#7238,#7239,.T.);
#5937=EDGE_CURVE('',#7240,#7234,#7241,.T.);
#5938=EDGE_CURVE('',#7238,#7240,#7242,.T.);
#5939=FILL_AREA_STYLE('',(#7243));
#5940=EDGE_CURVE('',#7238,#6510,#7244,.T.);
#5941=EDGE_CURVE('',#6503,#7240,#7245,.T.);
#5942=FILL_AREA_STYLE('',(#7246));
#5943=EDGE_CURVE('',#7240,#7238,#7247,.T.);
#5944=FILL_AREA_STYLE('',(#7248));
#5945=EDGE_CURVE('',#7234,#7230,#7249,.T.);
#5946=FILL_AREA_STYLE('',(#7250));
#5947=EDGE_CURVE('',#7232,#7229,#7251,.T.);
#5948=FILL_AREA_STYLE('',(#7252));
#5949=EDGE_CURVE('',#7225,#7223,#7253,.T.);
#5950=FILL_AREA_STYLE('',(#7254));
#5951=EDGE_CURVE('',#7219,#7217,#7255,.T.);
#5952=FILL_AREA_STYLE('',(#7256));
#5953=EDGE_CURVE('',#7213,#7209,#7257,.T.);
#5954=FILL_AREA_STYLE('',(#7258));
#5955=EDGE_CURVE('',#7208,#7211,#7259,.T.);
#5956=FILL_AREA_STYLE('',(#7260));
#5957=EDGE_CURVE('',#7200,#7197,#7261,.T.);
#5958=FILL_AREA_STYLE('',(#7262));
#5959=FILL_AREA_STYLE('',(#7263));
#5960=FILL_AREA_STYLE('',(#7264));
#5961=EDGE_CURVE('',#7184,#7178,#7265,.T.);
#5962=FILL_AREA_STYLE('',(#7266));
#5963=FILL_AREA_STYLE('',(#7267));
#5964=EDGE_CURVE('',#7167,#7165,#7268,.T.);
#5965=FILL_AREA_STYLE('',(#7269));
#5966=EDGE_CURVE('',#7161,#7157,#7270,.T.);
#5967=FILL_AREA_STYLE('',(#7271));
#5968=EDGE_CURVE('',#7159,#7156,#7272,.T.);
#5969=FILL_AREA_STYLE('',(#7273));
#5970=EDGE_CURVE('',#7152,#7150,#7274,.T.);
#5971=FILL_AREA_STYLE('',(#7275));
#5972=EDGE_CURVE('',#7146,#7144,#7276,.T.);
#5973=FILL_AREA_STYLE('',(#7277));
#5974=EDGE_CURVE('',#7140,#7136,#7278,.T.);
#5975=FILL_AREA_STYLE('',(#7279));
#5976=EDGE_CURVE('',#7135,#7138,#7280,.T.);
#5977=FILL_AREA_STYLE('',(#7281));
#5978=EDGE_CURVE('',#7127,#7124,#7282,.T.);
#5979=FILL_AREA_STYLE('',(#7283));
#5980=FILL_AREA_STYLE('',(#7284));
#5981=FILL_AREA_STYLE('',(#7285));
#5982=EDGE_CURVE('',#7111,#7105,#7286,.T.);
#5983=FILL_AREA_STYLE('',(#7287));
#5984=FILL_AREA_STYLE('',(#7288));
#5985=EDGE_CURVE('',#7094,#7092,#7289,.T.);
#5986=FILL_AREA_STYLE('',(#7290));
#5987=EDGE_CURVE('',#7088,#7084,#7291,.T.);
#5988=FILL_AREA_STYLE('',(#7292));
#5989=EDGE_CURVE('',#7086,#7083,#7293,.T.);
#5990=FILL_AREA_STYLE('',(#7294));
#5991=EDGE_CURVE('',#7079,#7077,#7295,.T.);
#5992=FILL_AREA_STYLE('',(#7296));
#5993=EDGE_CURVE('',#7073,#7071,#7297,.T.);
#5994=FILL_AREA_STYLE('',(#7298));
#5995=EDGE_CURVE('',#7067,#7063,#7299,.T.);
#5996=FILL_AREA_STYLE('',(#7300));
#5997=EDGE_CURVE('',#7062,#7065,#7301,.T.);
#5998=FILL_AREA_STYLE('',(#7302));
#5999=EDGE_CURVE('',#7054,#7051,#7303,.T.);
#6000=FILL_AREA_STYLE('',(#7304));
#6001=FILL_AREA_STYLE('',(#7305));
#6002=FILL_AREA_STYLE('',(#7306));
#6003=EDGE_CURVE('',#7038,#7032,#7307,.T.);
#6004=FILL_AREA_STYLE('',(#7308));
#6005=FILL_AREA_STYLE('',(#7309));
#6006=EDGE_CURVE('',#7021,#7019,#7310,.T.);
#6007=FILL_AREA_STYLE('',(#7311));
#6008=EDGE_CURVE('',#7015,#7011,#7312,.T.);
#6009=FILL_AREA_STYLE('',(#7313));
#6010=EDGE_CURVE('',#7013,#7010,#7314,.T.);
#6011=FILL_AREA_STYLE('',(#7315));
#6012=EDGE_CURVE('',#7006,#7004,#7316,.T.);
#6013=FILL_AREA_STYLE('',(#7317));
#6014=EDGE_CURVE('',#7000,#6998,#7318,.T.);
#6015=FILL_AREA_STYLE('',(#7319));
#6016=EDGE_CURVE('',#6994,#6990,#7320,.T.);
#6017=FILL_AREA_STYLE('',(#7321));
#6018=EDGE_CURVE('',#6989,#6992,#7322,.T.);
#6019=FILL_AREA_STYLE('',(#7323));
#6020=EDGE_CURVE('',#6981,#6978,#7324,.T.);
#6021=FILL_AREA_STYLE('',(#7325));
#6022=FILL_AREA_STYLE('',(#7326));
#6023=FILL_AREA_STYLE('',(#7327));
#6024=EDGE_CURVE('',#6965,#6959,#7328,.T.);
#6025=FILL_AREA_STYLE('',(#7329));
#6026=FILL_AREA_STYLE('',(#7330));
#6027=EDGE_CURVE('',#6948,#6946,#7331,.T.);
#6028=FILL_AREA_STYLE('',(#7332));
#6029=EDGE_CURVE('',#6942,#6938,#7333,.T.);
#6030=FILL_AREA_STYLE('',(#7334));
#6031=EDGE_CURVE('',#6940,#6937,#7335,.T.);
#6032=FILL_AREA_STYLE('',(#7336));
#6033=EDGE_CURVE('',#6933,#6931,#7337,.T.);
#6034=FILL_AREA_STYLE('',(#7338));
#6035=EDGE_CURVE('',#6927,#6925,#7339,.T.);
#6036=FILL_AREA_STYLE('',(#7340));
#6037=EDGE_CURVE('',#6921,#6917,#7341,.T.);
#6038=FILL_AREA_STYLE('',(#7342));
#6039=EDGE_CURVE('',#6916,#6919,#7343,.T.);
#6040=FILL_AREA_STYLE('',(#7344));
#6041=EDGE_CURVE('',#6908,#6905,#7345,.T.);
#6042=FILL_AREA_STYLE('',(#7346));
#6043=FILL_AREA_STYLE('',(#7347));
#6044=FILL_AREA_STYLE('',(#7348));
#6045=EDGE_CURVE('',#6892,#6886,#7349,.T.);
#6046=FILL_AREA_STYLE('',(#7350));
#6047=FILL_AREA_STYLE('',(#7351));
#6048=EDGE_CURVE('',#6875,#6873,#7352,.T.);
#6049=FILL_AREA_STYLE('',(#7353));
#6050=EDGE_CURVE('',#6869,#6865,#7354,.T.);
#6051=FILL_AREA_STYLE('',(#7355));
#6052=EDGE_CURVE('',#6867,#6864,#7356,.T.);
#6053=FILL_AREA_STYLE('',(#7357));
#6054=EDGE_CURVE('',#6860,#6858,#7358,.T.);
#6055=FILL_AREA_STYLE('',(#7359));
#6056=EDGE_CURVE('',#6854,#6852,#7360,.T.);
#6057=FILL_AREA_STYLE('',(#7361));
#6058=EDGE_CURVE('',#6848,#6844,#7362,.T.);
#6059=FILL_AREA_STYLE('',(#7363));
#6060=EDGE_CURVE('',#6843,#6846,#7364,.T.);
#6061=FILL_AREA_STYLE('',(#7365));
#6062=EDGE_CURVE('',#6835,#6832,#7366,.T.);
#6063=FILL_AREA_STYLE('',(#7367));
#6064=FILL_AREA_STYLE('',(#7368));
#6065=FILL_AREA_STYLE('',(#7369));
#6066=EDGE_CURVE('',#6819,#6813,#7370,.T.);
#6067=FILL_AREA_STYLE('',(#7371));
#6068=FILL_AREA_STYLE('',(#7372));
#6069=EDGE_CURVE('',#6805,#6801,#7373,.T.);
#6070=EDGE_CURVE('',#6800,#6803,#7374,.T.);
#6071=FILL_AREA_STYLE('',(#7375));
#6072=EDGE_CURVE('',#6796,#6794,#7376,.T.);
#6073=EDGE_CURVE('',#6769,#6765,#7377,.T.);
#6074=FILL_AREA_STYLE('',(#7378));
#6075=FILL_AREA_STYLE('',(#7379));
#6076=EDGE_CURVE('',#7380,#6784,#7381,.T.);
#6077=EDGE_CURVE('',#6789,#7380,#7382,.T.);
#6078=FILL_AREA_STYLE('',(#7383));
#6079=EDGE_CURVE('',#6778,#6785,#7384,.T.);
#6080=FILL_AREA_STYLE('',(#7385));
#6081=EDGE_CURVE('',#7386,#6774,#7387,.T.);
#6082=EDGE_CURVE('',#6780,#7386,#7388,.T.);
#6083=FILL_AREA_STYLE('',(#7389));
#6084=EDGE_CURVE('',#6767,#6764,#7390,.T.);
#6085=FILL_AREA_STYLE('',(#7391));
#6086=FILL_AREA_STYLE('',(#7392));
#6087=EDGE_CURVE('',#6760,#6756,#7393,.T.);
#6088=EDGE_CURVE('',#6755,#6758,#7394,.T.);
#6089=FILL_AREA_STYLE('',(#7395));
#6090=EDGE_CURVE('',#6751,#6749,#7396,.T.);
#6091=EDGE_CURVE('',#6724,#6720,#7397,.T.);
#6092=FILL_AREA_STYLE('',(#7398));
#6093=FILL_AREA_STYLE('',(#7399));
#6094=EDGE_CURVE('',#7400,#6739,#7401,.T.);
#6095=EDGE_CURVE('',#6744,#7400,#7402,.T.);
#6096=FILL_AREA_STYLE('',(#7403));
#6097=EDGE_CURVE('',#6733,#6740,#7404,.T.);
#6098=FILL_AREA_STYLE('',(#7405));
#6099=EDGE_CURVE('',#7406,#6729,#7407,.T.);
#6100=EDGE_CURVE('',#6735,#7406,#7408,.T.);
#6101=FILL_AREA_STYLE('',(#7409));
#6102=EDGE_CURVE('',#6722,#6719,#7410,.T.);
#6103=FILL_AREA_STYLE('',(#7411));
#6104=FILL_AREA_STYLE('',(#7412));
#6105=EDGE_CURVE('',#6715,#6711,#7413,.T.);
#6106=EDGE_CURVE('',#6710,#6713,#7414,.T.);
#6107=FILL_AREA_STYLE('',(#7415));
#6108=EDGE_CURVE('',#6706,#6704,#7416,.T.);
#6109=EDGE_CURVE('',#6679,#6675,#7417,.T.);
#6110=FILL_AREA_STYLE('',(#7418));
#6111=FILL_AREA_STYLE('',(#7419));
#6112=EDGE_CURVE('',#7420,#6694,#7421,.T.);
#6113=EDGE_CURVE('',#6699,#7420,#7422,.T.);
#6114=FILL_AREA_STYLE('',(#7423));
#6115=EDGE_CURVE('',#6688,#6695,#7424,.T.);
#6116=FILL_AREA_STYLE('',(#7425));
#6117=EDGE_CURVE('',#7426,#6684,#7427,.T.);
#6118=EDGE_CURVE('',#6690,#7426,#7428,.T.);
#6119=FILL_AREA_STYLE('',(#7429));
#6120=EDGE_CURVE('',#6677,#6674,#7430,.T.);
#6121=FILL_AREA_STYLE('',(#7431));
#6122=FILL_AREA_STYLE('',(#7432));
#6123=EDGE_CURVE('',#6670,#6666,#7433,.T.);
#6124=EDGE_CURVE('',#6665,#6668,#7434,.T.);
#6125=FILL_AREA_STYLE('',(#7435));
#6126=EDGE_CURVE('',#6661,#6659,#7436,.T.);
#6127=EDGE_CURVE('',#6634,#6630,#7437,.T.);
#6128=FILL_AREA_STYLE('',(#7438));
#6129=FILL_AREA_STYLE('',(#7439));
#6130=EDGE_CURVE('',#7440,#6649,#7441,.T.);
#6131=EDGE_CURVE('',#6654,#7440,#7442,.T.);
#6132=FILL_AREA_STYLE('',(#7443));
#6133=EDGE_CURVE('',#6643,#6650,#7444,.T.);
#6134=FILL_AREA_STYLE('',(#7445));
#6135=EDGE_CURVE('',#7446,#6639,#7447,.T.);
#6136=EDGE_CURVE('',#6645,#7446,#7448,.T.);
#6137=FILL_AREA_STYLE('',(#7449));
#6138=EDGE_CURVE('',#6632,#6629,#7450,.T.);
#6139=FILL_AREA_STYLE('',(#7451));
#6140=FILL_AREA_STYLE('',(#7452));
#6141=EDGE_CURVE('',#6625,#6621,#7453,.T.);
#6142=EDGE_CURVE('',#6620,#6623,#7454,.T.);
#6143=FILL_AREA_STYLE('',(#7455));
#6144=EDGE_CURVE('',#6616,#6614,#7456,.T.);
#6145=EDGE_CURVE('',#6589,#6585,#7457,.T.);
#6146=FILL_AREA_STYLE('',(#7458));
#6147=FILL_AREA_STYLE('',(#7459));
#6148=EDGE_CURVE('',#7460,#6604,#7461,.T.);
#6149=EDGE_CURVE('',#6609,#7460,#7462,.T.);
#6150=FILL_AREA_STYLE('',(#7463));
#6151=EDGE_CURVE('',#6598,#6605,#7464,.T.);
#6152=FILL_AREA_STYLE('',(#7465));
#6153=EDGE_CURVE('',#7466,#6594,#7467,.T.);
#6154=EDGE_CURVE('',#6600,#7466,#7468,.T.);
#6155=FILL_AREA_STYLE('',(#7469));
#6156=EDGE_CURVE('',#6587,#6584,#7470,.T.);
#6157=FILL_AREA_STYLE('',(#7471));
#6158=FILL_AREA_STYLE('',(#7472));
#6159=EDGE_CURVE('',#6580,#6576,#7473,.T.);
#6160=EDGE_CURVE('',#6575,#6578,#7474,.T.);
#6161=FILL_AREA_STYLE('',(#7475));
#6162=EDGE_CURVE('',#6571,#6569,#7476,.T.);
#6163=EDGE_CURVE('',#6544,#6540,#7477,.T.);
#6164=FILL_AREA_STYLE('',(#7478));
#6165=FILL_AREA_STYLE('',(#7479));
#6166=EDGE_CURVE('',#7480,#6559,#7481,.T.);
#6167=EDGE_CURVE('',#6564,#7480,#7482,.T.);
#6168=FILL_AREA_STYLE('',(#7483));
#6169=EDGE_CURVE('',#6553,#6560,#7484,.T.);
#6170=FILL_AREA_STYLE('',(#7485));
#6171=EDGE_CURVE('',#7486,#6549,#7487,.T.);
#6172=EDGE_CURVE('',#6555,#7486,#7488,.T.);
#6173=FILL_AREA_STYLE('',(#7489));
#6174=EDGE_CURVE('',#6542,#6539,#7490,.T.);
#6175=FILL_AREA_STYLE('',(#7491));
#6176=FILL_AREA_STYLE('',(#7492));
#6177=EDGE_CURVE('',#7493,#7494,#7495,.T.);
#6178=EDGE_CURVE('',#7496,#7493,#7497,.T.);
#6179=EDGE_CURVE('',#7496,#7498,#7499,.T.);
#6180=EDGE_CURVE('',#7494,#7498,#7500,.T.);
#6181=FILL_AREA_STYLE('',(#7501));
#6182=EDGE_CURVE('',#7502,#7503,#7504,.T.);
#6183=EDGE_CURVE('',#7505,#7502,#7506,.T.);
#6184=EDGE_CURVE('',#7505,#7507,#7508,.T.);
#6185=EDGE_CURVE('',#7503,#7507,#7509,.T.);
#6186=FILL_AREA_STYLE('',(#7510));
#6187=EDGE_CURVE('',#7511,#7512,#7513,.T.);
#6188=EDGE_CURVE('',#7514,#7511,#7515,.T.);
#6189=EDGE_CURVE('',#7514,#7516,#7517,.T.);
#6190=EDGE_CURVE('',#7512,#7516,#7518,.T.);
#6191=FILL_AREA_STYLE('',(#7519));
#6192=EDGE_CURVE('',#7520,#7521,#7522,.T.);
#6193=EDGE_CURVE('',#7523,#7520,#7524,.T.);
#6194=EDGE_CURVE('',#7523,#7525,#7526,.T.);
#6195=EDGE_CURVE('',#7521,#7525,#7527,.T.);
#6196=FILL_AREA_STYLE('',(#7528));
#6197=EDGE_CURVE('',#7529,#7530,#7531,.T.);
#6198=EDGE_CURVE('',#7532,#7529,#7533,.T.);
#6199=EDGE_CURVE('',#7532,#7534,#7535,.T.);
#6200=EDGE_CURVE('',#7530,#7534,#7536,.T.);
#6201=FILL_AREA_STYLE('',(#7537));
#6202=EDGE_CURVE('',#7538,#7539,#7540,.T.);
#6203=EDGE_CURVE('',#7541,#7539,#7542,.T.);
#6204=EDGE_CURVE('',#7543,#7541,#7544,.T.);
#6205=EDGE_CURVE('',#7538,#7543,#7545,.T.);
#6206=FILL_AREA_STYLE('',(#7546));
#6207=EDGE_CURVE('',#7541,#7547,#7548,.T.);
#6208=EDGE_CURVE('',#7530,#7539,#7549,.T.);
#6209=EDGE_CURVE('',#7521,#7534,#7550,.T.);
#6210=EDGE_CURVE('',#7512,#7525,#7551,.T.);
#6211=EDGE_CURVE('',#7503,#7516,#7552,.T.);
#6212=EDGE_CURVE('',#7494,#7507,#7553,.T.);
#6213=EDGE_CURVE('',#7554,#7498,#7555,.T.);
#6214=EDGE_CURVE('',#7554,#7556,#7557,.T.);
#6215=EDGE_CURVE('',#7558,#7556,#7559,.T.);
#6216=EDGE_CURVE('',#7558,#7560,#7561,.T.);
#6217=EDGE_CURVE('',#7562,#7560,#7563,.T.);
#6218=EDGE_CURVE('',#7562,#7564,#7565,.T.);
#6219=EDGE_CURVE('',#7566,#7564,#7567,.T.);
#6220=EDGE_CURVE('',#7566,#7568,#7569,.T.);
#6221=EDGE_CURVE('',#7570,#7568,#7571,.T.);
#6222=EDGE_CURVE('',#7570,#7572,#7573,.T.);
#6223=EDGE_CURVE('',#7574,#7572,#7575,.T.);
#6224=EDGE_CURVE('',#7574,#7547,#7576,.T.);
#6225=FILL_AREA_STYLE('',(#7577));
#6226=EDGE_CURVE('',#7578,#7572,#7579,.T.);
#6227=EDGE_CURVE('',#7580,#7570,#7581,.T.);
#6228=EDGE_CURVE('',#7578,#7580,#7582,.T.);
#6229=FILL_AREA_STYLE('',(#7583));
#6230=EDGE_CURVE('',#7584,#7568,#7585,.T.);
#6231=EDGE_CURVE('',#7586,#7566,#7587,.T.);
#6232=EDGE_CURVE('',#7584,#7586,#7588,.T.);
#6233=FILL_AREA_STYLE('',(#7589));
#6234=EDGE_CURVE('',#7590,#7564,#7591,.T.);
#6235=EDGE_CURVE('',#7592,#7562,#7593,.T.);
#6236=EDGE_CURVE('',#7590,#7592,#7594,.T.);
#6237=FILL_AREA_STYLE('',(#7595));
#6238=EDGE_CURVE('',#7596,#7560,#7597,.T.);
#6239=EDGE_CURVE('',#7598,#7558,#7599,.T.);
#6240=EDGE_CURVE('',#7596,#7598,#7600,.T.);
#6241=FILL_AREA_STYLE('',(#7601));
#6242=EDGE_CURVE('',#7602,#7554,#7603,.T.);
#6243=EDGE_CURVE('',#7604,#7602,#7605,.T.);
#6244=EDGE_CURVE('',#7604,#7556,#7606,.T.);
#6245=FILL_AREA_STYLE('',(#7607));
#6246=EDGE_CURVE('',#7608,#7547,#7609,.T.);
#6247=EDGE_CURVE('',#7610,#7574,#7611,.T.);
#6248=EDGE_CURVE('',#7608,#7610,#7612,.T.);
#6249=FILL_AREA_STYLE('',(#7613));
#6250=EDGE_CURVE('',#7547,#7614,#7615,.T.);
#6251=EDGE_CURVE('',#7614,#7616,#7617,.T.);
#6252=EDGE_CURVE('',#7541,#7616,#7618,.T.);
#6253=FILL_AREA_STYLE('',(#7619));
#6254=EDGE_CURVE('',#7572,#7620,#7621,.T.);
#6255=EDGE_CURVE('',#7620,#7622,#7623,.T.);
#6256=EDGE_CURVE('',#7574,#7622,#7624,.T.);
#6257=FILL_AREA_STYLE('',(#7625));
#6258=EDGE_CURVE('',#7568,#7626,#7627,.T.);
#6259=EDGE_CURVE('',#7626,#7628,#7629,.T.);
#6260=EDGE_CURVE('',#7570,#7628,#7630,.T.);
#6261=FILL_AREA_STYLE('',(#7631));
#6262=EDGE_CURVE('',#7564,#7632,#7633,.T.);
#6263=EDGE_CURVE('',#7632,#7634,#7635,.T.);
#6264=EDGE_CURVE('',#7566,#7634,#7636,.T.);
#6265=FILL_AREA_STYLE('',(#7637));
#6266=EDGE_CURVE('',#7560,#7638,#7639,.T.);
#6267=EDGE_CURVE('',#7638,#7640,#7641,.T.);
#6268=EDGE_CURVE('',#7562,#7640,#7642,.T.);
#6269=FILL_AREA_STYLE('',(#7643));
#6270=EDGE_CURVE('',#7610,#7644,#7645,.T.);
#6271=EDGE_CURVE('',#7644,#7646,#7647,.T.);
#6272=EDGE_CURVE('',#7646,#7608,#7648,.T.);
#6273=FILL_AREA_STYLE('',(#7649));
#6274=EDGE_CURVE('',#7650,#7580,#7651,.T.);
#6275=EDGE_CURVE('',#7652,#7650,#7653,.T.);
#6276=EDGE_CURVE('',#7578,#7652,#7654,.T.);
#6277=FILL_AREA_STYLE('',(#7655));
#6278=EDGE_CURVE('',#7656,#7586,#7657,.T.);
#6279=EDGE_CURVE('',#7658,#7656,#7659,.T.);
#6280=EDGE_CURVE('',#7584,#7658,#7660,.T.);
#6281=FILL_AREA_STYLE('',(#7661));
#6282=EDGE_CURVE('',#7662,#7592,#7663,.T.);
#6283=EDGE_CURVE('',#7664,#7662,#7665,.T.);
#6284=EDGE_CURVE('',#7590,#7664,#7666,.T.);
#6285=FILL_AREA_STYLE('',(#7667));
#6286=EDGE_CURVE('',#7668,#7598,#7669,.T.);
#6287=EDGE_CURVE('',#7670,#7668,#7671,.T.);
#6288=EDGE_CURVE('',#7596,#7670,#7672,.T.);
#6289=FILL_AREA_STYLE('',(#7673));
#6290=EDGE_CURVE('',#7602,#7674,#7675,.T.);
#6291=EDGE_CURVE('',#7674,#7676,#7677,.T.);
#6292=EDGE_CURVE('',#7676,#7604,#7678,.T.);
#6293=FILL_AREA_STYLE('',(#7679));
#6294=EDGE_CURVE('',#7493,#7680,#7681,.T.);
#6295=EDGE_CURVE('',#7680,#7682,#7683,.T.);
#6296=EDGE_CURVE('',#7682,#7496,#7684,.T.);
#6297=FILL_AREA_STYLE('',(#7685));
#6298=EDGE_CURVE('',#7686,#7502,#7687,.T.);
#6299=EDGE_CURVE('',#7688,#7686,#7689,.T.);
#6300=EDGE_CURVE('',#7505,#7688,#7690,.T.);
#6301=FILL_AREA_STYLE('',(#7691));
#6302=EDGE_CURVE('',#7692,#7511,#7693,.T.);
#6303=EDGE_CURVE('',#7694,#7692,#7695,.T.);
#6304=EDGE_CURVE('',#7514,#7694,#7696,.T.);
#6305=FILL_AREA_STYLE('',(#7697));
#6306=EDGE_CURVE('',#7698,#7520,#7699,.T.);
#6307=EDGE_CURVE('',#7700,#7698,#7701,.T.);
#6308=EDGE_CURVE('',#7523,#7700,#7702,.T.);
#6309=FILL_AREA_STYLE('',(#7703));
#6310=EDGE_CURVE('',#7704,#7529,#7705,.T.);
#6311=EDGE_CURVE('',#7706,#7704,#7707,.T.);
#6312=EDGE_CURVE('',#7532,#7706,#7708,.T.);
#6313=FILL_AREA_STYLE('',(#7709));
#6314=EDGE_CURVE('',#7543,#7710,#7711,.T.);
#6315=EDGE_CURVE('',#7710,#7712,#7713,.T.);
#6316=EDGE_CURVE('',#7712,#7538,#7714,.T.);
#6317=FILL_AREA_STYLE('',(#7715));
#6318=EDGE_CURVE('',#7556,#7716,#7717,.T.);
#6319=EDGE_CURVE('',#7716,#7718,#7719,.T.);
#6320=EDGE_CURVE('',#7558,#7718,#7720,.T.);
#6321=FILL_AREA_STYLE('',(#7721));
#6322=EDGE_CURVE('',#7722,#7723,#7724,.T.);
#6323=EDGE_CURVE('',#7646,#7723,#7725,.T.);
#6324=EDGE_CURVE('',#7644,#7722,#7726,.T.);
#6325=FILL_AREA_STYLE('',(#7727));
#6326=EDGE_CURVE('',#7723,#7614,#7728,.T.);
#6327=FILL_AREA_STYLE('',(#7729));
#6328=EDGE_CURVE('',#7616,#7730,#7731,.T.);
#6329=EDGE_CURVE('',#7710,#7730,#7732,.T.);
#6330=FILL_AREA_STYLE('',(#7733));
#6331=EDGE_CURVE('',#7730,#7734,#7735,.T.);
#6332=EDGE_CURVE('',#7712,#7734,#7736,.T.);
#6333=FILL_AREA_STYLE('',(#7737));
#6334=EDGE_CURVE('',#7734,#7738,#7739,.T.);
#6335=EDGE_CURVE('',#7539,#7738,#7740,.T.);
#6336=FILL_AREA_STYLE('',(#7741));
#6337=EDGE_CURVE('',#7738,#7742,#7743,.T.);
#6338=EDGE_CURVE('',#7530,#7742,#7744,.T.);
#6339=FILL_AREA_STYLE('',(#7745));
#6340=EDGE_CURVE('',#7622,#7722,#7746,.T.);
#6341=FILL_AREA_STYLE('',(#7747));
#6342=EDGE_CURVE('',#7742,#7748,#7749,.T.);
#6343=EDGE_CURVE('',#7750,#7620,#7751,.T.);
#6344=EDGE_CURVE('',#7752,#7750,#7753,.T.);
#6345=EDGE_CURVE('',#7628,#7752,#7754,.T.);
#6346=EDGE_CURVE('',#7755,#7626,#7756,.T.);
#6347=EDGE_CURVE('',#7757,#7755,#7758,.T.);
#6348=EDGE_CURVE('',#7634,#7757,#7759,.T.);
#6349=EDGE_CURVE('',#7760,#7632,#7761,.T.);
#6350=EDGE_CURVE('',#7762,#7760,#7763,.T.);
#6351=EDGE_CURVE('',#7640,#7762,#7764,.T.);
#6352=EDGE_CURVE('',#7765,#7638,#7766,.T.);
#6353=EDGE_CURVE('',#7767,#7765,#7768,.T.);
#6354=EDGE_CURVE('',#7718,#7767,#7769,.T.);
#6355=EDGE_CURVE('',#7770,#7716,#7771,.T.);
#6356=EDGE_CURVE('',#7772,#7770,#7773,.T.);
#6357=EDGE_CURVE('',#7774,#7772,#7775,.T.);
#6358=EDGE_CURVE('',#7776,#7774,#7777,.T.);
#6359=EDGE_CURVE('',#7778,#7776,#7779,.T.);
#6360=EDGE_CURVE('',#7780,#7778,#7781,.T.);
#6361=EDGE_CURVE('',#7782,#7780,#7783,.T.);
#6362=EDGE_CURVE('',#7784,#7782,#7785,.T.);
#6363=EDGE_CURVE('',#7786,#7784,#7787,.T.);
#6364=EDGE_CURVE('',#7788,#7786,#7789,.T.);
#6365=EDGE_CURVE('',#7790,#7788,#7791,.T.);
#6366=EDGE_CURVE('',#7792,#7790,#7793,.T.);
#6367=EDGE_CURVE('',#7794,#7792,#7795,.T.);
#6368=EDGE_CURVE('',#7796,#7794,#7797,.T.);
#6369=EDGE_CURVE('',#7798,#7796,#7799,.T.);
#6370=EDGE_CURVE('',#7800,#7798,#7801,.T.);
#6371=EDGE_CURVE('',#7802,#7800,#7803,.T.);
#6372=EDGE_CURVE('',#7804,#7802,#7805,.T.);
#6373=EDGE_CURVE('',#7806,#7804,#7807,.T.);
#6374=EDGE_CURVE('',#7808,#7806,#7809,.T.);
#6375=EDGE_CURVE('',#7810,#7808,#7811,.T.);
#6376=EDGE_CURVE('',#7748,#7810,#7812,.T.);
#6377=FILL_AREA_STYLE('',(#7813));
#6378=EDGE_CURVE('',#7534,#7808,#7814,.T.);
#6379=EDGE_CURVE('',#7706,#7810,#7815,.T.);
#6380=FILL_AREA_STYLE('',(#7816));
#6381=EDGE_CURVE('',#7521,#7806,#7817,.T.);
#6382=FILL_AREA_STYLE('',(#7818));
#6383=EDGE_CURVE('',#7650,#7752,#7819,.T.);
#6384=FILL_AREA_STYLE('',(#7820));
#6385=EDGE_CURVE('',#7652,#7750,#7821,.T.);
#6386=FILL_AREA_STYLE('',(#7822));
#6387=FILL_AREA_STYLE('',(#7823));
#6388=EDGE_CURVE('',#7704,#7748,#7824,.T.);
#6389=FILL_AREA_STYLE('',(#7825));
#6390=FILL_AREA_STYLE('',(#7826));
#6391=EDGE_CURVE('',#7525,#7800,#7827,.T.);
#6392=EDGE_CURVE('',#7700,#7802,#7828,.T.);
#6393=FILL_AREA_STYLE('',(#7829));
#6394=EDGE_CURVE('',#7512,#7798,#7830,.T.);
#6395=FILL_AREA_STYLE('',(#7831));
#6396=EDGE_CURVE('',#7656,#7757,#7832,.T.);
#6397=FILL_AREA_STYLE('',(#7833));
#6398=EDGE_CURVE('',#7658,#7755,#7834,.T.);
#6399=FILL_AREA_STYLE('',(#7835));
#6400=FILL_AREA_STYLE('',(#7836));
#6401=EDGE_CURVE('',#7698,#7804,#7837,.T.);
#6402=FILL_AREA_STYLE('',(#7838));
#6403=FILL_AREA_STYLE('',(#7839));
#6404=EDGE_CURVE('',#7516,#7792,#7840,.T.);
#6405=EDGE_CURVE('',#7694,#7794,#7841,.T.);
#6406=FILL_AREA_STYLE('',(#7842));
#6407=EDGE_CURVE('',#7503,#7790,#7843,.T.);
#6408=FILL_AREA_STYLE('',(#7844));
#6409=EDGE_CURVE('',#7662,#7762,#7845,.T.);
#6410=FILL_AREA_STYLE('',(#7846));
#6411=EDGE_CURVE('',#7664,#7760,#7847,.T.);
#6412=FILL_AREA_STYLE('',(#7848));
#6413=FILL_AREA_STYLE('',(#7849));
#6414=EDGE_CURVE('',#7692,#7796,#7850,.T.);
#6415=FILL_AREA_STYLE('',(#7851));
#6416=FILL_AREA_STYLE('',(#7852));
#6417=EDGE_CURVE('',#7507,#7784,#7853,.T.);
#6418=EDGE_CURVE('',#7688,#7786,#7854,.T.);
#6419=FILL_AREA_STYLE('',(#7855));
#6420=EDGE_CURVE('',#7494,#7782,#7856,.T.);
#6421=FILL_AREA_STYLE('',(#7857));
#6422=EDGE_CURVE('',#7668,#7767,#7858,.T.);
#6423=FILL_AREA_STYLE('',(#7859));
#6424=EDGE_CURVE('',#7670,#7765,#7860,.T.);
#6425=FILL_AREA_STYLE('',(#7861));
#6426=FILL_AREA_STYLE('',(#7862));
#6427=EDGE_CURVE('',#7686,#7788,#7863,.T.);
#6428=FILL_AREA_STYLE('',(#7864));
#6429=FILL_AREA_STYLE('',(#7865));
#6430=EDGE_CURVE('',#7498,#7776,#7866,.T.);
#6431=EDGE_CURVE('',#7682,#7778,#7867,.T.);
#6432=FILL_AREA_STYLE('',(#7868));
#6433=EDGE_CURVE('',#7554,#7774,#7869,.T.);
#6434=FILL_AREA_STYLE('',(#7870));
#6435=EDGE_CURVE('',#7674,#7772,#7871,.T.);
#6436=FILL_AREA_STYLE('',(#7872));
#6437=EDGE_CURVE('',#7676,#7770,#7873,.T.);
#6438=FILL_AREA_STYLE('',(#7874));
#6439=FILL_AREA_STYLE('',(#7875));
#6440=EDGE_CURVE('',#7680,#7780,#7876,.T.);
#6441=FILL_AREA_STYLE('',(#7877));
#6442=FILL_AREA_STYLE_COLOUR('',#7878);
#6443=VERTEX_POINT('',#7879);
#6444=VERTEX_POINT('',#7880);
#6445=CIRCLE('',#7881,0.290007719539947);
#6446=VERTEX_POINT('',#7882);
#6447=CIRCLE('',#7883,0.200000000000001);
#6448=VERTEX_POINT('',#7884);
#6449=CIRCLE('',#7885,0.29289059931768);
#6450=VERTEX_POINT('',#7886);
#6451=CIRCLE('',#7887,0.29289059931768);
#6452=CIRCLE('',#7888,0.200000000000001);
#6453=FILL_AREA_STYLE_COLOUR('',#7889);
#6454=VERTEX_POINT('',#7890);
#6455=VERTEX_POINT('',#7891);
#6456=CIRCLE('',#7892,0.290007719539947);
#6457=VERTEX_POINT('',#7893);
#6458=CIRCLE('',#7894,0.200000000000001);
#6459=VERTEX_POINT('',#7895);
#6460=CIRCLE('',#7896,0.29289059931768);
#6461=VERTEX_POINT('',#7897);
#6462=CIRCLE('',#7898,0.29289059931768);
#6463=CIRCLE('',#7899,0.200000000000001);
#6464=FILL_AREA_STYLE_COLOUR('',#7900);
#6465=VERTEX_POINT('',#7901);
#6466=VERTEX_POINT('',#7902);
#6467=CIRCLE('',#7903,0.290007719539947);
#6468=VERTEX_POINT('',#7904);
#6469=CIRCLE('',#7905,0.200000000000001);
#6470=VERTEX_POINT('',#7906);
#6471=CIRCLE('',#7907,0.29289059931768);
#6472=VERTEX_POINT('',#7908);
#6473=CIRCLE('',#7909,0.29289059931768);
#6474=CIRCLE('',#7910,0.200000000000001);
#6475=FILL_AREA_STYLE_COLOUR('',#7911);
#6476=VERTEX_POINT('',#7912);
#6477=VERTEX_POINT('',#7913);
#6478=CIRCLE('',#7914,0.290007719539947);
#6479=VERTEX_POINT('',#7915);
#6480=CIRCLE('',#7916,0.200000000000001);
#6481=VERTEX_POINT('',#7917);
#6482=CIRCLE('',#7918,0.29289059931768);
#6483=VERTEX_POINT('',#7919);
#6484=CIRCLE('',#7920,0.29289059931768);
#6485=CIRCLE('',#7921,0.200000000000001);
#6486=FILL_AREA_STYLE_COLOUR('',#7922);
#6487=VERTEX_POINT('',#7923);
#6488=VERTEX_POINT('',#7924);
#6489=CIRCLE('',#7925,0.290007719539947);
#6490=VERTEX_POINT('',#7926);
#6491=CIRCLE('',#7927,0.200000000000001);
#6492=VERTEX_POINT('',#7928);
#6493=CIRCLE('',#7929,0.29289059931768);
#6494=VERTEX_POINT('',#7930);
#6495=CIRCLE('',#7931,0.29289059931768);
#6496=CIRCLE('',#7932,0.200000000000001);
#6497=FILL_AREA_STYLE_COLOUR('',#7933);
#6498=VERTEX_POINT('',#7934);
#6499=VERTEX_POINT('',#7935);
#6500=CIRCLE('',#7936,0.290007719539947);
#6501=VERTEX_POINT('',#7937);
#6502=CIRCLE('',#7938,0.200000000000001);
#6503=VERTEX_POINT('',#7939);
#6504=CIRCLE('',#7940,0.29289059931768);
#6505=VERTEX_POINT('',#7941);
#6506=CIRCLE('',#7942,0.29289059931768);
#6507=CIRCLE('',#7943,0.200000000000001);
#6508=FILL_AREA_STYLE_COLOUR('',#7944);
#6509=CIRCLE('',#7945,0.290007719539947);
#6510=VERTEX_POINT('',#7946);
#6511=CIRCLE('',#7947,0.29289059931768);
#6512=CIRCLE('',#7948,0.29289059931768);
#6513=FILL_AREA_STYLE_COLOUR('',#7949);
#6514=CIRCLE('',#7950,0.290007719539947);
#6515=VERTEX_POINT('',#7951);
#6516=CIRCLE('',#7952,0.29289059931768);
#6517=CIRCLE('',#7953,0.29289059931768);
#6518=FILL_AREA_STYLE_COLOUR('',#7954);
#6519=CIRCLE('',#7955,0.290007719539947);
#6520=VERTEX_POINT('',#7956);
#6521=CIRCLE('',#7957,0.29289059931768);
#6522=CIRCLE('',#7958,0.29289059931768);
#6523=FILL_AREA_STYLE_COLOUR('',#7959);
#6524=CIRCLE('',#7960,0.290007719539947);
#6525=VERTEX_POINT('',#7961);
#6526=CIRCLE('',#7962,0.29289059931768);
#6527=CIRCLE('',#7963,0.29289059931768);
#6528=FILL_AREA_STYLE_COLOUR('',#7964);
#6529=CIRCLE('',#7965,0.290007719539947);
#6530=VERTEX_POINT('',#7966);
#6531=CIRCLE('',#7967,0.29289059931768);
#6532=CIRCLE('',#7968,0.29289059931768);
#6533=FILL_AREA_STYLE_COLOUR('',#7969);
#6534=CIRCLE('',#7970,0.290007719539947);
#6535=VERTEX_POINT('',#7971);
#6536=CIRCLE('',#7972,0.29289059931768);
#6537=CIRCLE('',#7973,0.29289059931768);
#6538=FILL_AREA_STYLE_COLOUR('',#7974);
#6539=VERTEX_POINT('',#7975);
#6540=VERTEX_POINT('',#7976);
#6541=LINE('',#7977,#7978);
#6542=VERTEX_POINT('',#7979);
#6543=CIRCLE('',#7980,0.54);
#6544=VERTEX_POINT('',#7981);
#6545=LINE('',#7982,#7983);
#6546=CIRCLE('',#7984,0.74);
#6547=FILL_AREA_STYLE_COLOUR('',#7985);
#6548=VERTEX_POINT('',#7986);
#6549=VERTEX_POINT('',#7987);
#6550=CIRCLE('',#7988,0.149999999999999);
#6551=VERTEX_POINT('',#7989);
#6552=CIRCLE('',#7990,0.3);
#6553=VERTEX_POINT('',#7991);
#6554=CIRCLE('',#7992,0.3);
#6555=VERTEX_POINT('',#7993);
#6556=CIRCLE('',#7994,0.149999999999999);
#6557=CIRCLE('',#7995,0.45);
#6558=FILL_AREA_STYLE_COLOUR('',#7996);
#6559=VERTEX_POINT('',#7997);
#6560=VERTEX_POINT('',#7998);
#6561=LINE('',#7999,#8000);
#6562=VERTEX_POINT('',#8001);
#6563=CIRCLE('',#8002,0.3);
#6564=VERTEX_POINT('',#8003);
#6565=CIRCLE('',#8004,0.3);
#6566=LINE('',#8005,#8006);
#6567=CIRCLE('',#8007,0.3);
#6568=FILL_AREA_STYLE_COLOUR('',#8008);
#6569=VERTEX_POINT('',#8009);
#6570=LINE('',#8010,#8011);
#6571=VERTEX_POINT('',#8012);
#6572=LINE('',#8013,#8014);
#6573=CIRCLE('',#8015,0.74);
#6574=FILL_AREA_STYLE_COLOUR('',#8016);
#6575=VERTEX_POINT('',#8017);
#6576=VERTEX_POINT('',#8018);
#6577=LINE('',#8019,#8020);
#6578=VERTEX_POINT('',#8021);
#6579=CIRCLE('',#8022,0.825);
#6580=VERTEX_POINT('',#8023);
#6581=LINE('',#8024,#8025);
#6582=CIRCLE('',#8026,0.825);
#6583=FILL_AREA_STYLE_COLOUR('',#8027);
#6584=VERTEX_POINT('',#8028);
#6585=VERTEX_POINT('',#8029);
#6586=LINE('',#8030,#8031);
#6587=VERTEX_POINT('',#8032);
#6588=CIRCLE('',#8033,0.54);
#6589=VERTEX_POINT('',#8034);
#6590=LINE('',#8035,#8036);
#6591=CIRCLE('',#8037,0.74);
#6592=FILL_AREA_STYLE_COLOUR('',#8038);
#6593=VERTEX_POINT('',#8039);
#6594=VERTEX_POINT('',#8040);
#6595=CIRCLE('',#8041,0.149999999999999);
#6596=VERTEX_POINT('',#8042);
#6597=CIRCLE('',#8043,0.3);
#6598=VERTEX_POINT('',#8044);
#6599=CIRCLE('',#8045,0.3);
#6600=VERTEX_POINT('',#8046);
#6601=CIRCLE('',#8047,0.149999999999999);
#6602=CIRCLE('',#8048,0.45);
#6603=FILL_AREA_STYLE_COLOUR('',#8049);
#6604=VERTEX_POINT('',#8050);
#6605=VERTEX_POINT('',#8051);
#6606=LINE('',#8052,#8053);
#6607=VERTEX_POINT('',#8054);
#6608=CIRCLE('',#8055,0.3);
#6609=VERTEX_POINT('',#8056);
#6610=CIRCLE('',#8057,0.3);
#6611=LINE('',#8058,#8059);
#6612=CIRCLE('',#8060,0.3);
#6613=FILL_AREA_STYLE_COLOUR('',#8061);
#6614=VERTEX_POINT('',#8062);
#6615=LINE('',#8063,#8064);
#6616=VERTEX_POINT('',#8065);
#6617=LINE('',#8066,#8067);
#6618=CIRCLE('',#8068,0.74);
#6619=FILL_AREA_STYLE_COLOUR('',#8069);
#6620=VERTEX_POINT('',#8070);
#6621=VERTEX_POINT('',#8071);
#6622=LINE('',#8072,#8073);
#6623=VERTEX_POINT('',#8074);
#6624=CIRCLE('',#8075,0.825);
#6625=VERTEX_POINT('',#8076);
#6626=LINE('',#8077,#8078);
#6627=CIRCLE('',#8079,0.825);
#6628=FILL_AREA_STYLE_COLOUR('',#8080);
#6629=VERTEX_POINT('',#8081);
#6630=VERTEX_POINT('',#8082);
#6631=LINE('',#8083,#8084);
#6632=VERTEX_POINT('',#8085);
#6633=CIRCLE('',#8086,0.54);
#6634=VERTEX_POINT('',#8087);
#6635=LINE('',#8088,#8089);
#6636=CIRCLE('',#8090,0.74);
#6637=FILL_AREA_STYLE_COLOUR('',#8091);
#6638=VERTEX_POINT('',#8092);
#6639=VERTEX_POINT('',#8093);
#6640=CIRCLE('',#8094,0.149999999999999);
#6641=VERTEX_POINT('',#8095);
#6642=CIRCLE('',#8096,0.3);
#6643=VERTEX_POINT('',#8097);
#6644=CIRCLE('',#8098,0.3);
#6645=VERTEX_POINT('',#8099);
#6646=CIRCLE('',#8100,0.149999999999999);
#6647=CIRCLE('',#8101,0.45);
#6648=FILL_AREA_STYLE_COLOUR('',#8102);
#6649=VERTEX_POINT('',#8103);
#6650=VERTEX_POINT('',#8104);
#6651=LINE('',#8105,#8106);
#6652=VERTEX_POINT('',#8107);
#6653=CIRCLE('',#8108,0.3);
#6654=VERTEX_POINT('',#8109);
#6655=CIRCLE('',#8110,0.3);
#6656=LINE('',#8111,#8112);
#6657=CIRCLE('',#8113,0.3);
#6658=FILL_AREA_STYLE_COLOUR('',#8114);
#6659=VERTEX_POINT('',#8115);
#6660=LINE('',#8116,#8117);
#6661=VERTEX_POINT('',#8118);
#6662=LINE('',#8119,#8120);
#6663=CIRCLE('',#8121,0.74);
#6664=FILL_AREA_STYLE_COLOUR('',#8122);
#6665=VERTEX_POINT('',#8123);
#6666=VERTEX_POINT('',#8124);
#6667=LINE('',#8125,#8126);
#6668=VERTEX_POINT('',#8127);
#6669=CIRCLE('',#8128,0.825);
#6670=VERTEX_POINT('',#8129);
#6671=LINE('',#8130,#8131);
#6672=CIRCLE('',#8132,0.825);
#6673=FILL_AREA_STYLE_COLOUR('',#8133);
#6674=VERTEX_POINT('',#8134);
#6675=VERTEX_POINT('',#8135);
#6676=LINE('',#8136,#8137);
#6677=VERTEX_POINT('',#8138);
#6678=CIRCLE('',#8139,0.54);
#6679=VERTEX_POINT('',#8140);
#6680=LINE('',#8141,#8142);
#6681=CIRCLE('',#8143,0.74);
#6682=FILL_AREA_STYLE_COLOUR('',#8144);
#6683=VERTEX_POINT('',#8145);
#6684=VERTEX_POINT('',#8146);
#6685=CIRCLE('',#8147,0.149999999999999);
#6686=VERTEX_POINT('',#8148);
#6687=CIRCLE('',#8149,0.3);
#6688=VERTEX_POINT('',#8150);
#6689=CIRCLE('',#8151,0.3);
#6690=VERTEX_POINT('',#8152);
#6691=CIRCLE('',#8153,0.149999999999999);
#6692=CIRCLE('',#8154,0.45);
#6693=FILL_AREA_STYLE_COLOUR('',#8155);
#6694=VERTEX_POINT('',#8156);
#6695=VERTEX_POINT('',#8157);
#6696=LINE('',#8158,#8159);
#6697=VERTEX_POINT('',#8160);
#6698=CIRCLE('',#8161,0.3);
#6699=VERTEX_POINT('',#8162);
#6700=CIRCLE('',#8163,0.3);
#6701=LINE('',#8164,#8165);
#6702=CIRCLE('',#8166,0.3);
#6703=FILL_AREA_STYLE_COLOUR('',#8167);
#6704=VERTEX_POINT('',#8168);
#6705=LINE('',#8169,#8170);
#6706=VERTEX_POINT('',#8171);
#6707=LINE('',#8172,#8173);
#6708=CIRCLE('',#8174,0.74);
#6709=FILL_AREA_STYLE_COLOUR('',#8175);
#6710=VERTEX_POINT('',#8176);
#6711=VERTEX_POINT('',#8177);
#6712=LINE('',#8178,#8179);
#6713=VERTEX_POINT('',#8180);
#6714=CIRCLE('',#8181,0.825);
#6715=VERTEX_POINT('',#8182);
#6716=LINE('',#8183,#8184);
#6717=CIRCLE('',#8185,0.825);
#6718=FILL_AREA_STYLE_COLOUR('',#8186);
#6719=VERTEX_POINT('',#8187);
#6720=VERTEX_POINT('',#8188);
#6721=LINE('',#8189,#8190);
#6722=VERTEX_POINT('',#8191);
#6723=CIRCLE('',#8192,0.54);
#6724=VERTEX_POINT('',#8193);
#6725=LINE('',#8194,#8195);
#6726=CIRCLE('',#8196,0.74);
#6727=FILL_AREA_STYLE_COLOUR('',#8197);
#6728=VERTEX_POINT('',#8198);
#6729=VERTEX_POINT('',#8199);
#6730=CIRCLE('',#8200,0.149999999999999);
#6731=VERTEX_POINT('',#8201);
#6732=CIRCLE('',#8202,0.3);
#6733=VERTEX_POINT('',#8203);
#6734=CIRCLE('',#8204,0.3);
#6735=VERTEX_POINT('',#8205);
#6736=CIRCLE('',#8206,0.149999999999999);
#6737=CIRCLE('',#8207,0.45);
#6738=FILL_AREA_STYLE_COLOUR('',#8208);
#6739=VERTEX_POINT('',#8209);
#6740=VERTEX_POINT('',#8210);
#6741=LINE('',#8211,#8212);
#6742=VERTEX_POINT('',#8213);
#6743=CIRCLE('',#8214,0.3);
#6744=VERTEX_POINT('',#8215);
#6745=CIRCLE('',#8216,0.3);
#6746=LINE('',#8217,#8218);
#6747=CIRCLE('',#8219,0.3);
#6748=FILL_AREA_STYLE_COLOUR('',#8220);
#6749=VERTEX_POINT('',#8221);
#6750=LINE('',#8222,#8223);
#6751=VERTEX_POINT('',#8224);
#6752=LINE('',#8225,#8226);
#6753=CIRCLE('',#8227,0.74);
#6754=FILL_AREA_STYLE_COLOUR('',#8228);
#6755=VERTEX_POINT('',#8229);
#6756=VERTEX_POINT('',#8230);
#6757=LINE('',#8231,#8232);
#6758=VERTEX_POINT('',#8233);
#6759=CIRCLE('',#8234,0.825);
#6760=VERTEX_POINT('',#8235);
#6761=LINE('',#8236,#8237);
#6762=CIRCLE('',#8238,0.825);
#6763=FILL_AREA_STYLE_COLOUR('',#8239);
#6764=VERTEX_POINT('',#8240);
#6765=VERTEX_POINT('',#8241);
#6766=LINE('',#8242,#8243);
#6767=VERTEX_POINT('',#8244);
#6768=CIRCLE('',#8245,0.54);
#6769=VERTEX_POINT('',#8246);
#6770=LINE('',#8247,#8248);
#6771=CIRCLE('',#8249,0.74);
#6772=FILL_AREA_STYLE_COLOUR('',#8250);
#6773=VERTEX_POINT('',#8251);
#6774=VERTEX_POINT('',#8252);
#6775=CIRCLE('',#8253,0.149999999999999);
#6776=VERTEX_POINT('',#8254);
#6777=CIRCLE('',#8255,0.3);
#6778=VERTEX_POINT('',#8256);
#6779=CIRCLE('',#8257,0.3);
#6780=VERTEX_POINT('',#8258);
#6781=CIRCLE('',#8259,0.149999999999999);
#6782=CIRCLE('',#8260,0.45);
#6783=FILL_AREA_STYLE_COLOUR('',#8261);
#6784=VERTEX_POINT('',#8262);
#6785=VERTEX_POINT('',#8263);
#6786=LINE('',#8264,#8265);
#6787=VERTEX_POINT('',#8266);
#6788=CIRCLE('',#8267,0.3);
#6789=VERTEX_POINT('',#8268);
#6790=CIRCLE('',#8269,0.3);
#6791=LINE('',#8270,#8271);
#6792=CIRCLE('',#8272,0.3);
#6793=FILL_AREA_STYLE_COLOUR('',#8273);
#6794=VERTEX_POINT('',#8274);
#6795=LINE('',#8275,#8276);
#6796=VERTEX_POINT('',#8277);
#6797=LINE('',#8278,#8279);
#6798=CIRCLE('',#8280,0.74);
#6799=FILL_AREA_STYLE_COLOUR('',#8281);
#6800=VERTEX_POINT('',#8282);
#6801=VERTEX_POINT('',#8283);
#6802=LINE('',#8284,#8285);
#6803=VERTEX_POINT('',#8286);
#6804=CIRCLE('',#8287,0.825);
#6805=VERTEX_POINT('',#8288);
#6806=LINE('',#8289,#8290);
#6807=CIRCLE('',#8291,0.825);
#6808=FILL_AREA_STYLE_COLOUR('',#8292);
#6809=VERTEX_POINT('',#8293);
#6810=CIRCLE('',#8294,0.200000000000001);
#6811=VERTEX_POINT('',#8295);
#6812=CIRCLE('',#8296,0.314986030724104);
#6813=VERTEX_POINT('',#8297);
#6814=CIRCLE('',#8298,0.314986030724104);
#6815=CIRCLE('',#8299,0.200000000000001);
#6816=FILL_AREA_STYLE_COLOUR('',#8300);
#6817=VERTEX_POINT('',#8301);
#6818=LINE('',#8302,#8303);
#6819=VERTEX_POINT('',#8304);
#6820=CIRCLE('',#8305,0.314986030724104);
#6821=VERTEX_POINT('',#8306);
#6822=LINE('',#8307,#8308);
#6823=CIRCLE('',#8309,0.40972539731219);
#6824=FILL_AREA_STYLE_COLOUR('',#8310);
#6825=VERTEX_POINT('',#8311);
#6826=LINE('',#8312,#8313);
#6827=VERTEX_POINT('',#8314);
#6828=CIRCLE('',#8315,0.65);
#6829=LINE('',#8316,#8317);
#6830=CIRCLE('',#8318,0.40972539731219);
#6831=FILL_AREA_STYLE_COLOUR('',#8319);
#6832=VERTEX_POINT('',#8320);
#6833=LINE('',#8321,#8322);
#6834=CIRCLE('',#8323,0.65);
#6835=VERTEX_POINT('',#8324);
#6836=LINE('',#8325,#8326);
#6837=CIRCLE('',#8327,0.65);
#6838=FILL_AREA_STYLE_COLOUR('',#8328);
#6839=VERTEX_POINT('',#8329);
#6840=LINE('',#8330,#8331);
#6841=LINE('',#8332,#8333);
#6842=FILL_AREA_STYLE_COLOUR('',#8334);
#6843=VERTEX_POINT('',#8335);
#6844=VERTEX_POINT('',#8336);
#6845=LINE('',#8337,#8338);
#6846=VERTEX_POINT('',#8339);
#6847=CIRCLE('',#8340,0.74);
#6848=VERTEX_POINT('',#8341);
#6849=LINE('',#8342,#8343);
#6850=CIRCLE('',#8344,0.74);
#6851=FILL_AREA_STYLE_COLOUR('',#8345);
#6852=VERTEX_POINT('',#8346);
#6853=LINE('',#8347,#8348);
#6854=VERTEX_POINT('',#8349);
#6855=LINE('',#8350,#8351);
#6856=CIRCLE('',#8352,0.65);
#6857=FILL_AREA_STYLE_COLOUR('',#8353);
#6858=VERTEX_POINT('',#8354);
#6859=LINE('',#8355,#8356);
#6860=VERTEX_POINT('',#8357);
#6861=LINE('',#8358,#8359);
#6862=CIRCLE('',#8360,0.65);
#6863=FILL_AREA_STYLE_COLOUR('',#8361);
#6864=VERTEX_POINT('',#8362);
#6865=VERTEX_POINT('',#8363);
#6866=LINE('',#8364,#8365);
#6867=VERTEX_POINT('',#8366);
#6868=CIRCLE('',#8367,0.61);
#6869=VERTEX_POINT('',#8368);
#6870=LINE('',#8369,#8370);
#6871=CIRCLE('',#8371,0.52);
#6872=FILL_AREA_STYLE_COLOUR('',#8372);
#6873=VERTEX_POINT('',#8373);
#6874=LINE('',#8374,#8375);
#6875=VERTEX_POINT('',#8376);
#6876=LINE('',#8377,#8378);
#6877=CIRCLE('',#8379,0.52);
#6878=FILL_AREA_STYLE_COLOUR('',#8380);
#6879=LINE('',#8381,#8382);
#6880=LINE('',#8383,#8384);
#6881=FILL_AREA_STYLE_COLOUR('',#8385);
#6882=VERTEX_POINT('',#8386);
#6883=CIRCLE('',#8387,0.200000000000001);
#6884=VERTEX_POINT('',#8388);
#6885=CIRCLE('',#8389,0.314986030724104);
#6886=VERTEX_POINT('',#8390);
#6887=CIRCLE('',#8391,0.314986030724104);
#6888=CIRCLE('',#8392,0.200000000000001);
#6889=FILL_AREA_STYLE_COLOUR('',#8393);
#6890=VERTEX_POINT('',#8394);
#6891=LINE('',#8395,#8396);
#6892=VERTEX_POINT('',#8397);
#6893=CIRCLE('',#8398,0.314986030724104);
#6894=VERTEX_POINT('',#8399);
#6895=LINE('',#8400,#8401);
#6896=CIRCLE('',#8402,0.40972539731219);
#6897=FILL_AREA_STYLE_COLOUR('',#8403);
#6898=VERTEX_POINT('',#8404);
#6899=LINE('',#8405,#8406);
#6900=VERTEX_POINT('',#8407);
#6901=CIRCLE('',#8408,0.65);
#6902=LINE('',#8409,#8410);
#6903=CIRCLE('',#8411,0.40972539731219);
#6904=FILL_AREA_STYLE_COLOUR('',#8412);
#6905=VERTEX_POINT('',#8413);
#6906=LINE('',#8414,#8415);
#6907=CIRCLE('',#8416,0.65);
#6908=VERTEX_POINT('',#8417);
#6909=LINE('',#8418,#8419);
#6910=CIRCLE('',#8420,0.65);
#6911=FILL_AREA_STYLE_COLOUR('',#8421);
#6912=VERTEX_POINT('',#8422);
#6913=LINE('',#8423,#8424);
#6914=LINE('',#8425,#8426);
#6915=FILL_AREA_STYLE_COLOUR('',#8427);
#6916=VERTEX_POINT('',#8428);
#6917=VERTEX_POINT('',#8429);
#6918=LINE('',#8430,#8431);
#6919=VERTEX_POINT('',#8432);
#6920=CIRCLE('',#8433,0.74);
#6921=VERTEX_POINT('',#8434);
#6922=LINE('',#8435,#8436);
#6923=CIRCLE('',#8437,0.74);
#6924=FILL_AREA_STYLE_COLOUR('',#8438);
#6925=VERTEX_POINT('',#8439);
#6926=LINE('',#8440,#8441);
#6927=VERTEX_POINT('',#8442);
#6928=LINE('',#8443,#8444);
#6929=CIRCLE('',#8445,0.65);
#6930=FILL_AREA_STYLE_COLOUR('',#8446);
#6931=VERTEX_POINT('',#8447);
#6932=LINE('',#8448,#8449);
#6933=VERTEX_POINT('',#8450);
#6934=LINE('',#8451,#8452);
#6935=CIRCLE('',#8453,0.65);
#6936=FILL_AREA_STYLE_COLOUR('',#8454);
#6937=VERTEX_POINT('',#8455);
#6938=VERTEX_POINT('',#8456);
#6939=LINE('',#8457,#8458);
#6940=VERTEX_POINT('',#8459);
#6941=CIRCLE('',#8460,0.61);
#6942=VERTEX_POINT('',#8461);
#6943=LINE('',#8462,#8463);
#6944=CIRCLE('',#8464,0.52);
#6945=FILL_AREA_STYLE_COLOUR('',#8465);
#6946=VERTEX_POINT('',#8466);
#6947=LINE('',#8467,#8468);
#6948=VERTEX_POINT('',#8469);
#6949=LINE('',#8470,#8471);
#6950=CIRCLE('',#8472,0.52);
#6951=FILL_AREA_STYLE_COLOUR('',#8473);
#6952=LINE('',#8474,#8475);
#6953=LINE('',#8476,#8477);
#6954=FILL_AREA_STYLE_COLOUR('',#8478);
#6955=VERTEX_POINT('',#8479);
#6956=CIRCLE('',#8480,0.200000000000001);
#6957=VERTEX_POINT('',#8481);
#6958=CIRCLE('',#8482,0.314986030724104);
#6959=VERTEX_POINT('',#8483);
#6960=CIRCLE('',#8484,0.314986030724104);
#6961=CIRCLE('',#8485,0.200000000000001);
#6962=FILL_AREA_STYLE_COLOUR('',#8486);
#6963=VERTEX_POINT('',#8487);
#6964=LINE('',#8488,#8489);
#6965=VERTEX_POINT('',#8490);
#6966=CIRCLE('',#8491,0.314986030724104);
#6967=VERTEX_POINT('',#8492);
#6968=LINE('',#8493,#8494);
#6969=CIRCLE('',#8495,0.40972539731219);
#6970=FILL_AREA_STYLE_COLOUR('',#8496);
#6971=VERTEX_POINT('',#8497);
#6972=LINE('',#8498,#8499);
#6973=VERTEX_POINT('',#8500);
#6974=CIRCLE('',#8501,0.65);
#6975=LINE('',#8502,#8503);
#6976=CIRCLE('',#8504,0.40972539731219);
#6977=FILL_AREA_STYLE_COLOUR('',#8505);
#6978=VERTEX_POINT('',#8506);
#6979=LINE('',#8507,#8508);
#6980=CIRCLE('',#8509,0.65);
#6981=VERTEX_POINT('',#8510);
#6982=LINE('',#8511,#8512);
#6983=CIRCLE('',#8513,0.65);
#6984=FILL_AREA_STYLE_COLOUR('',#8514);
#6985=VERTEX_POINT('',#8515);
#6986=LINE('',#8516,#8517);
#6987=LINE('',#8518,#8519);
#6988=FILL_AREA_STYLE_COLOUR('',#8520);
#6989=VERTEX_POINT('',#8521);
#6990=VERTEX_POINT('',#8522);
#6991=LINE('',#8523,#8524);
#6992=VERTEX_POINT('',#8525);
#6993=CIRCLE('',#8526,0.74);
#6994=VERTEX_POINT('',#8527);
#6995=LINE('',#8528,#8529);
#6996=CIRCLE('',#8530,0.74);
#6997=FILL_AREA_STYLE_COLOUR('',#8531);
#6998=VERTEX_POINT('',#8532);
#6999=LINE('',#8533,#8534);
#7000=VERTEX_POINT('',#8535);
#7001=LINE('',#8536,#8537);
#7002=CIRCLE('',#8538,0.65);
#7003=FILL_AREA_STYLE_COLOUR('',#8539);
#7004=VERTEX_POINT('',#8540);
#7005=LINE('',#8541,#8542);
#7006=VERTEX_POINT('',#8543);
#7007=LINE('',#8544,#8545);
#7008=CIRCLE('',#8546,0.65);
#7009=FILL_AREA_STYLE_COLOUR('',#8547);
#7010=VERTEX_POINT('',#8548);
#7011=VERTEX_POINT('',#8549);
#7012=LINE('',#8550,#8551);
#7013=VERTEX_POINT('',#8552);
#7014=CIRCLE('',#8553,0.61);
#7015=VERTEX_POINT('',#8554);
#7016=LINE('',#8555,#8556);
#7017=CIRCLE('',#8557,0.52);
#7018=FILL_AREA_STYLE_COLOUR('',#8558);
#7019=VERTEX_POINT('',#8559);
#7020=LINE('',#8560,#8561);
#7021=VERTEX_POINT('',#8562);
#7022=LINE('',#8563,#8564);
#7023=CIRCLE('',#8565,0.52);
#7024=FILL_AREA_STYLE_COLOUR('',#8566);
#7025=LINE('',#8567,#8568);
#7026=LINE('',#8569,#8570);
#7027=FILL_AREA_STYLE_COLOUR('',#8571);
#7028=VERTEX_POINT('',#8572);
#7029=CIRCLE('',#8573,0.200000000000001);
#7030=VERTEX_POINT('',#8574);
#7031=CIRCLE('',#8575,0.314986030724104);
#7032=VERTEX_POINT('',#8576);
#7033=CIRCLE('',#8577,0.314986030724104);
#7034=CIRCLE('',#8578,0.200000000000001);
#7035=FILL_AREA_STYLE_COLOUR('',#8579);
#7036=VERTEX_POINT('',#8580);
#7037=LINE('',#8581,#8582);
#7038=VERTEX_POINT('',#8583);
#7039=CIRCLE('',#8584,0.314986030724104);
#7040=VERTEX_POINT('',#8585);
#7041=LINE('',#8586,#8587);
#7042=CIRCLE('',#8588,0.40972539731219);
#7043=FILL_AREA_STYLE_COLOUR('',#8589);
#7044=VERTEX_POINT('',#8590);
#7045=LINE('',#8591,#8592);
#7046=VERTEX_POINT('',#8593);
#7047=CIRCLE('',#8594,0.65);
#7048=LINE('',#8595,#8596);
#7049=CIRCLE('',#8597,0.40972539731219);
#7050=FILL_AREA_STYLE_COLOUR('',#8598);
#7051=VERTEX_POINT('',#8599);
#7052=LINE('',#8600,#8601);
#7053=CIRCLE('',#8602,0.65);
#7054=VERTEX_POINT('',#8603);
#7055=LINE('',#8604,#8605);
#7056=CIRCLE('',#8606,0.65);
#7057=FILL_AREA_STYLE_COLOUR('',#8607);
#7058=VERTEX_POINT('',#8608);
#7059=LINE('',#8609,#8610);
#7060=LINE('',#8611,#8612);
#7061=FILL_AREA_STYLE_COLOUR('',#8613);
#7062=VERTEX_POINT('',#8614);
#7063=VERTEX_POINT('',#8615);
#7064=LINE('',#8616,#8617);
#7065=VERTEX_POINT('',#8618);
#7066=CIRCLE('',#8619,0.74);
#7067=VERTEX_POINT('',#8620);
#7068=LINE('',#8621,#8622);
#7069=CIRCLE('',#8623,0.74);
#7070=FILL_AREA_STYLE_COLOUR('',#8624);
#7071=VERTEX_POINT('',#8625);
#7072=LINE('',#8626,#8627);
#7073=VERTEX_POINT('',#8628);
#7074=LINE('',#8629,#8630);
#7075=CIRCLE('',#8631,0.65);
#7076=FILL_AREA_STYLE_COLOUR('',#8632);
#7077=VERTEX_POINT('',#8633);
#7078=LINE('',#8634,#8635);
#7079=VERTEX_POINT('',#8636);
#7080=LINE('',#8637,#8638);
#7081=CIRCLE('',#8639,0.65);
#7082=FILL_AREA_STYLE_COLOUR('',#8640);
#7083=VERTEX_POINT('',#8641);
#7084=VERTEX_POINT('',#8642);
#7085=LINE('',#8643,#8644);
#7086=VERTEX_POINT('',#8645);
#7087=CIRCLE('',#8646,0.61);
#7088=VERTEX_POINT('',#8647);
#7089=LINE('',#8648,#8649);
#7090=CIRCLE('',#8650,0.52);
#7091=FILL_AREA_STYLE_COLOUR('',#8651);
#7092=VERTEX_POINT('',#8652);
#7093=LINE('',#8653,#8654);
#7094=VERTEX_POINT('',#8655);
#7095=LINE('',#8656,#8657);
#7096=CIRCLE('',#8658,0.52);
#7097=FILL_AREA_STYLE_COLOUR('',#8659);
#7098=LINE('',#8660,#8661);
#7099=LINE('',#8662,#8663);
#7100=FILL_AREA_STYLE_COLOUR('',#8664);
#7101=VERTEX_POINT('',#8665);
#7102=CIRCLE('',#8666,0.200000000000001);
#7103=VERTEX_POINT('',#8667);
#7104=CIRCLE('',#8668,0.314986030724104);
#7105=VERTEX_POINT('',#8669);
#7106=CIRCLE('',#8670,0.314986030724104);
#7107=CIRCLE('',#8671,0.200000000000001);
#7108=FILL_AREA_STYLE_COLOUR('',#8672);
#7109=VERTEX_POINT('',#8673);
#7110=LINE('',#8674,#8675);
#7111=VERTEX_POINT('',#8676);
#7112=CIRCLE('',#8677,0.314986030724104);
#7113=VERTEX_POINT('',#8678);
#7114=LINE('',#8679,#8680);
#7115=CIRCLE('',#8681,0.40972539731219);
#7116=FILL_AREA_STYLE_COLOUR('',#8682);
#7117=VERTEX_POINT('',#8683);
#7118=LINE('',#8684,#8685);
#7119=VERTEX_POINT('',#8686);
#7120=CIRCLE('',#8687,0.65);
#7121=LINE('',#8688,#8689);
#7122=CIRCLE('',#8690,0.40972539731219);
#7123=FILL_AREA_STYLE_COLOUR('',#8691);
#7124=VERTEX_POINT('',#8692);
#7125=LINE('',#8693,#8694);
#7126=CIRCLE('',#8695,0.65);
#7127=VERTEX_POINT('',#8696);
#7128=LINE('',#8697,#8698);
#7129=CIRCLE('',#8699,0.65);
#7130=FILL_AREA_STYLE_COLOUR('',#8700);
#7131=VERTEX_POINT('',#8701);
#7132=LINE('',#8702,#8703);
#7133=LINE('',#8704,#8705);
#7134=FILL_AREA_STYLE_COLOUR('',#8706);
#7135=VERTEX_POINT('',#8707);
#7136=VERTEX_POINT('',#8708);
#7137=LINE('',#8709,#8710);
#7138=VERTEX_POINT('',#8711);
#7139=CIRCLE('',#8712,0.74);
#7140=VERTEX_POINT('',#8713);
#7141=LINE('',#8714,#8715);
#7142=CIRCLE('',#8716,0.74);
#7143=FILL_AREA_STYLE_COLOUR('',#8717);
#7144=VERTEX_POINT('',#8718);
#7145=LINE('',#8719,#8720);
#7146=VERTEX_POINT('',#8721);
#7147=LINE('',#8722,#8723);
#7148=CIRCLE('',#8724,0.65);
#7149=FILL_AREA_STYLE_COLOUR('',#8725);
#7150=VERTEX_POINT('',#8726);
#7151=LINE('',#8727,#8728);
#7152=VERTEX_POINT('',#8729);
#7153=LINE('',#8730,#8731);
#7154=CIRCLE('',#8732,0.65);
#7155=FILL_AREA_STYLE_COLOUR('',#8733);
#7156=VERTEX_POINT('',#8734);
#7157=VERTEX_POINT('',#8735);
#7158=LINE('',#8736,#8737);
#7159=VERTEX_POINT('',#8738);
#7160=CIRCLE('',#8739,0.61);
#7161=VERTEX_POINT('',#8740);
#7162=LINE('',#8741,#8742);
#7163=CIRCLE('',#8743,0.52);
#7164=FILL_AREA_STYLE_COLOUR('',#8744);
#7165=VERTEX_POINT('',#8745);
#7166=LINE('',#8746,#8747);
#7167=VERTEX_POINT('',#8748);
#7168=LINE('',#8749,#8750);
#7169=CIRCLE('',#8751,0.52);
#7170=FILL_AREA_STYLE_COLOUR('',#8752);
#7171=LINE('',#8753,#8754);
#7172=LINE('',#8755,#8756);
#7173=FILL_AREA_STYLE_COLOUR('',#8757);
#7174=VERTEX_POINT('',#8758);
#7175=CIRCLE('',#8759,0.200000000000001);
#7176=VERTEX_POINT('',#8760);
#7177=CIRCLE('',#8761,0.314986030724104);
#7178=VERTEX_POINT('',#8762);
#7179=CIRCLE('',#8763,0.314986030724104);
#7180=CIRCLE('',#8764,0.200000000000001);
#7181=FILL_AREA_STYLE_COLOUR('',#8765);
#7182=VERTEX_POINT('',#8766);
#7183=LINE('',#8767,#8768);
#7184=VERTEX_POINT('',#8769);
#7185=CIRCLE('',#8770,0.314986030724104);
#7186=VERTEX_POINT('',#8771);
#7187=LINE('',#8772,#8773);
#7188=CIRCLE('',#8774,0.40972539731219);
#7189=FILL_AREA_STYLE_COLOUR('',#8775);
#7190=VERTEX_POINT('',#8776);
#7191=LINE('',#8777,#8778);
#7192=VERTEX_POINT('',#8779);
#7193=CIRCLE('',#8780,0.65);
#7194=LINE('',#8781,#8782);
#7195=CIRCLE('',#8783,0.40972539731219);
#7196=FILL_AREA_STYLE_COLOUR('',#8784);
#7197=VERTEX_POINT('',#8785);
#7198=LINE('',#8786,#8787);
#7199=CIRCLE('',#8788,0.65);
#7200=VERTEX_POINT('',#8789);
#7201=LINE('',#8790,#8791);
#7202=CIRCLE('',#8792,0.65);
#7203=FILL_AREA_STYLE_COLOUR('',#8793);
#7204=VERTEX_POINT('',#8794);
#7205=LINE('',#8795,#8796);
#7206=LINE('',#8797,#8798);
#7207=FILL_AREA_STYLE_COLOUR('',#8799);
#7208=VERTEX_POINT('',#8800);
#7209=VERTEX_POINT('',#8801);
#7210=LINE('',#8802,#8803);
#7211=VERTEX_POINT('',#8804);
#7212=CIRCLE('',#8805,0.74);
#7213=VERTEX_POINT('',#8806);
#7214=LINE('',#8807,#8808);
#7215=CIRCLE('',#8809,0.74);
#7216=FILL_AREA_STYLE_COLOUR('',#8810);
#7217=VERTEX_POINT('',#8811);
#7218=LINE('',#8812,#8813);
#7219=VERTEX_POINT('',#8814);
#7220=LINE('',#8815,#8816);
#7221=CIRCLE('',#8817,0.65);
#7222=FILL_AREA_STYLE_COLOUR('',#8818);
#7223=VERTEX_POINT('',#8819);
#7224=LINE('',#8820,#8821);
#7225=VERTEX_POINT('',#8822);
#7226=LINE('',#8823,#8824);
#7227=CIRCLE('',#8825,0.65);
#7228=FILL_AREA_STYLE_COLOUR('',#8826);
#7229=VERTEX_POINT('',#8827);
#7230=VERTEX_POINT('',#8828);
#7231=LINE('',#8829,#8830);
#7232=VERTEX_POINT('',#8831);
#7233=CIRCLE('',#8832,0.61);
#7234=VERTEX_POINT('',#8833);
#7235=LINE('',#8834,#8835);
#7236=CIRCLE('',#8836,0.52);
#7237=FILL_AREA_STYLE_COLOUR('',#8837);
#7238=VERTEX_POINT('',#8838);
#7239=LINE('',#8839,#8840);
#7240=VERTEX_POINT('',#8841);
#7241=LINE('',#8842,#8843);
#7242=CIRCLE('',#8844,0.52);
#7243=FILL_AREA_STYLE_COLOUR('',#8845);
#7244=LINE('',#8846,#8847);
#7245=LINE('',#8848,#8849);
#7246=FILL_AREA_STYLE_COLOUR('',#8850);
#7247=CIRCLE('',#8851,0.52);
#7248=FILL_AREA_STYLE_COLOUR('',#8852);
#7249=CIRCLE('',#8853,0.52);
#7250=FILL_AREA_STYLE_COLOUR('',#8854);
#7251=CIRCLE('',#8855,0.61);
#7252=FILL_AREA_STYLE_COLOUR('',#8856);
#7253=CIRCLE('',#8857,0.65);
#7254=FILL_AREA_STYLE_COLOUR('',#8858);
#7255=CIRCLE('',#8859,0.65);
#7256=FILL_AREA_STYLE_COLOUR('',#8860);
#7257=CIRCLE('',#8861,0.74);
#7258=FILL_AREA_STYLE_COLOUR('',#8862);
#7259=CIRCLE('',#8863,0.74);
#7260=FILL_AREA_STYLE_COLOUR('',#8864);
#7261=CIRCLE('',#8865,0.65);
#7262=FILL_AREA_STYLE_COLOUR('',#8866);
#7263=FILL_AREA_STYLE_COLOUR('',#8867);
#7264=FILL_AREA_STYLE_COLOUR('',#8868);
#7265=CIRCLE('',#8869,0.314986030724104);
#7266=FILL_AREA_STYLE_COLOUR('',#8870);
#7267=FILL_AREA_STYLE_COLOUR('',#8871);
#7268=CIRCLE('',#8872,0.52);
#7269=FILL_AREA_STYLE_COLOUR('',#8873);
#7270=CIRCLE('',#8874,0.52);
#7271=FILL_AREA_STYLE_COLOUR('',#8875);
#7272=CIRCLE('',#8876,0.61);
#7273=FILL_AREA_STYLE_COLOUR('',#8877);
#7274=CIRCLE('',#8878,0.65);
#7275=FILL_AREA_STYLE_COLOUR('',#8879);
#7276=CIRCLE('',#8880,0.65);
#7277=FILL_AREA_STYLE_COLOUR('',#8881);
#7278=CIRCLE('',#8882,0.74);
#7279=FILL_AREA_STYLE_COLOUR('',#8883);
#7280=CIRCLE('',#8884,0.74);
#7281=FILL_AREA_STYLE_COLOUR('',#8885);
#7282=CIRCLE('',#8886,0.65);
#7283=FILL_AREA_STYLE_COLOUR('',#8887);
#7284=FILL_AREA_STYLE_COLOUR('',#8888);
#7285=FILL_AREA_STYLE_COLOUR('',#8889);
#7286=CIRCLE('',#8890,0.314986030724104);
#7287=FILL_AREA_STYLE_COLOUR('',#8891);
#7288=FILL_AREA_STYLE_COLOUR('',#8892);
#7289=CIRCLE('',#8893,0.52);
#7290=FILL_AREA_STYLE_COLOUR('',#8894);
#7291=CIRCLE('',#8895,0.52);
#7292=FILL_AREA_STYLE_COLOUR('',#8896);
#7293=CIRCLE('',#8897,0.61);
#7294=FILL_AREA_STYLE_COLOUR('',#8898);
#7295=CIRCLE('',#8899,0.65);
#7296=FILL_AREA_STYLE_COLOUR('',#8900);
#7297=CIRCLE('',#8901,0.65);
#7298=FILL_AREA_STYLE_COLOUR('',#8902);
#7299=CIRCLE('',#8903,0.74);
#7300=FILL_AREA_STYLE_COLOUR('',#8904);
#7301=CIRCLE('',#8905,0.74);
#7302=FILL_AREA_STYLE_COLOUR('',#8906);
#7303=CIRCLE('',#8907,0.65);
#7304=FILL_AREA_STYLE_COLOUR('',#8908);
#7305=FILL_AREA_STYLE_COLOUR('',#8909);
#7306=FILL_AREA_STYLE_COLOUR('',#8910);
#7307=CIRCLE('',#8911,0.314986030724104);
#7308=FILL_AREA_STYLE_COLOUR('',#8912);
#7309=FILL_AREA_STYLE_COLOUR('',#8913);
#7310=CIRCLE('',#8914,0.52);
#7311=FILL_AREA_STYLE_COLOUR('',#8915);
#7312=CIRCLE('',#8916,0.52);
#7313=FILL_AREA_STYLE_COLOUR('',#8917);
#7314=CIRCLE('',#8918,0.61);
#7315=FILL_AREA_STYLE_COLOUR('',#8919);
#7316=CIRCLE('',#8920,0.65);
#7317=FILL_AREA_STYLE_COLOUR('',#8921);
#7318=CIRCLE('',#8922,0.65);
#7319=FILL_AREA_STYLE_COLOUR('',#8923);
#7320=CIRCLE('',#8924,0.74);
#7321=FILL_AREA_STYLE_COLOUR('',#8925);
#7322=CIRCLE('',#8926,0.74);
#7323=FILL_AREA_STYLE_COLOUR('',#8927);
#7324=CIRCLE('',#8928,0.65);
#7325=FILL_AREA_STYLE_COLOUR('',#8929);
#7326=FILL_AREA_STYLE_COLOUR('',#8930);
#7327=FILL_AREA_STYLE_COLOUR('',#8931);
#7328=CIRCLE('',#8932,0.314986030724104);
#7329=FILL_AREA_STYLE_COLOUR('',#8933);
#7330=FILL_AREA_STYLE_COLOUR('',#8934);
#7331=CIRCLE('',#8935,0.52);
#7332=FILL_AREA_STYLE_COLOUR('',#8936);
#7333=CIRCLE('',#8937,0.52);
#7334=FILL_AREA_STYLE_COLOUR('',#8938);
#7335=CIRCLE('',#8939,0.61);
#7336=FILL_AREA_STYLE_COLOUR('',#8940);
#7337=CIRCLE('',#8941,0.65);
#7338=FILL_AREA_STYLE_COLOUR('',#8942);
#7339=CIRCLE('',#8943,0.65);
#7340=FILL_AREA_STYLE_COLOUR('',#8944);
#7341=CIRCLE('',#8945,0.74);
#7342=FILL_AREA_STYLE_COLOUR('',#8946);
#7343=CIRCLE('',#8947,0.74);
#7344=FILL_AREA_STYLE_COLOUR('',#8948);
#7345=CIRCLE('',#8949,0.65);
#7346=FILL_AREA_STYLE_COLOUR('',#8950);
#7347=FILL_AREA_STYLE_COLOUR('',#8951);
#7348=FILL_AREA_STYLE_COLOUR('',#8952);
#7349=CIRCLE('',#8953,0.314986030724104);
#7350=FILL_AREA_STYLE_COLOUR('',#8954);
#7351=FILL_AREA_STYLE_COLOUR('',#8955);
#7352=CIRCLE('',#8956,0.52);
#7353=FILL_AREA_STYLE_COLOUR('',#8957);
#7354=CIRCLE('',#8958,0.52);
#7355=FILL_AREA_STYLE_COLOUR('',#8959);
#7356=CIRCLE('',#8960,0.61);
#7357=FILL_AREA_STYLE_COLOUR('',#8961);
#7358=CIRCLE('',#8962,0.65);
#7359=FILL_AREA_STYLE_COLOUR('',#8963);
#7360=CIRCLE('',#8964,0.65);
#7361=FILL_AREA_STYLE_COLOUR('',#8965);
#7362=CIRCLE('',#8966,0.74);
#7363=FILL_AREA_STYLE_COLOUR('',#8967);
#7364=CIRCLE('',#8968,0.74);
#7365=FILL_AREA_STYLE_COLOUR('',#8969);
#7366=CIRCLE('',#8970,0.65);
#7367=FILL_AREA_STYLE_COLOUR('',#8971);
#7368=FILL_AREA_STYLE_COLOUR('',#8972);
#7369=FILL_AREA_STYLE_COLOUR('',#8973);
#7370=CIRCLE('',#8974,0.314986030724104);
#7371=FILL_AREA_STYLE_COLOUR('',#8975);
#7372=FILL_AREA_STYLE_COLOUR('',#8976);
#7373=CIRCLE('',#8977,0.825);
#7374=CIRCLE('',#8978,0.825);
#7375=FILL_AREA_STYLE_COLOUR('',#8979);
#7376=CIRCLE('',#8980,0.74);
#7377=CIRCLE('',#8981,0.74);
#7378=FILL_AREA_STYLE_COLOUR('',#8982);
#7379=FILL_AREA_STYLE_COLOUR('',#8983);
#7380=VERTEX_POINT('',#8984);
#7381=CIRCLE('',#8985,0.3);
#7382=CIRCLE('',#8986,0.3);
#7383=FILL_AREA_STYLE_COLOUR('',#8987);
#7384=CIRCLE('',#8988,0.3);
#7385=FILL_AREA_STYLE_COLOUR('',#8989);
#7386=VERTEX_POINT('',#8990);
#7387=CIRCLE('',#8991,0.45);
#7388=CIRCLE('',#8992,0.45);
#7389=FILL_AREA_STYLE_COLOUR('',#8993);
#7390=CIRCLE('',#8994,0.54);
#7391=FILL_AREA_STYLE_COLOUR('',#8995);
#7392=FILL_AREA_STYLE_COLOUR('',#8996);
#7393=CIRCLE('',#8997,0.825);
#7394=CIRCLE('',#8998,0.825);
#7395=FILL_AREA_STYLE_COLOUR('',#8999);
#7396=CIRCLE('',#9000,0.74);
#7397=CIRCLE('',#9001,0.74);
#7398=FILL_AREA_STYLE_COLOUR('',#9002);
#7399=FILL_AREA_STYLE_COLOUR('',#9003);
#7400=VERTEX_POINT('',#9004);
#7401=CIRCLE('',#9005,0.3);
#7402=CIRCLE('',#9006,0.3);
#7403=FILL_AREA_STYLE_COLOUR('',#9007);
#7404=CIRCLE('',#9008,0.3);
#7405=FILL_AREA_STYLE_COLOUR('',#9009);
#7406=VERTEX_POINT('',#9010);
#7407=CIRCLE('',#9011,0.45);
#7408=CIRCLE('',#9012,0.45);
#7409=FILL_AREA_STYLE_COLOUR('',#9013);
#7410=CIRCLE('',#9014,0.54);
#7411=FILL_AREA_STYLE_COLOUR('',#9015);
#7412=FILL_AREA_STYLE_COLOUR('',#9016);
#7413=CIRCLE('',#9017,0.825);
#7414=CIRCLE('',#9018,0.825);
#7415=FILL_AREA_STYLE_COLOUR('',#9019);
#7416=CIRCLE('',#9020,0.74);
#7417=CIRCLE('',#9021,0.74);
#7418=FILL_AREA_STYLE_COLOUR('',#9022);
#7419=FILL_AREA_STYLE_COLOUR('',#9023);
#7420=VERTEX_POINT('',#9024);
#7421=CIRCLE('',#9025,0.3);
#7422=CIRCLE('',#9026,0.3);
#7423=FILL_AREA_STYLE_COLOUR('',#9027);
#7424=CIRCLE('',#9028,0.3);
#7425=FILL_AREA_STYLE_COLOUR('',#9029);
#7426=VERTEX_POINT('',#9030);
#7427=CIRCLE('',#9031,0.45);
#7428=CIRCLE('',#9032,0.45);
#7429=FILL_AREA_STYLE_COLOUR('',#9033);
#7430=CIRCLE('',#9034,0.54);
#7431=FILL_AREA_STYLE_COLOUR('',#9035);
#7432=FILL_AREA_STYLE_COLOUR('',#9036);
#7433=CIRCLE('',#9037,0.825);
#7434=CIRCLE('',#9038,0.825);
#7435=FILL_AREA_STYLE_COLOUR('',#9039);
#7436=CIRCLE('',#9040,0.74);
#7437=CIRCLE('',#9041,0.74);
#7438=FILL_AREA_STYLE_COLOUR('',#9042);
#7439=FILL_AREA_STYLE_COLOUR('',#9043);
#7440=VERTEX_POINT('',#9044);
#7441=CIRCLE('',#9045,0.3);
#7442=CIRCLE('',#9046,0.3);
#7443=FILL_AREA_STYLE_COLOUR('',#9047);
#7444=CIRCLE('',#9048,0.3);
#7445=FILL_AREA_STYLE_COLOUR('',#9049);
#7446=VERTEX_POINT('',#9050);
#7447=CIRCLE('',#9051,0.45);
#7448=CIRCLE('',#9052,0.45);
#7449=FILL_AREA_STYLE_COLOUR('',#9053);
#7450=CIRCLE('',#9054,0.54);
#7451=FILL_AREA_STYLE_COLOUR('',#9055);
#7452=FILL_AREA_STYLE_COLOUR('',#9056);
#7453=CIRCLE('',#9057,0.825);
#7454=CIRCLE('',#9058,0.825);
#7455=FILL_AREA_STYLE_COLOUR('',#9059);
#7456=CIRCLE('',#9060,0.74);
#7457=CIRCLE('',#9061,0.74);
#7458=FILL_AREA_STYLE_COLOUR('',#9062);
#7459=FILL_AREA_STYLE_COLOUR('',#9063);
#7460=VERTEX_POINT('',#9064);
#7461=CIRCLE('',#9065,0.3);
#7462=CIRCLE('',#9066,0.3);
#7463=FILL_AREA_STYLE_COLOUR('',#9067);
#7464=CIRCLE('',#9068,0.3);
#7465=FILL_AREA_STYLE_COLOUR('',#9069);
#7466=VERTEX_POINT('',#9070);
#7467=CIRCLE('',#9071,0.45);
#7468=CIRCLE('',#9072,0.45);
#7469=FILL_AREA_STYLE_COLOUR('',#9073);
#7470=CIRCLE('',#9074,0.54);
#7471=FILL_AREA_STYLE_COLOUR('',#9075);
#7472=FILL_AREA_STYLE_COLOUR('',#9076);
#7473=CIRCLE('',#9077,0.825);
#7474=CIRCLE('',#9078,0.825);
#7475=FILL_AREA_STYLE_COLOUR('',#9079);
#7476=CIRCLE('',#9080,0.74);
#7477=CIRCLE('',#9081,0.74);
#7478=FILL_AREA_STYLE_COLOUR('',#9082);
#7479=FILL_AREA_STYLE_COLOUR('',#9083);
#7480=VERTEX_POINT('',#9084);
#7481=CIRCLE('',#9085,0.3);
#7482=CIRCLE('',#9086,0.3);
#7483=FILL_AREA_STYLE_COLOUR('',#9087);
#7484=CIRCLE('',#9088,0.3);
#7485=FILL_AREA_STYLE_COLOUR('',#9089);
#7486=VERTEX_POINT('',#9090);
#7487=CIRCLE('',#9091,0.45);
#7488=CIRCLE('',#9092,0.45);
#7489=FILL_AREA_STYLE_COLOUR('',#9093);
#7490=CIRCLE('',#9094,0.54);
#7491=FILL_AREA_STYLE_COLOUR('',#9095);
#7492=FILL_AREA_STYLE_COLOUR('',#9096);
#7493=VERTEX_POINT('',#9097);
#7494=VERTEX_POINT('',#9098);
#7495=LINE('',#9099,#9100);
#7496=VERTEX_POINT('',#9101);
#7497=LINE('',#9102,#9103);
#7498=VERTEX_POINT('',#9104);
#7499=LINE('',#9105,#9106);
#7500=LINE('',#9107,#9108);
#7501=FILL_AREA_STYLE_COLOUR('',#9109);
#7502=VERTEX_POINT('',#9110);
#7503=VERTEX_POINT('',#9111);
#7504=LINE('',#9112,#9113);
#7505=VERTEX_POINT('',#9114);
#7506=LINE('',#9115,#9116);
#7507=VERTEX_POINT('',#9117);
#7508=LINE('',#9118,#9119);
#7509=LINE('',#9120,#9121);
#7510=FILL_AREA_STYLE_COLOUR('',#9122);
#7511=VERTEX_POINT('',#9123);
#7512=VERTEX_POINT('',#9124);
#7513=LINE('',#9125,#9126);
#7514=VERTEX_POINT('',#9127);
#7515=LINE('',#9128,#9129);
#7516=VERTEX_POINT('',#9130);
#7517=LINE('',#9131,#9132);
#7518=LINE('',#9133,#9134);
#7519=FILL_AREA_STYLE_COLOUR('',#9135);
#7520=VERTEX_POINT('',#9136);
#7521=VERTEX_POINT('',#9137);
#7522=LINE('',#9138,#9139);
#7523=VERTEX_POINT('',#9140);
#7524=LINE('',#9141,#9142);
#7525=VERTEX_POINT('',#9143);
#7526=LINE('',#9144,#9145);
#7527=LINE('',#9146,#9147);
#7528=FILL_AREA_STYLE_COLOUR('',#9148);
#7529=VERTEX_POINT('',#9149);
#7530=VERTEX_POINT('',#9150);
#7531=LINE('',#9151,#9152);
#7532=VERTEX_POINT('',#9153);
#7533=LINE('',#9154,#9155);
#7534=VERTEX_POINT('',#9156);
#7535=LINE('',#9157,#9158);
#7536=LINE('',#9159,#9160);
#7537=FILL_AREA_STYLE_COLOUR('',#9161);
#7538=VERTEX_POINT('',#9162);
#7539=VERTEX_POINT('',#9163);
#7540=LINE('',#9164,#9165);
#7541=VERTEX_POINT('',#9166);
#7542=LINE('',#9167,#9168);
#7543=VERTEX_POINT('',#9169);
#7544=LINE('',#9170,#9171);
#7545=LINE('',#9172,#9173);
#7546=FILL_AREA_STYLE_COLOUR('',#9174);
#7547=VERTEX_POINT('',#9175);
#7548=LINE('',#9176,#9177);
#7549=LINE('',#9178,#9179);
#7550=LINE('',#9180,#9181);
#7551=LINE('',#9182,#9183);
#7552=LINE('',#9184,#9185);
#7553=LINE('',#9186,#9187);
#7554=VERTEX_POINT('',#9188);
#7555=LINE('',#9189,#9190);
#7556=VERTEX_POINT('',#9191);
#7557=LINE('',#9192,#9193);
#7558=VERTEX_POINT('',#9194);
#7559=LINE('',#9195,#9196);
#7560=VERTEX_POINT('',#9197);
#7561=LINE('',#9198,#9199);
#7562=VERTEX_POINT('',#9200);
#7563=LINE('',#9201,#9202);
#7564=VERTEX_POINT('',#9203);
#7565=LINE('',#9204,#9205);
#7566=VERTEX_POINT('',#9206);
#7567=LINE('',#9207,#9208);
#7568=VERTEX_POINT('',#9209);
#7569=LINE('',#9210,#9211);
#7570=VERTEX_POINT('',#9212);
#7571=LINE('',#9213,#9214);
#7572=VERTEX_POINT('',#9215);
#7573=LINE('',#9216,#9217);
#7574=VERTEX_POINT('',#9218);
#7575=LINE('',#9219,#9220);
#7576=LINE('',#9221,#9222);
#7577=FILL_AREA_STYLE_COLOUR('',#9223);
#7578=VERTEX_POINT('',#9224);
#7579=LINE('',#9225,#9226);
#7580=VERTEX_POINT('',#9227);
#7581=LINE('',#9228,#9229);
#7582=LINE('',#9230,#9231);
#7583=FILL_AREA_STYLE_COLOUR('',#9232);
#7584=VERTEX_POINT('',#9233);
#7585=LINE('',#9234,#9235);
#7586=VERTEX_POINT('',#9236);
#7587=LINE('',#9237,#9238);
#7588=LINE('',#9239,#9240);
#7589=FILL_AREA_STYLE_COLOUR('',#9241);
#7590=VERTEX_POINT('',#9242);
#7591=LINE('',#9243,#9244);
#7592=VERTEX_POINT('',#9245);
#7593=LINE('',#9246,#9247);
#7594=LINE('',#9248,#9249);
#7595=FILL_AREA_STYLE_COLOUR('',#9250);
#7596=VERTEX_POINT('',#9251);
#7597=LINE('',#9252,#9253);
#7598=VERTEX_POINT('',#9254);
#7599=LINE('',#9255,#9256);
#7600=LINE('',#9257,#9258);
#7601=FILL_AREA_STYLE_COLOUR('',#9259);
#7602=VERTEX_POINT('',#9260);
#7603=LINE('',#9261,#9262);
#7604=VERTEX_POINT('',#9263);
#7605=LINE('',#9264,#9265);
#7606=LINE('',#9266,#9267);
#7607=FILL_AREA_STYLE_COLOUR('',#9268);
#7608=VERTEX_POINT('',#9269);
#7609=LINE('',#9270,#9271);
#7610=VERTEX_POINT('',#9272);
#7611=LINE('',#9273,#9274);
#7612=LINE('',#9275,#9276);
#7613=FILL_AREA_STYLE_COLOUR('',#9277);
#7614=VERTEX_POINT('',#9278);
#7615=LINE('',#9279,#9280);
#7616=VERTEX_POINT('',#9281);
#7617=LINE('',#9282,#9283);
#7618=LINE('',#9284,#9285);
#7619=FILL_AREA_STYLE_COLOUR('',#9286);
#7620=VERTEX_POINT('',#9287);
#7621=LINE('',#9288,#9289);
#7622=VERTEX_POINT('',#9290);
#7623=LINE('',#9291,#9292);
#7624=LINE('',#9293,#9294);
#7625=FILL_AREA_STYLE_COLOUR('',#9295);
#7626=VERTEX_POINT('',#9296);
#7627=LINE('',#9297,#9298);
#7628=VERTEX_POINT('',#9299);
#7629=LINE('',#9300,#9301);
#7630=LINE('',#9302,#9303);
#7631=FILL_AREA_STYLE_COLOUR('',#9304);
#7632=VERTEX_POINT('',#9305);
#7633=LINE('',#9306,#9307);
#7634=VERTEX_POINT('',#9308);
#7635=LINE('',#9309,#9310);
#7636=LINE('',#9311,#9312);
#7637=FILL_AREA_STYLE_COLOUR('',#9313);
#7638=VERTEX_POINT('',#9314);
#7639=LINE('',#9315,#9316);
#7640=VERTEX_POINT('',#9317);
#7641=LINE('',#9318,#9319);
#7642=LINE('',#9320,#9321);
#7643=FILL_AREA_STYLE_COLOUR('',#9322);
#7644=VERTEX_POINT('',#9323);
#7645=LINE('',#9324,#9325);
#7646=VERTEX_POINT('',#9326);
#7647=LINE('',#9327,#9328);
#7648=LINE('',#9329,#9330);
#7649=FILL_AREA_STYLE_COLOUR('',#9331);
#7650=VERTEX_POINT('',#9332);
#7651=LINE('',#9333,#9334);
#7652=VERTEX_POINT('',#9335);
#7653=LINE('',#9336,#9337);
#7654=LINE('',#9338,#9339);
#7655=FILL_AREA_STYLE_COLOUR('',#9340);
#7656=VERTEX_POINT('',#9341);
#7657=LINE('',#9342,#9343);
#7658=VERTEX_POINT('',#9344);
#7659=LINE('',#9345,#9346);
#7660=LINE('',#9347,#9348);
#7661=FILL_AREA_STYLE_COLOUR('',#9349);
#7662=VERTEX_POINT('',#9350);
#7663=LINE('',#9351,#9352);
#7664=VERTEX_POINT('',#9353);
#7665=LINE('',#9354,#9355);
#7666=LINE('',#9356,#9357);
#7667=FILL_AREA_STYLE_COLOUR('',#9358);
#7668=VERTEX_POINT('',#9359);
#7669=LINE('',#9360,#9361);
#7670=VERTEX_POINT('',#9362);
#7671=LINE('',#9363,#9364);
#7672=LINE('',#9365,#9366);
#7673=FILL_AREA_STYLE_COLOUR('',#9367);
#7674=VERTEX_POINT('',#9368);
#7675=LINE('',#9369,#9370);
#7676=VERTEX_POINT('',#9371);
#7677=LINE('',#9372,#9373);
#7678=LINE('',#9374,#9375);
#7679=FILL_AREA_STYLE_COLOUR('',#9376);
#7680=VERTEX_POINT('',#9377);
#7681=LINE('',#9378,#9379);
#7682=VERTEX_POINT('',#9380);
#7683=LINE('',#9381,#9382);
#7684=LINE('',#9383,#9384);
#7685=FILL_AREA_STYLE_COLOUR('',#9385);
#7686=VERTEX_POINT('',#9386);
#7687=LINE('',#9387,#9388);
#7688=VERTEX_POINT('',#9389);
#7689=LINE('',#9390,#9391);
#7690=LINE('',#9392,#9393);
#7691=FILL_AREA_STYLE_COLOUR('',#9394);
#7692=VERTEX_POINT('',#9395);
#7693=LINE('',#9396,#9397);
#7694=VERTEX_POINT('',#9398);
#7695=LINE('',#9399,#9400);
#7696=LINE('',#9401,#9402);
#7697=FILL_AREA_STYLE_COLOUR('',#9403);
#7698=VERTEX_POINT('',#9404);
#7699=LINE('',#9405,#9406);
#7700=VERTEX_POINT('',#9407);
#7701=LINE('',#9408,#9409);
#7702=LINE('',#9410,#9411);
#7703=FILL_AREA_STYLE_COLOUR('',#9412);
#7704=VERTEX_POINT('',#9413);
#7705=LINE('',#9414,#9415);
#7706=VERTEX_POINT('',#9416);
#7707=LINE('',#9417,#9418);
#7708=LINE('',#9419,#9420);
#7709=FILL_AREA_STYLE_COLOUR('',#9421);
#7710=VERTEX_POINT('',#9422);
#7711=LINE('',#9423,#9424);
#7712=VERTEX_POINT('',#9425);
#7713=LINE('',#9426,#9427);
#7714=LINE('',#9428,#9429);
#7715=FILL_AREA_STYLE_COLOUR('',#9430);
#7716=VERTEX_POINT('',#9431);
#7717=LINE('',#9432,#9433);
#7718=VERTEX_POINT('',#9434);
#7719=LINE('',#9435,#9436);
#7720=LINE('',#9437,#9438);
#7721=FILL_AREA_STYLE_COLOUR('',#9439);
#7722=VERTEX_POINT('',#9440);
#7723=VERTEX_POINT('',#9441);
#7724=LINE('',#9442,#9443);
#7725=LINE('',#9444,#9445);
#7726=LINE('',#9446,#9447);
#7727=FILL_AREA_STYLE_COLOUR('',#9448);
#7728=LINE('',#9449,#9450);
#7729=FILL_AREA_STYLE_COLOUR('',#9451);
#7730=VERTEX_POINT('',#9452);
#7731=LINE('',#9453,#9454);
#7732=LINE('',#9455,#9456);
#7733=FILL_AREA_STYLE_COLOUR('',#9457);
#7734=VERTEX_POINT('',#9458);
#7735=LINE('',#9459,#9460);
#7736=LINE('',#9461,#9462);
#7737=FILL_AREA_STYLE_COLOUR('',#9463);
#7738=VERTEX_POINT('',#9464);
#7739=LINE('',#9465,#9466);
#7740=LINE('',#9467,#9468);
#7741=FILL_AREA_STYLE_COLOUR('',#9469);
#7742=VERTEX_POINT('',#9470);
#7743=LINE('',#9471,#9472);
#7744=LINE('',#9473,#9474);
#7745=FILL_AREA_STYLE_COLOUR('',#9475);
#7746=LINE('',#9476,#9477);
#7747=FILL_AREA_STYLE_COLOUR('',#9478);
#7748=VERTEX_POINT('',#9479);
#7749=LINE('',#9480,#9481);
#7750=VERTEX_POINT('',#9482);
#7751=LINE('',#9483,#9484);
#7752=VERTEX_POINT('',#9485);
#7753=LINE('',#9486,#9487);
#7754=LINE('',#9488,#9489);
#7755=VERTEX_POINT('',#9490);
#7756=LINE('',#9491,#9492);
#7757=VERTEX_POINT('',#9493);
#7758=LINE('',#9494,#9495);
#7759=LINE('',#9496,#9497);
#7760=VERTEX_POINT('',#9498);
#7761=LINE('',#9499,#9500);
#7762=VERTEX_POINT('',#9501);
#7763=LINE('',#9502,#9503);
#7764=LINE('',#9504,#9505);
#7765=VERTEX_POINT('',#9506);
#7766=LINE('',#9507,#9508);
#7767=VERTEX_POINT('',#9509);
#7768=LINE('',#9510,#9511);
#7769=LINE('',#9512,#9513);
#7770=VERTEX_POINT('',#9514);
#7771=LINE('',#9515,#9516);
#7772=VERTEX_POINT('',#9517);
#7773=LINE('',#9518,#9519);
#7774=VERTEX_POINT('',#9520);
#7775=LINE('',#9521,#9522);
#7776=VERTEX_POINT('',#9523);
#7777=LINE('',#9524,#9525);
#7778=VERTEX_POINT('',#9526);
#7779=LINE('',#9527,#9528);
#7780=VERTEX_POINT('',#9529);
#7781=LINE('',#9530,#9531);
#7782=VERTEX_POINT('',#9532);
#7783=LINE('',#9533,#9534);
#7784=VERTEX_POINT('',#9535);
#7785=LINE('',#9536,#9537);
#7786=VERTEX_POINT('',#9538);
#7787=LINE('',#9539,#9540);
#7788=VERTEX_POINT('',#9541);
#7789=LINE('',#9542,#9543);
#7790=VERTEX_POINT('',#9544);
#7791=LINE('',#9545,#9546);
#7792=VERTEX_POINT('',#9547);
#7793=LINE('',#9548,#9549);
#7794=VERTEX_POINT('',#9550);
#7795=LINE('',#9551,#9552);
#7796=VERTEX_POINT('',#9553);
#7797=LINE('',#9554,#9555);
#7798=VERTEX_POINT('',#9556);
#7799=LINE('',#9557,#9558);
#7800=VERTEX_POINT('',#9559);
#7801=LINE('',#9560,#9561);
#7802=VERTEX_POINT('',#9562);
#7803=LINE('',#9563,#9564);
#7804=VERTEX_POINT('',#9565);
#7805=LINE('',#9566,#9567);
#7806=VERTEX_POINT('',#9568);
#7807=LINE('',#9569,#9570);
#7808=VERTEX_POINT('',#9571);
#7809=LINE('',#9572,#9573);
#7810=VERTEX_POINT('',#9574);
#7811=LINE('',#9575,#9576);
#7812=LINE('',#9577,#9578);
#7813=FILL_AREA_STYLE_COLOUR('',#9579);
#7814=LINE('',#9580,#9581);
#7815=LINE('',#9582,#9583);
#7816=FILL_AREA_STYLE_COLOUR('',#9584);
#7817=LINE('',#9585,#9586);
#7818=FILL_AREA_STYLE_COLOUR('',#9587);
#7819=LINE('',#9588,#9589);
#7820=FILL_AREA_STYLE_COLOUR('',#9590);
#7821=LINE('',#9591,#9592);
#7822=FILL_AREA_STYLE_COLOUR('',#9593);
#7823=FILL_AREA_STYLE_COLOUR('',#9594);
#7824=LINE('',#9595,#9596);
#7825=FILL_AREA_STYLE_COLOUR('',#9597);
#7826=FILL_AREA_STYLE_COLOUR('',#9598);
#7827=LINE('',#9599,#9600);
#7828=LINE('',#9601,#9602);
#7829=FILL_AREA_STYLE_COLOUR('',#9603);
#7830=LINE('',#9604,#9605);
#7831=FILL_AREA_STYLE_COLOUR('',#9606);
#7832=LINE('',#9607,#9608);
#7833=FILL_AREA_STYLE_COLOUR('',#9609);
#7834=LINE('',#9610,#9611);
#7835=FILL_AREA_STYLE_COLOUR('',#9612);
#7836=FILL_AREA_STYLE_COLOUR('',#9613);
#7837=LINE('',#9614,#9615);
#7838=FILL_AREA_STYLE_COLOUR('',#9616);
#7839=FILL_AREA_STYLE_COLOUR('',#9617);
#7840=LINE('',#9618,#9619);
#7841=LINE('',#9620,#9621);
#7842=FILL_AREA_STYLE_COLOUR('',#9622);
#7843=LINE('',#9623,#9624);
#7844=FILL_AREA_STYLE_COLOUR('',#9625);
#7845=LINE('',#9626,#9627);
#7846=FILL_AREA_STYLE_COLOUR('',#9628);
#7847=LINE('',#9629,#9630);
#7848=FILL_AREA_STYLE_COLOUR('',#9631);
#7849=FILL_AREA_STYLE_COLOUR('',#9632);
#7850=LINE('',#9633,#9634);
#7851=FILL_AREA_STYLE_COLOUR('',#9635);
#7852=FILL_AREA_STYLE_COLOUR('',#9636);
#7853=LINE('',#9637,#9638);
#7854=LINE('',#9639,#9640);
#7855=FILL_AREA_STYLE_COLOUR('',#9641);
#7856=LINE('',#9642,#9643);
#7857=FILL_AREA_STYLE_COLOUR('',#9644);
#7858=LINE('',#9645,#9646);
#7859=FILL_AREA_STYLE_COLOUR('',#9647);
#7860=LINE('',#9648,#9649);
#7861=FILL_AREA_STYLE_COLOUR('',#9650);
#7862=FILL_AREA_STYLE_COLOUR('',#9651);
#7863=LINE('',#9652,#9653);
#7864=FILL_AREA_STYLE_COLOUR('',#9654);
#7865=FILL_AREA_STYLE_COLOUR('',#9655);
#7866=LINE('',#9656,#9657);
#7867=LINE('',#9658,#9659);
#7868=FILL_AREA_STYLE_COLOUR('',#9660);
#7869=LINE('',#9661,#9662);
#7870=FILL_AREA_STYLE_COLOUR('',#9663);
#7871=LINE('',#9664,#9665);
#7872=FILL_AREA_STYLE_COLOUR('',#9666);
#7873=LINE('',#9667,#9668);
#7874=FILL_AREA_STYLE_COLOUR('',#9669);
#7875=FILL_AREA_STYLE_COLOUR('',#9670);
#7876=LINE('',#9671,#9672);
#7877=FILL_AREA_STYLE_COLOUR('',#9673);
#7878=COLOUR_RGB('',0.811764717102051,0.811764717102051,0.811764717102051);
#7879=CARTESIAN_POINT('',(-6.35,1.91304755078161,0.290007719539947));
#7880=CARTESIAN_POINT('',(-6.35,1.91304755078161,-0.290007719539947));
#7881=AXIS2_PLACEMENT_3D('',#9674,#9675,#9676);
#7882=CARTESIAN_POINT('',(-6.35,1.94688304863934,0.29289059931768));
#7883=AXIS2_PLACEMENT_3D('',#9677,#9678,#9679);
#7884=CARTESIAN_POINT('',(-6.05710940068232,1.94688304863934,3.58675688899275E-17));
#7885=AXIS2_PLACEMENT_3D('',#9680,#9681,#9682);
#7886=CARTESIAN_POINT('',(-6.35,1.94688304863934,-0.29289059931768));
#7887=AXIS2_PLACEMENT_3D('',#9683,#9684,#9685);
#7888=AXIS2_PLACEMENT_3D('',#9686,#9687,#9688);
#7889=COLOUR_RGB('',0.811764717102051,0.811764717102051,0.811764717102051);
#7890=CARTESIAN_POINT('',(-3.81,1.91304755078161,0.290007719539947));
#7891=CARTESIAN_POINT('',(-3.81,1.91304755078161,-0.290007719539947));
#7892=AXIS2_PLACEMENT_3D('',#9689,#9690,#9691);
#7893=CARTESIAN_POINT('',(-3.81,1.94688304863934,0.29289059931768));
#7894=AXIS2_PLACEMENT_3D('',#9692,#9693,#9694);
#7895=CARTESIAN_POINT('',(-3.51710940068232,1.94688304863934,3.58675688899275E-17));
#7896=AXIS2_PLACEMENT_3D('',#9695,#9696,#9697);
#7897=CARTESIAN_POINT('',(-3.81,1.94688304863934,-0.29289059931768));
#7898=AXIS2_PLACEMENT_3D('',#9698,#9699,#9700);
#7899=AXIS2_PLACEMENT_3D('',#9701,#9702,#9703);
#7900=COLOUR_RGB('',0.811764717102051,0.811764717102051,0.811764717102051);
#7901=CARTESIAN_POINT('',(-1.27,1.91304755078161,0.290007719539947));
#7902=CARTESIAN_POINT('',(-1.27,1.91304755078161,-0.290007719539947));
#7903=AXIS2_PLACEMENT_3D('',#9704,#9705,#9706);
#7904=CARTESIAN_POINT('',(-1.27,1.94688304863934,0.29289059931768));
#7905=AXIS2_PLACEMENT_3D('',#9707,#9708,#9709);
#7906=CARTESIAN_POINT('',(-0.97710940068232,1.94688304863934,3.58675688899275E-17));
#7907=AXIS2_PLACEMENT_3D('',#9710,#9711,#9712);
#7908=CARTESIAN_POINT('',(-1.27,1.94688304863934,-0.29289059931768));
#7909=AXIS2_PLACEMENT_3D('',#9713,#9714,#9715);
#7910=AXIS2_PLACEMENT_3D('',#9716,#9717,#9718);
#7911=COLOUR_RGB('',0.811764717102051,0.811764717102051,0.811764717102051);
#7912=CARTESIAN_POINT('',(1.27,1.91304755078161,0.290007719539947));
#7913=CARTESIAN_POINT('',(1.27,1.91304755078161,-0.290007719539947));
#7914=AXIS2_PLACEMENT_3D('',#9719,#9720,#9721);
#7915=CARTESIAN_POINT('',(1.27,1.94688304863934,0.29289059931768));
#7916=AXIS2_PLACEMENT_3D('',#9722,#9723,#9724);
#7917=CARTESIAN_POINT('',(1.56289059931768,1.94688304863934,3.58675688899275E-17));
#7918=AXIS2_PLACEMENT_3D('',#9725,#9726,#9727);
#7919=CARTESIAN_POINT('',(1.27,1.94688304863934,-0.29289059931768));
#7920=AXIS2_PLACEMENT_3D('',#9728,#9729,#9730);
#7921=AXIS2_PLACEMENT_3D('',#9731,#9732,#9733);
#7922=COLOUR_RGB('',0.811764717102051,0.811764717102051,0.811764717102051);
#7923=CARTESIAN_POINT('',(3.81,1.91304755078161,0.290007719539947));
#7924=CARTESIAN_POINT('',(3.81,1.91304755078161,-0.290007719539947));
#7925=AXIS2_PLACEMENT_3D('',#9734,#9735,#9736);
#7926=CARTESIAN_POINT('',(3.81,1.94688304863934,0.29289059931768));
#7927=AXIS2_PLACEMENT_3D('',#9737,#9738,#9739);
#7928=CARTESIAN_POINT('',(4.10289059931768,1.94688304863934,3.58675688899275E-17));
#7929=AXIS2_PLACEMENT_3D('',#9740,#9741,#9742);
#7930=CARTESIAN_POINT('',(3.81,1.94688304863934,-0.29289059931768));
#7931=AXIS2_PLACEMENT_3D('',#9743,#9744,#9745);
#7932=AXIS2_PLACEMENT_3D('',#9746,#9747,#9748);
#7933=COLOUR_RGB('',0.811764717102051,0.811764717102051,0.811764717102051);
#7934=CARTESIAN_POINT('',(6.35,1.91304755078161,0.290007719539947));
#7935=CARTESIAN_POINT('',(6.35,1.91304755078161,-0.290007719539947));
#7936=AXIS2_PLACEMENT_3D('',#9749,#9750,#9751);
#7937=CARTESIAN_POINT('',(6.35,1.94688304863934,0.29289059931768));
#7938=AXIS2_PLACEMENT_3D('',#9752,#9753,#9754);
#7939=CARTESIAN_POINT('',(6.64289059931768,1.94688304863934,3.58675688899275E-17));
#7940=AXIS2_PLACEMENT_3D('',#9755,#9756,#9757);
#7941=CARTESIAN_POINT('',(6.35,1.94688304863934,-0.29289059931768));
#7942=AXIS2_PLACEMENT_3D('',#9758,#9759,#9760);
#7943=AXIS2_PLACEMENT_3D('',#9761,#9762,#9763);
#7944=COLOUR_RGB('',0.811764717102051,0.811764717102051,0.811764717102051);
#7945=AXIS2_PLACEMENT_3D('',#9764,#9765,#9766);
#7946=CARTESIAN_POINT('',(6.05710940068232,1.94688304863934,0.0));
#7947=AXIS2_PLACEMENT_3D('',#9767,#9768,#9769);
#7948=AXIS2_PLACEMENT_3D('',#9770,#9771,#9772);
#7949=COLOUR_RGB('',0.811764717102051,0.811764717102051,0.811764717102051);
#7950=AXIS2_PLACEMENT_3D('',#9773,#9774,#9775);
#7951=CARTESIAN_POINT('',(3.51710940068232,1.94688304863934,0.0));
#7952=AXIS2_PLACEMENT_3D('',#9776,#9777,#9778);
#7953=AXIS2_PLACEMENT_3D('',#9779,#9780,#9781);
#7954=COLOUR_RGB('',0.811764717102051,0.811764717102051,0.811764717102051);
#7955=AXIS2_PLACEMENT_3D('',#9782,#9783,#9784);
#7956=CARTESIAN_POINT('',(0.977109400682321,1.94688304863934,0.0));
#7957=AXIS2_PLACEMENT_3D('',#9785,#9786,#9787);
#7958=AXIS2_PLACEMENT_3D('',#9788,#9789,#9790);
#7959=COLOUR_RGB('',0.811764717102051,0.811764717102051,0.811764717102051);
#7960=AXIS2_PLACEMENT_3D('',#9791,#9792,#9793);
#7961=CARTESIAN_POINT('',(-1.56289059931768,1.94688304863934,0.0));
#7962=AXIS2_PLACEMENT_3D('',#9794,#9795,#9796);
#7963=AXIS2_PLACEMENT_3D('',#9797,#9798,#9799);
#7964=COLOUR_RGB('',0.811764717102051,0.811764717102051,0.811764717102051);
#7965=AXIS2_PLACEMENT_3D('',#9800,#9801,#9802);
#7966=CARTESIAN_POINT('',(-4.10289059931768,1.94688304863934,0.0));
#7967=AXIS2_PLACEMENT_3D('',#9803,#9804,#9805);
#7968=AXIS2_PLACEMENT_3D('',#9806,#9807,#9808);
#7969=COLOUR_RGB('',0.811764717102051,0.811764717102051,0.811764717102051);
#7970=AXIS2_PLACEMENT_3D('',#9809,#9810,#9811);
#7971=CARTESIAN_POINT('',(-6.64289059931768,1.94688304863934,0.0));
#7972=AXIS2_PLACEMENT_3D('',#9812,#9813,#9814);
#7973=AXIS2_PLACEMENT_3D('',#9815,#9816,#9817);
#7974=COLOUR_RGB('',0.811764717102051,0.811764717102051,0.811764717102051);
#7975=CARTESIAN_POINT('',(-5.81,8.88178419700125E-16,0.0));
#7976=CARTESIAN_POINT('',(-5.61,0.200000000000001,0.0));
#7977=CARTESIAN_POINT('',(-5.71,0.100000000000001,7.83748066446321E-17));
#7978=VECTOR('',#9818,1.0);
#7979=CARTESIAN_POINT('',(-6.89,8.88178419700125E-16,-6.61287431064083E-17));
#7980=AXIS2_PLACEMENT_3D('',#9819,#9820,#9821);
#7981=CARTESIAN_POINT('',(-7.09,0.200000000000001,-9.06208701828559E-17));
#7982=CARTESIAN_POINT('',(-6.99,0.100000000000001,-7.83748066446321E-17));
#7983=VECTOR('',#9822,1.0);
#7984=AXIS2_PLACEMENT_3D('',#9823,#9824,#9825);
#7985=COLOUR_RGB('',0.811764717102051,0.811764717102051,0.811764717102051);
#7986=CARTESIAN_POINT('',(-6.35,-0.149999999999998,-0.3));
#7987=CARTESIAN_POINT('',(-6.35,1.33226762955019E-15,-0.45));
#7988=AXIS2_PLACEMENT_3D('',#9826,#9827,#9828);
#7989=CARTESIAN_POINT('',(-6.65,-0.149999999999998,-3.67381906146713E-17));
#7990=AXIS2_PLACEMENT_3D('',#9829,#9830,#9831);
#7991=CARTESIAN_POINT('',(-6.35,-0.149999999999998,0.3));
#7992=AXIS2_PLACEMENT_3D('',#9832,#9833,#9834);
#7993=CARTESIAN_POINT('',(-6.35,1.33226762955019E-15,0.45));
#7994=AXIS2_PLACEMENT_3D('',#9835,#9836,#9837);
#7995=AXIS2_PLACEMENT_3D('',#9838,#9839,#9840);
#7996=COLOUR_RGB('',0.811764717102051,0.811764717102051,0.811764717102051);
#7997=CARTESIAN_POINT('',(-6.05,-2.88,0.0));
#7998=CARTESIAN_POINT('',(-6.05,-0.149999999999998,0.0));
#7999=CARTESIAN_POINT('',(-6.05,-1.515,3.67381906146713E-17));
#8000=VECTOR('',#9841,1.0);
#8001=CARTESIAN_POINT('',(-6.35,-2.88,-0.3));
#8002=AXIS2_PLACEMENT_3D('',#9842,#9843,#9844);
#8003=CARTESIAN_POINT('',(-6.65,-2.88,-3.67381906146713E-17));
#8004=AXIS2_PLACEMENT_3D('',#9845,#9846,#9847);
#8005=CARTESIAN_POINT('',(-6.65,-1.515,-3.67381906146713E-17));
#8006=VECTOR('',#9848,1.0);
#8007=AXIS2_PLACEMENT_3D('',#9849,#9850,#9851);
#8008=COLOUR_RGB('',0.811764717102051,0.811764717102051,0.811764717102051);
#8009=CARTESIAN_POINT('',(-5.61,0.3,9.06208701828559E-17));
#8010=CARTESIAN_POINT('',(-5.61,0.25,9.06208701828559E-17));
#8011=VECTOR('',#9852,1.0);
#8012=CARTESIAN_POINT('',(-7.09,0.3,9.06208701828559E-17));
#8013=CARTESIAN_POINT('',(-7.09,0.25,-9.06208701828559E-17));
#8014=VECTOR('',#9853,1.0);
#8015=AXIS2_PLACEMENT_3D('',#9854,#9855,#9856);
#8016=COLOUR_RGB('',0.811764717102051,0.811764717102051,0.811764717102051);
#8017=CARTESIAN_POINT('',(-5.525,4.2,1.01030024190346E-16));
#8018=CARTESIAN_POINT('',(-5.525,4.201,0.0));
#8019=CARTESIAN_POINT('',(-5.525,4.2005,1.01030024190346E-16));
#8020=VECTOR('',#9857,1.0);
#8021=CARTESIAN_POINT('',(-7.175,4.2,-1.01030024190346E-16));
#8022=AXIS2_PLACEMENT_3D('',#9858,#9859,#9860);
#8023=CARTESIAN_POINT('',(-7.175,4.201,-1.01030024190346E-16));
#8024=CARTESIAN_POINT('',(-7.175,4.2005,-1.01030024190346E-16));
#8025=VECTOR('',#9861,1.0);
#8026=AXIS2_PLACEMENT_3D('',#9862,#9863,#9864);
#8027=COLOUR_RGB('',0.811764717102051,0.811764717102051,0.811764717102051);
#8028=CARTESIAN_POINT('',(-3.27,8.88178419700125E-16,0.0));
#8029=CARTESIAN_POINT('',(-3.07,0.200000000000001,0.0));
#8030=CARTESIAN_POINT('',(-3.17,0.100000000000001,7.83748066446321E-17));
#8031=VECTOR('',#9865,1.0);
#8032=CARTESIAN_POINT('',(-4.35,8.88178419700125E-16,-6.61287431064084E-17));
#8033=AXIS2_PLACEMENT_3D('',#9866,#9867,#9868);
#8034=CARTESIAN_POINT('',(-4.55,0.200000000000001,-9.06208701828559E-17));
#8035=CARTESIAN_POINT('',(-4.45,0.100000000000001,-7.83748066446322E-17));
#8036=VECTOR('',#9869,1.0);
#8037=AXIS2_PLACEMENT_3D('',#9870,#9871,#9872);
#8038=COLOUR_RGB('',0.811764717102051,0.811764717102051,0.811764717102051);
#8039=CARTESIAN_POINT('',(-3.81,-0.149999999999998,-0.3));
#8040=CARTESIAN_POINT('',(-3.81,1.33226762955019E-15,-0.45));
#8041=AXIS2_PLACEMENT_3D('',#9873,#9874,#9875);
#8042=CARTESIAN_POINT('',(-4.11,-0.149999999999998,-3.67381906146714E-17));
#8043=AXIS2_PLACEMENT_3D('',#9876,#9877,#9878);
#8044=CARTESIAN_POINT('',(-3.81,-0.149999999999998,0.3));
#8045=AXIS2_PLACEMENT_3D('',#9879,#9880,#9881);
#8046=CARTESIAN_POINT('',(-3.81,1.33226762955019E-15,0.45));
#8047=AXIS2_PLACEMENT_3D('',#9882,#9883,#9884);
#8048=AXIS2_PLACEMENT_3D('',#9885,#9886,#9887);
#8049=COLOUR_RGB('',0.811764717102051,0.811764717102051,0.811764717102051);
#8050=CARTESIAN_POINT('',(-3.51,-2.88,0.0));
#8051=CARTESIAN_POINT('',(-3.51,-0.149999999999998,0.0));
#8052=CARTESIAN_POINT('',(-3.51,-1.515,3.67381906146714E-17));
#8053=VECTOR('',#9888,1.0);
#8054=CARTESIAN_POINT('',(-3.81,-2.88,-0.3));
#8055=AXIS2_PLACEMENT_3D('',#9889,#9890,#9891);
#8056=CARTESIAN_POINT('',(-4.11,-2.88,-3.67381906146714E-17));
#8057=AXIS2_PLACEMENT_3D('',#9892,#9893,#9894);
#8058=CARTESIAN_POINT('',(-4.11,-1.515,-3.67381906146714E-17));
#8059=VECTOR('',#9895,1.0);
#8060=AXIS2_PLACEMENT_3D('',#9896,#9897,#9898);
#8061=COLOUR_RGB('',0.811764717102051,0.811764717102051,0.811764717102051);
#8062=CARTESIAN_POINT('',(-3.07,0.3,9.06208701828559E-17));
#8063=CARTESIAN_POINT('',(-3.07,0.25,9.06208701828559E-17));
#8064=VECTOR('',#9899,1.0);
#8065=CARTESIAN_POINT('',(-4.55,0.3,9.06208701828559E-17));
#8066=CARTESIAN_POINT('',(-4.55,0.25,-9.06208701828559E-17));
#8067=VECTOR('',#9900,1.0);
#8068=AXIS2_PLACEMENT_3D('',#9901,#9902,#9903);
#8069=COLOUR_RGB('',0.811764717102051,0.811764717102051,0.811764717102051);
#8070=CARTESIAN_POINT('',(-2.985,4.2,1.01030024190346E-16));
#8071=CARTESIAN_POINT('',(-2.985,4.201,0.0));
#8072=CARTESIAN_POINT('',(-2.985,4.2005,1.01030024190346E-16));
#8073=VECTOR('',#9904,1.0);
#8074=CARTESIAN_POINT('',(-4.635,4.2,-1.01030024190346E-16));
#8075=AXIS2_PLACEMENT_3D('',#9905,#9906,#9907);
#8076=CARTESIAN_POINT('',(-4.635,4.201,-1.01030024190346E-16));
#8077=CARTESIAN_POINT('',(-4.635,4.2005,-1.01030024190346E-16));
#8078=VECTOR('',#9908,1.0);
#8079=AXIS2_PLACEMENT_3D('',#9909,#9910,#9911);
#8080=COLOUR_RGB('',0.811764717102051,0.811764717102051,0.811764717102051);
#8081=CARTESIAN_POINT('',(-0.73,8.88178419700125E-16,0.0));
#8082=CARTESIAN_POINT('',(-0.529999999999999,0.200000000000001,0.0));
#8083=CARTESIAN_POINT('',(-0.63,0.100000000000001,7.83748066446321E-17));
#8084=VECTOR('',#9912,1.0);
#8085=CARTESIAN_POINT('',(-1.81,8.88178419700125E-16,-6.61287431064084E-17));
#8086=AXIS2_PLACEMENT_3D('',#9913,#9914,#9915);
#8087=CARTESIAN_POINT('',(-2.01,0.200000000000001,-9.06208701828559E-17));
#8088=CARTESIAN_POINT('',(-1.91,0.100000000000001,-7.83748066446321E-17));
#8089=VECTOR('',#9916,1.0);
#8090=AXIS2_PLACEMENT_3D('',#9917,#9918,#9919);
#8091=COLOUR_RGB('',0.811764717102051,0.811764717102051,0.811764717102051);
#8092=CARTESIAN_POINT('',(-1.27,-0.149999999999998,-0.3));
#8093=CARTESIAN_POINT('',(-1.27,1.33226762955019E-15,-0.45));
#8094=AXIS2_PLACEMENT_3D('',#9920,#9921,#9922);
#8095=CARTESIAN_POINT('',(-1.57,-0.149999999999998,-3.67381906146714E-17));
#8096=AXIS2_PLACEMENT_3D('',#9923,#9924,#9925);
#8097=CARTESIAN_POINT('',(-1.27,-0.149999999999998,0.3));
#8098=AXIS2_PLACEMENT_3D('',#9926,#9927,#9928);
#8099=CARTESIAN_POINT('',(-1.27,1.33226762955019E-15,0.45));
#8100=AXIS2_PLACEMENT_3D('',#9929,#9930,#9931);
#8101=AXIS2_PLACEMENT_3D('',#9932,#9933,#9934);
#8102=COLOUR_RGB('',0.811764717102051,0.811764717102051,0.811764717102051);
#8103=CARTESIAN_POINT('',(-0.969999999999999,-2.88,0.0));
#8104=CARTESIAN_POINT('',(-0.969999999999999,-0.149999999999998,0.0));
#8105=CARTESIAN_POINT('',(-0.969999999999999,-1.515,3.67381906146714E-17));
#8106=VECTOR('',#9935,1.0);
#8107=CARTESIAN_POINT('',(-1.27,-2.88,-0.3));
#8108=AXIS2_PLACEMENT_3D('',#9936,#9937,#9938);
#8109=CARTESIAN_POINT('',(-1.57,-2.88,-3.67381906146714E-17));
#8110=AXIS2_PLACEMENT_3D('',#9939,#9940,#9941);
#8111=CARTESIAN_POINT('',(-1.57,-1.515,-3.67381906146714E-17));
#8112=VECTOR('',#9942,1.0);
#8113=AXIS2_PLACEMENT_3D('',#9943,#9944,#9945);
#8114=COLOUR_RGB('',0.811764717102051,0.811764717102051,0.811764717102051);
#8115=CARTESIAN_POINT('',(-0.529999999999999,0.3,9.06208701828559E-17));
#8116=CARTESIAN_POINT('',(-0.529999999999999,0.25,9.06208701828559E-17));
#8117=VECTOR('',#9946,1.0);
#8118=CARTESIAN_POINT('',(-2.01,0.3,9.06208701828559E-17));
#8119=CARTESIAN_POINT('',(-2.01,0.25,-9.06208701828559E-17));
#8120=VECTOR('',#9947,1.0);
#8121=AXIS2_PLACEMENT_3D('',#9948,#9949,#9950);
#8122=COLOUR_RGB('',0.811764717102051,0.811764717102051,0.811764717102051);
#8123=CARTESIAN_POINT('',(-0.444999999999999,4.2,1.01030024190346E-16));
#8124=CARTESIAN_POINT('',(-0.444999999999999,4.201,0.0));
#8125=CARTESIAN_POINT('',(-0.444999999999999,4.2005,1.01030024190346E-16));
#8126=VECTOR('',#9951,1.0);
#8127=CARTESIAN_POINT('',(-2.095,4.2,-1.01030024190346E-16));
#8128=AXIS2_PLACEMENT_3D('',#9952,#9953,#9954);
#8129=CARTESIAN_POINT('',(-2.095,4.201,-1.01030024190346E-16));
#8130=CARTESIAN_POINT('',(-2.095,4.2005,-1.01030024190346E-16));
#8131=VECTOR('',#9955,1.0);
#8132=AXIS2_PLACEMENT_3D('',#9956,#9957,#9958);
#8133=COLOUR_RGB('',0.811764717102051,0.811764717102051,0.811764717102051);
#8134=CARTESIAN_POINT('',(1.81,8.88178419700125E-16,0.0));
#8135=CARTESIAN_POINT('',(2.01,0.200000000000001,0.0));
#8136=CARTESIAN_POINT('',(1.91,0.100000000000001,7.83748066446321E-17));
#8137=VECTOR('',#9959,1.0);
#8138=CARTESIAN_POINT('',(0.730000000000001,8.88178419700125E-16,-6.61287431064084E-17));
#8139=AXIS2_PLACEMENT_3D('',#9960,#9961,#9962);
#8140=CARTESIAN_POINT('',(0.53,0.200000000000001,-9.06208701828559E-17));
#8141=CARTESIAN_POINT('',(0.63,0.100000000000001,-7.83748066446321E-17));
#8142=VECTOR('',#9963,1.0);
#8143=AXIS2_PLACEMENT_3D('',#9964,#9965,#9966);
#8144=COLOUR_RGB('',0.811764717102051,0.811764717102051,0.811764717102051);
#8145=CARTESIAN_POINT('',(1.27,-0.149999999999998,-0.3));
#8146=CARTESIAN_POINT('',(1.27,1.33226762955019E-15,-0.45));
#8147=AXIS2_PLACEMENT_3D('',#9967,#9968,#9969);
#8148=CARTESIAN_POINT('',(0.97,-0.149999999999998,-3.67381906146714E-17));
#8149=AXIS2_PLACEMENT_3D('',#9970,#9971,#9972);
#8150=CARTESIAN_POINT('',(1.27,-0.149999999999998,0.3));
#8151=AXIS2_PLACEMENT_3D('',#9973,#9974,#9975);
#8152=CARTESIAN_POINT('',(1.27,1.33226762955019E-15,0.45));
#8153=AXIS2_PLACEMENT_3D('',#9976,#9977,#9978);
#8154=AXIS2_PLACEMENT_3D('',#9979,#9980,#9981);
#8155=COLOUR_RGB('',0.811764717102051,0.811764717102051,0.811764717102051);
#8156=CARTESIAN_POINT('',(1.57,-2.88,0.0));
#8157=CARTESIAN_POINT('',(1.57,-0.149999999999998,0.0));
#8158=CARTESIAN_POINT('',(1.57,-1.515,3.67381906146714E-17));
#8159=VECTOR('',#9982,1.0);
#8160=CARTESIAN_POINT('',(1.27,-2.88,-0.3));
#8161=AXIS2_PLACEMENT_3D('',#9983,#9984,#9985);
#8162=CARTESIAN_POINT('',(0.97,-2.88,-3.67381906146714E-17));
#8163=AXIS2_PLACEMENT_3D('',#9986,#9987,#9988);
#8164=CARTESIAN_POINT('',(0.97,-1.515,-3.67381906146714E-17));
#8165=VECTOR('',#9989,1.0);
#8166=AXIS2_PLACEMENT_3D('',#9990,#9991,#9992);
#8167=COLOUR_RGB('',0.811764717102051,0.811764717102051,0.811764717102051);
#8168=CARTESIAN_POINT('',(2.01,0.3,9.06208701828559E-17));
#8169=CARTESIAN_POINT('',(2.01,0.25,9.06208701828559E-17));
#8170=VECTOR('',#9993,1.0);
#8171=CARTESIAN_POINT('',(0.53,0.3,9.06208701828559E-17));
#8172=CARTESIAN_POINT('',(0.53,0.25,-9.06208701828559E-17));
#8173=VECTOR('',#9994,1.0);
#8174=AXIS2_PLACEMENT_3D('',#9995,#9996,#9997);
#8175=COLOUR_RGB('',0.811764717102051,0.811764717102051,0.811764717102051);
#8176=CARTESIAN_POINT('',(2.095,4.2,1.01030024190346E-16));
#8177=CARTESIAN_POINT('',(2.095,4.201,0.0));
#8178=CARTESIAN_POINT('',(2.095,4.2005,1.01030024190346E-16));
#8179=VECTOR('',#9998,1.0);
#8180=CARTESIAN_POINT('',(0.445,4.2,-1.01030024190346E-16));
#8181=AXIS2_PLACEMENT_3D('',#9999,#10000,#10001);
#8182=CARTESIAN_POINT('',(0.445,4.201,-1.01030024190346E-16));
#8183=CARTESIAN_POINT('',(0.445,4.2005,-1.01030024190346E-16));
#8184=VECTOR('',#10002,1.0);
#8185=AXIS2_PLACEMENT_3D('',#10003,#10004,#10005);
#8186=COLOUR_RGB('',0.811764717102051,0.811764717102051,0.811764717102051);
#8187=CARTESIAN_POINT('',(4.35,8.88178419700125E-16,0.0));
#8188=CARTESIAN_POINT('',(4.55,0.200000000000001,0.0));
#8189=CARTESIAN_POINT('',(4.45,0.100000000000001,7.83748066446321E-17));
#8190=VECTOR('',#10006,1.0);
#8191=CARTESIAN_POINT('',(3.27,8.88178419700125E-16,-6.61287431064084E-17));
#8192=AXIS2_PLACEMENT_3D('',#10007,#10008,#10009);
#8193=CARTESIAN_POINT('',(3.07,0.200000000000001,-9.06208701828559E-17));
#8194=CARTESIAN_POINT('',(3.17,0.100000000000001,-7.83748066446321E-17));
#8195=VECTOR('',#10010,1.0);
#8196=AXIS2_PLACEMENT_3D('',#10011,#10012,#10013);
#8197=COLOUR_RGB('',0.811764717102051,0.811764717102051,0.811764717102051);
#8198=CARTESIAN_POINT('',(3.81,-0.149999999999998,-0.3));
#8199=CARTESIAN_POINT('',(3.81,1.33226762955019E-15,-0.45));
#8200=AXIS2_PLACEMENT_3D('',#10014,#10015,#10016);
#8201=CARTESIAN_POINT('',(3.51,-0.149999999999998,-3.67381906146714E-17));
#8202=AXIS2_PLACEMENT_3D('',#10017,#10018,#10019);
#8203=CARTESIAN_POINT('',(3.81,-0.149999999999998,0.3));
#8204=AXIS2_PLACEMENT_3D('',#10020,#10021,#10022);
#8205=CARTESIAN_POINT('',(3.81,1.33226762955019E-15,0.45));
#8206=AXIS2_PLACEMENT_3D('',#10023,#10024,#10025);
#8207=AXIS2_PLACEMENT_3D('',#10026,#10027,#10028);
#8208=COLOUR_RGB('',0.811764717102051,0.811764717102051,0.811764717102051);
#8209=CARTESIAN_POINT('',(4.11,-2.88,0.0));
#8210=CARTESIAN_POINT('',(4.11,-0.149999999999998,0.0));
#8211=CARTESIAN_POINT('',(4.11,-1.515,3.67381906146714E-17));
#8212=VECTOR('',#10029,1.0);
#8213=CARTESIAN_POINT('',(3.81,-2.88,-0.3));
#8214=AXIS2_PLACEMENT_3D('',#10030,#10031,#10032);
#8215=CARTESIAN_POINT('',(3.51,-2.88,-3.67381906146714E-17));
#8216=AXIS2_PLACEMENT_3D('',#10033,#10034,#10035);
#8217=CARTESIAN_POINT('',(3.51,-1.515,-3.67381906146714E-17));
#8218=VECTOR('',#10036,1.0);
#8219=AXIS2_PLACEMENT_3D('',#10037,#10038,#10039);
#8220=COLOUR_RGB('',0.811764717102051,0.811764717102051,0.811764717102051);
#8221=CARTESIAN_POINT('',(4.55,0.3,9.06208701828559E-17));
#8222=CARTESIAN_POINT('',(4.55,0.25,9.06208701828559E-17));
#8223=VECTOR('',#10040,1.0);
#8224=CARTESIAN_POINT('',(3.07,0.3,9.06208701828559E-17));
#8225=CARTESIAN_POINT('',(3.07,0.25,-9.06208701828559E-17));
#8226=VECTOR('',#10041,1.0);
#8227=AXIS2_PLACEMENT_3D('',#10042,#10043,#10044);
#8228=COLOUR_RGB('',0.811764717102051,0.811764717102051,0.811764717102051);
#8229=CARTESIAN_POINT('',(4.635,4.2,1.01030024190346E-16));
#8230=CARTESIAN_POINT('',(4.635,4.201,0.0));
#8231=CARTESIAN_POINT('',(4.635,4.2005,1.01030024190346E-16));
#8232=VECTOR('',#10045,1.0);
#8233=CARTESIAN_POINT('',(2.985,4.2,-1.01030024190346E-16));
#8234=AXIS2_PLACEMENT_3D('',#10046,#10047,#10048);
#8235=CARTESIAN_POINT('',(2.985,4.201,-1.01030024190346E-16));
#8236=CARTESIAN_POINT('',(2.985,4.2005,-1.01030024190346E-16));
#8237=VECTOR('',#10049,1.0);
#8238=AXIS2_PLACEMENT_3D('',#10050,#10051,#10052);
#8239=COLOUR_RGB('',0.811764717102051,0.811764717102051,0.811764717102051);
#8240=CARTESIAN_POINT('',(6.89,8.88178419700125E-16,0.0));
#8241=CARTESIAN_POINT('',(7.09,0.200000000000001,0.0));
#8242=CARTESIAN_POINT('',(6.99,0.100000000000001,7.83748066446321E-17));
#8243=VECTOR('',#10053,1.0);
#8244=CARTESIAN_POINT('',(5.81,8.88178419700125E-16,-6.61287431064083E-17));
#8245=AXIS2_PLACEMENT_3D('',#10054,#10055,#10056);
#8246=CARTESIAN_POINT('',(5.61,0.200000000000001,-9.06208701828559E-17));
#8247=CARTESIAN_POINT('',(5.71,0.100000000000001,-7.83748066446321E-17));
#8248=VECTOR('',#10057,1.0);
#8249=AXIS2_PLACEMENT_3D('',#10058,#10059,#10060);
#8250=COLOUR_RGB('',0.811764717102051,0.811764717102051,0.811764717102051);
#8251=CARTESIAN_POINT('',(6.35,-0.149999999999998,-0.3));
#8252=CARTESIAN_POINT('',(6.35,1.33226762955019E-15,-0.45));
#8253=AXIS2_PLACEMENT_3D('',#10061,#10062,#10063);
#8254=CARTESIAN_POINT('',(6.05,-0.149999999999998,-3.67381906146713E-17));
#8255=AXIS2_PLACEMENT_3D('',#10064,#10065,#10066);
#8256=CARTESIAN_POINT('',(6.35,-0.149999999999998,0.3));
#8257=AXIS2_PLACEMENT_3D('',#10067,#10068,#10069);
#8258=CARTESIAN_POINT('',(6.35,1.33226762955019E-15,0.45));
#8259=AXIS2_PLACEMENT_3D('',#10070,#10071,#10072);
#8260=AXIS2_PLACEMENT_3D('',#10073,#10074,#10075);
#8261=COLOUR_RGB('',0.811764717102051,0.811764717102051,0.811764717102051);
#8262=CARTESIAN_POINT('',(6.65,-2.88,0.0));
#8263=CARTESIAN_POINT('',(6.65,-0.149999999999998,0.0));
#8264=CARTESIAN_POINT('',(6.65,-1.515,3.67381906146713E-17));
#8265=VECTOR('',#10076,1.0);
#8266=CARTESIAN_POINT('',(6.35,-2.88,-0.3));
#8267=AXIS2_PLACEMENT_3D('',#10077,#10078,#10079);
#8268=CARTESIAN_POINT('',(6.05,-2.88,-3.67381906146713E-17));
#8269=AXIS2_PLACEMENT_3D('',#10080,#10081,#10082);
#8270=CARTESIAN_POINT('',(6.05,-1.515,-3.67381906146713E-17));
#8271=VECTOR('',#10083,1.0);
#8272=AXIS2_PLACEMENT_3D('',#10084,#10085,#10086);
#8273=COLOUR_RGB('',0.811764717102051,0.811764717102051,0.811764717102051);
#8274=CARTESIAN_POINT('',(7.09,0.3,9.06208701828559E-17));
#8275=CARTESIAN_POINT('',(7.09,0.25,9.06208701828559E-17));
#8276=VECTOR('',#10087,1.0);
#8277=CARTESIAN_POINT('',(5.61,0.3,9.06208701828559E-17));
#8278=CARTESIAN_POINT('',(5.61,0.25,-9.06208701828559E-17));
#8279=VECTOR('',#10088,1.0);
#8280=AXIS2_PLACEMENT_3D('',#10089,#10090,#10091);
#8281=COLOUR_RGB('',0.811764717102051,0.811764717102051,0.811764717102051);
#8282=CARTESIAN_POINT('',(7.175,4.2,1.01030024190346E-16));
#8283=CARTESIAN_POINT('',(7.175,4.201,0.0));
#8284=CARTESIAN_POINT('',(7.175,4.2005,1.01030024190346E-16));
#8285=VECTOR('',#10092,1.0);
#8286=CARTESIAN_POINT('',(5.525,4.2,-1.01030024190346E-16));
#8287=AXIS2_PLACEMENT_3D('',#10093,#10094,#10095);
#8288=CARTESIAN_POINT('',(5.525,4.201,-1.01030024190346E-16));
#8289=CARTESIAN_POINT('',(5.525,4.2005,-1.01030024190346E-16));
#8290=VECTOR('',#10096,1.0);
#8291=AXIS2_PLACEMENT_3D('',#10097,#10098,#10099);
#8292=COLOUR_RGB('',0.811764717102051,0.811764717102051,0.811764717102051);
#8293=CARTESIAN_POINT('',(-6.35,1.81626217769223,0.314986030724104));
#8294=AXIS2_PLACEMENT_3D('',#10100,#10101,#10102);
#8295=CARTESIAN_POINT('',(-6.6649860307241,1.81626217769223,0.0));
#8296=AXIS2_PLACEMENT_3D('',#10103,#10104,#10105);
#8297=CARTESIAN_POINT('',(-6.35,1.81626217769223,-0.314986030724104));
#8298=AXIS2_PLACEMENT_3D('',#10106,#10107,#10108);
#8299=AXIS2_PLACEMENT_3D('',#10109,#10110,#10111);
#8300=COLOUR_RGB('',0.811764717102051,0.811764717102051,0.811764717102051);
#8301=CARTESIAN_POINT('',(-6.75972539731219,1.8,0.0));
#8302=CARTESIAN_POINT('',(-6.71235571401815,1.80813108884611,-4.43743109730467E-17));
#8303=VECTOR('',#10112,1.0);
#8304=CARTESIAN_POINT('',(-6.0350139692759,1.81626217769223,3.85733894590029E-17));
#8305=AXIS2_PLACEMENT_3D('',#10113,#10114,#10115);
#8306=CARTESIAN_POINT('',(-5.94027460268781,1.8,5.01752324870905E-17));
#8307=CARTESIAN_POINT('',(-5.98764428598185,1.80813108884611,4.43743109730467E-17));
#8308=VECTOR('',#10116,1.0);
#8309=AXIS2_PLACEMENT_3D('',#10117,#10118,#10119);
#8310=COLOUR_RGB('',0.811764717102051,0.811764717102051,0.811764717102051);
#8311=CARTESIAN_POINT('',(-7.0,3.50109028386995,0.0));
#8312=CARTESIAN_POINT('',(-6.87986269865609,2.65054514193498,-6.48873227427725E-17));
#8313=VECTOR('',#10120,1.0);
#8314=CARTESIAN_POINT('',(-5.7,3.50109028386995,7.95994129984546E-17));
#8315=AXIS2_PLACEMENT_3D('',#10121,#10122,#10123);
#8316=CARTESIAN_POINT('',(-5.8201373013439,2.65054514193498,6.48873227427725E-17));
#8317=VECTOR('',#10124,1.0);
#8318=AXIS2_PLACEMENT_3D('',#10125,#10126,#10127);
#8319=COLOUR_RGB('',0.811764717102051,0.811764717102051,0.811764717102051);
#8320=CARTESIAN_POINT('',(-7.0,0.5,0.0));
#8321=CARTESIAN_POINT('',(-7.0,2.00054514193498,-7.95994129984545E-17));
#8322=VECTOR('',#10128,1.0);
#8323=AXIS2_PLACEMENT_3D('',#10129,#10130,#10131);
#8324=CARTESIAN_POINT('',(-5.7,0.5,7.95994129984545E-17));
#8325=CARTESIAN_POINT('',(-5.7,2.00054514193498,7.95994129984546E-17));
#8326=VECTOR('',#10132,1.0);
#8327=AXIS2_PLACEMENT_3D('',#10133,#10134,#10135);
#8328=COLOUR_RGB('',0.811764717102051,0.811764717102051,0.811764717102051);
#8329=CARTESIAN_POINT('',(-6.35,0.12472232502675,0.0));
#8330=CARTESIAN_POINT('',(-6.025,0.312361162513375,3.97997064992273E-17));
#8331=VECTOR('',#10136,1.0);
#8332=CARTESIAN_POINT('',(-6.675,0.312361162513375,-3.97997064992273E-17));
#8333=VECTOR('',#10137,1.0);
#8334=COLOUR_RGB('',0.811764717102051,0.811764717102051,0.811764717102051);
#8335=CARTESIAN_POINT('',(-7.09,4.201,-9.06208701828559E-17));
#8336=CARTESIAN_POINT('',(-7.09,4.2,0.0));
#8337=CARTESIAN_POINT('',(-7.09,4.2005,-9.06208701828559E-17));
#8338=VECTOR('',#10138,1.0);
#8339=CARTESIAN_POINT('',(-5.61,4.201,9.06208701828559E-17));
#8340=AXIS2_PLACEMENT_3D('',#10139,#10140,#10141);
#8341=CARTESIAN_POINT('',(-5.61,4.2,9.06208701828559E-17));
#8342=CARTESIAN_POINT('',(-5.61,4.2005,9.06208701828559E-17));
#8343=VECTOR('',#10142,1.0);
#8344=AXIS2_PLACEMENT_3D('',#10143,#10144,#10145);
#8345=COLOUR_RGB('',0.811764717102051,0.811764717102051,0.811764717102051);
#8346=CARTESIAN_POINT('',(-7.0,4.11,0.0));
#8347=CARTESIAN_POINT('',(-7.045,4.155,-8.51101415906552E-17));
#8348=VECTOR('',#10146,1.0);
#8349=CARTESIAN_POINT('',(-5.7,4.11,7.95994129984546E-17));
#8350=CARTESIAN_POINT('',(-5.655,4.155,8.51101415906552E-17));
#8351=VECTOR('',#10147,1.0);
#8352=AXIS2_PLACEMENT_3D('',#10148,#10149,#10150);
#8353=COLOUR_RGB('',0.811764717102051,0.811764717102051,0.811764717102051);
#8354=CARTESIAN_POINT('',(-7.0,4.04301867843887,0.0));
#8355=CARTESIAN_POINT('',(-7.0,4.07650933921943,-7.95994129984545E-17));
#8356=VECTOR('',#10151,1.0);
#8357=CARTESIAN_POINT('',(-5.7,4.04301867843887,7.95994129984546E-17));
#8358=CARTESIAN_POINT('',(-5.7,4.07650933921943,7.95994129984546E-17));
#8359=VECTOR('',#10152,1.0);
#8360=AXIS2_PLACEMENT_3D('',#10153,#10154,#10155);
#8361=COLOUR_RGB('',0.811764717102051,0.811764717102051,0.811764717102051);
#8362=CARTESIAN_POINT('',(-6.96,4.04301867843887,0.0));
#8363=CARTESIAN_POINT('',(-6.87,3.98,0.0));
#8364=CARTESIAN_POINT('',(-6.915,4.01150933921943,-6.91902589909644E-17));
#8365=VECTOR('',#10156,1.0);
#8366=CARTESIAN_POINT('',(-5.74,4.04301867843887,7.4700987583165E-17));
#8367=AXIS2_PLACEMENT_3D('',#10157,#10158,#10159);
#8368=CARTESIAN_POINT('',(-5.83,3.98,6.36795303987636E-17));
#8369=CARTESIAN_POINT('',(-5.785,4.01150933921943,6.91902589909643E-17));
#8370=VECTOR('',#10160,1.0);
#8371=AXIS2_PLACEMENT_3D('',#10161,#10162,#10163);
#8372=COLOUR_RGB('',0.811764717102051,0.811764717102051,0.811764717102051);
#8373=CARTESIAN_POINT('',(-6.87,3.51301867843887,0.0));
#8374=CARTESIAN_POINT('',(-6.87,3.74650933921944,-6.36795303987636E-17));
#8375=VECTOR('',#10164,1.0);
#8376=CARTESIAN_POINT('',(-5.83,3.51301867843887,6.36795303987637E-17));
#8377=CARTESIAN_POINT('',(-5.83,3.74650933921944,6.36795303987636E-17));
#8378=VECTOR('',#10165,1.0);
#8379=AXIS2_PLACEMENT_3D('',#10166,#10167,#10168);
#8380=COLOUR_RGB('',0.811764717102051,0.811764717102051,0.811764717102051);
#8381=CARTESIAN_POINT('',(-6.75644529965884,2.72995086353911,-4.97735496443456E-17));
#8382=VECTOR('',#10169,1.0);
#8383=CARTESIAN_POINT('',(-5.94355470034116,2.72995086353911,4.97735496443456E-17));
#8384=VECTOR('',#10170,1.0);
#8385=COLOUR_RGB('',0.811764717102051,0.811764717102051,0.811764717102051);
#8386=CARTESIAN_POINT('',(-3.81,1.81626217769223,0.314986030724104));
#8387=AXIS2_PLACEMENT_3D('',#10171,#10172,#10173);
#8388=CARTESIAN_POINT('',(-4.1249860307241,1.81626217769223,0.0));
#8389=AXIS2_PLACEMENT_3D('',#10174,#10175,#10176);
#8390=CARTESIAN_POINT('',(-3.81,1.81626217769223,-0.314986030724104));
#8391=AXIS2_PLACEMENT_3D('',#10177,#10178,#10179);
#8392=AXIS2_PLACEMENT_3D('',#10180,#10181,#10182);
#8393=COLOUR_RGB('',0.811764717102051,0.811764717102051,0.811764717102051);
#8394=CARTESIAN_POINT('',(-4.21972539731219,1.8,0.0));
#8395=CARTESIAN_POINT('',(-4.17235571401815,1.80813108884611,-4.43743109730467E-17));
#8396=VECTOR('',#10183,1.0);
#8397=CARTESIAN_POINT('',(-3.4950139692759,1.81626217769223,3.85733894590029E-17));
#8398=AXIS2_PLACEMENT_3D('',#10184,#10185,#10186);
#8399=CARTESIAN_POINT('',(-3.40027460268781,1.8,5.01752324870905E-17));
#8400=CARTESIAN_POINT('',(-3.44764428598185,1.80813108884611,4.43743109730467E-17));
#8401=VECTOR('',#10187,1.0);
#8402=AXIS2_PLACEMENT_3D('',#10188,#10189,#10190);
#8403=COLOUR_RGB('',0.811764717102051,0.811764717102051,0.811764717102051);
#8404=CARTESIAN_POINT('',(-4.46,3.50109028386995,0.0));
#8405=CARTESIAN_POINT('',(-4.33986269865609,2.65054514193498,-6.48873227427725E-17));
#8406=VECTOR('',#10191,1.0);
#8407=CARTESIAN_POINT('',(-3.16,3.50109028386995,7.95994129984546E-17));
#8408=AXIS2_PLACEMENT_3D('',#10192,#10193,#10194);
#8409=CARTESIAN_POINT('',(-3.2801373013439,2.65054514193498,6.48873227427725E-17));
#8410=VECTOR('',#10195,1.0);
#8411=AXIS2_PLACEMENT_3D('',#10196,#10197,#10198);
#8412=COLOUR_RGB('',0.811764717102051,0.811764717102051,0.811764717102051);
#8413=CARTESIAN_POINT('',(-4.46,0.5,0.0));
#8414=CARTESIAN_POINT('',(-4.46,2.00054514193498,-7.95994129984545E-17));
#8415=VECTOR('',#10199,1.0);
#8416=AXIS2_PLACEMENT_3D('',#10200,#10201,#10202);
#8417=CARTESIAN_POINT('',(-3.16,0.5,7.95994129984545E-17));
#8418=CARTESIAN_POINT('',(-3.16,2.00054514193498,7.95994129984546E-17));
#8419=VECTOR('',#10203,1.0);
#8420=AXIS2_PLACEMENT_3D('',#10204,#10205,#10206);
#8421=COLOUR_RGB('',0.811764717102051,0.811764717102051,0.811764717102051);
#8422=CARTESIAN_POINT('',(-3.81,0.12472232502675,0.0));
#8423=CARTESIAN_POINT('',(-3.485,0.312361162513375,3.97997064992273E-17));
#8424=VECTOR('',#10207,1.0);
#8425=CARTESIAN_POINT('',(-4.135,0.312361162513375,-3.97997064992273E-17));
#8426=VECTOR('',#10208,1.0);
#8427=COLOUR_RGB('',0.811764717102051,0.811764717102051,0.811764717102051);
#8428=CARTESIAN_POINT('',(-4.55,4.201,-9.06208701828559E-17));
#8429=CARTESIAN_POINT('',(-4.55,4.2,0.0));
#8430=CARTESIAN_POINT('',(-4.55,4.2005,-9.06208701828559E-17));
#8431=VECTOR('',#10209,1.0);
#8432=CARTESIAN_POINT('',(-3.07,4.201,9.06208701828559E-17));
#8433=AXIS2_PLACEMENT_3D('',#10210,#10211,#10212);
#8434=CARTESIAN_POINT('',(-3.07,4.2,9.06208701828559E-17));
#8435=CARTESIAN_POINT('',(-3.07,4.2005,9.06208701828559E-17));
#8436=VECTOR('',#10213,1.0);
#8437=AXIS2_PLACEMENT_3D('',#10214,#10215,#10216);
#8438=COLOUR_RGB('',0.811764717102051,0.811764717102051,0.811764717102051);
#8439=CARTESIAN_POINT('',(-4.46,4.11,0.0));
#8440=CARTESIAN_POINT('',(-4.505,4.155,-8.51101415906552E-17));
#8441=VECTOR('',#10217,1.0);
#8442=CARTESIAN_POINT('',(-3.16,4.11,7.95994129984546E-17));
#8443=CARTESIAN_POINT('',(-3.115,4.155,8.51101415906552E-17));
#8444=VECTOR('',#10218,1.0);
#8445=AXIS2_PLACEMENT_3D('',#10219,#10220,#10221);
#8446=COLOUR_RGB('',0.811764717102051,0.811764717102051,0.811764717102051);
#8447=CARTESIAN_POINT('',(-4.46,4.04301867843887,0.0));
#8448=CARTESIAN_POINT('',(-4.46,4.07650933921943,-7.95994129984545E-17));
#8449=VECTOR('',#10222,1.0);
#8450=CARTESIAN_POINT('',(-3.16,4.04301867843887,7.95994129984546E-17));
#8451=CARTESIAN_POINT('',(-3.16,4.07650933921943,7.95994129984546E-17));
#8452=VECTOR('',#10223,1.0);
#8453=AXIS2_PLACEMENT_3D('',#10224,#10225,#10226);
#8454=COLOUR_RGB('',0.811764717102051,0.811764717102051,0.811764717102051);
#8455=CARTESIAN_POINT('',(-4.42,4.04301867843887,0.0));
#8456=CARTESIAN_POINT('',(-4.33,3.98,0.0));
#8457=CARTESIAN_POINT('',(-4.375,4.01150933921943,-6.91902589909644E-17));
#8458=VECTOR('',#10227,1.0);
#8459=CARTESIAN_POINT('',(-3.2,4.04301867843887,7.4700987583165E-17));
#8460=AXIS2_PLACEMENT_3D('',#10228,#10229,#10230);
#8461=CARTESIAN_POINT('',(-3.29,3.98,6.36795303987636E-17));
#8462=CARTESIAN_POINT('',(-3.245,4.01150933921943,6.91902589909643E-17));
#8463=VECTOR('',#10231,1.0);
#8464=AXIS2_PLACEMENT_3D('',#10232,#10233,#10234);
#8465=COLOUR_RGB('',0.811764717102051,0.811764717102051,0.811764717102051);
#8466=CARTESIAN_POINT('',(-4.33,3.51301867843887,0.0));
#8467=CARTESIAN_POINT('',(-4.33,3.74650933921944,-6.36795303987636E-17));
#8468=VECTOR('',#10235,1.0);
#8469=CARTESIAN_POINT('',(-3.29,3.51301867843887,6.36795303987636E-17));
#8470=CARTESIAN_POINT('',(-3.29,3.74650933921944,6.36795303987636E-17));
#8471=VECTOR('',#10236,1.0);
#8472=AXIS2_PLACEMENT_3D('',#10237,#10238,#10239);
#8473=COLOUR_RGB('',0.811764717102051,0.811764717102051,0.811764717102051);
#8474=CARTESIAN_POINT('',(-4.21644529965884,2.72995086353911,-4.97735496443456E-17));
#8475=VECTOR('',#10240,1.0);
#8476=CARTESIAN_POINT('',(-3.40355470034116,2.72995086353911,4.97735496443456E-17));
#8477=VECTOR('',#10241,1.0);
#8478=COLOUR_RGB('',0.811764717102051,0.811764717102051,0.811764717102051);
#8479=CARTESIAN_POINT('',(-1.27,1.81626217769223,0.314986030724104));
#8480=AXIS2_PLACEMENT_3D('',#10242,#10243,#10244);
#8481=CARTESIAN_POINT('',(-1.5849860307241,1.81626217769223,0.0));
#8482=AXIS2_PLACEMENT_3D('',#10245,#10246,#10247);
#8483=CARTESIAN_POINT('',(-1.27,1.81626217769223,-0.314986030724104));
#8484=AXIS2_PLACEMENT_3D('',#10248,#10249,#10250);
#8485=AXIS2_PLACEMENT_3D('',#10251,#10252,#10253);
#8486=COLOUR_RGB('',0.811764717102051,0.811764717102051,0.811764717102051);
#8487=CARTESIAN_POINT('',(-1.67972539731219,1.8,0.0));
#8488=CARTESIAN_POINT('',(-1.63235571401815,1.80813108884611,-4.43743109730467E-17));
#8489=VECTOR('',#10254,1.0);
#8490=CARTESIAN_POINT('',(-0.955013969275895,1.81626217769223,3.85733894590028E-17));
#8491=AXIS2_PLACEMENT_3D('',#10255,#10256,#10257);
#8492=CARTESIAN_POINT('',(-0.86027460268781,1.8,5.01752324870906E-17));
#8493=CARTESIAN_POINT('',(-0.907644285981853,1.80813108884611,4.43743109730467E-17));
#8494=VECTOR('',#10258,1.0);
#8495=AXIS2_PLACEMENT_3D('',#10259,#10260,#10261);
#8496=COLOUR_RGB('',0.811764717102051,0.811764717102051,0.811764717102051);
#8497=CARTESIAN_POINT('',(-1.92,3.50109028386995,0.0));
#8498=CARTESIAN_POINT('',(-1.79986269865609,2.65054514193498,-6.48873227427726E-17));
#8499=VECTOR('',#10262,1.0);
#8500=CARTESIAN_POINT('',(-0.619999999999999,3.50109028386995,7.95994129984545E-17));
#8501=AXIS2_PLACEMENT_3D('',#10263,#10264,#10265);
#8502=CARTESIAN_POINT('',(-0.740137301343905,2.65054514193498,6.48873227427726E-17));
#8503=VECTOR('',#10266,1.0);
#8504=AXIS2_PLACEMENT_3D('',#10267,#10268,#10269);
#8505=COLOUR_RGB('',0.811764717102051,0.811764717102051,0.811764717102051);
#8506=CARTESIAN_POINT('',(-1.92,0.5,0.0));
#8507=CARTESIAN_POINT('',(-1.92,2.00054514193498,-7.95994129984545E-17));
#8508=VECTOR('',#10270,1.0);
#8509=AXIS2_PLACEMENT_3D('',#10271,#10272,#10273);
#8510=CARTESIAN_POINT('',(-0.619999999999999,0.5,7.95994129984545E-17));
#8511=CARTESIAN_POINT('',(-0.619999999999999,2.00054514193498,7.95994129984545E-17));
#8512=VECTOR('',#10274,1.0);
#8513=AXIS2_PLACEMENT_3D('',#10275,#10276,#10277);
#8514=COLOUR_RGB('',0.811764717102051,0.811764717102051,0.811764717102051);
#8515=CARTESIAN_POINT('',(-1.27,0.12472232502675,0.0));
#8516=CARTESIAN_POINT('',(-0.945,0.312361162513375,3.97997064992273E-17));
#8517=VECTOR('',#10278,1.0);
#8518=CARTESIAN_POINT('',(-1.595,0.312361162513375,-3.97997064992273E-17));
#8519=VECTOR('',#10279,1.0);
#8520=COLOUR_RGB('',0.811764717102051,0.811764717102051,0.811764717102051);
#8521=CARTESIAN_POINT('',(-2.01,4.201,-9.06208701828559E-17));
#8522=CARTESIAN_POINT('',(-2.01,4.2,0.0));
#8523=CARTESIAN_POINT('',(-2.01,4.2005,-9.06208701828559E-17));
#8524=VECTOR('',#10280,1.0);
#8525=CARTESIAN_POINT('',(-0.53,4.201,9.06208701828559E-17));
#8526=AXIS2_PLACEMENT_3D('',#10281,#10282,#10283);
#8527=CARTESIAN_POINT('',(-0.53,4.2,9.06208701828559E-17));
#8528=CARTESIAN_POINT('',(-0.53,4.2005,9.06208701828559E-17));
#8529=VECTOR('',#10284,1.0);
#8530=AXIS2_PLACEMENT_3D('',#10285,#10286,#10287);
#8531=COLOUR_RGB('',0.811764717102051,0.811764717102051,0.811764717102051);
#8532=CARTESIAN_POINT('',(-1.92,4.11,0.0));
#8533=CARTESIAN_POINT('',(-1.965,4.155,-8.51101415906552E-17));
#8534=VECTOR('',#10288,1.0);
#8535=CARTESIAN_POINT('',(-0.619999999999999,4.11,7.95994129984545E-17));
#8536=CARTESIAN_POINT('',(-0.575,4.155,8.51101415906552E-17));
#8537=VECTOR('',#10289,1.0);
#8538=AXIS2_PLACEMENT_3D('',#10290,#10291,#10292);
#8539=COLOUR_RGB('',0.811764717102051,0.811764717102051,0.811764717102051);
#8540=CARTESIAN_POINT('',(-1.92,4.04301867843887,0.0));
#8541=CARTESIAN_POINT('',(-1.92,4.07650933921943,-7.95994129984545E-17));
#8542=VECTOR('',#10293,1.0);
#8543=CARTESIAN_POINT('',(-0.619999999999999,4.04301867843887,7.95994129984545E-17));
#8544=CARTESIAN_POINT('',(-0.619999999999999,4.07650933921943,7.95994129984545E-17));
#8545=VECTOR('',#10294,1.0);
#8546=AXIS2_PLACEMENT_3D('',#10295,#10296,#10297);
#8547=COLOUR_RGB('',0.811764717102051,0.811764717102051,0.811764717102051);
#8548=CARTESIAN_POINT('',(-1.88,4.04301867843887,0.0));
#8549=CARTESIAN_POINT('',(-1.79,3.98,0.0));
#8550=CARTESIAN_POINT('',(-1.835,4.01150933921943,-6.91902589909643E-17));
#8551=VECTOR('',#10298,1.0);
#8552=CARTESIAN_POINT('',(-0.659999999999999,4.04301867843887,7.4700987583165E-17));
#8553=AXIS2_PLACEMENT_3D('',#10299,#10300,#10301);
#8554=CARTESIAN_POINT('',(-0.749999999999999,3.98,6.36795303987636E-17));
#8555=CARTESIAN_POINT('',(-0.704999999999999,4.01150933921943,6.91902589909643E-17));
#8556=VECTOR('',#10302,1.0);
#8557=AXIS2_PLACEMENT_3D('',#10303,#10304,#10305);
#8558=COLOUR_RGB('',0.811764717102051,0.811764717102051,0.811764717102051);
#8559=CARTESIAN_POINT('',(-1.79,3.51301867843887,0.0));
#8560=CARTESIAN_POINT('',(-1.79,3.74650933921944,-6.36795303987636E-17));
#8561=VECTOR('',#10306,1.0);
#8562=CARTESIAN_POINT('',(-0.749999999999999,3.51301867843887,6.36795303987636E-17));
#8563=CARTESIAN_POINT('',(-0.749999999999999,3.74650933921944,6.36795303987636E-17));
#8564=VECTOR('',#10307,1.0);
#8565=AXIS2_PLACEMENT_3D('',#10308,#10309,#10310);
#8566=COLOUR_RGB('',0.811764717102051,0.811764717102051,0.811764717102051);
#8567=CARTESIAN_POINT('',(-1.67644529965884,2.72995086353911,-4.97735496443456E-17));
#8568=VECTOR('',#10311,1.0);
#8569=CARTESIAN_POINT('',(-0.86355470034116,2.72995086353911,4.97735496443456E-17));
#8570=VECTOR('',#10312,1.0);
#8571=COLOUR_RGB('',0.811764717102051,0.811764717102051,0.811764717102051);
#8572=CARTESIAN_POINT('',(1.27,1.81626217769223,0.314986030724104));
#8573=AXIS2_PLACEMENT_3D('',#10313,#10314,#10315);
#8574=CARTESIAN_POINT('',(0.955013969275896,1.81626217769223,0.0));
#8575=AXIS2_PLACEMENT_3D('',#10316,#10317,#10318);
#8576=CARTESIAN_POINT('',(1.27,1.81626217769223,-0.314986030724104));
#8577=AXIS2_PLACEMENT_3D('',#10319,#10320,#10321);
#8578=AXIS2_PLACEMENT_3D('',#10322,#10323,#10324);
#8579=COLOUR_RGB('',0.811764717102051,0.811764717102051,0.811764717102051);
#8580=CARTESIAN_POINT('',(0.86027460268781,1.8,0.0));
#8581=CARTESIAN_POINT('',(0.907644285981853,1.80813108884611,-4.43743109730467E-17));
#8582=VECTOR('',#10325,1.0);
#8583=CARTESIAN_POINT('',(1.5849860307241,1.81626217769223,3.85733894590028E-17));
#8584=AXIS2_PLACEMENT_3D('',#10326,#10327,#10328);
#8585=CARTESIAN_POINT('',(1.67972539731219,1.8,5.01752324870906E-17));
#8586=CARTESIAN_POINT('',(1.63235571401815,1.80813108884611,4.43743109730467E-17));
#8587=VECTOR('',#10329,1.0);
#8588=AXIS2_PLACEMENT_3D('',#10330,#10331,#10332);
#8589=COLOUR_RGB('',0.811764717102051,0.811764717102051,0.811764717102051);
#8590=CARTESIAN_POINT('',(0.62,3.50109028386995,0.0));
#8591=CARTESIAN_POINT('',(0.740137301343905,2.65054514193498,-6.48873227427726E-17));
#8592=VECTOR('',#10333,1.0);
#8593=CARTESIAN_POINT('',(1.92,3.50109028386995,7.95994129984545E-17));
#8594=AXIS2_PLACEMENT_3D('',#10334,#10335,#10336);
#8595=CARTESIAN_POINT('',(1.7998626986561,2.65054514193498,6.48873227427726E-17));
#8596=VECTOR('',#10337,1.0);
#8597=AXIS2_PLACEMENT_3D('',#10338,#10339,#10340);
#8598=COLOUR_RGB('',0.811764717102051,0.811764717102051,0.811764717102051);
#8599=CARTESIAN_POINT('',(0.62,0.5,0.0));
#8600=CARTESIAN_POINT('',(0.62,2.00054514193498,-7.95994129984545E-17));
#8601=VECTOR('',#10341,1.0);
#8602=AXIS2_PLACEMENT_3D('',#10342,#10343,#10344);
#8603=CARTESIAN_POINT('',(1.92,0.5,7.95994129984545E-17));
#8604=CARTESIAN_POINT('',(1.92,2.00054514193498,7.95994129984545E-17));
#8605=VECTOR('',#10345,1.0);
#8606=AXIS2_PLACEMENT_3D('',#10346,#10347,#10348);
#8607=COLOUR_RGB('',0.811764717102051,0.811764717102051,0.811764717102051);
#8608=CARTESIAN_POINT('',(1.27,0.12472232502675,0.0));
#8609=CARTESIAN_POINT('',(1.595,0.312361162513375,3.97997064992273E-17));
#8610=VECTOR('',#10349,1.0);
#8611=CARTESIAN_POINT('',(0.945,0.312361162513375,-3.97997064992273E-17));
#8612=VECTOR('',#10350,1.0);
#8613=COLOUR_RGB('',0.811764717102051,0.811764717102051,0.811764717102051);
#8614=CARTESIAN_POINT('',(0.53,4.201,-9.06208701828559E-17));
#8615=CARTESIAN_POINT('',(0.53,4.2,0.0));
#8616=CARTESIAN_POINT('',(0.53,4.2005,-9.06208701828559E-17));
#8617=VECTOR('',#10351,1.0);
#8618=CARTESIAN_POINT('',(2.01,4.201,9.06208701828559E-17));
#8619=AXIS2_PLACEMENT_3D('',#10352,#10353,#10354);
#8620=CARTESIAN_POINT('',(2.01,4.2,9.06208701828559E-17));
#8621=CARTESIAN_POINT('',(2.01,4.2005,9.06208701828559E-17));
#8622=VECTOR('',#10355,1.0);
#8623=AXIS2_PLACEMENT_3D('',#10356,#10357,#10358);
#8624=COLOUR_RGB('',0.811764717102051,0.811764717102051,0.811764717102051);
#8625=CARTESIAN_POINT('',(0.62,4.11,0.0));
#8626=CARTESIAN_POINT('',(0.575,4.155,-8.51101415906552E-17));
#8627=VECTOR('',#10359,1.0);
#8628=CARTESIAN_POINT('',(1.92,4.11,7.95994129984545E-17));
#8629=CARTESIAN_POINT('',(1.965,4.155,8.51101415906552E-17));
#8630=VECTOR('',#10360,1.0);
#8631=AXIS2_PLACEMENT_3D('',#10361,#10362,#10363);
#8632=COLOUR_RGB('',0.811764717102051,0.811764717102051,0.811764717102051);
#8633=CARTESIAN_POINT('',(0.62,4.04301867843887,0.0));
#8634=CARTESIAN_POINT('',(0.62,4.07650933921943,-7.95994129984545E-17));
#8635=VECTOR('',#10364,1.0);
#8636=CARTESIAN_POINT('',(1.92,4.04301867843887,7.95994129984545E-17));
#8637=CARTESIAN_POINT('',(1.92,4.07650933921943,7.95994129984545E-17));
#8638=VECTOR('',#10365,1.0);
#8639=AXIS2_PLACEMENT_3D('',#10366,#10367,#10368);
#8640=COLOUR_RGB('',0.811764717102051,0.811764717102051,0.811764717102051);
#8641=CARTESIAN_POINT('',(0.66,4.04301867843887,0.0));
#8642=CARTESIAN_POINT('',(0.75,3.98,0.0));
#8643=CARTESIAN_POINT('',(0.705,4.01150933921943,-6.91902589909643E-17));
#8644=VECTOR('',#10369,1.0);
#8645=CARTESIAN_POINT('',(1.88,4.04301867843887,7.4700987583165E-17));
#8646=AXIS2_PLACEMENT_3D('',#10370,#10371,#10372);
#8647=CARTESIAN_POINT('',(1.79,3.98,6.36795303987636E-17));
#8648=CARTESIAN_POINT('',(1.835,4.01150933921943,6.91902589909643E-17));
#8649=VECTOR('',#10373,1.0);
#8650=AXIS2_PLACEMENT_3D('',#10374,#10375,#10376);
#8651=COLOUR_RGB('',0.811764717102051,0.811764717102051,0.811764717102051);
#8652=CARTESIAN_POINT('',(0.75,3.51301867843887,0.0));
#8653=CARTESIAN_POINT('',(0.75,3.74650933921944,-6.36795303987636E-17));
#8654=VECTOR('',#10377,1.0);
#8655=CARTESIAN_POINT('',(1.79,3.51301867843887,6.36795303987636E-17));
#8656=CARTESIAN_POINT('',(1.79,3.74650933921944,6.36795303987636E-17));
#8657=VECTOR('',#10378,1.0);
#8658=AXIS2_PLACEMENT_3D('',#10379,#10380,#10381);
#8659=COLOUR_RGB('',0.811764717102051,0.811764717102051,0.811764717102051);
#8660=CARTESIAN_POINT('',(0.86355470034116,2.72995086353911,-4.97735496443456E-17));
#8661=VECTOR('',#10382,1.0);
#8662=CARTESIAN_POINT('',(1.67644529965884,2.72995086353911,4.97735496443456E-17));
#8663=VECTOR('',#10383,1.0);
#8664=COLOUR_RGB('',0.811764717102051,0.811764717102051,0.811764717102051);
#8665=CARTESIAN_POINT('',(3.81,1.81626217769223,0.314986030724104));
#8666=AXIS2_PLACEMENT_3D('',#10384,#10385,#10386);
#8667=CARTESIAN_POINT('',(3.4950139692759,1.81626217769223,0.0));
#8668=AXIS2_PLACEMENT_3D('',#10387,#10388,#10389);
#8669=CARTESIAN_POINT('',(3.81,1.81626217769223,-0.314986030724104));
#8670=AXIS2_PLACEMENT_3D('',#10390,#10391,#10392);
#8671=AXIS2_PLACEMENT_3D('',#10393,#10394,#10395);
#8672=COLOUR_RGB('',0.811764717102051,0.811764717102051,0.811764717102051);
#8673=CARTESIAN_POINT('',(3.40027460268781,1.8,0.0));
#8674=CARTESIAN_POINT('',(3.44764428598185,1.80813108884611,-4.43743109730467E-17));
#8675=VECTOR('',#10396,1.0);
#8676=CARTESIAN_POINT('',(4.1249860307241,1.81626217769223,3.85733894590029E-17));
#8677=AXIS2_PLACEMENT_3D('',#10397,#10398,#10399);
#8678=CARTESIAN_POINT('',(4.21972539731219,1.8,5.01752324870905E-17));
#8679=CARTESIAN_POINT('',(4.17235571401815,1.80813108884611,4.43743109730467E-17));
#8680=VECTOR('',#10400,1.0);
#8681=AXIS2_PLACEMENT_3D('',#10401,#10402,#10403);
#8682=COLOUR_RGB('',0.811764717102051,0.811764717102051,0.811764717102051);
#8683=CARTESIAN_POINT('',(3.16,3.50109028386995,0.0));
#8684=CARTESIAN_POINT('',(3.28013730134391,2.65054514193498,-6.48873227427725E-17));
#8685=VECTOR('',#10404,1.0);
#8686=CARTESIAN_POINT('',(4.46,3.50109028386995,7.95994129984546E-17));
#8687=AXIS2_PLACEMENT_3D('',#10405,#10406,#10407);
#8688=CARTESIAN_POINT('',(4.3398626986561,2.65054514193498,6.48873227427725E-17));
#8689=VECTOR('',#10408,1.0);
#8690=AXIS2_PLACEMENT_3D('',#10409,#10410,#10411);
#8691=COLOUR_RGB('',0.811764717102051,0.811764717102051,0.811764717102051);
#8692=CARTESIAN_POINT('',(3.16,0.5,0.0));
#8693=CARTESIAN_POINT('',(3.16,2.00054514193498,-7.95994129984545E-17));
#8694=VECTOR('',#10412,1.0);
#8695=AXIS2_PLACEMENT_3D('',#10413,#10414,#10415);
#8696=CARTESIAN_POINT('',(4.46,0.5,7.95994129984545E-17));
#8697=CARTESIAN_POINT('',(4.46,2.00054514193498,7.95994129984546E-17));
#8698=VECTOR('',#10416,1.0);
#8699=AXIS2_PLACEMENT_3D('',#10417,#10418,#10419);
#8700=COLOUR_RGB('',0.811764717102051,0.811764717102051,0.811764717102051);
#8701=CARTESIAN_POINT('',(3.81,0.12472232502675,0.0));
#8702=CARTESIAN_POINT('',(4.135,0.312361162513375,3.97997064992273E-17));
#8703=VECTOR('',#10420,1.0);
#8704=CARTESIAN_POINT('',(3.485,0.312361162513375,-3.97997064992273E-17));
#8705=VECTOR('',#10421,1.0);
#8706=COLOUR_RGB('',0.811764717102051,0.811764717102051,0.811764717102051);
#8707=CARTESIAN_POINT('',(3.07,4.201,-9.06208701828559E-17));
#8708=CARTESIAN_POINT('',(3.07,4.2,0.0));
#8709=CARTESIAN_POINT('',(3.07,4.2005,-9.06208701828559E-17));
#8710=VECTOR('',#10422,1.0);
#8711=CARTESIAN_POINT('',(4.55,4.201,9.06208701828559E-17));
#8712=AXIS2_PLACEMENT_3D('',#10423,#10424,#10425);
#8713=CARTESIAN_POINT('',(4.55,4.2,9.06208701828559E-17));
#8714=CARTESIAN_POINT('',(4.55,4.2005,9.06208701828559E-17));
#8715=VECTOR('',#10426,1.0);
#8716=AXIS2_PLACEMENT_3D('',#10427,#10428,#10429);
#8717=COLOUR_RGB('',0.811764717102051,0.811764717102051,0.811764717102051);
#8718=CARTESIAN_POINT('',(3.16,4.11,0.0));
#8719=CARTESIAN_POINT('',(3.115,4.155,-8.51101415906552E-17));
#8720=VECTOR('',#10430,1.0);
#8721=CARTESIAN_POINT('',(4.46,4.11,7.95994129984546E-17));
#8722=CARTESIAN_POINT('',(4.505,4.155,8.51101415906552E-17));
#8723=VECTOR('',#10431,1.0);
#8724=AXIS2_PLACEMENT_3D('',#10432,#10433,#10434);
#8725=COLOUR_RGB('',0.811764717102051,0.811764717102051,0.811764717102051);
#8726=CARTESIAN_POINT('',(3.16,4.04301867843887,0.0));
#8727=CARTESIAN_POINT('',(3.16,4.07650933921943,-7.95994129984545E-17));
#8728=VECTOR('',#10435,1.0);
#8729=CARTESIAN_POINT('',(4.46,4.04301867843887,7.95994129984546E-17));
#8730=CARTESIAN_POINT('',(4.46,4.07650933921943,7.95994129984546E-17));
#8731=VECTOR('',#10436,1.0);
#8732=AXIS2_PLACEMENT_3D('',#10437,#10438,#10439);
#8733=COLOUR_RGB('',0.811764717102051,0.811764717102051,0.811764717102051);
#8734=CARTESIAN_POINT('',(3.2,4.04301867843887,0.0));
#8735=CARTESIAN_POINT('',(3.29,3.98,0.0));
#8736=CARTESIAN_POINT('',(3.245,4.01150933921943,-6.91902589909644E-17));
#8737=VECTOR('',#10440,1.0);
#8738=CARTESIAN_POINT('',(4.42,4.04301867843887,7.4700987583165E-17));
#8739=AXIS2_PLACEMENT_3D('',#10441,#10442,#10443);
#8740=CARTESIAN_POINT('',(4.33,3.98,6.36795303987636E-17));
#8741=CARTESIAN_POINT('',(4.375,4.01150933921943,6.91902589909643E-17));
#8742=VECTOR('',#10444,1.0);
#8743=AXIS2_PLACEMENT_3D('',#10445,#10446,#10447);
#8744=COLOUR_RGB('',0.811764717102051,0.811764717102051,0.811764717102051);
#8745=CARTESIAN_POINT('',(3.29,3.51301867843887,0.0));
#8746=CARTESIAN_POINT('',(3.29,3.74650933921944,-6.36795303987636E-17));
#8747=VECTOR('',#10448,1.0);
#8748=CARTESIAN_POINT('',(4.33,3.51301867843887,6.36795303987637E-17));
#8749=CARTESIAN_POINT('',(4.33,3.74650933921944,6.36795303987636E-17));
#8750=VECTOR('',#10449,1.0);
#8751=AXIS2_PLACEMENT_3D('',#10450,#10451,#10452);
#8752=COLOUR_RGB('',0.811764717102051,0.811764717102051,0.811764717102051);
#8753=CARTESIAN_POINT('',(3.40355470034116,2.72995086353911,-4.97735496443456E-17));
#8754=VECTOR('',#10453,1.0);
#8755=CARTESIAN_POINT('',(4.21644529965884,2.72995086353911,4.97735496443456E-17));
#8756=VECTOR('',#10454,1.0);
#8757=COLOUR_RGB('',0.811764717102051,0.811764717102051,0.811764717102051);
#8758=CARTESIAN_POINT('',(6.35,1.81626217769223,0.314986030724104));
#8759=AXIS2_PLACEMENT_3D('',#10455,#10456,#10457);
#8760=CARTESIAN_POINT('',(6.0350139692759,1.81626217769223,0.0));
#8761=AXIS2_PLACEMENT_3D('',#10458,#10459,#10460);
#8762=CARTESIAN_POINT('',(6.35,1.81626217769223,-0.314986030724104));
#8763=AXIS2_PLACEMENT_3D('',#10461,#10462,#10463);
#8764=AXIS2_PLACEMENT_3D('',#10464,#10465,#10466);
#8765=COLOUR_RGB('',0.811764717102051,0.811764717102051,0.811764717102051);
#8766=CARTESIAN_POINT('',(5.94027460268781,1.8,0.0));
#8767=CARTESIAN_POINT('',(5.98764428598185,1.80813108884611,-4.43743109730467E-17));
#8768=VECTOR('',#10467,1.0);
#8769=CARTESIAN_POINT('',(6.6649860307241,1.81626217769223,3.85733894590029E-17));
#8770=AXIS2_PLACEMENT_3D('',#10468,#10469,#10470);
#8771=CARTESIAN_POINT('',(6.75972539731219,1.8,5.01752324870905E-17));
#8772=CARTESIAN_POINT('',(6.71235571401815,1.80813108884611,4.43743109730467E-17));
#8773=VECTOR('',#10471,1.0);
#8774=AXIS2_PLACEMENT_3D('',#10472,#10473,#10474);
#8775=COLOUR_RGB('',0.811764717102051,0.811764717102051,0.811764717102051);
#8776=CARTESIAN_POINT('',(5.7,3.50109028386995,0.0));
#8777=CARTESIAN_POINT('',(5.8201373013439,2.65054514193498,-6.48873227427725E-17));
#8778=VECTOR('',#10475,1.0);
#8779=CARTESIAN_POINT('',(7.0,3.50109028386995,7.95994129984546E-17));
#8780=AXIS2_PLACEMENT_3D('',#10476,#10477,#10478);
#8781=CARTESIAN_POINT('',(6.87986269865609,2.65054514193498,6.48873227427725E-17));
#8782=VECTOR('',#10479,1.0);
#8783=AXIS2_PLACEMENT_3D('',#10480,#10481,#10482);
#8784=COLOUR_RGB('',0.811764717102051,0.811764717102051,0.811764717102051);
#8785=CARTESIAN_POINT('',(5.7,0.5,0.0));
#8786=CARTESIAN_POINT('',(5.7,2.00054514193498,-7.95994129984545E-17));
#8787=VECTOR('',#10483,1.0);
#8788=AXIS2_PLACEMENT_3D('',#10484,#10485,#10486);
#8789=CARTESIAN_POINT('',(7.0,0.5,7.95994129984545E-17));
#8790=CARTESIAN_POINT('',(7.0,2.00054514193498,7.95994129984546E-17));
#8791=VECTOR('',#10487,1.0);
#8792=AXIS2_PLACEMENT_3D('',#10488,#10489,#10490);
#8793=COLOUR_RGB('',0.811764717102051,0.811764717102051,0.811764717102051);
#8794=CARTESIAN_POINT('',(6.35,0.12472232502675,0.0));
#8795=CARTESIAN_POINT('',(6.675,0.312361162513375,3.97997064992273E-17));
#8796=VECTOR('',#10491,1.0);
#8797=CARTESIAN_POINT('',(6.025,0.312361162513375,-3.97997064992273E-17));
#8798=VECTOR('',#10492,1.0);
#8799=COLOUR_RGB('',0.811764717102051,0.811764717102051,0.811764717102051);
#8800=CARTESIAN_POINT('',(5.61,4.201,-9.06208701828559E-17));
#8801=CARTESIAN_POINT('',(5.61,4.2,0.0));
#8802=CARTESIAN_POINT('',(5.61,4.2005,-9.06208701828559E-17));
#8803=VECTOR('',#10493,1.0);
#8804=CARTESIAN_POINT('',(7.09,4.201,9.06208701828559E-17));
#8805=AXIS2_PLACEMENT_3D('',#10494,#10495,#10496);
#8806=CARTESIAN_POINT('',(7.09,4.2,9.06208701828559E-17));
#8807=CARTESIAN_POINT('',(7.09,4.2005,9.06208701828559E-17));
#8808=VECTOR('',#10497,1.0);
#8809=AXIS2_PLACEMENT_3D('',#10498,#10499,#10500);
#8810=COLOUR_RGB('',0.811764717102051,0.811764717102051,0.811764717102051);
#8811=CARTESIAN_POINT('',(5.7,4.11,0.0));
#8812=CARTESIAN_POINT('',(5.655,4.155,-8.51101415906552E-17));
#8813=VECTOR('',#10501,1.0);
#8814=CARTESIAN_POINT('',(7.0,4.11,7.95994129984546E-17));
#8815=CARTESIAN_POINT('',(7.045,4.155,8.51101415906552E-17));
#8816=VECTOR('',#10502,1.0);
#8817=AXIS2_PLACEMENT_3D('',#10503,#10504,#10505);
#8818=COLOUR_RGB('',0.811764717102051,0.811764717102051,0.811764717102051);
#8819=CARTESIAN_POINT('',(5.7,4.04301867843887,0.0));
#8820=CARTESIAN_POINT('',(5.7,4.07650933921943,-7.95994129984545E-17));
#8821=VECTOR('',#10506,1.0);
#8822=CARTESIAN_POINT('',(7.0,4.04301867843887,7.95994129984546E-17));
#8823=CARTESIAN_POINT('',(7.0,4.07650933921943,7.95994129984546E-17));
#8824=VECTOR('',#10507,1.0);
#8825=AXIS2_PLACEMENT_3D('',#10508,#10509,#10510);
#8826=COLOUR_RGB('',0.811764717102051,0.811764717102051,0.811764717102051);
#8827=CARTESIAN_POINT('',(5.74,4.04301867843887,0.0));
#8828=CARTESIAN_POINT('',(5.83,3.98,0.0));
#8829=CARTESIAN_POINT('',(5.785,4.01150933921943,-6.91902589909644E-17));
#8830=VECTOR('',#10511,1.0);
#8831=CARTESIAN_POINT('',(6.96,4.04301867843887,7.4700987583165E-17));
#8832=AXIS2_PLACEMENT_3D('',#10512,#10513,#10514);
#8833=CARTESIAN_POINT('',(6.87,3.98,6.36795303987636E-17));
#8834=CARTESIAN_POINT('',(6.915,4.01150933921943,6.91902589909643E-17));
#8835=VECTOR('',#10515,1.0);
#8836=AXIS2_PLACEMENT_3D('',#10516,#10517,#10518);
#8837=COLOUR_RGB('',0.811764717102051,0.811764717102051,0.811764717102051);
#8838=CARTESIAN_POINT('',(5.83,3.51301867843887,0.0));
#8839=CARTESIAN_POINT('',(5.83,3.74650933921944,-6.36795303987636E-17));
#8840=VECTOR('',#10519,1.0);
#8841=CARTESIAN_POINT('',(6.87,3.51301867843887,6.36795303987637E-17));
#8842=CARTESIAN_POINT('',(6.87,3.74650933921944,6.36795303987636E-17));
#8843=VECTOR('',#10520,1.0);
#8844=AXIS2_PLACEMENT_3D('',#10521,#10522,#10523);
#8845=COLOUR_RGB('',0.811764717102051,0.811764717102051,0.811764717102051);
#8846=CARTESIAN_POINT('',(5.94355470034116,2.72995086353911,-4.97735496443456E-17));
#8847=VECTOR('',#10524,1.0);
#8848=CARTESIAN_POINT('',(6.75644529965884,2.72995086353911,4.97735496443456E-17));
#8849=VECTOR('',#10525,1.0);
#8850=COLOUR_RGB('',0.811764717102051,0.811764717102051,0.811764717102051);
#8851=AXIS2_PLACEMENT_3D('',#10526,#10527,#10528);
#8852=COLOUR_RGB('',0.811764717102051,0.811764717102051,0.811764717102051);
#8853=AXIS2_PLACEMENT_3D('',#10529,#10530,#10531);
#8854=COLOUR_RGB('',0.811764717102051,0.811764717102051,0.811764717102051);
#8855=AXIS2_PLACEMENT_3D('',#10532,#10533,#10534);
#8856=COLOUR_RGB('',0.811764717102051,0.811764717102051,0.811764717102051);
#8857=AXIS2_PLACEMENT_3D('',#10535,#10536,#10537);
#8858=COLOUR_RGB('',0.811764717102051,0.811764717102051,0.811764717102051);
#8859=AXIS2_PLACEMENT_3D('',#10538,#10539,#10540);
#8860=COLOUR_RGB('',0.811764717102051,0.811764717102051,0.811764717102051);
#8861=AXIS2_PLACEMENT_3D('',#10541,#10542,#10543);
#8862=COLOUR_RGB('',0.811764717102051,0.811764717102051,0.811764717102051);
#8863=AXIS2_PLACEMENT_3D('',#10544,#10545,#10546);
#8864=COLOUR_RGB('',0.811764717102051,0.811764717102051,0.811764717102051);
#8865=AXIS2_PLACEMENT_3D('',#10547,#10548,#10549);
#8866=COLOUR_RGB('',0.811764717102051,0.811764717102051,0.811764717102051);
#8867=COLOUR_RGB('',0.811764717102051,0.811764717102051,0.811764717102051);
#8868=COLOUR_RGB('',0.811764717102051,0.811764717102051,0.811764717102051);
#8869=AXIS2_PLACEMENT_3D('',#10550,#10551,#10552);
#8870=COLOUR_RGB('',0.811764717102051,0.811764717102051,0.811764717102051);
#8871=COLOUR_RGB('',0.811764717102051,0.811764717102051,0.811764717102051);
#8872=AXIS2_PLACEMENT_3D('',#10553,#10554,#10555);
#8873=COLOUR_RGB('',0.811764717102051,0.811764717102051,0.811764717102051);
#8874=AXIS2_PLACEMENT_3D('',#10556,#10557,#10558);
#8875=COLOUR_RGB('',0.811764717102051,0.811764717102051,0.811764717102051);
#8876=AXIS2_PLACEMENT_3D('',#10559,#10560,#10561);
#8877=COLOUR_RGB('',0.811764717102051,0.811764717102051,0.811764717102051);
#8878=AXIS2_PLACEMENT_3D('',#10562,#10563,#10564);
#8879=COLOUR_RGB('',0.811764717102051,0.811764717102051,0.811764717102051);
#8880=AXIS2_PLACEMENT_3D('',#10565,#10566,#10567);
#8881=COLOUR_RGB('',0.811764717102051,0.811764717102051,0.811764717102051);
#8882=AXIS2_PLACEMENT_3D('',#10568,#10569,#10570);
#8883=COLOUR_RGB('',0.811764717102051,0.811764717102051,0.811764717102051);
#8884=AXIS2_PLACEMENT_3D('',#10571,#10572,#10573);
#8885=COLOUR_RGB('',0.811764717102051,0.811764717102051,0.811764717102051);
#8886=AXIS2_PLACEMENT_3D('',#10574,#10575,#10576);
#8887=COLOUR_RGB('',0.811764717102051,0.811764717102051,0.811764717102051);
#8888=COLOUR_RGB('',0.811764717102051,0.811764717102051,0.811764717102051);
#8889=COLOUR_RGB('',0.811764717102051,0.811764717102051,0.811764717102051);
#8890=AXIS2_PLACEMENT_3D('',#10577,#10578,#10579);
#8891=COLOUR_RGB('',0.811764717102051,0.811764717102051,0.811764717102051);
#8892=COLOUR_RGB('',0.811764717102051,0.811764717102051,0.811764717102051);
#8893=AXIS2_PLACEMENT_3D('',#10580,#10581,#10582);
#8894=COLOUR_RGB('',0.811764717102051,0.811764717102051,0.811764717102051);
#8895=AXIS2_PLACEMENT_3D('',#10583,#10584,#10585);
#8896=COLOUR_RGB('',0.811764717102051,0.811764717102051,0.811764717102051);
#8897=AXIS2_PLACEMENT_3D('',#10586,#10587,#10588);
#8898=COLOUR_RGB('',0.811764717102051,0.811764717102051,0.811764717102051);
#8899=AXIS2_PLACEMENT_3D('',#10589,#10590,#10591);
#8900=COLOUR_RGB('',0.811764717102051,0.811764717102051,0.811764717102051);
#8901=AXIS2_PLACEMENT_3D('',#10592,#10593,#10594);
#8902=COLOUR_RGB('',0.811764717102051,0.811764717102051,0.811764717102051);
#8903=AXIS2_PLACEMENT_3D('',#10595,#10596,#10597);
#8904=COLOUR_RGB('',0.811764717102051,0.811764717102051,0.811764717102051);
#8905=AXIS2_PLACEMENT_3D('',#10598,#10599,#10600);
#8906=COLOUR_RGB('',0.811764717102051,0.811764717102051,0.811764717102051);
#8907=AXIS2_PLACEMENT_3D('',#10601,#10602,#10603);
#8908=COLOUR_RGB('',0.811764717102051,0.811764717102051,0.811764717102051);
#8909=COLOUR_RGB('',0.811764717102051,0.811764717102051,0.811764717102051);
#8910=COLOUR_RGB('',0.811764717102051,0.811764717102051,0.811764717102051);
#8911=AXIS2_PLACEMENT_3D('',#10604,#10605,#10606);
#8912=COLOUR_RGB('',0.811764717102051,0.811764717102051,0.811764717102051);
#8913=COLOUR_RGB('',0.811764717102051,0.811764717102051,0.811764717102051);
#8914=AXIS2_PLACEMENT_3D('',#10607,#10608,#10609);
#8915=COLOUR_RGB('',0.811764717102051,0.811764717102051,0.811764717102051);
#8916=AXIS2_PLACEMENT_3D('',#10610,#10611,#10612);
#8917=COLOUR_RGB('',0.811764717102051,0.811764717102051,0.811764717102051);
#8918=AXIS2_PLACEMENT_3D('',#10613,#10614,#10615);
#8919=COLOUR_RGB('',0.811764717102051,0.811764717102051,0.811764717102051);
#8920=AXIS2_PLACEMENT_3D('',#10616,#10617,#10618);
#8921=COLOUR_RGB('',0.811764717102051,0.811764717102051,0.811764717102051);
#8922=AXIS2_PLACEMENT_3D('',#10619,#10620,#10621);
#8923=COLOUR_RGB('',0.811764717102051,0.811764717102051,0.811764717102051);
#8924=AXIS2_PLACEMENT_3D('',#10622,#10623,#10624);
#8925=COLOUR_RGB('',0.811764717102051,0.811764717102051,0.811764717102051);
#8926=AXIS2_PLACEMENT_3D('',#10625,#10626,#10627);
#8927=COLOUR_RGB('',0.811764717102051,0.811764717102051,0.811764717102051);
#8928=AXIS2_PLACEMENT_3D('',#10628,#10629,#10630);
#8929=COLOUR_RGB('',0.811764717102051,0.811764717102051,0.811764717102051);
#8930=COLOUR_RGB('',0.811764717102051,0.811764717102051,0.811764717102051);
#8931=COLOUR_RGB('',0.811764717102051,0.811764717102051,0.811764717102051);
#8932=AXIS2_PLACEMENT_3D('',#10631,#10632,#10633);
#8933=COLOUR_RGB('',0.811764717102051,0.811764717102051,0.811764717102051);
#8934=COLOUR_RGB('',0.811764717102051,0.811764717102051,0.811764717102051);
#8935=AXIS2_PLACEMENT_3D('',#10634,#10635,#10636);
#8936=COLOUR_RGB('',0.811764717102051,0.811764717102051,0.811764717102051);
#8937=AXIS2_PLACEMENT_3D('',#10637,#10638,#10639);
#8938=COLOUR_RGB('',0.811764717102051,0.811764717102051,0.811764717102051);
#8939=AXIS2_PLACEMENT_3D('',#10640,#10641,#10642);
#8940=COLOUR_RGB('',0.811764717102051,0.811764717102051,0.811764717102051);
#8941=AXIS2_PLACEMENT_3D('',#10643,#10644,#10645);
#8942=COLOUR_RGB('',0.811764717102051,0.811764717102051,0.811764717102051);
#8943=AXIS2_PLACEMENT_3D('',#10646,#10647,#10648);
#8944=COLOUR_RGB('',0.811764717102051,0.811764717102051,0.811764717102051);
#8945=AXIS2_PLACEMENT_3D('',#10649,#10650,#10651);
#8946=COLOUR_RGB('',0.811764717102051,0.811764717102051,0.811764717102051);
#8947=AXIS2_PLACEMENT_3D('',#10652,#10653,#10654);
#8948=COLOUR_RGB('',0.811764717102051,0.811764717102051,0.811764717102051);
#8949=AXIS2_PLACEMENT_3D('',#10655,#10656,#10657);
#8950=COLOUR_RGB('',0.811764717102051,0.811764717102051,0.811764717102051);
#8951=COLOUR_RGB('',0.811764717102051,0.811764717102051,0.811764717102051);
#8952=COLOUR_RGB('',0.811764717102051,0.811764717102051,0.811764717102051);
#8953=AXIS2_PLACEMENT_3D('',#10658,#10659,#10660);
#8954=COLOUR_RGB('',0.811764717102051,0.811764717102051,0.811764717102051);
#8955=COLOUR_RGB('',0.811764717102051,0.811764717102051,0.811764717102051);
#8956=AXIS2_PLACEMENT_3D('',#10661,#10662,#10663);
#8957=COLOUR_RGB('',0.811764717102051,0.811764717102051,0.811764717102051);
#8958=AXIS2_PLACEMENT_3D('',#10664,#10665,#10666);
#8959=COLOUR_RGB('',0.811764717102051,0.811764717102051,0.811764717102051);
#8960=AXIS2_PLACEMENT_3D('',#10667,#10668,#10669);
#8961=COLOUR_RGB('',0.811764717102051,0.811764717102051,0.811764717102051);
#8962=AXIS2_PLACEMENT_3D('',#10670,#10671,#10672);
#8963=COLOUR_RGB('',0.811764717102051,0.811764717102051,0.811764717102051);
#8964=AXIS2_PLACEMENT_3D('',#10673,#10674,#10675);
#8965=COLOUR_RGB('',0.811764717102051,0.811764717102051,0.811764717102051);
#8966=AXIS2_PLACEMENT_3D('',#10676,#10677,#10678);
#8967=COLOUR_RGB('',0.811764717102051,0.811764717102051,0.811764717102051);
#8968=AXIS2_PLACEMENT_3D('',#10679,#10680,#10681);
#8969=COLOUR_RGB('',0.811764717102051,0.811764717102051,0.811764717102051);
#8970=AXIS2_PLACEMENT_3D('',#10682,#10683,#10684);
#8971=COLOUR_RGB('',0.811764717102051,0.811764717102051,0.811764717102051);
#8972=COLOUR_RGB('',0.811764717102051,0.811764717102051,0.811764717102051);
#8973=COLOUR_RGB('',0.811764717102051,0.811764717102051,0.811764717102051);
#8974=AXIS2_PLACEMENT_3D('',#10685,#10686,#10687);
#8975=COLOUR_RGB('',0.811764717102051,0.811764717102051,0.811764717102051);
#8976=COLOUR_RGB('',0.811764717102051,0.811764717102051,0.811764717102051);
#8977=AXIS2_PLACEMENT_3D('',#10688,#10689,#10690);
#8978=AXIS2_PLACEMENT_3D('',#10691,#10692,#10693);
#8979=COLOUR_RGB('',0.811764717102051,0.811764717102051,0.811764717102051);
#8980=AXIS2_PLACEMENT_3D('',#10694,#10695,#10696);
#8981=AXIS2_PLACEMENT_3D('',#10697,#10698,#10699);
#8982=COLOUR_RGB('',0.811764717102051,0.811764717102051,0.811764717102051);
#8983=COLOUR_RGB('',0.811764717102051,0.811764717102051,0.811764717102051);
#8984=CARTESIAN_POINT('',(6.35,-2.88,0.3));
#8985=AXIS2_PLACEMENT_3D('',#10700,#10701,#10702);
#8986=AXIS2_PLACEMENT_3D('',#10703,#10704,#10705);
#8987=COLOUR_RGB('',0.811764717102051,0.811764717102051,0.811764717102051);
#8988=AXIS2_PLACEMENT_3D('',#10706,#10707,#10708);
#8989=COLOUR_RGB('',0.811764717102051,0.811764717102051,0.811764717102051);
#8990=CARTESIAN_POINT('',(6.8,1.52655665885959E-15,0.0));
#8991=AXIS2_PLACEMENT_3D('',#10709,#10710,#10711);
#8992=AXIS2_PLACEMENT_3D('',#10712,#10713,#10714);
#8993=COLOUR_RGB('',0.811764717102051,0.811764717102051,0.811764717102051);
#8994=AXIS2_PLACEMENT_3D('',#10715,#10716,#10717);
#8995=COLOUR_RGB('',0.811764717102051,0.811764717102051,0.811764717102051);
#8996=COLOUR_RGB('',0.811764717102051,0.811764717102051,0.811764717102051);
#8997=AXIS2_PLACEMENT_3D('',#10718,#10719,#10720);
#8998=AXIS2_PLACEMENT_3D('',#10721,#10722,#10723);
#8999=COLOUR_RGB('',0.811764717102051,0.811764717102051,0.811764717102051);
#9000=AXIS2_PLACEMENT_3D('',#10724,#10725,#10726);
#9001=AXIS2_PLACEMENT_3D('',#10727,#10728,#10729);
#9002=COLOUR_RGB('',0.811764717102051,0.811764717102051,0.811764717102051);
#9003=COLOUR_RGB('',0.811764717102051,0.811764717102051,0.811764717102051);
#9004=CARTESIAN_POINT('',(3.81,-2.88,0.3));
#9005=AXIS2_PLACEMENT_3D('',#10730,#10731,#10732);
#9006=AXIS2_PLACEMENT_3D('',#10733,#10734,#10735);
#9007=COLOUR_RGB('',0.811764717102051,0.811764717102051,0.811764717102051);
#9008=AXIS2_PLACEMENT_3D('',#10736,#10737,#10738);
#9009=COLOUR_RGB('',0.811764717102051,0.811764717102051,0.811764717102051);
#9010=CARTESIAN_POINT('',(4.26,1.52655665885959E-15,0.0));
#9011=AXIS2_PLACEMENT_3D('',#10739,#10740,#10741);
#9012=AXIS2_PLACEMENT_3D('',#10742,#10743,#10744);
#9013=COLOUR_RGB('',0.811764717102051,0.811764717102051,0.811764717102051);
#9014=AXIS2_PLACEMENT_3D('',#10745,#10746,#10747);
#9015=COLOUR_RGB('',0.811764717102051,0.811764717102051,0.811764717102051);
#9016=COLOUR_RGB('',0.811764717102051,0.811764717102051,0.811764717102051);
#9017=AXIS2_PLACEMENT_3D('',#10748,#10749,#10750);
#9018=AXIS2_PLACEMENT_3D('',#10751,#10752,#10753);
#9019=COLOUR_RGB('',0.811764717102051,0.811764717102051,0.811764717102051);
#9020=AXIS2_PLACEMENT_3D('',#10754,#10755,#10756);
#9021=AXIS2_PLACEMENT_3D('',#10757,#10758,#10759);
#9022=COLOUR_RGB('',0.811764717102051,0.811764717102051,0.811764717102051);
#9023=COLOUR_RGB('',0.811764717102051,0.811764717102051,0.811764717102051);
#9024=CARTESIAN_POINT('',(1.27,-2.88,0.3));
#9025=AXIS2_PLACEMENT_3D('',#10760,#10761,#10762);
#9026=AXIS2_PLACEMENT_3D('',#10763,#10764,#10765);
#9027=COLOUR_RGB('',0.811764717102051,0.811764717102051,0.811764717102051);
#9028=AXIS2_PLACEMENT_3D('',#10766,#10767,#10768);
#9029=COLOUR_RGB('',0.811764717102051,0.811764717102051,0.811764717102051);
#9030=CARTESIAN_POINT('',(1.72,1.52655665885959E-15,0.0));
#9031=AXIS2_PLACEMENT_3D('',#10769,#10770,#10771);
#9032=AXIS2_PLACEMENT_3D('',#10772,#10773,#10774);
#9033=COLOUR_RGB('',0.811764717102051,0.811764717102051,0.811764717102051);
#9034=AXIS2_PLACEMENT_3D('',#10775,#10776,#10777);
#9035=COLOUR_RGB('',0.811764717102051,0.811764717102051,0.811764717102051);
#9036=COLOUR_RGB('',0.811764717102051,0.811764717102051,0.811764717102051);
#9037=AXIS2_PLACEMENT_3D('',#10778,#10779,#10780);
#9038=AXIS2_PLACEMENT_3D('',#10781,#10782,#10783);
#9039=COLOUR_RGB('',0.811764717102051,0.811764717102051,0.811764717102051);
#9040=AXIS2_PLACEMENT_3D('',#10784,#10785,#10786);
#9041=AXIS2_PLACEMENT_3D('',#10787,#10788,#10789);
#9042=COLOUR_RGB('',0.811764717102051,0.811764717102051,0.811764717102051);
#9043=COLOUR_RGB('',0.811764717102051,0.811764717102051,0.811764717102051);
#9044=CARTESIAN_POINT('',(-1.27,-2.88,0.3));
#9045=AXIS2_PLACEMENT_3D('',#10790,#10791,#10792);
#9046=AXIS2_PLACEMENT_3D('',#10793,#10794,#10795);
#9047=COLOUR_RGB('',0.811764717102051,0.811764717102051,0.811764717102051);
#9048=AXIS2_PLACEMENT_3D('',#10796,#10797,#10798);
#9049=COLOUR_RGB('',0.811764717102051,0.811764717102051,0.811764717102051);
#9050=CARTESIAN_POINT('',(-0.82,1.52655665885959E-15,0.0));
#9051=AXIS2_PLACEMENT_3D('',#10799,#10800,#10801);
#9052=AXIS2_PLACEMENT_3D('',#10802,#10803,#10804);
#9053=COLOUR_RGB('',0.811764717102051,0.811764717102051,0.811764717102051);
#9054=AXIS2_PLACEMENT_3D('',#10805,#10806,#10807);
#9055=COLOUR_RGB('',0.811764717102051,0.811764717102051,0.811764717102051);
#9056=COLOUR_RGB('',0.811764717102051,0.811764717102051,0.811764717102051);
#9057=AXIS2_PLACEMENT_3D('',#10808,#10809,#10810);
#9058=AXIS2_PLACEMENT_3D('',#10811,#10812,#10813);
#9059=COLOUR_RGB('',0.811764717102051,0.811764717102051,0.811764717102051);
#9060=AXIS2_PLACEMENT_3D('',#10814,#10815,#10816);
#9061=AXIS2_PLACEMENT_3D('',#10817,#10818,#10819);
#9062=COLOUR_RGB('',0.811764717102051,0.811764717102051,0.811764717102051);
#9063=COLOUR_RGB('',0.811764717102051,0.811764717102051,0.811764717102051);
#9064=CARTESIAN_POINT('',(-3.81,-2.88,0.3));
#9065=AXIS2_PLACEMENT_3D('',#10820,#10821,#10822);
#9066=AXIS2_PLACEMENT_3D('',#10823,#10824,#10825);
#9067=COLOUR_RGB('',0.811764717102051,0.811764717102051,0.811764717102051);
#9068=AXIS2_PLACEMENT_3D('',#10826,#10827,#10828);
#9069=COLOUR_RGB('',0.811764717102051,0.811764717102051,0.811764717102051);
#9070=CARTESIAN_POINT('',(-3.36,1.52655665885959E-15,0.0));
#9071=AXIS2_PLACEMENT_3D('',#10829,#10830,#10831);
#9072=AXIS2_PLACEMENT_3D('',#10832,#10833,#10834);
#9073=COLOUR_RGB('',0.811764717102051,0.811764717102051,0.811764717102051);
#9074=AXIS2_PLACEMENT_3D('',#10835,#10836,#10837);
#9075=COLOUR_RGB('',0.811764717102051,0.811764717102051,0.811764717102051);
#9076=COLOUR_RGB('',0.811764717102051,0.811764717102051,0.811764717102051);
#9077=AXIS2_PLACEMENT_3D('',#10838,#10839,#10840);
#9078=AXIS2_PLACEMENT_3D('',#10841,#10842,#10843);
#9079=COLOUR_RGB('',0.811764717102051,0.811764717102051,0.811764717102051);
#9080=AXIS2_PLACEMENT_3D('',#10844,#10845,#10846);
#9081=AXIS2_PLACEMENT_3D('',#10847,#10848,#10849);
#9082=COLOUR_RGB('',0.811764717102051,0.811764717102051,0.811764717102051);
#9083=COLOUR_RGB('',0.811764717102051,0.811764717102051,0.811764717102051);
#9084=CARTESIAN_POINT('',(-6.35,-2.88,0.3));
#9085=AXIS2_PLACEMENT_3D('',#10850,#10851,#10852);
#9086=AXIS2_PLACEMENT_3D('',#10853,#10854,#10855);
#9087=COLOUR_RGB('',0.811764717102051,0.811764717102051,0.811764717102051);
#9088=AXIS2_PLACEMENT_3D('',#10856,#10857,#10858);
#9089=COLOUR_RGB('',0.811764717102051,0.811764717102051,0.811764717102051);
#9090=CARTESIAN_POINT('',(-5.9,1.52655665885959E-15,0.0));
#9091=AXIS2_PLACEMENT_3D('',#10859,#10860,#10861);
#9092=AXIS2_PLACEMENT_3D('',#10862,#10863,#10864);
#9093=COLOUR_RGB('',0.811764717102051,0.811764717102051,0.811764717102051);
#9094=AXIS2_PLACEMENT_3D('',#10865,#10866,#10867);
#9095=COLOUR_RGB('',0.811764717102051,0.811764717102051,0.811764717102051);
#9096=COLOUR_RGB('',0.0,0.0,0.0);
#9097=CARTESIAN_POINT('',(-5.28,-5.32703763912734E-17,0.87));
#9098=CARTESIAN_POINT('',(-5.28,0.3,0.87));
#9099=CARTESIAN_POINT('',(-5.28,-5.32703763912734E-17,0.87));
#9100=VECTOR('',#10868,1.0);
#9101=CARTESIAN_POINT('',(-7.62,-5.32703763912734E-17,0.87));
#9102=CARTESIAN_POINT('',(-3.225,-5.55111512312578E-17,0.87));
#9103=VECTOR('',#10869,1.0);
#9104=CARTESIAN_POINT('',(-7.62,0.3,0.87));
#9105=CARTESIAN_POINT('',(-7.62,-5.32703763912734E-17,0.87));
#9106=VECTOR('',#10870,1.0);
#9107=CARTESIAN_POINT('',(0.0,0.3,0.87));
#9108=VECTOR('',#10871,1.0);
#9109=COLOUR_RGB('',0.0,0.0,0.0);
#9110=CARTESIAN_POINT('',(-2.74,-5.32703763912734E-17,0.87));
#9111=CARTESIAN_POINT('',(-2.74,0.3,0.87));
#9112=CARTESIAN_POINT('',(-2.74,-5.32703763912734E-17,0.87));
#9113=VECTOR('',#10872,1.0);
#9114=CARTESIAN_POINT('',(-4.88,-5.32703763912734E-17,0.87));
#9115=CARTESIAN_POINT('',(-3.225,-5.55111512312578E-17,0.87));
#9116=VECTOR('',#10873,1.0);
#9117=CARTESIAN_POINT('',(-4.88,0.3,0.87));
#9118=CARTESIAN_POINT('',(-4.88,-5.32703763912734E-17,0.87));
#9119=VECTOR('',#10874,1.0);
#9120=CARTESIAN_POINT('',(0.0,0.3,0.87));
#9121=VECTOR('',#10875,1.0);
#9122=COLOUR_RGB('',0.0,0.0,0.0);
#9123=CARTESIAN_POINT('',(-0.200000000000001,-5.32703763912734E-17,0.87));
#9124=CARTESIAN_POINT('',(-0.200000000000001,0.3,0.87));
#9125=CARTESIAN_POINT('',(-0.200000000000001,-5.32703763912734E-17,0.87));
#9126=VECTOR('',#10876,1.0);
#9127=CARTESIAN_POINT('',(-2.34,-5.32703763912734E-17,0.87));
#9128=CARTESIAN_POINT('',(-3.225,-5.55111512312578E-17,0.87));
#9129=VECTOR('',#10877,1.0);
#9130=CARTESIAN_POINT('',(-2.34,0.3,0.87));
#9131=CARTESIAN_POINT('',(-2.34,-5.32703763912734E-17,0.87));
#9132=VECTOR('',#10878,1.0);
#9133=CARTESIAN_POINT('',(0.0,0.3,0.87));
#9134=VECTOR('',#10879,1.0);
#9135=COLOUR_RGB('',0.0,0.0,0.0);
#9136=CARTESIAN_POINT('',(2.34,-5.32703763912734E-17,0.87));
#9137=CARTESIAN_POINT('',(2.34,0.3,0.87));
#9138=CARTESIAN_POINT('',(2.34,-5.32703763912734E-17,0.87));
#9139=VECTOR('',#10880,1.0);
#9140=CARTESIAN_POINT('',(0.199999999999998,-5.32703763912734E-17,0.87));
#9141=CARTESIAN_POINT('',(-3.225,-5.55111512312578E-17,0.87));
#9142=VECTOR('',#10881,1.0);
#9143=CARTESIAN_POINT('',(0.199999999999998,0.3,0.87));
#9144=CARTESIAN_POINT('',(0.199999999999998,-5.32703763912734E-17,0.87));
#9145=VECTOR('',#10882,1.0);
#9146=CARTESIAN_POINT('',(0.0,0.3,0.87));
#9147=VECTOR('',#10883,1.0);
#9148=COLOUR_RGB('',0.0,0.0,0.0);
#9149=CARTESIAN_POINT('',(4.88,-5.32703763912734E-17,0.87));
#9150=CARTESIAN_POINT('',(4.88,0.3,0.87));
#9151=CARTESIAN_POINT('',(4.88,-5.32703763912734E-17,0.87));
#9152=VECTOR('',#10884,1.0);
#9153=CARTESIAN_POINT('',(2.74,-5.32703763912734E-17,0.87));
#9154=CARTESIAN_POINT('',(-3.225,-5.55111512312578E-17,0.87));
#9155=VECTOR('',#10885,1.0);
#9156=CARTESIAN_POINT('',(2.74,0.3,0.87));
#9157=CARTESIAN_POINT('',(2.74,-5.32703763912734E-17,0.87));
#9158=VECTOR('',#10886,1.0);
#9159=CARTESIAN_POINT('',(0.0,0.3,0.87));
#9160=VECTOR('',#10887,1.0);
#9161=COLOUR_RGB('',0.0,0.0,0.0);
#9162=CARTESIAN_POINT('',(5.28,-5.32703763912734E-17,0.87));
#9163=CARTESIAN_POINT('',(5.28,0.3,0.87));
#9164=CARTESIAN_POINT('',(5.28,-5.32703763912734E-17,0.87));
#9165=VECTOR('',#10888,1.0);
#9166=CARTESIAN_POINT('',(7.62,0.3,0.87));
#9167=CARTESIAN_POINT('',(0.0,0.3,0.87));
#9168=VECTOR('',#10889,1.0);
#9169=CARTESIAN_POINT('',(7.62,-5.32703763912734E-17,0.87));
#9170=CARTESIAN_POINT('',(7.62,-5.32703763912734E-17,0.87));
#9171=VECTOR('',#10890,1.0);
#9172=CARTESIAN_POINT('',(-3.225,-5.55111512312578E-17,0.87));
#9173=VECTOR('',#10891,1.0);
#9174=COLOUR_RGB('',0.0,0.0,0.0);
#9175=CARTESIAN_POINT('',(7.62,0.3,-0.87));
#9176=CARTESIAN_POINT('',(7.62,0.3,0.0));
#9177=VECTOR('',#10892,1.0);
#9178=CARTESIAN_POINT('',(2.51710141781705,0.3,0.87));
#9179=VECTOR('',#10893,1.0);
#9180=CARTESIAN_POINT('',(1.24286654942895,0.3,0.87));
#9181=VECTOR('',#10894,1.0);
#9182=CARTESIAN_POINT('',(-0.0271334505710468,0.3,0.87));
#9183=VECTOR('',#10895,1.0);
#9184=CARTESIAN_POINT('',(-1.29713345057105,0.3,0.87));
#9185=VECTOR('',#10896,1.0);
#9186=CARTESIAN_POINT('',(-2.56713345057105,0.3,0.87));
#9187=VECTOR('',#10897,1.0);
#9188=CARTESIAN_POINT('',(-7.62,0.3,-0.87));
#9189=CARTESIAN_POINT('',(-7.62,0.3,-5.55111512312578E-17));
#9190=VECTOR('',#10898,1.0);
#9191=CARTESIAN_POINT('',(-5.28,0.3,-0.87));
#9192=CARTESIAN_POINT('',(0.0,0.3,-0.87));
#9193=VECTOR('',#10899,1.0);
#9194=CARTESIAN_POINT('',(-4.88,0.3,-0.87));
#9195=CARTESIAN_POINT('',(-2.56713345057105,0.3,-0.87));
#9196=VECTOR('',#10900,1.0);
#9197=CARTESIAN_POINT('',(-2.74,0.3,-0.87));
#9198=CARTESIAN_POINT('',(0.0,0.3,-0.87));
#9199=VECTOR('',#10901,1.0);
#9200=CARTESIAN_POINT('',(-2.34,0.3,-0.87));
#9201=CARTESIAN_POINT('',(-1.29713345057105,0.3,-0.87));
#9202=VECTOR('',#10902,1.0);
#9203=CARTESIAN_POINT('',(-0.200000000000001,0.3,-0.87));
#9204=CARTESIAN_POINT('',(0.0,0.3,-0.87));
#9205=VECTOR('',#10903,1.0);
#9206=CARTESIAN_POINT('',(0.199999999999998,0.3,-0.87));
#9207=CARTESIAN_POINT('',(-0.0271334505710468,0.3,-0.87));
#9208=VECTOR('',#10904,1.0);
#9209=CARTESIAN_POINT('',(2.34,0.3,-0.87));
#9210=CARTESIAN_POINT('',(0.0,0.3,-0.87));
#9211=VECTOR('',#10905,1.0);
#9212=CARTESIAN_POINT('',(2.74,0.3,-0.87));
#9213=CARTESIAN_POINT('',(1.24286654942895,0.3,-0.87));
#9214=VECTOR('',#10906,1.0);
#9215=CARTESIAN_POINT('',(4.88,0.3,-0.87));
#9216=CARTESIAN_POINT('',(0.0,0.3,-0.87));
#9217=VECTOR('',#10907,1.0);
#9218=CARTESIAN_POINT('',(5.28,0.3,-0.87));
#9219=CARTESIAN_POINT('',(2.51710141781705,0.3,-0.87));
#9220=VECTOR('',#10908,1.0);
#9221=CARTESIAN_POINT('',(0.0,0.3,-0.87));
#9222=VECTOR('',#10909,1.0);
#9223=COLOUR_RGB('',0.0,0.0,0.0);
#9224=CARTESIAN_POINT('',(4.88,5.32703763912734E-17,-0.87));
#9225=CARTESIAN_POINT('',(4.88,5.32703763912734E-17,-0.87));
#9226=VECTOR('',#10910,1.0);
#9227=CARTESIAN_POINT('',(2.74,5.32703763912734E-17,-0.87));
#9228=CARTESIAN_POINT('',(2.74,5.32703763912734E-17,-0.87));
#9229=VECTOR('',#10911,1.0);
#9230=CARTESIAN_POINT('',(-3.225,5.55111512312578E-17,-0.87));
#9231=VECTOR('',#10912,1.0);
#9232=COLOUR_RGB('',0.0,0.0,0.0);
#9233=CARTESIAN_POINT('',(2.34,5.32703763912734E-17,-0.87));
#9234=CARTESIAN_POINT('',(2.34,5.32703763912734E-17,-0.87));
#9235=VECTOR('',#10913,1.0);
#9236=CARTESIAN_POINT('',(0.199999999999998,5.32703763912734E-17,-0.87));
#9237=CARTESIAN_POINT('',(0.199999999999998,5.32703763912734E-17,-0.87));
#9238=VECTOR('',#10914,1.0);
#9239=CARTESIAN_POINT('',(-3.225,5.55111512312578E-17,-0.87));
#9240=VECTOR('',#10915,1.0);
#9241=COLOUR_RGB('',0.0,0.0,0.0);
#9242=CARTESIAN_POINT('',(-0.200000000000001,5.32703763912734E-17,-0.87));
#9243=CARTESIAN_POINT('',(-0.200000000000001,5.32703763912734E-17,-0.87));
#9244=VECTOR('',#10916,1.0);
#9245=CARTESIAN_POINT('',(-2.34,5.32703763912734E-17,-0.87));
#9246=CARTESIAN_POINT('',(-2.34,5.32703763912734E-17,-0.87));
#9247=VECTOR('',#10917,1.0);
#9248=CARTESIAN_POINT('',(-3.225,5.55111512312578E-17,-0.87));
#9249=VECTOR('',#10918,1.0);
#9250=COLOUR_RGB('',0.0,0.0,0.0);
#9251=CARTESIAN_POINT('',(-2.74,5.32703763912734E-17,-0.87));
#9252=CARTESIAN_POINT('',(-2.74,5.32703763912734E-17,-0.87));
#9253=VECTOR('',#10919,1.0);
#9254=CARTESIAN_POINT('',(-4.88,5.32703763912734E-17,-0.87));
#9255=CARTESIAN_POINT('',(-4.88,5.32703763912734E-17,-0.87));
#9256=VECTOR('',#10920,1.0);
#9257=CARTESIAN_POINT('',(-3.225,5.55111512312578E-17,-0.87));
#9258=VECTOR('',#10921,1.0);
#9259=COLOUR_RGB('',0.0,0.0,0.0);
#9260=CARTESIAN_POINT('',(-7.62,5.32703763912734E-17,-0.87));
#9261=CARTESIAN_POINT('',(-7.62,5.32703763912734E-17,-0.87));
#9262=VECTOR('',#10922,1.0);
#9263=CARTESIAN_POINT('',(-5.28,5.32703763912734E-17,-0.87));
#9264=CARTESIAN_POINT('',(-3.225,5.55111512312578E-17,-0.87));
#9265=VECTOR('',#10923,1.0);
#9266=CARTESIAN_POINT('',(-5.28,5.32703763912734E-17,-0.87));
#9267=VECTOR('',#10924,1.0);
#9268=COLOUR_RGB('',0.0,0.0,0.0);
#9269=CARTESIAN_POINT('',(7.62,5.32703763912734E-17,-0.87));
#9270=CARTESIAN_POINT('',(7.62,5.32703763912734E-17,-0.87));
#9271=VECTOR('',#10925,1.0);
#9272=CARTESIAN_POINT('',(5.28,5.32703763912734E-17,-0.87));
#9273=CARTESIAN_POINT('',(5.28,5.32703763912734E-17,-0.87));
#9274=VECTOR('',#10926,1.0);
#9275=CARTESIAN_POINT('',(-3.225,5.55111512312578E-17,-0.87));
#9276=VECTOR('',#10927,1.0);
#9277=COLOUR_RGB('',0.0,0.0,0.0);
#9278=CARTESIAN_POINT('',(7.62,4.2,-0.87));
#9279=CARTESIAN_POINT('',(7.62,5.32703763912734E-17,-0.87));
#9280=VECTOR('',#10928,1.0);
#9281=CARTESIAN_POINT('',(7.62,4.2,0.87));
#9282=CARTESIAN_POINT('',(7.62,4.2,-0.87));
#9283=VECTOR('',#10929,1.0);
#9284=CARTESIAN_POINT('',(7.62,-5.32703763912734E-17,0.87));
#9285=VECTOR('',#10930,1.0);
#9286=COLOUR_RGB('',0.0,0.0,0.0);
#9287=CARTESIAN_POINT('',(4.88,4.2,-0.87));
#9288=CARTESIAN_POINT('',(4.88,5.32703763912734E-17,-0.87));
#9289=VECTOR('',#10931,1.0);
#9290=CARTESIAN_POINT('',(5.28,4.2,-0.87));
#9291=CARTESIAN_POINT('',(5.28,4.2,-0.87));
#9292=VECTOR('',#10932,1.0);
#9293=CARTESIAN_POINT('',(5.28,5.32703763912734E-17,-0.87));
#9294=VECTOR('',#10933,1.0);
#9295=COLOUR_RGB('',0.0,0.0,0.0);
#9296=CARTESIAN_POINT('',(2.34,4.2,-0.87));
#9297=CARTESIAN_POINT('',(2.34,5.32703763912734E-17,-0.87));
#9298=VECTOR('',#10934,1.0);
#9299=CARTESIAN_POINT('',(2.74,4.2,-0.87));
#9300=CARTESIAN_POINT('',(2.74,4.2,-0.87));
#9301=VECTOR('',#10935,1.0);
#9302=CARTESIAN_POINT('',(2.74,5.32703763912734E-17,-0.87));
#9303=VECTOR('',#10936,1.0);
#9304=COLOUR_RGB('',0.0,0.0,0.0);
#9305=CARTESIAN_POINT('',(-0.200000000000001,4.2,-0.87));
#9306=CARTESIAN_POINT('',(-0.200000000000001,5.32703763912734E-17,-0.87));
#9307=VECTOR('',#10937,1.0);
#9308=CARTESIAN_POINT('',(0.199999999999998,4.2,-0.87));
#9309=CARTESIAN_POINT('',(0.199999999999998,4.2,-0.87));
#9310=VECTOR('',#10938,1.0);
#9311=CARTESIAN_POINT('',(0.199999999999998,5.32703763912734E-17,-0.87));
#9312=VECTOR('',#10939,1.0);
#9313=COLOUR_RGB('',0.0,0.0,0.0);
#9314=CARTESIAN_POINT('',(-2.74,4.2,-0.87));
#9315=CARTESIAN_POINT('',(-2.74,5.32703763912734E-17,-0.87));
#9316=VECTOR('',#10940,1.0);
#9317=CARTESIAN_POINT('',(-2.34,4.2,-0.87));
#9318=CARTESIAN_POINT('',(-2.34,4.2,-0.87));
#9319=VECTOR('',#10941,1.0);
#9320=CARTESIAN_POINT('',(-2.34,5.32703763912734E-17,-0.87));
#9321=VECTOR('',#10942,1.0);
#9322=COLOUR_RGB('',0.0,0.0,0.0);
#9323=CARTESIAN_POINT('',(5.466523063262,7.7762503467721E-17,-1.27));
#9324=CARTESIAN_POINT('',(5.28,5.32703763912734E-17,-0.87));
#9325=VECTOR('',#10943,1.0);
#9326=CARTESIAN_POINT('',(7.433476936738,7.7762503467721E-17,-1.27));
#9327=CARTESIAN_POINT('',(5.466523063262,7.7762503467721E-17,-1.27));
#9328=VECTOR('',#10944,1.0);
#9329=CARTESIAN_POINT('',(7.433476936738,7.7762503467721E-17,-1.27));
#9330=VECTOR('',#10945,1.0);
#9331=COLOUR_RGB('',0.0,0.0,0.0);
#9332=CARTESIAN_POINT('',(2.926523063262,7.7762503467721E-17,-1.27));
#9333=CARTESIAN_POINT('',(2.926523063262,7.7762503467721E-17,-1.27));
#9334=VECTOR('',#10946,0.999999999999999);
#9335=CARTESIAN_POINT('',(4.693476936738,7.7762503467721E-17,-1.27));
#9336=CARTESIAN_POINT('',(4.693476936738,7.7762503467721E-17,-1.27));
#9337=VECTOR('',#10947,1.0);
#9338=CARTESIAN_POINT('',(4.88,5.32703763912734E-17,-0.87));
#9339=VECTOR('',#10948,0.999999999999999);
#9340=COLOUR_RGB('',0.0,0.0,0.0);
#9341=CARTESIAN_POINT('',(0.386523063262,7.7762503467721E-17,-1.27));
#9342=CARTESIAN_POINT('',(0.386523063262,7.7762503467721E-17,-1.27));
#9343=VECTOR('',#10949,0.999999999999999);
#9344=CARTESIAN_POINT('',(2.153476936738,7.7762503467721E-17,-1.27));
#9345=CARTESIAN_POINT('',(2.153476936738,7.7762503467721E-17,-1.27));
#9346=VECTOR('',#10950,1.0);
#9347=CARTESIAN_POINT('',(2.34,5.32703763912734E-17,-0.87));
#9348=VECTOR('',#10951,0.999999999999999);
#9349=COLOUR_RGB('',0.0,0.0,0.0);
#9350=CARTESIAN_POINT('',(-2.153476936738,7.7762503467721E-17,-1.27));
#9351=CARTESIAN_POINT('',(-2.153476936738,7.7762503467721E-17,-1.27));
#9352=VECTOR('',#10952,0.999999999999999);
#9353=CARTESIAN_POINT('',(-0.386523063262002,7.7762503467721E-17,-1.27));
#9354=CARTESIAN_POINT('',(-0.386523063262002,7.7762503467721E-17,-1.27));
#9355=VECTOR('',#10953,1.0);
#9356=CARTESIAN_POINT('',(-0.200000000000001,5.32703763912734E-17,-0.87));
#9357=VECTOR('',#10954,0.999999999999999);
#9358=COLOUR_RGB('',0.0,0.0,0.0);
#9359=CARTESIAN_POINT('',(-4.693476936738,7.7762503467721E-17,-1.27));
#9360=CARTESIAN_POINT('',(-4.693476936738,7.7762503467721E-17,-1.27));
#9361=VECTOR('',#10955,1.0);
#9362=CARTESIAN_POINT('',(-2.926523063262,7.7762503467721E-17,-1.27));
#9363=CARTESIAN_POINT('',(-2.926523063262,7.7762503467721E-17,-1.27));
#9364=VECTOR('',#10956,1.0);
#9365=CARTESIAN_POINT('',(-2.74,5.32703763912734E-17,-0.87));
#9366=VECTOR('',#10957,1.0);
#9367=COLOUR_RGB('',0.0,0.0,0.0);
#9368=CARTESIAN_POINT('',(-7.433476936738,7.7762503467721E-17,-1.27));
#9369=CARTESIAN_POINT('',(-7.62,5.32703763912734E-17,-0.87));
#9370=VECTOR('',#10958,1.0);
#9371=CARTESIAN_POINT('',(-5.466523063262,7.7762503467721E-17,-1.27));
#9372=CARTESIAN_POINT('',(-7.433476936738,7.7762503467721E-17,-1.27));
#9373=VECTOR('',#10959,1.0);
#9374=CARTESIAN_POINT('',(-5.466523063262,7.7762503467721E-17,-1.27));
#9375=VECTOR('',#10960,1.0);
#9376=COLOUR_RGB('',0.0,0.0,0.0);
#9377=CARTESIAN_POINT('',(-5.466523063262,-7.7762503467721E-17,1.27));
#9378=CARTESIAN_POINT('',(-5.28,-5.32703763912734E-17,0.87));
#9379=VECTOR('',#10961,1.0);
#9380=CARTESIAN_POINT('',(-7.433476936738,-7.7762503467721E-17,1.27));
#9381=CARTESIAN_POINT('',(-5.466523063262,-7.7762503467721E-17,1.27));
#9382=VECTOR('',#10962,1.0);
#9383=CARTESIAN_POINT('',(-7.433476936738,-7.7762503467721E-17,1.27));
#9384=VECTOR('',#10963,1.0);
#9385=COLOUR_RGB('',0.0,0.0,0.0);
#9386=CARTESIAN_POINT('',(-2.926523063262,-7.7762503467721E-17,1.27));
#9387=CARTESIAN_POINT('',(-2.926523063262,-7.7762503467721E-17,1.27));
#9388=VECTOR('',#10964,1.0);
#9389=CARTESIAN_POINT('',(-4.693476936738,-7.7762503467721E-17,1.27));
#9390=CARTESIAN_POINT('',(-4.693476936738,-7.7762503467721E-17,1.27));
#9391=VECTOR('',#10965,1.0);
#9392=CARTESIAN_POINT('',(-4.88,-5.32703763912734E-17,0.87));
#9393=VECTOR('',#10966,1.0);
#9394=COLOUR_RGB('',0.0,0.0,0.0);
#9395=CARTESIAN_POINT('',(-0.386523063262002,-7.7762503467721E-17,1.27));
#9396=CARTESIAN_POINT('',(-0.386523063262002,-7.7762503467721E-17,1.27));
#9397=VECTOR('',#10967,0.999999999999999);
#9398=CARTESIAN_POINT('',(-2.153476936738,-7.7762503467721E-17,1.27));
#9399=CARTESIAN_POINT('',(-2.153476936738,-7.7762503467721E-17,1.27));
#9400=VECTOR('',#10968,1.0);
#9401=CARTESIAN_POINT('',(-2.34,-5.32703763912734E-17,0.87));
#9402=VECTOR('',#10969,0.999999999999999);
#9403=COLOUR_RGB('',0.0,0.0,0.0);
#9404=CARTESIAN_POINT('',(2.153476936738,-7.7762503467721E-17,1.27));
#9405=CARTESIAN_POINT('',(2.153476936738,-7.7762503467721E-17,1.27));
#9406=VECTOR('',#10970,0.999999999999999);
#9407=CARTESIAN_POINT('',(0.386523063262,-7.7762503467721E-17,1.27));
#9408=CARTESIAN_POINT('',(0.386523063262,-7.7762503467721E-17,1.27));
#9409=VECTOR('',#10971,1.0);
#9410=CARTESIAN_POINT('',(0.199999999999998,-5.32703763912734E-17,0.87));
#9411=VECTOR('',#10972,0.999999999999999);
#9412=COLOUR_RGB('',0.0,0.0,0.0);
#9413=CARTESIAN_POINT('',(4.693476936738,-7.7762503467721E-17,1.27));
#9414=CARTESIAN_POINT('',(4.693476936738,-7.7762503467721E-17,1.27));
#9415=VECTOR('',#10973,0.999999999999999);
#9416=CARTESIAN_POINT('',(2.926523063262,-7.7762503467721E-17,1.27));
#9417=CARTESIAN_POINT('',(2.926523063262,-7.7762503467721E-17,1.27));
#9418=VECTOR('',#10974,1.0);
#9419=CARTESIAN_POINT('',(2.74,-5.32703763912734E-17,0.87));
#9420=VECTOR('',#10975,0.999999999999999);
#9421=COLOUR_RGB('',0.0,0.0,0.0);
#9422=CARTESIAN_POINT('',(7.433476936738,-7.7762503467721E-17,1.27));
#9423=CARTESIAN_POINT('',(7.62,-5.32703763912734E-17,0.87));
#9424=VECTOR('',#10976,0.999999999999999);
#9425=CARTESIAN_POINT('',(5.466523063262,-7.7762503467721E-17,1.27));
#9426=CARTESIAN_POINT('',(7.433476936738,-7.7762503467721E-17,1.27));
#9427=VECTOR('',#10977,1.0);
#9428=CARTESIAN_POINT('',(5.466523063262,-7.7762503467721E-17,1.27));
#9429=VECTOR('',#10978,0.999999999999999);
#9430=COLOUR_RGB('',0.0,0.0,0.0);
#9431=CARTESIAN_POINT('',(-5.28,4.2,-0.87));
#9432=CARTESIAN_POINT('',(-5.28,5.32703763912734E-17,-0.87));
#9433=VECTOR('',#10979,1.0);
#9434=CARTESIAN_POINT('',(-4.88,4.2,-0.87));
#9435=CARTESIAN_POINT('',(-4.88,4.2,-0.87));
#9436=VECTOR('',#10980,1.0);
#9437=CARTESIAN_POINT('',(-4.88,5.32703763912734E-17,-0.87));
#9438=VECTOR('',#10981,1.0);
#9439=COLOUR_RGB('',0.0,0.0,0.0);
#9440=CARTESIAN_POINT('',(5.466523063262,4.2,-1.27));
#9441=CARTESIAN_POINT('',(7.433476936738,4.2,-1.27));
#9442=CARTESIAN_POINT('',(5.466523063262,4.2,-1.27));
#9443=VECTOR('',#10982,1.0);
#9444=CARTESIAN_POINT('',(7.433476936738,7.7762503467721E-17,-1.27));
#9445=VECTOR('',#10983,1.0);
#9446=CARTESIAN_POINT('',(5.466523063262,7.7762503467721E-17,-1.27));
#9447=VECTOR('',#10984,1.0);
#9448=COLOUR_RGB('',0.0,0.0,0.0);
#9449=CARTESIAN_POINT('',(7.433476936738,4.2,-1.27));
#9450=VECTOR('',#10985,1.0);
#9451=COLOUR_RGB('',0.0,0.0,0.0);
#9452=CARTESIAN_POINT('',(7.433476936738,4.2,1.27));
#9453=CARTESIAN_POINT('',(7.62,4.2,0.87));
#9454=VECTOR('',#10986,0.999999999999999);
#9455=CARTESIAN_POINT('',(7.433476936738,-7.7762503467721E-17,1.27));
#9456=VECTOR('',#10987,1.0);
#9457=COLOUR_RGB('',0.0,0.0,0.0);
#9458=CARTESIAN_POINT('',(5.466523063262,4.2,1.27));
#9459=CARTESIAN_POINT('',(7.433476936738,4.2,1.27));
#9460=VECTOR('',#10988,1.0);
#9461=CARTESIAN_POINT('',(5.466523063262,-7.7762503467721E-17,1.27));
#9462=VECTOR('',#10989,1.0);
#9463=COLOUR_RGB('',0.0,0.0,0.0);
#9464=CARTESIAN_POINT('',(5.28,4.2,0.87));
#9465=CARTESIAN_POINT('',(5.466523063262,4.2,1.27));
#9466=VECTOR('',#10990,0.999999999999999);
#9467=CARTESIAN_POINT('',(5.28,-5.32703763912734E-17,0.87));
#9468=VECTOR('',#10991,1.0);
#9469=COLOUR_RGB('',0.0,0.0,0.0);
#9470=CARTESIAN_POINT('',(4.88,4.2,0.87));
#9471=CARTESIAN_POINT('',(5.28,4.2,0.87));
#9472=VECTOR('',#10992,1.0);
#9473=CARTESIAN_POINT('',(4.88,-5.32703763912734E-17,0.87));
#9474=VECTOR('',#10993,1.0);
#9475=COLOUR_RGB('',0.0,0.0,0.0);
#9476=CARTESIAN_POINT('',(5.28,4.2,-0.87));
#9477=VECTOR('',#10994,1.0);
#9478=COLOUR_RGB('',0.0,0.0,0.0);
#9479=CARTESIAN_POINT('',(4.693476936738,4.2,1.27));
#9480=CARTESIAN_POINT('',(4.693476936738,4.2,1.27));
#9481=VECTOR('',#10995,0.999999999999999);
#9482=CARTESIAN_POINT('',(4.693476936738,4.2,-1.27));
#9483=CARTESIAN_POINT('',(4.88,4.2,-0.87));
#9484=VECTOR('',#10996,0.999999999999999);
#9485=CARTESIAN_POINT('',(2.926523063262,4.2,-1.27));
#9486=CARTESIAN_POINT('',(4.693476936738,4.2,-1.27));
#9487=VECTOR('',#10997,1.0);
#9488=CARTESIAN_POINT('',(2.926523063262,4.2,-1.27));
#9489=VECTOR('',#10998,0.999999999999999);
#9490=CARTESIAN_POINT('',(2.153476936738,4.2,-1.27));
#9491=CARTESIAN_POINT('',(2.34,4.2,-0.87));
#9492=VECTOR('',#10999,0.999999999999999);
#9493=CARTESIAN_POINT('',(0.386523063262,4.2,-1.27));
#9494=CARTESIAN_POINT('',(2.153476936738,4.2,-1.27));
#9495=VECTOR('',#11000,1.0);
#9496=CARTESIAN_POINT('',(0.386523063262,4.2,-1.27));
#9497=VECTOR('',#11001,0.999999999999999);
#9498=CARTESIAN_POINT('',(-0.386523063262002,4.2,-1.27));
#9499=CARTESIAN_POINT('',(-0.200000000000001,4.2,-0.87));
#9500=VECTOR('',#11002,0.999999999999999);
#9501=CARTESIAN_POINT('',(-2.153476936738,4.2,-1.27));
#9502=CARTESIAN_POINT('',(-0.386523063262002,4.2,-1.27));
#9503=VECTOR('',#11003,1.0);
#9504=CARTESIAN_POINT('',(-2.153476936738,4.2,-1.27));
#9505=VECTOR('',#11004,0.999999999999999);
#9506=CARTESIAN_POINT('',(-2.926523063262,4.2,-1.27));
#9507=CARTESIAN_POINT('',(-2.74,4.2,-0.87));
#9508=VECTOR('',#11005,0.999999999999999);
#9509=CARTESIAN_POINT('',(-4.693476936738,4.2,-1.27));
#9510=CARTESIAN_POINT('',(-2.926523063262,4.2,-1.27));
#9511=VECTOR('',#11006,1.0);
#9512=CARTESIAN_POINT('',(-4.693476936738,4.2,-1.27));
#9513=VECTOR('',#11007,0.999999999999999);
#9514=CARTESIAN_POINT('',(-5.466523063262,4.2,-1.27));
#9515=CARTESIAN_POINT('',(-5.466523063262,4.2,-1.27));
#9516=VECTOR('',#11008,1.0);
#9517=CARTESIAN_POINT('',(-7.433476936738,4.2,-1.27));
#9518=CARTESIAN_POINT('',(-7.433476936738,4.2,-1.27));
#9519=VECTOR('',#11009,1.0);
#9520=CARTESIAN_POINT('',(-7.62,4.2,-0.87));
#9521=CARTESIAN_POINT('',(-7.62,4.2,-0.87));
#9522=VECTOR('',#11010,1.0);
#9523=CARTESIAN_POINT('',(-7.62,4.2,0.87));
#9524=CARTESIAN_POINT('',(-7.62,4.2,0.87));
#9525=VECTOR('',#11011,1.0);
#9526=CARTESIAN_POINT('',(-7.433476936738,4.2,1.27));
#9527=CARTESIAN_POINT('',(-7.433476936738,4.2,1.27));
#9528=VECTOR('',#11012,1.0);
#9529=CARTESIAN_POINT('',(-5.466523063262,4.2,1.27));
#9530=CARTESIAN_POINT('',(-5.466523063262,4.2,1.27));
#9531=VECTOR('',#11013,1.0);
#9532=CARTESIAN_POINT('',(-5.28,4.2,0.87));
#9533=CARTESIAN_POINT('',(-5.28,4.2,0.87));
#9534=VECTOR('',#11014,0.999999999999999);
#9535=CARTESIAN_POINT('',(-4.88,4.2,0.87));
#9536=CARTESIAN_POINT('',(-4.88,4.2,0.87));
#9537=VECTOR('',#11015,1.0);
#9538=CARTESIAN_POINT('',(-4.693476936738,4.2,1.27));
#9539=CARTESIAN_POINT('',(-4.88,4.2,0.87));
#9540=VECTOR('',#11016,0.999999999999999);
#9541=CARTESIAN_POINT('',(-2.926523063262,4.2,1.27));
#9542=CARTESIAN_POINT('',(-4.693476936738,4.2,1.27));
#9543=VECTOR('',#11017,1.0);
#9544=CARTESIAN_POINT('',(-2.74,4.2,0.87));
#9545=CARTESIAN_POINT('',(-2.926523063262,4.2,1.27));
#9546=VECTOR('',#11018,0.999999999999999);
#9547=CARTESIAN_POINT('',(-2.34,4.2,0.87));
#9548=CARTESIAN_POINT('',(-2.34,4.2,0.87));
#9549=VECTOR('',#11019,1.0);
#9550=CARTESIAN_POINT('',(-2.153476936738,4.2,1.27));
#9551=CARTESIAN_POINT('',(-2.34,4.2,0.87));
#9552=VECTOR('',#11020,0.999999999999999);
#9553=CARTESIAN_POINT('',(-0.386523063262002,4.2,1.27));
#9554=CARTESIAN_POINT('',(-2.153476936738,4.2,1.27));
#9555=VECTOR('',#11021,1.0);
#9556=CARTESIAN_POINT('',(-0.200000000000001,4.2,0.87));
#9557=CARTESIAN_POINT('',(-0.386523063262002,4.2,1.27));
#9558=VECTOR('',#11022,0.999999999999999);
#9559=CARTESIAN_POINT('',(0.199999999999998,4.2,0.87));
#9560=CARTESIAN_POINT('',(0.199999999999998,4.2,0.87));
#9561=VECTOR('',#11023,1.0);
#9562=CARTESIAN_POINT('',(0.386523063262,4.2,1.27));
#9563=CARTESIAN_POINT('',(0.199999999999998,4.2,0.87));
#9564=VECTOR('',#11024,0.999999999999999);
#9565=CARTESIAN_POINT('',(2.153476936738,4.2,1.27));
#9566=CARTESIAN_POINT('',(0.386523063262,4.2,1.27));
#9567=VECTOR('',#11025,1.0);
#9568=CARTESIAN_POINT('',(2.34,4.2,0.87));
#9569=CARTESIAN_POINT('',(2.153476936738,4.2,1.27));
#9570=VECTOR('',#11026,0.999999999999999);
#9571=CARTESIAN_POINT('',(2.74,4.2,0.87));
#9572=CARTESIAN_POINT('',(2.74,4.2,0.87));
#9573=VECTOR('',#11027,1.0);
#9574=CARTESIAN_POINT('',(2.926523063262,4.2,1.27));
#9575=CARTESIAN_POINT('',(2.74,4.2,0.87));
#9576=VECTOR('',#11028,0.999999999999999);
#9577=CARTESIAN_POINT('',(2.926523063262,4.2,1.27));
#9578=VECTOR('',#11029,1.0);
#9579=COLOUR_RGB('',0.0,0.0,0.0);
#9580=CARTESIAN_POINT('',(2.74,-5.32703763912734E-17,0.87));
#9581=VECTOR('',#11030,1.0);
#9582=CARTESIAN_POINT('',(2.926523063262,-7.7762503467721E-17,1.27));
#9583=VECTOR('',#11031,1.0);
#9584=COLOUR_RGB('',0.0,0.0,0.0);
#9585=CARTESIAN_POINT('',(2.34,-5.32703763912734E-17,0.87));
#9586=VECTOR('',#11032,1.0);
#9587=COLOUR_RGB('',0.0,0.0,0.0);
#9588=CARTESIAN_POINT('',(2.926523063262,7.7762503467721E-17,-1.27));
#9589=VECTOR('',#11033,1.0);
#9590=COLOUR_RGB('',0.0,0.0,0.0);
#9591=CARTESIAN_POINT('',(4.693476936738,7.7762503467721E-17,-1.27));
#9592=VECTOR('',#11034,1.0);
#9593=COLOUR_RGB('',0.0,0.0,0.0);
#9594=COLOUR_RGB('',0.0,0.0,0.0);
#9595=CARTESIAN_POINT('',(4.693476936738,-7.7762503467721E-17,1.27));
#9596=VECTOR('',#11035,1.0);
#9597=COLOUR_RGB('',0.0,0.0,0.0);
#9598=COLOUR_RGB('',0.0,0.0,0.0);
#9599=CARTESIAN_POINT('',(0.199999999999998,-5.32703763912734E-17,0.87));
#9600=VECTOR('',#11036,1.0);
#9601=CARTESIAN_POINT('',(0.386523063262,-7.7762503467721E-17,1.27));
#9602=VECTOR('',#11037,1.0);
#9603=COLOUR_RGB('',0.0,0.0,0.0);
#9604=CARTESIAN_POINT('',(-0.200000000000001,-5.32703763912734E-17,0.87));
#9605=VECTOR('',#11038,1.0);
#9606=COLOUR_RGB('',0.0,0.0,0.0);
#9607=CARTESIAN_POINT('',(0.386523063262,7.7762503467721E-17,-1.27));
#9608=VECTOR('',#11039,1.0);
#9609=COLOUR_RGB('',0.0,0.0,0.0);
#9610=CARTESIAN_POINT('',(2.153476936738,7.7762503467721E-17,-1.27));
#9611=VECTOR('',#11040,1.0);
#9612=COLOUR_RGB('',0.0,0.0,0.0);
#9613=COLOUR_RGB('',0.0,0.0,0.0);
#9614=CARTESIAN_POINT('',(2.153476936738,-7.7762503467721E-17,1.27));
#9615=VECTOR('',#11041,1.0);
#9616=COLOUR_RGB('',0.0,0.0,0.0);
#9617=COLOUR_RGB('',0.0,0.0,0.0);
#9618=CARTESIAN_POINT('',(-2.34,-5.32703763912734E-17,0.87));
#9619=VECTOR('',#11042,1.0);
#9620=CARTESIAN_POINT('',(-2.153476936738,-7.7762503467721E-17,1.27));
#9621=VECTOR('',#11043,1.0);
#9622=COLOUR_RGB('',0.0,0.0,0.0);
#9623=CARTESIAN_POINT('',(-2.74,-5.32703763912734E-17,0.87));
#9624=VECTOR('',#11044,1.0);
#9625=COLOUR_RGB('',0.0,0.0,0.0);
#9626=CARTESIAN_POINT('',(-2.153476936738,7.7762503467721E-17,-1.27));
#9627=VECTOR('',#11045,1.0);
#9628=COLOUR_RGB('',0.0,0.0,0.0);
#9629=CARTESIAN_POINT('',(-0.386523063262002,7.7762503467721E-17,-1.27));
#9630=VECTOR('',#11046,1.0);
#9631=COLOUR_RGB('',0.0,0.0,0.0);
#9632=COLOUR_RGB('',0.0,0.0,0.0);
#9633=CARTESIAN_POINT('',(-0.386523063262002,-7.7762503467721E-17,1.27));
#9634=VECTOR('',#11047,1.0);
#9635=COLOUR_RGB('',0.0,0.0,0.0);
#9636=COLOUR_RGB('',0.0,0.0,0.0);
#9637=CARTESIAN_POINT('',(-4.88,-5.32703763912734E-17,0.87));
#9638=VECTOR('',#11048,1.0);
#9639=CARTESIAN_POINT('',(-4.693476936738,-7.7762503467721E-17,1.27));
#9640=VECTOR('',#11049,1.0);
#9641=COLOUR_RGB('',0.0,0.0,0.0);
#9642=CARTESIAN_POINT('',(-5.28,-5.32703763912734E-17,0.87));
#9643=VECTOR('',#11050,1.0);
#9644=COLOUR_RGB('',0.0,0.0,0.0);
#9645=CARTESIAN_POINT('',(-4.693476936738,7.7762503467721E-17,-1.27));
#9646=VECTOR('',#11051,1.0);
#9647=COLOUR_RGB('',0.0,0.0,0.0);
#9648=CARTESIAN_POINT('',(-2.926523063262,7.7762503467721E-17,-1.27));
#9649=VECTOR('',#11052,1.0);
#9650=COLOUR_RGB('',0.0,0.0,0.0);
#9651=COLOUR_RGB('',0.0,0.0,0.0);
#9652=CARTESIAN_POINT('',(-2.926523063262,-7.7762503467721E-17,1.27));
#9653=VECTOR('',#11053,1.0);
#9654=COLOUR_RGB('',0.0,0.0,0.0);
#9655=COLOUR_RGB('',0.0,0.0,0.0);
#9656=CARTESIAN_POINT('',(-7.62,-5.32703763912734E-17,0.87));
#9657=VECTOR('',#11054,1.0);
#9658=CARTESIAN_POINT('',(-7.433476936738,-7.7762503467721E-17,1.27));
#9659=VECTOR('',#11055,1.0);
#9660=COLOUR_RGB('',0.0,0.0,0.0);
#9661=CARTESIAN_POINT('',(-7.62,5.32703763912734E-17,-0.87));
#9662=VECTOR('',#11056,1.0);
#9663=COLOUR_RGB('',0.0,0.0,0.0);
#9664=CARTESIAN_POINT('',(-7.433476936738,7.7762503467721E-17,-1.27));
#9665=VECTOR('',#11057,1.0);
#9666=COLOUR_RGB('',0.0,0.0,0.0);
#9667=CARTESIAN_POINT('',(-5.466523063262,7.7762503467721E-17,-1.27));
#9668=VECTOR('',#11058,1.0);
#9669=COLOUR_RGB('',0.0,0.0,0.0);
#9670=COLOUR_RGB('',0.0,0.0,0.0);
#9671=CARTESIAN_POINT('',(-5.466523063262,-7.7762503467721E-17,1.27));
#9672=VECTOR('',#11059,1.0);
#9673=COLOUR_RGB('',0.0,0.0,0.0);
#9674=CARTESIAN_POINT('',(-6.35,1.91304755078161,0.0));
#9675=DIRECTION('',(0.0,1.0,0.0));
#9676=DIRECTION('',(0.0,0.0,-1.0));
#9677=CARTESIAN_POINT('',(-6.35,1.91304755078161,0.490007719539948));
#9678=DIRECTION('',(1.0,0.0,0.0));
#9679=DIRECTION('',(-0.0,0.0,1.0));
#9680=CARTESIAN_POINT('',(-6.35,1.94688304863934,0.0));
#9681=DIRECTION('',(0.0,1.0,0.0));
#9682=DIRECTION('',(-1.0,0.0,0.0));
#9683=CARTESIAN_POINT('',(-6.35,1.94688304863934,0.0));
#9684=DIRECTION('',(0.0,1.0,0.0));
#9685=DIRECTION('',(-1.0,0.0,0.0));
#9686=CARTESIAN_POINT('',(-6.35,1.91304755078161,-0.490007719539948));
#9687=DIRECTION('',(1.0,-0.0,0.0));
#9688=DIRECTION('',(0.0,0.0,-1.0));
#9689=CARTESIAN_POINT('',(-3.81,1.91304755078161,0.0));
#9690=DIRECTION('',(0.0,1.0,0.0));
#9691=DIRECTION('',(0.0,0.0,-1.0));
#9692=CARTESIAN_POINT('',(-3.81,1.91304755078161,0.490007719539948));
#9693=DIRECTION('',(1.0,0.0,0.0));
#9694=DIRECTION('',(-0.0,0.0,1.0));
#9695=CARTESIAN_POINT('',(-3.81,1.94688304863934,0.0));
#9696=DIRECTION('',(0.0,1.0,0.0));
#9697=DIRECTION('',(-1.0,0.0,0.0));
#9698=CARTESIAN_POINT('',(-3.81,1.94688304863934,0.0));
#9699=DIRECTION('',(0.0,1.0,0.0));
#9700=DIRECTION('',(-1.0,0.0,0.0));
#9701=CARTESIAN_POINT('',(-3.81,1.91304755078161,-0.490007719539948));
#9702=DIRECTION('',(1.0,-0.0,0.0));
#9703=DIRECTION('',(0.0,0.0,-1.0));
#9704=CARTESIAN_POINT('',(-1.27,1.91304755078161,0.0));
#9705=DIRECTION('',(0.0,1.0,0.0));
#9706=DIRECTION('',(0.0,0.0,-1.0));
#9707=CARTESIAN_POINT('',(-1.27,1.91304755078161,0.490007719539948));
#9708=DIRECTION('',(1.0,0.0,0.0));
#9709=DIRECTION('',(-0.0,0.0,1.0));
#9710=CARTESIAN_POINT('',(-1.27,1.94688304863934,0.0));
#9711=DIRECTION('',(0.0,1.0,0.0));
#9712=DIRECTION('',(-1.0,0.0,0.0));
#9713=CARTESIAN_POINT('',(-1.27,1.94688304863934,0.0));
#9714=DIRECTION('',(0.0,1.0,0.0));
#9715=DIRECTION('',(-1.0,0.0,0.0));
#9716=CARTESIAN_POINT('',(-1.27,1.91304755078161,-0.490007719539948));
#9717=DIRECTION('',(1.0,-0.0,0.0));
#9718=DIRECTION('',(0.0,0.0,-1.0));
#9719=CARTESIAN_POINT('',(1.27,1.91304755078161,0.0));
#9720=DIRECTION('',(0.0,1.0,0.0));
#9721=DIRECTION('',(0.0,0.0,-1.0));
#9722=CARTESIAN_POINT('',(1.27,1.91304755078161,0.490007719539948));
#9723=DIRECTION('',(1.0,0.0,0.0));
#9724=DIRECTION('',(-0.0,0.0,1.0));
#9725=CARTESIAN_POINT('',(1.27,1.94688304863934,0.0));
#9726=DIRECTION('',(0.0,1.0,0.0));
#9727=DIRECTION('',(-1.0,0.0,0.0));
#9728=CARTESIAN_POINT('',(1.27,1.94688304863934,0.0));
#9729=DIRECTION('',(0.0,1.0,0.0));
#9730=DIRECTION('',(-1.0,0.0,0.0));
#9731=CARTESIAN_POINT('',(1.27,1.91304755078161,-0.490007719539948));
#9732=DIRECTION('',(1.0,-0.0,0.0));
#9733=DIRECTION('',(0.0,0.0,-1.0));
#9734=CARTESIAN_POINT('',(3.81,1.91304755078161,0.0));
#9735=DIRECTION('',(0.0,1.0,0.0));
#9736=DIRECTION('',(0.0,0.0,-1.0));
#9737=CARTESIAN_POINT('',(3.81,1.91304755078161,0.490007719539948));
#9738=DIRECTION('',(1.0,0.0,0.0));
#9739=DIRECTION('',(-0.0,0.0,1.0));
#9740=CARTESIAN_POINT('',(3.81,1.94688304863934,0.0));
#9741=DIRECTION('',(0.0,1.0,0.0));
#9742=DIRECTION('',(-1.0,0.0,0.0));
#9743=CARTESIAN_POINT('',(3.81,1.94688304863934,0.0));
#9744=DIRECTION('',(0.0,1.0,0.0));
#9745=DIRECTION('',(-1.0,0.0,0.0));
#9746=CARTESIAN_POINT('',(3.81,1.91304755078161,-0.490007719539948));
#9747=DIRECTION('',(1.0,-0.0,0.0));
#9748=DIRECTION('',(0.0,0.0,-1.0));
#9749=CARTESIAN_POINT('',(6.35,1.91304755078161,0.0));
#9750=DIRECTION('',(0.0,1.0,0.0));
#9751=DIRECTION('',(0.0,0.0,-1.0));
#9752=CARTESIAN_POINT('',(6.35,1.91304755078161,0.490007719539948));
#9753=DIRECTION('',(1.0,0.0,0.0));
#9754=DIRECTION('',(-0.0,0.0,1.0));
#9755=CARTESIAN_POINT('',(6.35,1.94688304863934,0.0));
#9756=DIRECTION('',(0.0,1.0,0.0));
#9757=DIRECTION('',(-1.0,0.0,0.0));
#9758=CARTESIAN_POINT('',(6.35,1.94688304863934,0.0));
#9759=DIRECTION('',(0.0,1.0,0.0));
#9760=DIRECTION('',(-1.0,0.0,0.0));
#9761=CARTESIAN_POINT('',(6.35,1.91304755078161,-0.490007719539948));
#9762=DIRECTION('',(1.0,-0.0,0.0));
#9763=DIRECTION('',(0.0,0.0,-1.0));
#9764=CARTESIAN_POINT('',(6.35,1.91304755078161,0.0));
#9765=DIRECTION('',(0.0,1.0,0.0));
#9766=DIRECTION('',(0.0,0.0,-1.0));
#9767=CARTESIAN_POINT('',(6.35,1.94688304863934,0.0));
#9768=DIRECTION('',(0.0,1.0,0.0));
#9769=DIRECTION('',(-1.0,0.0,0.0));
#9770=CARTESIAN_POINT('',(6.35,1.94688304863934,0.0));
#9771=DIRECTION('',(0.0,1.0,0.0));
#9772=DIRECTION('',(-1.0,0.0,0.0));
#9773=CARTESIAN_POINT('',(3.81,1.91304755078161,0.0));
#9774=DIRECTION('',(0.0,1.0,0.0));
#9775=DIRECTION('',(0.0,0.0,-1.0));
#9776=CARTESIAN_POINT('',(3.81,1.94688304863934,0.0));
#9777=DIRECTION('',(0.0,1.0,0.0));
#9778=DIRECTION('',(-1.0,0.0,0.0));
#9779=CARTESIAN_POINT('',(3.81,1.94688304863934,0.0));
#9780=DIRECTION('',(0.0,1.0,0.0));
#9781=DIRECTION('',(-1.0,0.0,0.0));
#9782=CARTESIAN_POINT('',(1.27,1.91304755078161,0.0));
#9783=DIRECTION('',(0.0,1.0,0.0));
#9784=DIRECTION('',(0.0,0.0,-1.0));
#9785=CARTESIAN_POINT('',(1.27,1.94688304863934,0.0));
#9786=DIRECTION('',(0.0,1.0,0.0));
#9787=DIRECTION('',(-1.0,0.0,0.0));
#9788=CARTESIAN_POINT('',(1.27,1.94688304863934,0.0));
#9789=DIRECTION('',(0.0,1.0,0.0));
#9790=DIRECTION('',(-1.0,0.0,0.0));
#9791=CARTESIAN_POINT('',(-1.27,1.91304755078161,0.0));
#9792=DIRECTION('',(0.0,1.0,0.0));
#9793=DIRECTION('',(0.0,0.0,-1.0));
#9794=CARTESIAN_POINT('',(-1.27,1.94688304863934,0.0));
#9795=DIRECTION('',(0.0,1.0,0.0));
#9796=DIRECTION('',(-1.0,0.0,0.0));
#9797=CARTESIAN_POINT('',(-1.27,1.94688304863934,0.0));
#9798=DIRECTION('',(0.0,1.0,0.0));
#9799=DIRECTION('',(-1.0,0.0,0.0));
#9800=CARTESIAN_POINT('',(-3.81,1.91304755078161,0.0));
#9801=DIRECTION('',(0.0,1.0,0.0));
#9802=DIRECTION('',(0.0,0.0,-1.0));
#9803=CARTESIAN_POINT('',(-3.81,1.94688304863934,0.0));
#9804=DIRECTION('',(0.0,1.0,0.0));
#9805=DIRECTION('',(-1.0,0.0,0.0));
#9806=CARTESIAN_POINT('',(-3.81,1.94688304863934,0.0));
#9807=DIRECTION('',(0.0,1.0,0.0));
#9808=DIRECTION('',(-1.0,0.0,0.0));
#9809=CARTESIAN_POINT('',(-6.35,1.91304755078161,0.0));
#9810=DIRECTION('',(0.0,1.0,0.0));
#9811=DIRECTION('',(0.0,0.0,-1.0));
#9812=CARTESIAN_POINT('',(-6.35,1.94688304863934,0.0));
#9813=DIRECTION('',(0.0,1.0,0.0));
#9814=DIRECTION('',(-1.0,0.0,0.0));
#9815=CARTESIAN_POINT('',(-6.35,1.94688304863934,0.0));
#9816=DIRECTION('',(0.0,1.0,0.0));
#9817=DIRECTION('',(-1.0,0.0,0.0));
#9818=DIRECTION('',(0.707106781186547,0.707106781186548,8.65927457071935E-17));
#9819=CARTESIAN_POINT('',(-6.35,8.88178419700125E-16,0.0));
#9820=DIRECTION('',(-0.0,1.0,0.0));
#9821=DIRECTION('',(1.0,0.0,0.0));
#9822=DIRECTION('',(0.707106781186547,-0.707106781186548,8.65927457071936E-17));
#9823=CARTESIAN_POINT('',(-6.35,0.200000000000001,0.0));
#9824=DIRECTION('',(-0.0,1.0,0.0));
#9825=DIRECTION('',(1.0,0.0,0.0));
#9826=CARTESIAN_POINT('',(-6.35,-0.149999999999998,-0.45));
#9827=DIRECTION('',(-1.0,0.0,-0.0));
#9828=DIRECTION('',(0.0,-0.0,-1.0));
#9829=CARTESIAN_POINT('',(-6.35,-0.149999999999998,0.0));
#9830=DIRECTION('',(-0.0,1.0,0.0));
#9831=DIRECTION('',(1.0,0.0,0.0));
#9832=CARTESIAN_POINT('',(-6.35,-0.149999999999998,0.0));
#9833=DIRECTION('',(-0.0,1.0,0.0));
#9834=DIRECTION('',(1.0,0.0,0.0));
#9835=CARTESIAN_POINT('',(-6.35,-0.149999999999998,0.45));
#9836=DIRECTION('',(-1.0,0.0,0.0));
#9837=DIRECTION('',(0.0,0.0,1.0));
#9838=CARTESIAN_POINT('',(-6.35,1.33226762955019E-15,0.0));
#9839=DIRECTION('',(-0.0,1.0,0.0));
#9840=DIRECTION('',(1.0,0.0,0.0));
#9841=DIRECTION('',(0.0,1.0,0.0));
#9842=CARTESIAN_POINT('',(-6.35,-2.88,0.0));
#9843=DIRECTION('',(-0.0,1.0,0.0));
#9844=DIRECTION('',(1.0,0.0,0.0));
#9845=CARTESIAN_POINT('',(-6.35,-2.88,0.0));
#9846=DIRECTION('',(-0.0,1.0,0.0));
#9847=DIRECTION('',(1.0,0.0,0.0));
#9848=DIRECTION('',(-0.0,-1.0,-0.0));
#9849=CARTESIAN_POINT('',(-6.35,-0.149999999999998,0.0));
#9850=DIRECTION('',(-0.0,1.0,0.0));
#9851=DIRECTION('',(1.0,0.0,0.0));
#9852=DIRECTION('',(0.0,1.0,0.0));
#9853=DIRECTION('',(-0.0,-1.0,-0.0));
#9854=CARTESIAN_POINT('',(-6.35,0.3,0.0));
#9855=DIRECTION('',(-0.0,1.0,0.0));
#9856=DIRECTION('',(1.0,0.0,0.0));
#9857=DIRECTION('',(0.0,1.0,0.0));
#9858=CARTESIAN_POINT('',(-6.35,4.2,0.0));
#9859=DIRECTION('',(0.0,-1.0,-6.12303176911189E-17));
#9860=DIRECTION('',(1.0,0.0,0.0));
#9861=DIRECTION('',(-0.0,-1.0,-0.0));
#9862=CARTESIAN_POINT('',(-6.35,4.201,0.0));
#9863=DIRECTION('',(-0.0,1.0,0.0));
#9864=DIRECTION('',(1.0,0.0,0.0));
#9865=DIRECTION('',(0.707106781186548,0.707106781186548,8.65927457071936E-17));
#9866=CARTESIAN_POINT('',(-3.81,8.88178419700125E-16,0.0));
#9867=DIRECTION('',(-0.0,1.0,0.0));
#9868=DIRECTION('',(1.0,0.0,0.0));
#9869=DIRECTION('',(0.707106781186547,-0.707106781186548,8.65927457071936E-17));
#9870=CARTESIAN_POINT('',(-3.81,0.200000000000001,0.0));
#9871=DIRECTION('',(-0.0,1.0,0.0));
#9872=DIRECTION('',(1.0,0.0,0.0));
#9873=CARTESIAN_POINT('',(-3.81,-0.149999999999998,-0.45));
#9874=DIRECTION('',(-1.0,0.0,-0.0));
#9875=DIRECTION('',(0.0,-0.0,-1.0));
#9876=CARTESIAN_POINT('',(-3.81,-0.149999999999998,0.0));
#9877=DIRECTION('',(-0.0,1.0,0.0));
#9878=DIRECTION('',(1.0,0.0,0.0));
#9879=CARTESIAN_POINT('',(-3.81,-0.149999999999998,0.0));
#9880=DIRECTION('',(-0.0,1.0,0.0));
#9881=DIRECTION('',(1.0,0.0,0.0));
#9882=CARTESIAN_POINT('',(-3.81,-0.149999999999998,0.45));
#9883=DIRECTION('',(-1.0,0.0,0.0));
#9884=DIRECTION('',(0.0,0.0,1.0));
#9885=CARTESIAN_POINT('',(-3.81,1.33226762955019E-15,0.0));
#9886=DIRECTION('',(-0.0,1.0,0.0));
#9887=DIRECTION('',(1.0,0.0,0.0));
#9888=DIRECTION('',(0.0,1.0,0.0));
#9889=CARTESIAN_POINT('',(-3.81,-2.88,0.0));
#9890=DIRECTION('',(-0.0,1.0,0.0));
#9891=DIRECTION('',(1.0,0.0,0.0));
#9892=CARTESIAN_POINT('',(-3.81,-2.88,0.0));
#9893=DIRECTION('',(-0.0,1.0,0.0));
#9894=DIRECTION('',(1.0,0.0,0.0));
#9895=DIRECTION('',(-0.0,-1.0,-0.0));
#9896=CARTESIAN_POINT('',(-3.81,-0.149999999999998,0.0));
#9897=DIRECTION('',(-0.0,1.0,0.0));
#9898=DIRECTION('',(1.0,0.0,0.0));
#9899=DIRECTION('',(0.0,1.0,0.0));
#9900=DIRECTION('',(-0.0,-1.0,-0.0));
#9901=CARTESIAN_POINT('',(-3.81,0.3,0.0));
#9902=DIRECTION('',(-0.0,1.0,0.0));
#9903=DIRECTION('',(1.0,0.0,0.0));
#9904=DIRECTION('',(0.0,1.0,0.0));
#9905=CARTESIAN_POINT('',(-3.81,4.2,0.0));
#9906=DIRECTION('',(0.0,-1.0,-6.12303176911189E-17));
#9907=DIRECTION('',(1.0,0.0,0.0));
#9908=DIRECTION('',(-0.0,-1.0,-0.0));
#9909=CARTESIAN_POINT('',(-3.81,4.201,0.0));
#9910=DIRECTION('',(-0.0,1.0,0.0));
#9911=DIRECTION('',(1.0,0.0,0.0));
#9912=DIRECTION('',(0.707106781186547,0.707106781186548,8.65927457071935E-17));
#9913=CARTESIAN_POINT('',(-1.27,8.88178419700125E-16,0.0));
#9914=DIRECTION('',(-0.0,1.0,0.0));
#9915=DIRECTION('',(1.0,0.0,0.0));
#9916=DIRECTION('',(0.707106781186548,-0.707106781186548,8.65927457071935E-17));
#9917=CARTESIAN_POINT('',(-1.27,0.200000000000001,0.0));
#9918=DIRECTION('',(-0.0,1.0,0.0));
#9919=DIRECTION('',(1.0,0.0,0.0));
#9920=CARTESIAN_POINT('',(-1.27,-0.149999999999998,-0.45));
#9921=DIRECTION('',(-1.0,0.0,-0.0));
#9922=DIRECTION('',(0.0,-0.0,-1.0));
#9923=CARTESIAN_POINT('',(-1.27,-0.149999999999998,0.0));
#9924=DIRECTION('',(-0.0,1.0,0.0));
#9925=DIRECTION('',(1.0,0.0,0.0));
#9926=CARTESIAN_POINT('',(-1.27,-0.149999999999998,0.0));
#9927=DIRECTION('',(-0.0,1.0,0.0));
#9928=DIRECTION('',(1.0,0.0,0.0));
#9929=CARTESIAN_POINT('',(-1.27,-0.149999999999998,0.45));
#9930=DIRECTION('',(-1.0,0.0,0.0));
#9931=DIRECTION('',(0.0,0.0,1.0));
#9932=CARTESIAN_POINT('',(-1.27,1.33226762955019E-15,0.0));
#9933=DIRECTION('',(-0.0,1.0,0.0));
#9934=DIRECTION('',(1.0,0.0,0.0));
#9935=DIRECTION('',(0.0,1.0,0.0));
#9936=CARTESIAN_POINT('',(-1.27,-2.88,0.0));
#9937=DIRECTION('',(-0.0,1.0,0.0));
#9938=DIRECTION('',(1.0,0.0,0.0));
#9939=CARTESIAN_POINT('',(-1.27,-2.88,0.0));
#9940=DIRECTION('',(-0.0,1.0,0.0));
#9941=DIRECTION('',(1.0,0.0,0.0));
#9942=DIRECTION('',(-0.0,-1.0,-0.0));
#9943=CARTESIAN_POINT('',(-1.27,-0.149999999999998,0.0));
#9944=DIRECTION('',(-0.0,1.0,0.0));
#9945=DIRECTION('',(1.0,0.0,0.0));
#9946=DIRECTION('',(0.0,1.0,0.0));
#9947=DIRECTION('',(-0.0,-1.0,-0.0));
#9948=CARTESIAN_POINT('',(-1.27,0.3,0.0));
#9949=DIRECTION('',(-0.0,1.0,0.0));
#9950=DIRECTION('',(1.0,0.0,0.0));
#9951=DIRECTION('',(0.0,1.0,0.0));
#9952=CARTESIAN_POINT('',(-1.27,4.2,0.0));
#9953=DIRECTION('',(0.0,-1.0,-6.12303176911189E-17));
#9954=DIRECTION('',(1.0,0.0,0.0));
#9955=DIRECTION('',(-0.0,-1.0,-0.0));
#9956=CARTESIAN_POINT('',(-1.27,4.201,0.0));
#9957=DIRECTION('',(-0.0,1.0,0.0));
#9958=DIRECTION('',(1.0,0.0,0.0));
#9959=DIRECTION('',(0.707106781186548,0.707106781186548,8.65927457071935E-17));
#9960=CARTESIAN_POINT('',(1.27,8.88178419700125E-16,0.0));
#9961=DIRECTION('',(-0.0,1.0,0.0));
#9962=DIRECTION('',(1.0,0.0,0.0));
#9963=DIRECTION('',(0.707106781186547,-0.707106781186548,8.65927457071935E-17));
#9964=CARTESIAN_POINT('',(1.27,0.200000000000001,0.0));
#9965=DIRECTION('',(-0.0,1.0,0.0));
#9966=DIRECTION('',(1.0,0.0,0.0));
#9967=CARTESIAN_POINT('',(1.27,-0.149999999999998,-0.45));
#9968=DIRECTION('',(-1.0,0.0,-0.0));
#9969=DIRECTION('',(0.0,-0.0,-1.0));
#9970=CARTESIAN_POINT('',(1.27,-0.149999999999998,0.0));
#9971=DIRECTION('',(-0.0,1.0,0.0));
#9972=DIRECTION('',(1.0,0.0,0.0));
#9973=CARTESIAN_POINT('',(1.27,-0.149999999999998,0.0));
#9974=DIRECTION('',(-0.0,1.0,0.0));
#9975=DIRECTION('',(1.0,0.0,0.0));
#9976=CARTESIAN_POINT('',(1.27,-0.149999999999998,0.45));
#9977=DIRECTION('',(-1.0,0.0,0.0));
#9978=DIRECTION('',(0.0,0.0,1.0));
#9979=CARTESIAN_POINT('',(1.27,1.33226762955019E-15,0.0));
#9980=DIRECTION('',(-0.0,1.0,0.0));
#9981=DIRECTION('',(1.0,0.0,0.0));
#9982=DIRECTION('',(0.0,1.0,0.0));
#9983=CARTESIAN_POINT('',(1.27,-2.88,0.0));
#9984=DIRECTION('',(-0.0,1.0,0.0));
#9985=DIRECTION('',(1.0,0.0,0.0));
#9986=CARTESIAN_POINT('',(1.27,-2.88,0.0));
#9987=DIRECTION('',(-0.0,1.0,0.0));
#9988=DIRECTION('',(1.0,0.0,0.0));
#9989=DIRECTION('',(-0.0,-1.0,-0.0));
#9990=CARTESIAN_POINT('',(1.27,-0.149999999999998,0.0));
#9991=DIRECTION('',(-0.0,1.0,0.0));
#9992=DIRECTION('',(1.0,0.0,0.0));
#9993=DIRECTION('',(0.0,1.0,0.0));
#9994=DIRECTION('',(-0.0,-1.0,-0.0));
#9995=CARTESIAN_POINT('',(1.27,0.3,0.0));
#9996=DIRECTION('',(-0.0,1.0,0.0));
#9997=DIRECTION('',(1.0,0.0,0.0));
#9998=DIRECTION('',(0.0,1.0,0.0));
#9999=CARTESIAN_POINT('',(1.27,4.2,0.0));
#10000=DIRECTION('',(0.0,-1.0,-6.12303176911189E-17));
#10001=DIRECTION('',(1.0,0.0,0.0));
#10002=DIRECTION('',(-0.0,-1.0,-0.0));
#10003=CARTESIAN_POINT('',(1.27,4.201,0.0));
#10004=DIRECTION('',(-0.0,1.0,0.0));
#10005=DIRECTION('',(1.0,0.0,0.0));
#10006=DIRECTION('',(0.707106781186547,0.707106781186548,8.65927457071936E-17));
#10007=CARTESIAN_POINT('',(3.81,8.88178419700125E-16,0.0));
#10008=DIRECTION('',(-0.0,1.0,0.0));
#10009=DIRECTION('',(1.0,0.0,0.0));
#10010=DIRECTION('',(0.707106781186548,-0.707106781186548,8.65927457071935E-17));
#10011=CARTESIAN_POINT('',(3.81,0.200000000000001,0.0));
#10012=DIRECTION('',(-0.0,1.0,0.0));
#10013=DIRECTION('',(1.0,0.0,0.0));
#10014=CARTESIAN_POINT('',(3.81,-0.149999999999998,-0.45));
#10015=DIRECTION('',(-1.0,0.0,-0.0));
#10016=DIRECTION('',(0.0,-0.0,-1.0));
#10017=CARTESIAN_POINT('',(3.81,-0.149999999999998,0.0));
#10018=DIRECTION('',(-0.0,1.0,0.0));
#10019=DIRECTION('',(1.0,0.0,0.0));
#10020=CARTESIAN_POINT('',(3.81,-0.149999999999998,0.0));
#10021=DIRECTION('',(-0.0,1.0,0.0));
#10022=DIRECTION('',(1.0,0.0,0.0));
#10023=CARTESIAN_POINT('',(3.81,-0.149999999999998,0.45));
#10024=DIRECTION('',(-1.0,0.0,0.0));
#10025=DIRECTION('',(0.0,0.0,1.0));
#10026=CARTESIAN_POINT('',(3.81,1.33226762955019E-15,0.0));
#10027=DIRECTION('',(-0.0,1.0,0.0));
#10028=DIRECTION('',(1.0,0.0,0.0));
#10029=DIRECTION('',(0.0,1.0,0.0));
#10030=CARTESIAN_POINT('',(3.81,-2.88,0.0));
#10031=DIRECTION('',(-0.0,1.0,0.0));
#10032=DIRECTION('',(1.0,0.0,0.0));
#10033=CARTESIAN_POINT('',(3.81,-2.88,0.0));
#10034=DIRECTION('',(-0.0,1.0,0.0));
#10035=DIRECTION('',(1.0,0.0,0.0));
#10036=DIRECTION('',(-0.0,-1.0,-0.0));
#10037=CARTESIAN_POINT('',(3.81,-0.149999999999998,0.0));
#10038=DIRECTION('',(-0.0,1.0,0.0));
#10039=DIRECTION('',(1.0,0.0,0.0));
#10040=DIRECTION('',(0.0,1.0,0.0));
#10041=DIRECTION('',(-0.0,-1.0,-0.0));
#10042=CARTESIAN_POINT('',(3.81,0.3,0.0));
#10043=DIRECTION('',(-0.0,1.0,0.0));
#10044=DIRECTION('',(1.0,0.0,0.0));
#10045=DIRECTION('',(0.0,1.0,0.0));
#10046=CARTESIAN_POINT('',(3.81,4.2,0.0));
#10047=DIRECTION('',(0.0,-1.0,-6.12303176911189E-17));
#10048=DIRECTION('',(1.0,0.0,0.0));
#10049=DIRECTION('',(-0.0,-1.0,-0.0));
#10050=CARTESIAN_POINT('',(3.81,4.201,0.0));
#10051=DIRECTION('',(-0.0,1.0,0.0));
#10052=DIRECTION('',(1.0,0.0,0.0));
#10053=DIRECTION('',(0.707106781186547,0.707106781186548,8.65927457071935E-17));
#10054=CARTESIAN_POINT('',(6.35,8.88178419700125E-16,0.0));
#10055=DIRECTION('',(-0.0,1.0,0.0));
#10056=DIRECTION('',(1.0,0.0,0.0));
#10057=DIRECTION('',(0.707106781186547,-0.707106781186548,8.65927457071936E-17));
#10058=CARTESIAN_POINT('',(6.35,0.200000000000001,0.0));
#10059=DIRECTION('',(-0.0,1.0,0.0));
#10060=DIRECTION('',(1.0,0.0,0.0));
#10061=CARTESIAN_POINT('',(6.35,-0.149999999999998,-0.45));
#10062=DIRECTION('',(-1.0,0.0,-0.0));
#10063=DIRECTION('',(0.0,-0.0,-1.0));
#10064=CARTESIAN_POINT('',(6.35,-0.149999999999998,0.0));
#10065=DIRECTION('',(-0.0,1.0,0.0));
#10066=DIRECTION('',(1.0,0.0,0.0));
#10067=CARTESIAN_POINT('',(6.35,-0.149999999999998,0.0));
#10068=DIRECTION('',(-0.0,1.0,0.0));
#10069=DIRECTION('',(1.0,0.0,0.0));
#10070=CARTESIAN_POINT('',(6.35,-0.149999999999998,0.45));
#10071=DIRECTION('',(-1.0,0.0,0.0));
#10072=DIRECTION('',(0.0,0.0,1.0));
#10073=CARTESIAN_POINT('',(6.35,1.33226762955019E-15,0.0));
#10074=DIRECTION('',(-0.0,1.0,0.0));
#10075=DIRECTION('',(1.0,0.0,0.0));
#10076=DIRECTION('',(0.0,1.0,0.0));
#10077=CARTESIAN_POINT('',(6.35,-2.88,0.0));
#10078=DIRECTION('',(-0.0,1.0,0.0));
#10079=DIRECTION('',(1.0,0.0,0.0));
#10080=CARTESIAN_POINT('',(6.35,-2.88,0.0));
#10081=DIRECTION('',(-0.0,1.0,0.0));
#10082=DIRECTION('',(1.0,0.0,0.0));
#10083=DIRECTION('',(-0.0,-1.0,-0.0));
#10084=CARTESIAN_POINT('',(6.35,-0.149999999999998,0.0));
#10085=DIRECTION('',(-0.0,1.0,0.0));
#10086=DIRECTION('',(1.0,0.0,0.0));
#10087=DIRECTION('',(0.0,1.0,0.0));
#10088=DIRECTION('',(-0.0,-1.0,-0.0));
#10089=CARTESIAN_POINT('',(6.35,0.3,0.0));
#10090=DIRECTION('',(-0.0,1.0,0.0));
#10091=DIRECTION('',(1.0,0.0,0.0));
#10092=DIRECTION('',(0.0,1.0,0.0));
#10093=CARTESIAN_POINT('',(6.35,4.2,0.0));
#10094=DIRECTION('',(0.0,-1.0,-6.12303176911189E-17));
#10095=DIRECTION('',(1.0,0.0,0.0));
#10096=DIRECTION('',(-0.0,-1.0,-0.0));
#10097=CARTESIAN_POINT('',(6.35,4.201,0.0));
#10098=DIRECTION('',(-0.0,1.0,0.0));
#10099=DIRECTION('',(1.0,0.0,0.0));
#10100=CARTESIAN_POINT('',(-6.35,1.91304755078161,0.490007719539948));
#10101=DIRECTION('',(1.0,0.0,0.0));
#10102=DIRECTION('',(-0.0,0.0,1.0));
#10103=CARTESIAN_POINT('',(-6.35,1.81626217769223,0.0));
#10104=DIRECTION('',(0.0,1.0,0.0));
#10105=DIRECTION('',(-1.0,0.0,0.0));
#10106=CARTESIAN_POINT('',(-6.35,1.81626217769223,0.0));
#10107=DIRECTION('',(0.0,1.0,0.0));
#10108=DIRECTION('',(-1.0,0.0,0.0));
#10109=CARTESIAN_POINT('',(-6.35,1.91304755078161,-0.490007719539948));
#10110=DIRECTION('',(1.0,-0.0,0.0));
#10111=DIRECTION('',(0.0,0.0,-1.0));
#10112=DIRECTION('',(-0.985585601111323,-0.16917748928871,-1.20695438935677E-16));
#10113=CARTESIAN_POINT('',(-6.35,1.81626217769223,0.0));
#10114=DIRECTION('',(0.0,1.0,0.0));
#10115=DIRECTION('',(-1.0,0.0,0.0));
#10116=DIRECTION('',(-0.985585601111323,0.16917748928871,-1.20695438935677E-16));
#10117=CARTESIAN_POINT('',(-6.35,1.8,0.0));
#10118=DIRECTION('',(0.0,1.0,0.0));
#10119=DIRECTION('',(-1.0,0.0,0.0));
#10120=DIRECTION('',(0.139859150339383,-0.990171408427019,1.71272404145808E-17));
#10121=CARTESIAN_POINT('',(-6.35,3.50109028386995,0.0));
#10122=DIRECTION('',(0.0,1.0,0.0));
#10123=DIRECTION('',(-1.0,0.0,0.0));
#10124=DIRECTION('',(0.139859150339383,0.990171408427019,1.71272404145808E-17));
#10125=CARTESIAN_POINT('',(-6.35,1.8,0.0));
#10126=DIRECTION('',(0.0,1.0,0.0));
#10127=DIRECTION('',(-1.0,0.0,0.0));
#10128=DIRECTION('',(0.0,-1.0,0.0));
#10129=CARTESIAN_POINT('',(-6.35,3.50109028386995,0.0));
#10130=DIRECTION('',(0.0,1.0,0.0));
#10131=DIRECTION('',(-1.0,0.0,0.0));
#10132=DIRECTION('',(0.0,1.0,0.0));
#10133=CARTESIAN_POINT('',(-6.35,0.5,0.0));
#10134=DIRECTION('',(0.0,1.0,0.0));
#10135=DIRECTION('',(-1.0,0.0,0.0));
#10136=DIRECTION('',(0.866025403784443,0.499999999999993,1.06054021204602E-16));
#10137=DIRECTION('',(0.866025403784443,-0.499999999999993,1.06054021204602E-16));
#10138=DIRECTION('',(0.0,-1.0,0.0));
#10139=CARTESIAN_POINT('',(-6.35,4.201,0.0));
#10140=DIRECTION('',(-0.0,-1.0,-0.0));
#10141=DIRECTION('',(-1.0,0.0,0.0));
#10142=DIRECTION('',(0.0,1.0,0.0));
#10143=CARTESIAN_POINT('',(-6.35,4.2,0.0));
#10144=DIRECTION('',(0.0,1.0,0.0));
#10145=DIRECTION('',(-1.0,0.0,0.0));
#10146=DIRECTION('',(0.707106781186548,-0.707106781186547,8.65927457071935E-17));
#10147=DIRECTION('',(0.707106781186548,0.707106781186547,8.65927457071935E-17));
#10148=CARTESIAN_POINT('',(-6.35,4.11,0.0));
#10149=DIRECTION('',(0.0,1.0,0.0));
#10150=DIRECTION('',(-1.0,0.0,0.0));
#10151=DIRECTION('',(0.0,-1.0,0.0));
#10152=DIRECTION('',(0.0,1.0,0.0));
#10153=CARTESIAN_POINT('',(-6.35,4.04301867843887,0.0));
#10154=DIRECTION('',(0.0,1.0,0.0));
#10155=DIRECTION('',(-1.0,0.0,0.0));
#10156=DIRECTION('',(0.819152044289008,-0.573576436351023,1.00313879818291E-16));
#10157=CARTESIAN_POINT('',(-6.35,4.04301867843887,0.0));
#10158=DIRECTION('',(0.0,1.0,0.0));
#10159=DIRECTION('',(-1.0,0.0,0.0));
#10160=DIRECTION('',(0.819152044289008,0.573576436351023,1.00313879818291E-16));
#10161=CARTESIAN_POINT('',(-6.35,3.98,0.0));
#10162=DIRECTION('',(0.0,1.0,0.0));
#10163=DIRECTION('',(-1.0,0.0,0.0));
#10164=DIRECTION('',(0.0,-1.0,0.0));
#10165=DIRECTION('',(0.0,1.0,0.0));
#10166=CARTESIAN_POINT('',(-6.35,3.51301867843887,0.0));
#10167=DIRECTION('',(0.0,1.0,0.0));
#10168=DIRECTION('',(-1.0,0.0,0.0));
#10169=DIRECTION('',(0.143511523906266,-0.989648645988111,1.75745124022345E-17));
#10170=DIRECTION('',(0.143511523906266,0.989648645988111,1.75745124022345E-17));
#10171=CARTESIAN_POINT('',(-3.81,1.91304755078161,0.490007719539948));
#10172=DIRECTION('',(1.0,0.0,0.0));
#10173=DIRECTION('',(-0.0,0.0,1.0));
#10174=CARTESIAN_POINT('',(-3.81,1.81626217769223,0.0));
#10175=DIRECTION('',(0.0,1.0,0.0));
#10176=DIRECTION('',(-1.0,0.0,0.0));
#10177=CARTESIAN_POINT('',(-3.81,1.81626217769223,0.0));
#10178=DIRECTION('',(0.0,1.0,0.0));
#10179=DIRECTION('',(-1.0,0.0,0.0));
#10180=CARTESIAN_POINT('',(-3.81,1.91304755078161,-0.490007719539948));
#10181=DIRECTION('',(1.0,-0.0,0.0));
#10182=DIRECTION('',(0.0,0.0,-1.0));
#10183=DIRECTION('',(-0.985585601111323,-0.16917748928871,-1.20695438935677E-16));
#10184=CARTESIAN_POINT('',(-3.81,1.81626217769223,0.0));
#10185=DIRECTION('',(0.0,1.0,0.0));
#10186=DIRECTION('',(-1.0,0.0,0.0));
#10187=DIRECTION('',(-0.985585601111323,0.16917748928871,-1.20695438935677E-16));
#10188=CARTESIAN_POINT('',(-3.81,1.8,0.0));
#10189=DIRECTION('',(0.0,1.0,0.0));
#10190=DIRECTION('',(-1.0,0.0,0.0));
#10191=DIRECTION('',(0.139859150339383,-0.990171408427019,1.71272404145808E-17));
#10192=CARTESIAN_POINT('',(-3.81,3.50109028386995,0.0));
#10193=DIRECTION('',(0.0,1.0,0.0));
#10194=DIRECTION('',(-1.0,0.0,0.0));
#10195=DIRECTION('',(0.139859150339383,0.990171408427019,1.71272404145808E-17));
#10196=CARTESIAN_POINT('',(-3.81,1.8,0.0));
#10197=DIRECTION('',(0.0,1.0,0.0));
#10198=DIRECTION('',(-1.0,0.0,0.0));
#10199=DIRECTION('',(0.0,-1.0,0.0));
#10200=CARTESIAN_POINT('',(-3.81,3.50109028386995,0.0));
#10201=DIRECTION('',(0.0,1.0,0.0));
#10202=DIRECTION('',(-1.0,0.0,0.0));
#10203=DIRECTION('',(0.0,1.0,0.0));
#10204=CARTESIAN_POINT('',(-3.81,0.5,0.0));
#10205=DIRECTION('',(0.0,1.0,0.0));
#10206=DIRECTION('',(-1.0,0.0,0.0));
#10207=DIRECTION('',(0.866025403784443,0.499999999999993,1.06054021204602E-16));
#10208=DIRECTION('',(0.866025403784443,-0.499999999999993,1.06054021204602E-16));
#10209=DIRECTION('',(0.0,-1.0,0.0));
#10210=CARTESIAN_POINT('',(-3.81,4.201,0.0));
#10211=DIRECTION('',(-0.0,-1.0,-0.0));
#10212=DIRECTION('',(-1.0,0.0,0.0));
#10213=DIRECTION('',(0.0,1.0,0.0));
#10214=CARTESIAN_POINT('',(-3.81,4.2,0.0));
#10215=DIRECTION('',(0.0,1.0,0.0));
#10216=DIRECTION('',(-1.0,0.0,0.0));
#10217=DIRECTION('',(0.707106781186548,-0.707106781186547,8.65927457071935E-17));
#10218=DIRECTION('',(0.707106781186548,0.707106781186547,8.65927457071935E-17));
#10219=CARTESIAN_POINT('',(-3.81,4.11,0.0));
#10220=DIRECTION('',(0.0,1.0,0.0));
#10221=DIRECTION('',(-1.0,0.0,0.0));
#10222=DIRECTION('',(0.0,-1.0,0.0));
#10223=DIRECTION('',(0.0,1.0,0.0));
#10224=CARTESIAN_POINT('',(-3.81,4.04301867843887,0.0));
#10225=DIRECTION('',(0.0,1.0,0.0));
#10226=DIRECTION('',(-1.0,0.0,0.0));
#10227=DIRECTION('',(0.819152044289008,-0.573576436351023,1.00313879818291E-16));
#10228=CARTESIAN_POINT('',(-3.81,4.04301867843887,0.0));
#10229=DIRECTION('',(0.0,1.0,0.0));
#10230=DIRECTION('',(-1.0,0.0,0.0));
#10231=DIRECTION('',(0.819152044289008,0.573576436351023,1.00313879818291E-16));
#10232=CARTESIAN_POINT('',(-3.81,3.98,0.0));
#10233=DIRECTION('',(0.0,1.0,0.0));
#10234=DIRECTION('',(-1.0,0.0,0.0));
#10235=DIRECTION('',(0.0,-1.0,0.0));
#10236=DIRECTION('',(0.0,1.0,0.0));
#10237=CARTESIAN_POINT('',(-3.81,3.51301867843887,0.0));
#10238=DIRECTION('',(0.0,1.0,0.0));
#10239=DIRECTION('',(-1.0,0.0,0.0));
#10240=DIRECTION('',(0.143511523906266,-0.989648645988111,1.75745124022345E-17));
#10241=DIRECTION('',(0.143511523906266,0.989648645988111,1.75745124022345E-17));
#10242=CARTESIAN_POINT('',(-1.27,1.91304755078161,0.490007719539948));
#10243=DIRECTION('',(1.0,0.0,0.0));
#10244=DIRECTION('',(-0.0,0.0,1.0));
#10245=CARTESIAN_POINT('',(-1.27,1.81626217769223,0.0));
#10246=DIRECTION('',(0.0,1.0,0.0));
#10247=DIRECTION('',(-1.0,0.0,0.0));
#10248=CARTESIAN_POINT('',(-1.27,1.81626217769223,0.0));
#10249=DIRECTION('',(0.0,1.0,0.0));
#10250=DIRECTION('',(-1.0,0.0,0.0));
#10251=CARTESIAN_POINT('',(-1.27,1.91304755078161,-0.490007719539948));
#10252=DIRECTION('',(1.0,-0.0,0.0));
#10253=DIRECTION('',(0.0,0.0,-1.0));
#10254=DIRECTION('',(-0.985585601111323,-0.16917748928871,-1.20695438935677E-16));
#10255=CARTESIAN_POINT('',(-1.27,1.81626217769223,0.0));
#10256=DIRECTION('',(0.0,1.0,0.0));
#10257=DIRECTION('',(-1.0,0.0,0.0));
#10258=DIRECTION('',(-0.985585601111323,0.16917748928871,-1.20695438935677E-16));
#10259=CARTESIAN_POINT('',(-1.27,1.8,0.0));
#10260=DIRECTION('',(0.0,1.0,0.0));
#10261=DIRECTION('',(-1.0,0.0,0.0));
#10262=DIRECTION('',(0.139859150339383,-0.990171408427019,1.71272404145808E-17));
#10263=CARTESIAN_POINT('',(-1.27,3.50109028386995,0.0));
#10264=DIRECTION('',(0.0,1.0,0.0));
#10265=DIRECTION('',(-1.0,0.0,0.0));
#10266=DIRECTION('',(0.139859150339383,0.990171408427019,1.71272404145808E-17));
#10267=CARTESIAN_POINT('',(-1.27,1.8,0.0));
#10268=DIRECTION('',(0.0,1.0,0.0));
#10269=DIRECTION('',(-1.0,0.0,0.0));
#10270=DIRECTION('',(0.0,-1.0,0.0));
#10271=CARTESIAN_POINT('',(-1.27,3.50109028386995,0.0));
#10272=DIRECTION('',(0.0,1.0,0.0));
#10273=DIRECTION('',(-1.0,0.0,0.0));
#10274=DIRECTION('',(0.0,1.0,0.0));
#10275=CARTESIAN_POINT('',(-1.27,0.5,0.0));
#10276=DIRECTION('',(0.0,1.0,0.0));
#10277=DIRECTION('',(-1.0,0.0,0.0));
#10278=DIRECTION('',(0.866025403784442,0.499999999999993,1.06054021204602E-16));
#10279=DIRECTION('',(0.866025403784443,-0.499999999999993,1.06054021204602E-16));
#10280=DIRECTION('',(0.0,-1.0,0.0));
#10281=CARTESIAN_POINT('',(-1.27,4.201,0.0));
#10282=DIRECTION('',(-0.0,-1.0,-0.0));
#10283=DIRECTION('',(-1.0,0.0,0.0));
#10284=DIRECTION('',(0.0,1.0,0.0));
#10285=CARTESIAN_POINT('',(-1.27,4.2,0.0));
#10286=DIRECTION('',(0.0,1.0,0.0));
#10287=DIRECTION('',(-1.0,0.0,0.0));
#10288=DIRECTION('',(0.707106781186548,-0.707106781186548,8.65927457071936E-17));
#10289=DIRECTION('',(0.707106781186548,0.707106781186548,8.65927457071936E-17));
#10290=CARTESIAN_POINT('',(-1.27,4.11,0.0));
#10291=DIRECTION('',(0.0,1.0,0.0));
#10292=DIRECTION('',(-1.0,0.0,0.0));
#10293=DIRECTION('',(0.0,-1.0,0.0));
#10294=DIRECTION('',(0.0,1.0,0.0));
#10295=CARTESIAN_POINT('',(-1.27,4.04301867843887,0.0));
#10296=DIRECTION('',(0.0,1.0,0.0));
#10297=DIRECTION('',(-1.0,0.0,0.0));
#10298=DIRECTION('',(0.819152044289008,-0.573576436351023,1.00313879818291E-16));
#10299=CARTESIAN_POINT('',(-1.27,4.04301867843887,0.0));
#10300=DIRECTION('',(0.0,1.0,0.0));
#10301=DIRECTION('',(-1.0,0.0,0.0));
#10302=DIRECTION('',(0.819152044289008,0.573576436351023,1.00313879818291E-16));
#10303=CARTESIAN_POINT('',(-1.27,3.98,0.0));
#10304=DIRECTION('',(0.0,1.0,0.0));
#10305=DIRECTION('',(-1.0,0.0,0.0));
#10306=DIRECTION('',(0.0,-1.0,0.0));
#10307=DIRECTION('',(0.0,1.0,0.0));
#10308=CARTESIAN_POINT('',(-1.27,3.51301867843887,0.0));
#10309=DIRECTION('',(0.0,1.0,0.0));
#10310=DIRECTION('',(-1.0,0.0,0.0));
#10311=DIRECTION('',(0.143511523906266,-0.989648645988111,1.75745124022345E-17));
#10312=DIRECTION('',(0.143511523906266,0.989648645988111,1.75745124022345E-17));
#10313=CARTESIAN_POINT('',(1.27,1.91304755078161,0.490007719539948));
#10314=DIRECTION('',(1.0,0.0,0.0));
#10315=DIRECTION('',(-0.0,0.0,1.0));
#10316=CARTESIAN_POINT('',(1.27,1.81626217769223,0.0));
#10317=DIRECTION('',(0.0,1.0,0.0));
#10318=DIRECTION('',(-1.0,0.0,0.0));
#10319=CARTESIAN_POINT('',(1.27,1.81626217769223,0.0));
#10320=DIRECTION('',(0.0,1.0,0.0));
#10321=DIRECTION('',(-1.0,0.0,0.0));
#10322=CARTESIAN_POINT('',(1.27,1.91304755078161,-0.490007719539948));
#10323=DIRECTION('',(1.0,-0.0,0.0));
#10324=DIRECTION('',(0.0,0.0,-1.0));
#10325=DIRECTION('',(-0.985585601111323,-0.16917748928871,-1.20695438935677E-16));
#10326=CARTESIAN_POINT('',(1.27,1.81626217769223,0.0));
#10327=DIRECTION('',(0.0,1.0,0.0));
#10328=DIRECTION('',(-1.0,0.0,0.0));
#10329=DIRECTION('',(-0.985585601111323,0.16917748928871,-1.20695438935677E-16));
#10330=CARTESIAN_POINT('',(1.27,1.8,0.0));
#10331=DIRECTION('',(0.0,1.0,0.0));
#10332=DIRECTION('',(-1.0,0.0,0.0));
#10333=DIRECTION('',(0.139859150339383,-0.990171408427019,1.71272404145808E-17));
#10334=CARTESIAN_POINT('',(1.27,3.50109028386995,0.0));
#10335=DIRECTION('',(0.0,1.0,0.0));
#10336=DIRECTION('',(-1.0,0.0,0.0));
#10337=DIRECTION('',(0.139859150339383,0.990171408427019,1.71272404145808E-17));
#10338=CARTESIAN_POINT('',(1.27,1.8,0.0));
#10339=DIRECTION('',(0.0,1.0,0.0));
#10340=DIRECTION('',(-1.0,0.0,0.0));
#10341=DIRECTION('',(0.0,-1.0,0.0));
#10342=CARTESIAN_POINT('',(1.27,3.50109028386995,0.0));
#10343=DIRECTION('',(0.0,1.0,0.0));
#10344=DIRECTION('',(-1.0,0.0,0.0));
#10345=DIRECTION('',(0.0,1.0,0.0));
#10346=CARTESIAN_POINT('',(1.27,0.5,0.0));
#10347=DIRECTION('',(0.0,1.0,0.0));
#10348=DIRECTION('',(-1.0,0.0,0.0));
#10349=DIRECTION('',(0.866025403784443,0.499999999999993,1.06054021204602E-16));
#10350=DIRECTION('',(0.866025403784442,-0.499999999999993,1.06054021204602E-16));
#10351=DIRECTION('',(0.0,-1.0,0.0));
#10352=CARTESIAN_POINT('',(1.27,4.201,0.0));
#10353=DIRECTION('',(-0.0,-1.0,-0.0));
#10354=DIRECTION('',(-1.0,0.0,0.0));
#10355=DIRECTION('',(0.0,1.0,0.0));
#10356=CARTESIAN_POINT('',(1.27,4.2,0.0));
#10357=DIRECTION('',(0.0,1.0,0.0));
#10358=DIRECTION('',(-1.0,0.0,0.0));
#10359=DIRECTION('',(0.707106781186548,-0.707106781186548,8.65927457071936E-17));
#10360=DIRECTION('',(0.707106781186548,0.707106781186548,8.65927457071936E-17));
#10361=CARTESIAN_POINT('',(1.27,4.11,0.0));
#10362=DIRECTION('',(0.0,1.0,0.0));
#10363=DIRECTION('',(-1.0,0.0,0.0));
#10364=DIRECTION('',(0.0,-1.0,0.0));
#10365=DIRECTION('',(0.0,1.0,0.0));
#10366=CARTESIAN_POINT('',(1.27,4.04301867843887,0.0));
#10367=DIRECTION('',(0.0,1.0,0.0));
#10368=DIRECTION('',(-1.0,0.0,0.0));
#10369=DIRECTION('',(0.819152044289008,-0.573576436351023,1.00313879818291E-16));
#10370=CARTESIAN_POINT('',(1.27,4.04301867843887,0.0));
#10371=DIRECTION('',(0.0,1.0,0.0));
#10372=DIRECTION('',(-1.0,0.0,0.0));
#10373=DIRECTION('',(0.819152044289008,0.573576436351023,1.00313879818291E-16));
#10374=CARTESIAN_POINT('',(1.27,3.98,0.0));
#10375=DIRECTION('',(0.0,1.0,0.0));
#10376=DIRECTION('',(-1.0,0.0,0.0));
#10377=DIRECTION('',(0.0,-1.0,0.0));
#10378=DIRECTION('',(0.0,1.0,0.0));
#10379=CARTESIAN_POINT('',(1.27,3.51301867843887,0.0));
#10380=DIRECTION('',(0.0,1.0,0.0));
#10381=DIRECTION('',(-1.0,0.0,0.0));
#10382=DIRECTION('',(0.143511523906266,-0.989648645988111,1.75745124022345E-17));
#10383=DIRECTION('',(0.143511523906266,0.989648645988111,1.75745124022345E-17));
#10384=CARTESIAN_POINT('',(3.81,1.91304755078161,0.490007719539948));
#10385=DIRECTION('',(1.0,0.0,0.0));
#10386=DIRECTION('',(-0.0,0.0,1.0));
#10387=CARTESIAN_POINT('',(3.81,1.81626217769223,0.0));
#10388=DIRECTION('',(0.0,1.0,0.0));
#10389=DIRECTION('',(-1.0,0.0,0.0));
#10390=CARTESIAN_POINT('',(3.81,1.81626217769223,0.0));
#10391=DIRECTION('',(0.0,1.0,0.0));
#10392=DIRECTION('',(-1.0,0.0,0.0));
#10393=CARTESIAN_POINT('',(3.81,1.91304755078161,-0.490007719539948));
#10394=DIRECTION('',(1.0,-0.0,0.0));
#10395=DIRECTION('',(0.0,0.0,-1.0));
#10396=DIRECTION('',(-0.985585601111323,-0.16917748928871,-1.20695438935677E-16));
#10397=CARTESIAN_POINT('',(3.81,1.81626217769223,0.0));
#10398=DIRECTION('',(0.0,1.0,0.0));
#10399=DIRECTION('',(-1.0,0.0,0.0));
#10400=DIRECTION('',(-0.985585601111323,0.16917748928871,-1.20695438935677E-16));
#10401=CARTESIAN_POINT('',(3.81,1.8,0.0));
#10402=DIRECTION('',(0.0,1.0,0.0));
#10403=DIRECTION('',(-1.0,0.0,0.0));
#10404=DIRECTION('',(0.139859150339383,-0.990171408427019,1.71272404145808E-17));
#10405=CARTESIAN_POINT('',(3.81,3.50109028386995,0.0));
#10406=DIRECTION('',(0.0,1.0,0.0));
#10407=DIRECTION('',(-1.0,0.0,0.0));
#10408=DIRECTION('',(0.139859150339383,0.990171408427019,1.71272404145808E-17));
#10409=CARTESIAN_POINT('',(3.81,1.8,0.0));
#10410=DIRECTION('',(0.0,1.0,0.0));
#10411=DIRECTION('',(-1.0,0.0,0.0));
#10412=DIRECTION('',(0.0,-1.0,0.0));
#10413=CARTESIAN_POINT('',(3.81,3.50109028386995,0.0));
#10414=DIRECTION('',(0.0,1.0,0.0));
#10415=DIRECTION('',(-1.0,0.0,0.0));
#10416=DIRECTION('',(0.0,1.0,0.0));
#10417=CARTESIAN_POINT('',(3.81,0.5,0.0));
#10418=DIRECTION('',(0.0,1.0,0.0));
#10419=DIRECTION('',(-1.0,0.0,0.0));
#10420=DIRECTION('',(0.866025403784443,0.499999999999993,1.06054021204602E-16));
#10421=DIRECTION('',(0.866025403784443,-0.499999999999993,1.06054021204602E-16));
#10422=DIRECTION('',(0.0,-1.0,0.0));
#10423=CARTESIAN_POINT('',(3.81,4.201,0.0));
#10424=DIRECTION('',(-0.0,-1.0,-0.0));
#10425=DIRECTION('',(-1.0,0.0,0.0));
#10426=DIRECTION('',(0.0,1.0,0.0));
#10427=CARTESIAN_POINT('',(3.81,4.2,0.0));
#10428=DIRECTION('',(0.0,1.0,0.0));
#10429=DIRECTION('',(-1.0,0.0,0.0));
#10430=DIRECTION('',(0.707106781186548,-0.707106781186547,8.65927457071935E-17));
#10431=DIRECTION('',(0.707106781186548,0.707106781186547,8.65927457071935E-17));
#10432=CARTESIAN_POINT('',(3.81,4.11,0.0));
#10433=DIRECTION('',(0.0,1.0,0.0));
#10434=DIRECTION('',(-1.0,0.0,0.0));
#10435=DIRECTION('',(0.0,-1.0,0.0));
#10436=DIRECTION('',(0.0,1.0,0.0));
#10437=CARTESIAN_POINT('',(3.81,4.04301867843887,0.0));
#10438=DIRECTION('',(0.0,1.0,0.0));
#10439=DIRECTION('',(-1.0,0.0,0.0));
#10440=DIRECTION('',(0.819152044289008,-0.573576436351023,1.00313879818291E-16));
#10441=CARTESIAN_POINT('',(3.81,4.04301867843887,0.0));
#10442=DIRECTION('',(0.0,1.0,0.0));
#10443=DIRECTION('',(-1.0,0.0,0.0));
#10444=DIRECTION('',(0.819152044289008,0.573576436351023,1.00313879818291E-16));
#10445=CARTESIAN_POINT('',(3.81,3.98,0.0));
#10446=DIRECTION('',(0.0,1.0,0.0));
#10447=DIRECTION('',(-1.0,0.0,0.0));
#10448=DIRECTION('',(0.0,-1.0,0.0));
#10449=DIRECTION('',(0.0,1.0,0.0));
#10450=CARTESIAN_POINT('',(3.81,3.51301867843887,0.0));
#10451=DIRECTION('',(0.0,1.0,0.0));
#10452=DIRECTION('',(-1.0,0.0,0.0));
#10453=DIRECTION('',(0.143511523906266,-0.989648645988111,1.75745124022345E-17));
#10454=DIRECTION('',(0.143511523906266,0.989648645988111,1.75745124022345E-17));
#10455=CARTESIAN_POINT('',(6.35,1.91304755078161,0.490007719539948));
#10456=DIRECTION('',(1.0,0.0,0.0));
#10457=DIRECTION('',(-0.0,0.0,1.0));
#10458=CARTESIAN_POINT('',(6.35,1.81626217769223,0.0));
#10459=DIRECTION('',(0.0,1.0,0.0));
#10460=DIRECTION('',(-1.0,0.0,0.0));
#10461=CARTESIAN_POINT('',(6.35,1.81626217769223,0.0));
#10462=DIRECTION('',(0.0,1.0,0.0));
#10463=DIRECTION('',(-1.0,0.0,0.0));
#10464=CARTESIAN_POINT('',(6.35,1.91304755078161,-0.490007719539948));
#10465=DIRECTION('',(1.0,-0.0,0.0));
#10466=DIRECTION('',(0.0,0.0,-1.0));
#10467=DIRECTION('',(-0.985585601111323,-0.16917748928871,-1.20695438935677E-16));
#10468=CARTESIAN_POINT('',(6.35,1.81626217769223,0.0));
#10469=DIRECTION('',(0.0,1.0,0.0));
#10470=DIRECTION('',(-1.0,0.0,0.0));
#10471=DIRECTION('',(-0.985585601111323,0.16917748928871,-1.20695438935677E-16));
#10472=CARTESIAN_POINT('',(6.35,1.8,0.0));
#10473=DIRECTION('',(0.0,1.0,0.0));
#10474=DIRECTION('',(-1.0,0.0,0.0));
#10475=DIRECTION('',(0.139859150339383,-0.990171408427019,1.71272404145808E-17));
#10476=CARTESIAN_POINT('',(6.35,3.50109028386995,0.0));
#10477=DIRECTION('',(0.0,1.0,0.0));
#10478=DIRECTION('',(-1.0,0.0,0.0));
#10479=DIRECTION('',(0.139859150339383,0.990171408427019,1.71272404145808E-17));
#10480=CARTESIAN_POINT('',(6.35,1.8,0.0));
#10481=DIRECTION('',(0.0,1.0,0.0));
#10482=DIRECTION('',(-1.0,0.0,0.0));
#10483=DIRECTION('',(0.0,-1.0,0.0));
#10484=CARTESIAN_POINT('',(6.35,3.50109028386995,0.0));
#10485=DIRECTION('',(0.0,1.0,0.0));
#10486=DIRECTION('',(-1.0,0.0,0.0));
#10487=DIRECTION('',(0.0,1.0,0.0));
#10488=CARTESIAN_POINT('',(6.35,0.5,0.0));
#10489=DIRECTION('',(0.0,1.0,0.0));
#10490=DIRECTION('',(-1.0,0.0,0.0));
#10491=DIRECTION('',(0.866025403784443,0.499999999999993,1.06054021204602E-16));
#10492=DIRECTION('',(0.866025403784443,-0.499999999999993,1.06054021204602E-16));
#10493=DIRECTION('',(0.0,-1.0,0.0));
#10494=CARTESIAN_POINT('',(6.35,4.201,0.0));
#10495=DIRECTION('',(-0.0,-1.0,-0.0));
#10496=DIRECTION('',(-1.0,0.0,0.0));
#10497=DIRECTION('',(0.0,1.0,0.0));
#10498=CARTESIAN_POINT('',(6.35,4.2,0.0));
#10499=DIRECTION('',(0.0,1.0,0.0));
#10500=DIRECTION('',(-1.0,0.0,0.0));
#10501=DIRECTION('',(0.707106781186548,-0.707106781186547,8.65927457071935E-17));
#10502=DIRECTION('',(0.707106781186548,0.707106781186547,8.65927457071935E-17));
#10503=CARTESIAN_POINT('',(6.35,4.11,0.0));
#10504=DIRECTION('',(0.0,1.0,0.0));
#10505=DIRECTION('',(-1.0,0.0,0.0));
#10506=DIRECTION('',(0.0,-1.0,0.0));
#10507=DIRECTION('',(0.0,1.0,0.0));
#10508=CARTESIAN_POINT('',(6.35,4.04301867843887,0.0));
#10509=DIRECTION('',(0.0,1.0,0.0));
#10510=DIRECTION('',(-1.0,0.0,0.0));
#10511=DIRECTION('',(0.819152044289008,-0.573576436351023,1.00313879818291E-16));
#10512=CARTESIAN_POINT('',(6.35,4.04301867843887,0.0));
#10513=DIRECTION('',(0.0,1.0,0.0));
#10514=DIRECTION('',(-1.0,0.0,0.0));
#10515=DIRECTION('',(0.819152044289008,0.573576436351023,1.00313879818291E-16));
#10516=CARTESIAN_POINT('',(6.35,3.98,0.0));
#10517=DIRECTION('',(0.0,1.0,0.0));
#10518=DIRECTION('',(-1.0,0.0,0.0));
#10519=DIRECTION('',(0.0,-1.0,0.0));
#10520=DIRECTION('',(0.0,1.0,0.0));
#10521=CARTESIAN_POINT('',(6.35,3.51301867843887,0.0));
#10522=DIRECTION('',(0.0,1.0,0.0));
#10523=DIRECTION('',(-1.0,0.0,0.0));
#10524=DIRECTION('',(0.143511523906266,-0.989648645988111,1.75745124022345E-17));
#10525=DIRECTION('',(0.143511523906266,0.989648645988111,1.75745124022345E-17));
#10526=CARTESIAN_POINT('',(6.35,3.51301867843887,0.0));
#10527=DIRECTION('',(0.0,1.0,0.0));
#10528=DIRECTION('',(-1.0,0.0,0.0));
#10529=CARTESIAN_POINT('',(6.35,3.98,0.0));
#10530=DIRECTION('',(0.0,1.0,0.0));
#10531=DIRECTION('',(-1.0,0.0,0.0));
#10532=CARTESIAN_POINT('',(6.35,4.04301867843887,0.0));
#10533=DIRECTION('',(0.0,1.0,0.0));
#10534=DIRECTION('',(-1.0,0.0,0.0));
#10535=CARTESIAN_POINT('',(6.35,4.04301867843887,0.0));
#10536=DIRECTION('',(0.0,1.0,0.0));
#10537=DIRECTION('',(-1.0,0.0,0.0));
#10538=CARTESIAN_POINT('',(6.35,4.11,0.0));
#10539=DIRECTION('',(0.0,1.0,0.0));
#10540=DIRECTION('',(-1.0,0.0,0.0));
#10541=CARTESIAN_POINT('',(6.35,4.2,0.0));
#10542=DIRECTION('',(0.0,1.0,0.0));
#10543=DIRECTION('',(-1.0,0.0,0.0));
#10544=CARTESIAN_POINT('',(6.35,4.201,0.0));
#10545=DIRECTION('',(-0.0,-1.0,-0.0));
#10546=DIRECTION('',(-1.0,0.0,0.0));
#10547=CARTESIAN_POINT('',(6.35,0.5,0.0));
#10548=DIRECTION('',(0.0,1.0,0.0));
#10549=DIRECTION('',(-1.0,0.0,0.0));
#10550=CARTESIAN_POINT('',(6.35,1.81626217769223,0.0));
#10551=DIRECTION('',(0.0,1.0,0.0));
#10552=DIRECTION('',(-1.0,0.0,0.0));
#10553=CARTESIAN_POINT('',(3.81,3.51301867843887,0.0));
#10554=DIRECTION('',(0.0,1.0,0.0));
#10555=DIRECTION('',(-1.0,0.0,0.0));
#10556=CARTESIAN_POINT('',(3.81,3.98,0.0));
#10557=DIRECTION('',(0.0,1.0,0.0));
#10558=DIRECTION('',(-1.0,0.0,0.0));
#10559=CARTESIAN_POINT('',(3.81,4.04301867843887,0.0));
#10560=DIRECTION('',(0.0,1.0,0.0));
#10561=DIRECTION('',(-1.0,0.0,0.0));
#10562=CARTESIAN_POINT('',(3.81,4.04301867843887,0.0));
#10563=DIRECTION('',(0.0,1.0,0.0));
#10564=DIRECTION('',(-1.0,0.0,0.0));
#10565=CARTESIAN_POINT('',(3.81,4.11,0.0));
#10566=DIRECTION('',(0.0,1.0,0.0));
#10567=DIRECTION('',(-1.0,0.0,0.0));
#10568=CARTESIAN_POINT('',(3.81,4.2,0.0));
#10569=DIRECTION('',(0.0,1.0,0.0));
#10570=DIRECTION('',(-1.0,0.0,0.0));
#10571=CARTESIAN_POINT('',(3.81,4.201,0.0));
#10572=DIRECTION('',(-0.0,-1.0,-0.0));
#10573=DIRECTION('',(-1.0,0.0,0.0));
#10574=CARTESIAN_POINT('',(3.81,0.5,0.0));
#10575=DIRECTION('',(0.0,1.0,0.0));
#10576=DIRECTION('',(-1.0,0.0,0.0));
#10577=CARTESIAN_POINT('',(3.81,1.81626217769223,0.0));
#10578=DIRECTION('',(0.0,1.0,0.0));
#10579=DIRECTION('',(-1.0,0.0,0.0));
#10580=CARTESIAN_POINT('',(1.27,3.51301867843887,0.0));
#10581=DIRECTION('',(0.0,1.0,0.0));
#10582=DIRECTION('',(-1.0,0.0,0.0));
#10583=CARTESIAN_POINT('',(1.27,3.98,0.0));
#10584=DIRECTION('',(0.0,1.0,0.0));
#10585=DIRECTION('',(-1.0,0.0,0.0));
#10586=CARTESIAN_POINT('',(1.27,4.04301867843887,0.0));
#10587=DIRECTION('',(0.0,1.0,0.0));
#10588=DIRECTION('',(-1.0,0.0,0.0));
#10589=CARTESIAN_POINT('',(1.27,4.04301867843887,0.0));
#10590=DIRECTION('',(0.0,1.0,0.0));
#10591=DIRECTION('',(-1.0,0.0,0.0));
#10592=CARTESIAN_POINT('',(1.27,4.11,0.0));
#10593=DIRECTION('',(0.0,1.0,0.0));
#10594=DIRECTION('',(-1.0,0.0,0.0));
#10595=CARTESIAN_POINT('',(1.27,4.2,0.0));
#10596=DIRECTION('',(0.0,1.0,0.0));
#10597=DIRECTION('',(-1.0,0.0,0.0));
#10598=CARTESIAN_POINT('',(1.27,4.201,0.0));
#10599=DIRECTION('',(-0.0,-1.0,-0.0));
#10600=DIRECTION('',(-1.0,0.0,0.0));
#10601=CARTESIAN_POINT('',(1.27,0.5,0.0));
#10602=DIRECTION('',(0.0,1.0,0.0));
#10603=DIRECTION('',(-1.0,0.0,0.0));
#10604=CARTESIAN_POINT('',(1.27,1.81626217769223,0.0));
#10605=DIRECTION('',(0.0,1.0,0.0));
#10606=DIRECTION('',(-1.0,0.0,0.0));
#10607=CARTESIAN_POINT('',(-1.27,3.51301867843887,0.0));
#10608=DIRECTION('',(0.0,1.0,0.0));
#10609=DIRECTION('',(-1.0,0.0,0.0));
#10610=CARTESIAN_POINT('',(-1.27,3.98,0.0));
#10611=DIRECTION('',(0.0,1.0,0.0));
#10612=DIRECTION('',(-1.0,0.0,0.0));
#10613=CARTESIAN_POINT('',(-1.27,4.04301867843887,0.0));
#10614=DIRECTION('',(0.0,1.0,0.0));
#10615=DIRECTION('',(-1.0,0.0,0.0));
#10616=CARTESIAN_POINT('',(-1.27,4.04301867843887,0.0));
#10617=DIRECTION('',(0.0,1.0,0.0));
#10618=DIRECTION('',(-1.0,0.0,0.0));
#10619=CARTESIAN_POINT('',(-1.27,4.11,0.0));
#10620=DIRECTION('',(0.0,1.0,0.0));
#10621=DIRECTION('',(-1.0,0.0,0.0));
#10622=CARTESIAN_POINT('',(-1.27,4.2,0.0));
#10623=DIRECTION('',(0.0,1.0,0.0));
#10624=DIRECTION('',(-1.0,0.0,0.0));
#10625=CARTESIAN_POINT('',(-1.27,4.201,0.0));
#10626=DIRECTION('',(-0.0,-1.0,-0.0));
#10627=DIRECTION('',(-1.0,0.0,0.0));
#10628=CARTESIAN_POINT('',(-1.27,0.5,0.0));
#10629=DIRECTION('',(0.0,1.0,0.0));
#10630=DIRECTION('',(-1.0,0.0,0.0));
#10631=CARTESIAN_POINT('',(-1.27,1.81626217769223,0.0));
#10632=DIRECTION('',(0.0,1.0,0.0));
#10633=DIRECTION('',(-1.0,0.0,0.0));
#10634=CARTESIAN_POINT('',(-3.81,3.51301867843887,0.0));
#10635=DIRECTION('',(0.0,1.0,0.0));
#10636=DIRECTION('',(-1.0,0.0,0.0));
#10637=CARTESIAN_POINT('',(-3.81,3.98,0.0));
#10638=DIRECTION('',(0.0,1.0,0.0));
#10639=DIRECTION('',(-1.0,0.0,0.0));
#10640=CARTESIAN_POINT('',(-3.81,4.04301867843887,0.0));
#10641=DIRECTION('',(0.0,1.0,0.0));
#10642=DIRECTION('',(-1.0,0.0,0.0));
#10643=CARTESIAN_POINT('',(-3.81,4.04301867843887,0.0));
#10644=DIRECTION('',(0.0,1.0,0.0));
#10645=DIRECTION('',(-1.0,0.0,0.0));
#10646=CARTESIAN_POINT('',(-3.81,4.11,0.0));
#10647=DIRECTION('',(0.0,1.0,0.0));
#10648=DIRECTION('',(-1.0,0.0,0.0));
#10649=CARTESIAN_POINT('',(-3.81,4.2,0.0));
#10650=DIRECTION('',(0.0,1.0,0.0));
#10651=DIRECTION('',(-1.0,0.0,0.0));
#10652=CARTESIAN_POINT('',(-3.81,4.201,0.0));
#10653=DIRECTION('',(-0.0,-1.0,-0.0));
#10654=DIRECTION('',(-1.0,0.0,0.0));
#10655=CARTESIAN_POINT('',(-3.81,0.5,0.0));
#10656=DIRECTION('',(0.0,1.0,0.0));
#10657=DIRECTION('',(-1.0,0.0,0.0));
#10658=CARTESIAN_POINT('',(-3.81,1.81626217769223,0.0));
#10659=DIRECTION('',(0.0,1.0,0.0));
#10660=DIRECTION('',(-1.0,0.0,0.0));
#10661=CARTESIAN_POINT('',(-6.35,3.51301867843887,0.0));
#10662=DIRECTION('',(0.0,1.0,0.0));
#10663=DIRECTION('',(-1.0,0.0,0.0));
#10664=CARTESIAN_POINT('',(-6.35,3.98,0.0));
#10665=DIRECTION('',(0.0,1.0,0.0));
#10666=DIRECTION('',(-1.0,0.0,0.0));
#10667=CARTESIAN_POINT('',(-6.35,4.04301867843887,0.0));
#10668=DIRECTION('',(0.0,1.0,0.0));
#10669=DIRECTION('',(-1.0,0.0,0.0));
#10670=CARTESIAN_POINT('',(-6.35,4.04301867843887,0.0));
#10671=DIRECTION('',(0.0,1.0,0.0));
#10672=DIRECTION('',(-1.0,0.0,0.0));
#10673=CARTESIAN_POINT('',(-6.35,4.11,0.0));
#10674=DIRECTION('',(0.0,1.0,0.0));
#10675=DIRECTION('',(-1.0,0.0,0.0));
#10676=CARTESIAN_POINT('',(-6.35,4.2,0.0));
#10677=DIRECTION('',(0.0,1.0,0.0));
#10678=DIRECTION('',(-1.0,0.0,0.0));
#10679=CARTESIAN_POINT('',(-6.35,4.201,0.0));
#10680=DIRECTION('',(-0.0,-1.0,-0.0));
#10681=DIRECTION('',(-1.0,0.0,0.0));
#10682=CARTESIAN_POINT('',(-6.35,0.5,0.0));
#10683=DIRECTION('',(0.0,1.0,0.0));
#10684=DIRECTION('',(-1.0,0.0,0.0));
#10685=CARTESIAN_POINT('',(-6.35,1.81626217769223,0.0));
#10686=DIRECTION('',(0.0,1.0,0.0));
#10687=DIRECTION('',(-1.0,0.0,0.0));
#10688=CARTESIAN_POINT('',(6.35,4.201,0.0));
#10689=DIRECTION('',(-0.0,1.0,0.0));
#10690=DIRECTION('',(1.0,0.0,0.0));
#10691=CARTESIAN_POINT('',(6.35,4.2,0.0));
#10692=DIRECTION('',(0.0,-1.0,-6.12303176911189E-17));
#10693=DIRECTION('',(1.0,0.0,0.0));
#10694=CARTESIAN_POINT('',(6.35,0.3,0.0));
#10695=DIRECTION('',(-0.0,1.0,0.0));
#10696=DIRECTION('',(1.0,0.0,0.0));
#10697=CARTESIAN_POINT('',(6.35,0.200000000000001,0.0));
#10698=DIRECTION('',(-0.0,1.0,0.0));
#10699=DIRECTION('',(1.0,0.0,0.0));
#10700=CARTESIAN_POINT('',(6.35,-2.88,0.0));
#10701=DIRECTION('',(-0.0,1.0,0.0));
#10702=DIRECTION('',(1.0,0.0,0.0));
#10703=CARTESIAN_POINT('',(6.35,-2.88,0.0));
#10704=DIRECTION('',(-0.0,1.0,0.0));
#10705=DIRECTION('',(1.0,0.0,0.0));
#10706=CARTESIAN_POINT('',(6.35,-0.149999999999998,0.0));
#10707=DIRECTION('',(-0.0,1.0,0.0));
#10708=DIRECTION('',(1.0,0.0,0.0));
#10709=CARTESIAN_POINT('',(6.35,1.33226762955019E-15,0.0));
#10710=DIRECTION('',(-0.0,1.0,0.0));
#10711=DIRECTION('',(1.0,0.0,0.0));
#10712=CARTESIAN_POINT('',(6.35,1.33226762955019E-15,0.0));
#10713=DIRECTION('',(-0.0,1.0,0.0));
#10714=DIRECTION('',(1.0,0.0,0.0));
#10715=CARTESIAN_POINT('',(6.35,8.88178419700125E-16,0.0));
#10716=DIRECTION('',(-0.0,1.0,0.0));
#10717=DIRECTION('',(1.0,0.0,0.0));
#10718=CARTESIAN_POINT('',(3.81,4.201,0.0));
#10719=DIRECTION('',(-0.0,1.0,0.0));
#10720=DIRECTION('',(1.0,0.0,0.0));
#10721=CARTESIAN_POINT('',(3.81,4.2,0.0));
#10722=DIRECTION('',(0.0,-1.0,-6.12303176911189E-17));
#10723=DIRECTION('',(1.0,0.0,0.0));
#10724=CARTESIAN_POINT('',(3.81,0.3,0.0));
#10725=DIRECTION('',(-0.0,1.0,0.0));
#10726=DIRECTION('',(1.0,0.0,0.0));
#10727=CARTESIAN_POINT('',(3.81,0.200000000000001,0.0));
#10728=DIRECTION('',(-0.0,1.0,0.0));
#10729=DIRECTION('',(1.0,0.0,0.0));
#10730=CARTESIAN_POINT('',(3.81,-2.88,0.0));
#10731=DIRECTION('',(-0.0,1.0,0.0));
#10732=DIRECTION('',(1.0,0.0,0.0));
#10733=CARTESIAN_POINT('',(3.81,-2.88,0.0));
#10734=DIRECTION('',(-0.0,1.0,0.0));
#10735=DIRECTION('',(1.0,0.0,0.0));
#10736=CARTESIAN_POINT('',(3.81,-0.149999999999998,0.0));
#10737=DIRECTION('',(-0.0,1.0,0.0));
#10738=DIRECTION('',(1.0,0.0,0.0));
#10739=CARTESIAN_POINT('',(3.81,1.33226762955019E-15,0.0));
#10740=DIRECTION('',(-0.0,1.0,0.0));
#10741=DIRECTION('',(1.0,0.0,0.0));
#10742=CARTESIAN_POINT('',(3.81,1.33226762955019E-15,0.0));
#10743=DIRECTION('',(-0.0,1.0,0.0));
#10744=DIRECTION('',(1.0,0.0,0.0));
#10745=CARTESIAN_POINT('',(3.81,8.88178419700125E-16,0.0));
#10746=DIRECTION('',(-0.0,1.0,0.0));
#10747=DIRECTION('',(1.0,0.0,0.0));
#10748=CARTESIAN_POINT('',(1.27,4.201,0.0));
#10749=DIRECTION('',(-0.0,1.0,0.0));
#10750=DIRECTION('',(1.0,0.0,0.0));
#10751=CARTESIAN_POINT('',(1.27,4.2,0.0));
#10752=DIRECTION('',(0.0,-1.0,-6.12303176911189E-17));
#10753=DIRECTION('',(1.0,0.0,0.0));
#10754=CARTESIAN_POINT('',(1.27,0.3,0.0));
#10755=DIRECTION('',(-0.0,1.0,0.0));
#10756=DIRECTION('',(1.0,0.0,0.0));
#10757=CARTESIAN_POINT('',(1.27,0.200000000000001,0.0));
#10758=DIRECTION('',(-0.0,1.0,0.0));
#10759=DIRECTION('',(1.0,0.0,0.0));
#10760=CARTESIAN_POINT('',(1.27,-2.88,0.0));
#10761=DIRECTION('',(-0.0,1.0,0.0));
#10762=DIRECTION('',(1.0,0.0,0.0));
#10763=CARTESIAN_POINT('',(1.27,-2.88,0.0));
#10764=DIRECTION('',(-0.0,1.0,0.0));
#10765=DIRECTION('',(1.0,0.0,0.0));
#10766=CARTESIAN_POINT('',(1.27,-0.149999999999998,0.0));
#10767=DIRECTION('',(-0.0,1.0,0.0));
#10768=DIRECTION('',(1.0,0.0,0.0));
#10769=CARTESIAN_POINT('',(1.27,1.33226762955019E-15,0.0));
#10770=DIRECTION('',(-0.0,1.0,0.0));
#10771=DIRECTION('',(1.0,0.0,0.0));
#10772=CARTESIAN_POINT('',(1.27,1.33226762955019E-15,0.0));
#10773=DIRECTION('',(-0.0,1.0,0.0));
#10774=DIRECTION('',(1.0,0.0,0.0));
#10775=CARTESIAN_POINT('',(1.27,8.88178419700125E-16,0.0));
#10776=DIRECTION('',(-0.0,1.0,0.0));
#10777=DIRECTION('',(1.0,0.0,0.0));
#10778=CARTESIAN_POINT('',(-1.27,4.201,0.0));
#10779=DIRECTION('',(-0.0,1.0,0.0));
#10780=DIRECTION('',(1.0,0.0,0.0));
#10781=CARTESIAN_POINT('',(-1.27,4.2,0.0));
#10782=DIRECTION('',(0.0,-1.0,-6.12303176911189E-17));
#10783=DIRECTION('',(1.0,0.0,0.0));
#10784=CARTESIAN_POINT('',(-1.27,0.3,0.0));
#10785=DIRECTION('',(-0.0,1.0,0.0));
#10786=DIRECTION('',(1.0,0.0,0.0));
#10787=CARTESIAN_POINT('',(-1.27,0.200000000000001,0.0));
#10788=DIRECTION('',(-0.0,1.0,0.0));
#10789=DIRECTION('',(1.0,0.0,0.0));
#10790=CARTESIAN_POINT('',(-1.27,-2.88,0.0));
#10791=DIRECTION('',(-0.0,1.0,0.0));
#10792=DIRECTION('',(1.0,0.0,0.0));
#10793=CARTESIAN_POINT('',(-1.27,-2.88,0.0));
#10794=DIRECTION('',(-0.0,1.0,0.0));
#10795=DIRECTION('',(1.0,0.0,0.0));
#10796=CARTESIAN_POINT('',(-1.27,-0.149999999999998,0.0));
#10797=DIRECTION('',(-0.0,1.0,0.0));
#10798=DIRECTION('',(1.0,0.0,0.0));
#10799=CARTESIAN_POINT('',(-1.27,1.33226762955019E-15,0.0));
#10800=DIRECTION('',(-0.0,1.0,0.0));
#10801=DIRECTION('',(1.0,0.0,0.0));
#10802=CARTESIAN_POINT('',(-1.27,1.33226762955019E-15,0.0));
#10803=DIRECTION('',(-0.0,1.0,0.0));
#10804=DIRECTION('',(1.0,0.0,0.0));
#10805=CARTESIAN_POINT('',(-1.27,8.88178419700125E-16,0.0));
#10806=DIRECTION('',(-0.0,1.0,0.0));
#10807=DIRECTION('',(1.0,0.0,0.0));
#10808=CARTESIAN_POINT('',(-3.81,4.201,0.0));
#10809=DIRECTION('',(-0.0,1.0,0.0));
#10810=DIRECTION('',(1.0,0.0,0.0));
#10811=CARTESIAN_POINT('',(-3.81,4.2,0.0));
#10812=DIRECTION('',(0.0,-1.0,-6.12303176911189E-17));
#10813=DIRECTION('',(1.0,0.0,0.0));
#10814=CARTESIAN_POINT('',(-3.81,0.3,0.0));
#10815=DIRECTION('',(-0.0,1.0,0.0));
#10816=DIRECTION('',(1.0,0.0,0.0));
#10817=CARTESIAN_POINT('',(-3.81,0.200000000000001,0.0));
#10818=DIRECTION('',(-0.0,1.0,0.0));
#10819=DIRECTION('',(1.0,0.0,0.0));
#10820=CARTESIAN_POINT('',(-3.81,-2.88,0.0));
#10821=DIRECTION('',(-0.0,1.0,0.0));
#10822=DIRECTION('',(1.0,0.0,0.0));
#10823=CARTESIAN_POINT('',(-3.81,-2.88,0.0));
#10824=DIRECTION('',(-0.0,1.0,0.0));
#10825=DIRECTION('',(1.0,0.0,0.0));
#10826=CARTESIAN_POINT('',(-3.81,-0.149999999999998,0.0));
#10827=DIRECTION('',(-0.0,1.0,0.0));
#10828=DIRECTION('',(1.0,0.0,0.0));
#10829=CARTESIAN_POINT('',(-3.81,1.33226762955019E-15,0.0));
#10830=DIRECTION('',(-0.0,1.0,0.0));
#10831=DIRECTION('',(1.0,0.0,0.0));
#10832=CARTESIAN_POINT('',(-3.81,1.33226762955019E-15,0.0));
#10833=DIRECTION('',(-0.0,1.0,0.0));
#10834=DIRECTION('',(1.0,0.0,0.0));
#10835=CARTESIAN_POINT('',(-3.81,8.88178419700125E-16,0.0));
#10836=DIRECTION('',(-0.0,1.0,0.0));
#10837=DIRECTION('',(1.0,0.0,0.0));
#10838=CARTESIAN_POINT('',(-6.35,4.201,0.0));
#10839=DIRECTION('',(-0.0,1.0,0.0));
#10840=DIRECTION('',(1.0,0.0,0.0));
#10841=CARTESIAN_POINT('',(-6.35,4.2,0.0));
#10842=DIRECTION('',(0.0,-1.0,-6.12303176911189E-17));
#10843=DIRECTION('',(1.0,0.0,0.0));
#10844=CARTESIAN_POINT('',(-6.35,0.3,0.0));
#10845=DIRECTION('',(-0.0,1.0,0.0));
#10846=DIRECTION('',(1.0,0.0,0.0));
#10847=CARTESIAN_POINT('',(-6.35,0.200000000000001,0.0));
#10848=DIRECTION('',(-0.0,1.0,0.0));
#10849=DIRECTION('',(1.0,0.0,0.0));
#10850=CARTESIAN_POINT('',(-6.35,-2.88,0.0));
#10851=DIRECTION('',(-0.0,1.0,0.0));
#10852=DIRECTION('',(1.0,0.0,0.0));
#10853=CARTESIAN_POINT('',(-6.35,-2.88,0.0));
#10854=DIRECTION('',(-0.0,1.0,0.0));
#10855=DIRECTION('',(1.0,0.0,0.0));
#10856=CARTESIAN_POINT('',(-6.35,-0.149999999999998,0.0));
#10857=DIRECTION('',(-0.0,1.0,0.0));
#10858=DIRECTION('',(1.0,0.0,0.0));
#10859=CARTESIAN_POINT('',(-6.35,1.33226762955019E-15,0.0));
#10860=DIRECTION('',(-0.0,1.0,0.0));
#10861=DIRECTION('',(1.0,0.0,0.0));
#10862=CARTESIAN_POINT('',(-6.35,1.33226762955019E-15,0.0));
#10863=DIRECTION('',(-0.0,1.0,0.0));
#10864=DIRECTION('',(1.0,0.0,0.0));
#10865=CARTESIAN_POINT('',(-6.35,8.88178419700125E-16,0.0));
#10866=DIRECTION('',(-0.0,1.0,0.0));
#10867=DIRECTION('',(1.0,0.0,0.0));
#10868=DIRECTION('',(0.0,1.0,6.12303176911189E-17));
#10869=DIRECTION('',(1.0,0.0,0.0));
#10870=DIRECTION('',(0.0,1.0,6.12303176911189E-17));
#10871=DIRECTION('',(-1.0,0.0,0.0));
#10872=DIRECTION('',(0.0,1.0,6.12303176911189E-17));
#10873=DIRECTION('',(1.0,0.0,0.0));
#10874=DIRECTION('',(0.0,1.0,6.12303176911189E-17));
#10875=DIRECTION('',(-1.0,0.0,0.0));
#10876=DIRECTION('',(0.0,1.0,6.12303176911189E-17));
#10877=DIRECTION('',(1.0,0.0,0.0));
#10878=DIRECTION('',(0.0,1.0,6.12303176911189E-17));
#10879=DIRECTION('',(-1.0,0.0,0.0));
#10880=DIRECTION('',(0.0,1.0,6.12303176911189E-17));
#10881=DIRECTION('',(1.0,0.0,0.0));
#10882=DIRECTION('',(0.0,1.0,6.12303176911189E-17));
#10883=DIRECTION('',(-1.0,0.0,0.0));
#10884=DIRECTION('',(0.0,1.0,6.12303176911189E-17));
#10885=DIRECTION('',(1.0,0.0,0.0));
#10886=DIRECTION('',(0.0,1.0,6.12303176911189E-17));
#10887=DIRECTION('',(-1.0,0.0,0.0));
#10888=DIRECTION('',(0.0,1.0,6.12303176911189E-17));
#10889=DIRECTION('',(-1.0,0.0,0.0));
#10890=DIRECTION('',(0.0,1.0,6.12303176911189E-17));
#10891=DIRECTION('',(1.0,0.0,0.0));
#10892=DIRECTION('',(0.0,0.0,-1.0));
#10893=DIRECTION('',(1.0,0.0,0.0));
#10894=DIRECTION('',(1.0,0.0,0.0));
#10895=DIRECTION('',(1.0,0.0,0.0));
#10896=DIRECTION('',(1.0,0.0,0.0));
#10897=DIRECTION('',(1.0,0.0,0.0));
#10898=DIRECTION('',(0.0,0.0,1.0));
#10899=DIRECTION('',(1.0,0.0,0.0));
#10900=DIRECTION('',(-1.0,-0.0,-0.0));
#10901=DIRECTION('',(1.0,0.0,0.0));
#10902=DIRECTION('',(-1.0,-0.0,-0.0));
#10903=DIRECTION('',(1.0,0.0,0.0));
#10904=DIRECTION('',(-1.0,-0.0,-0.0));
#10905=DIRECTION('',(1.0,0.0,0.0));
#10906=DIRECTION('',(-1.0,-0.0,-0.0));
#10907=DIRECTION('',(1.0,0.0,0.0));
#10908=DIRECTION('',(-1.0,0.0,4.51682600769318E-16));
#10909=DIRECTION('',(1.0,0.0,0.0));
#10910=DIRECTION('',(0.0,1.0,6.12303176911189E-17));
#10911=DIRECTION('',(0.0,1.0,6.12303176911189E-17));
#10912=DIRECTION('',(-1.0,0.0,0.0));
#10913=DIRECTION('',(0.0,1.0,6.12303176911189E-17));
#10914=DIRECTION('',(0.0,1.0,6.12303176911189E-17));
#10915=DIRECTION('',(-1.0,0.0,0.0));
#10916=DIRECTION('',(0.0,1.0,6.12303176911189E-17));
#10917=DIRECTION('',(0.0,1.0,6.12303176911189E-17));
#10918=DIRECTION('',(-1.0,0.0,0.0));
#10919=DIRECTION('',(0.0,1.0,6.12303176911189E-17));
#10920=DIRECTION('',(0.0,1.0,6.12303176911189E-17));
#10921=DIRECTION('',(-1.0,0.0,0.0));
#10922=DIRECTION('',(0.0,1.0,6.12303176911189E-17));
#10923=DIRECTION('',(-1.0,0.0,0.0));
#10924=DIRECTION('',(0.0,1.0,6.12303176911189E-17));
#10925=DIRECTION('',(0.0,1.0,6.12303176911189E-17));
#10926=DIRECTION('',(0.0,1.0,6.12303176911189E-17));
#10927=DIRECTION('',(-1.0,0.0,0.0));
#10928=DIRECTION('',(0.0,1.0,6.12303176911189E-17));
#10929=DIRECTION('',(0.0,-6.12303176911189E-17,1.0));
#10930=DIRECTION('',(0.0,1.0,6.12303176911189E-17));
#10931=DIRECTION('',(0.0,1.0,6.12303176911189E-17));
#10932=DIRECTION('',(1.0,2.76566691406561E-32,-4.51682600769318E-16));
#10933=DIRECTION('',(0.0,1.0,6.12303176911189E-17));
#10934=DIRECTION('',(0.0,1.0,6.12303176911189E-17));
#10935=DIRECTION('',(1.0,0.0,0.0));
#10936=DIRECTION('',(0.0,1.0,6.12303176911189E-17));
#10937=DIRECTION('',(0.0,1.0,6.12303176911189E-17));
#10938=DIRECTION('',(1.0,0.0,0.0));
#10939=DIRECTION('',(0.0,1.0,6.12303176911189E-17));
#10940=DIRECTION('',(0.0,1.0,6.12303176911189E-17));
#10941=DIRECTION('',(1.0,0.0,0.0));
#10942=DIRECTION('',(0.0,1.0,6.12303176911189E-17));
#10943=DIRECTION('',(0.422618261740703,5.54935137261889E-17,-0.906307787036648));
#10944=DIRECTION('',(1.0,0.0,0.0));
#10945=DIRECTION('',(0.422618261740696,-5.54935137261891E-17,0.906307787036652));
#10946=DIRECTION('',(-0.422618261740703,-5.54935137261889E-17,0.906307787036648));
#10947=DIRECTION('',(-1.0,0.0,0.0));
#10948=DIRECTION('',(-0.422618261740703,5.54935137261889E-17,-0.906307787036648));
#10949=DIRECTION('',(-0.422618261740703,-5.54935137261889E-17,0.906307787036648));
#10950=DIRECTION('',(-1.0,0.0,0.0));
#10951=DIRECTION('',(-0.422618261740703,5.54935137261889E-17,-0.906307787036648));
#10952=DIRECTION('',(-0.422618261740703,-5.54935137261889E-17,0.906307787036648));
#10953=DIRECTION('',(-1.0,0.0,0.0));
#10954=DIRECTION('',(-0.422618261740703,5.54935137261889E-17,-0.906307787036648));
#10955=DIRECTION('',(-0.422618261740703,-5.54935137261889E-17,0.906307787036648));
#10956=DIRECTION('',(-1.0,0.0,0.0));
#10957=DIRECTION('',(-0.422618261740703,5.54935137261889E-17,-0.906307787036648));
#10958=DIRECTION('',(0.422618261740699,5.5493513726189E-17,-0.90630778703665));
#10959=DIRECTION('',(1.0,0.0,0.0));
#10960=DIRECTION('',(0.422618261740703,-5.54935137261889E-17,0.906307787036648));
#10961=DIRECTION('',(-0.422618261740703,-5.54935137261889E-17,0.906307787036648));
#10962=DIRECTION('',(-1.0,0.0,0.0));
#10963=DIRECTION('',(-0.422618261740699,5.5493513726189E-17,-0.90630778703665));
#10964=DIRECTION('',(0.422618261740703,5.54935137261889E-17,-0.906307787036648));
#10965=DIRECTION('',(1.0,0.0,0.0));
#10966=DIRECTION('',(0.422618261740703,-5.54935137261889E-17,0.906307787036648));
#10967=DIRECTION('',(0.422618261740703,5.54935137261889E-17,-0.906307787036648));
#10968=DIRECTION('',(1.0,0.0,0.0));
#10969=DIRECTION('',(0.422618261740703,-5.54935137261889E-17,0.906307787036648));
#10970=DIRECTION('',(0.422618261740703,5.54935137261889E-17,-0.906307787036648));
#10971=DIRECTION('',(1.0,0.0,0.0));
#10972=DIRECTION('',(0.422618261740703,-5.54935137261889E-17,0.906307787036648));
#10973=DIRECTION('',(0.422618261740703,5.54935137261889E-17,-0.906307787036648));
#10974=DIRECTION('',(1.0,0.0,0.0));
#10975=DIRECTION('',(0.422618261740703,-5.54935137261889E-17,0.906307787036648));
#10976=DIRECTION('',(-0.422618261740696,-5.54935137261891E-17,0.906307787036651));
#10977=DIRECTION('',(-1.0,0.0,0.0));
#10978=DIRECTION('',(-0.422618261740703,5.54935137261889E-17,-0.906307787036648));
#10979=DIRECTION('',(0.0,1.0,6.12303176911189E-17));
#10980=DIRECTION('',(1.0,0.0,0.0));
#10981=DIRECTION('',(0.0,1.0,6.12303176911189E-17));
#10982=DIRECTION('',(1.0,0.0,0.0));
#10983=DIRECTION('',(0.0,1.0,6.12303176911189E-17));
#10984=DIRECTION('',(0.0,1.0,6.12303176911189E-17));
#10985=DIRECTION('',(0.422618261740696,-5.54935137261891E-17,0.906307787036652));
#10986=DIRECTION('',(-0.422618261740696,-5.54935137261891E-17,0.906307787036651));
#10987=DIRECTION('',(0.0,1.0,6.12303176911189E-17));
#10988=DIRECTION('',(-1.0,0.0,0.0));
#10989=DIRECTION('',(0.0,1.0,6.12303176911189E-17));
#10990=DIRECTION('',(-0.422618261740703,5.54935137261889E-17,-0.906307787036648));
#10991=DIRECTION('',(0.0,1.0,6.12303176911189E-17));
#10992=DIRECTION('',(-1.0,0.0,0.0));
#10993=DIRECTION('',(0.0,1.0,6.12303176911189E-17));
#10994=DIRECTION('',(0.422618261740703,5.54935137261889E-17,-0.906307787036648));
#10995=DIRECTION('',(-0.422618261740703,-5.54935137261889E-17,0.906307787036648));
#10996=DIRECTION('',(0.422618261740703,-5.54935137261889E-17,0.906307787036648));
#10997=DIRECTION('',(1.0,0.0,0.0));
#10998=DIRECTION('',(0.422618261740703,5.54935137261889E-17,-0.906307787036648));
#10999=DIRECTION('',(0.422618261740703,-5.54935137261889E-17,0.906307787036648));
#11000=DIRECTION('',(1.0,0.0,0.0));
#11001=DIRECTION('',(0.422618261740703,5.54935137261889E-17,-0.906307787036648));
#11002=DIRECTION('',(0.422618261740703,-5.54935137261889E-17,0.906307787036648));
#11003=DIRECTION('',(1.0,0.0,0.0));
#11004=DIRECTION('',(0.422618261740703,5.54935137261889E-17,-0.906307787036648));
#11005=DIRECTION('',(0.422618261740703,-5.54935137261889E-17,0.906307787036648));
#11006=DIRECTION('',(1.0,0.0,0.0));
#11007=DIRECTION('',(0.422618261740703,5.54935137261889E-17,-0.906307787036648));
#11008=DIRECTION('',(0.422618261740703,-5.54935137261889E-17,0.906307787036648));
#11009=DIRECTION('',(1.0,0.0,0.0));
#11010=DIRECTION('',(0.422618261740699,5.5493513726189E-17,-0.90630778703665));
#11011=DIRECTION('',(0.0,6.12303176911189E-17,-1.0));
#11012=DIRECTION('',(-0.422618261740699,5.5493513726189E-17,-0.90630778703665));
#11013=DIRECTION('',(-1.0,0.0,0.0));
#11014=DIRECTION('',(-0.422618261740703,-5.54935137261889E-17,0.906307787036648));
#11015=DIRECTION('',(-1.0,0.0,0.0));
#11016=DIRECTION('',(-0.422618261740703,5.54935137261889E-17,-0.906307787036648));
#11017=DIRECTION('',(-1.0,0.0,0.0));
#11018=DIRECTION('',(-0.422618261740703,-5.54935137261889E-17,0.906307787036648));
#11019=DIRECTION('',(-1.0,0.0,0.0));
#11020=DIRECTION('',(-0.422618261740703,5.54935137261889E-17,-0.906307787036648));
#11021=DIRECTION('',(-1.0,0.0,0.0));
#11022=DIRECTION('',(-0.422618261740703,-5.54935137261889E-17,0.906307787036648));
#11023=DIRECTION('',(-1.0,0.0,0.0));
#11024=DIRECTION('',(-0.422618261740703,5.54935137261889E-17,-0.906307787036648));
#11025=DIRECTION('',(-1.0,0.0,0.0));
#11026=DIRECTION('',(-0.422618261740703,-5.54935137261889E-17,0.906307787036648));
#11027=DIRECTION('',(-1.0,0.0,0.0));
#11028=DIRECTION('',(-0.422618261740703,5.54935137261889E-17,-0.906307787036648));
#11029=DIRECTION('',(-1.0,0.0,0.0));
#11030=DIRECTION('',(0.0,1.0,6.12303176911189E-17));
#11031=DIRECTION('',(0.0,1.0,6.12303176911189E-17));
#11032=DIRECTION('',(0.0,1.0,6.12303176911189E-17));
#11033=DIRECTION('',(0.0,1.0,6.12303176911189E-17));
#11034=DIRECTION('',(0.0,1.0,6.12303176911189E-17));
#11035=DIRECTION('',(0.0,1.0,6.12303176911189E-17));
#11036=DIRECTION('',(0.0,1.0,6.12303176911189E-17));
#11037=DIRECTION('',(0.0,1.0,6.12303176911189E-17));
#11038=DIRECTION('',(0.0,1.0,6.12303176911189E-17));
#11039=DIRECTION('',(0.0,1.0,6.12303176911189E-17));
#11040=DIRECTION('',(0.0,1.0,6.12303176911189E-17));
#11041=DIRECTION('',(0.0,1.0,6.12303176911189E-17));
#11042=DIRECTION('',(0.0,1.0,6.12303176911189E-17));
#11043=DIRECTION('',(0.0,1.0,6.12303176911189E-17));
#11044=DIRECTION('',(0.0,1.0,6.12303176911189E-17));
#11045=DIRECTION('',(0.0,1.0,6.12303176911189E-17));
#11046=DIRECTION('',(0.0,1.0,6.12303176911189E-17));
#11047=DIRECTION('',(0.0,1.0,6.12303176911189E-17));
#11048=DIRECTION('',(0.0,1.0,6.12303176911189E-17));
#11049=DIRECTION('',(0.0,1.0,6.12303176911189E-17));
#11050=DIRECTION('',(0.0,1.0,6.12303176911189E-17));
#11051=DIRECTION('',(0.0,1.0,6.12303176911189E-17));
#11052=DIRECTION('',(0.0,1.0,6.12303176911189E-17));
#11053=DIRECTION('',(0.0,1.0,6.12303176911189E-17));
#11054=DIRECTION('',(0.0,1.0,6.12303176911189E-17));
#11055=DIRECTION('',(0.0,1.0,6.12303176911189E-17));
#11056=DIRECTION('',(0.0,1.0,6.12303176911189E-17));
#11057=DIRECTION('',(0.0,1.0,6.12303176911189E-17));
#11058=DIRECTION('',(0.0,1.0,6.12303176911189E-17));
#11059=DIRECTION('',(0.0,1.0,6.12303176911189E-17));
ENDSEC;
END-ISO-10303-21;
